order_id,order_date,category,is_size_sensitive,price,discount_pct,customer_id,customer_past_orders,customer_past_return_rate,payment_method,region,delivery_days,days_to_purchase,returned
4193,2023-01-01 00:00:00+00:00,Apparel,1,379.02,0.0,2586,2,0.29131805481669143,COD,West,2,1,0
437,2023-01-01 00:00:00+00:00,Apparel,1,1328.8,0.0,3069,2,0.2507326583778519,Prepaid,North,9,1,0
3603,2023-01-01 00:00:00+00:00,Apparel,1,438.22,0.0,3489,2,0.3077334923362876,COD,West,1,0,0
3611,2023-01-01 00:00:00+00:00,Electronics,0,6354.75,0.0,2690,2,0.0379792722073781,COD,North,9,4,0
3283,2023-01-01 00:00:00+00:00,Apparel,1,240.42,0.0,3568,2,0.4011616625411723,Prepaid,East,3,5,0
661,2023-01-01 00:00:00+00:00,Apparel,1,4176.86,0.0,2764,3,0.24173945240462028,COD,West,10,2,0
1211,2023-01-01 00:00:00+00:00,Apparel,1,6223.68,0.0,2814,2,0.0478077563019036,COD,East,1,3,0
3220,2023-01-01 00:00:00+00:00,Apparel,1,4211.23,0.40233948414425635,1785,2,0.004135684332943178,COD,North,8,6,0
1714,2023-01-01 00:00:00+00:00,Beauty,0,1200.11,0.2796567601100747,2391,3,0.16546391089066909,Prepaid,West,1,2,0
736,2023-01-01 00:00:00+00:00,Apparel,1,197.33,0.1596567213052778,2431,5,0.2828516274145413,COD,West,6,0,0
1002,2023-01-01 00:00:00+00:00,Apparel,1,4198.55,0.0,1731,1,0.5902603070880351,Prepaid,East,1,1,0
1196,2023-01-01 00:00:00+00:00,Apparel,1,1575.48,0.1343426549013544,1026,3,0.06719194131433154,COD,East,13,1,1
475,2023-01-01 00:00:00+00:00,Apparel,1,2055.29,0.0,3043,2,0.155600752470387,Prepaid,West,2,1,0
826,2023-01-01 00:00:00+00:00,Electronics,0,745.64,0.09359439329915524,3115,3,0.2058421849097504,COD,East,9,2,0
849,2023-01-01 00:00:00+00:00,Apparel,1,1145.36,0.0,1401,1,0.05899882916217096,Prepaid,East,5,0,0
123,2023-01-01 00:00:00+00:00,Footwear,1,805.08,0.226804681208533,1945,2,0.5174375025107555,Prepaid,South,2,1,0
632,2023-01-01 00:00:00+00:00,Apparel,1,1057.3,0.22749179862099542,2997,2,0.3489595554298772,Prepaid,South,4,1,0
4051,2023-01-01 00:00:00+00:00,Apparel,1,1152.86,0.0,4149,0,0.0,COD,East,12,3,0
1960,2023-01-01 00:00:00+00:00,Apparel,1,1292.59,0.20216032788468488,3602,3,0.03918174976554774,COD,East,10,2,0
1134,2023-01-01 00:00:00+00:00,Footwear,1,1635.3,0.04852174504044942,1430,2,0.07995045772972026,Prepaid,North,4,1,0
955,2023-01-01 00:00:00+00:00,Electronics,0,679.76,0.0,3028,1,0.24647638222172416,Prepaid,West,13,2,0
1991,2023-01-01 00:00:00+00:00,Apparel,1,991.71,0.0445228467557413,1141,3,0.3033561902953863,Prepaid,East,14,4,1
3077,2023-01-01 00:00:00+00:00,Electronics,0,549.97,0.0,1992,5,0.12348017356236511,Prepaid,South,8,4,1
4813,2023-01-01 00:00:00+00:00,Apparel,1,1878.86,0.0,1090,1,0.11269468892629522,Prepaid,South,2,0,0
1142,2023-01-01 00:00:00+00:00,Electronics,0,1766.82,0.11619020447927811,2514,2,0.5303555485690183,Prepaid,North,6,2,0
1965,2023-01-01 00:00:00+00:00,Beauty,0,900.17,0.18989119890880618,4206,4,0.3174032833780361,Prepaid,East,1,1,0
2046,2023-01-01 00:00:00+00:00,Beauty,0,3758.4,0.0,1315,4,0.13123856595083677,Prepaid,West,6,0,0
1796,2023-01-02 00:00:00+00:00,Apparel,1,2073.38,0.08051282479975534,1874,1,0.14880309210244433,Prepaid,East,2,7,0
2155,2023-01-02 00:00:00+00:00,Apparel,1,1149.6,0.042064018005927996,1912,2,0.01717383959531088,COD,West,8,1,0
3820,2023-01-02 00:00:00+00:00,Footwear,1,11713.32,0.0,1160,3,0.647727744911148,Prepaid,North,10,2,1
4257,2023-01-02 00:00:00+00:00,Footwear,1,337.33,0.4648878640835069,1721,2,0.13573601708898014,Prepaid,West,10,0,0
2234,2023-01-02 00:00:00+00:00,Footwear,1,408.92,0.0,2170,2,0.11048927274514918,Prepaid,West,5,1,0
65,2023-01-02 00:00:00+00:00,Home,0,1060.01,0.32676790372942344,1986,1,0.03498775045689365,COD,West,11,4,0
194,2023-01-02 00:00:00+00:00,Home,0,203.86,0.0,1760,1,0.08938080720294153,Prepaid,West,12,0,0
4836,2023-01-02 00:00:00+00:00,Electronics,0,318.96,0.0,3866,0,0.0,COD,South,12,0,0
2285,2023-01-02 00:00:00+00:00,Apparel,1,2370.2,0.025312695119831488,1292,1,0.35854215248976123,Prepaid,East,2,0,0
2579,2023-01-02 00:00:00+00:00,Electronics,0,319.06,0.0,2353,1,0.11391357939983568,COD,South,8,3,0
2897,2023-01-02 00:00:00+00:00,Apparel,1,1068.47,0.21494406316994408,3022,3,0.03740470806749068,Prepaid,South,3,2,0
4367,2023-01-02 00:00:00+00:00,Electronics,0,194.74,0.029038188426435615,4101,1,0.21145243791328286,Prepaid,South,3,4,0
248,2023-01-02 00:00:00+00:00,Footwear,1,1243.89,0.2877901822401642,2292,2,0.11851694967755526,Prepaid,West,7,0,0
1634,2023-01-02 00:00:00+00:00,Beauty,0,1092.78,0.10432193917464766,1656,4,0.24767811929755715,Prepaid,South,1,0,0
4335,2023-01-02 00:00:00+00:00,Apparel,1,906.28,0.2655086304298843,3942,3,0.04488717807557124,COD,North,10,4,0
3322,2023-01-02 00:00:00+00:00,Apparel,1,1797.59,0.0,1900,4,0.1542456637698835,COD,North,7,1,1
2337,2023-01-02 00:00:00+00:00,Home,0,1513.79,0.2422177708415715,2855,0,0.0,Prepaid,East,14,1,0
3156,2023-01-02 00:00:00+00:00,Apparel,1,206.51,0.0,3414,3,0.1209938522230323,COD,West,3,12,0
2631,2023-01-02 00:00:00+00:00,Electronics,0,1310.04,0.20268087363479112,3785,4,0.33276780945246387,Prepaid,South,14,0,0
4777,2023-01-02 00:00:00+00:00,Electronics,0,162.95,0.0,1753,2,0.34414347154237696,Prepaid,South,9,1,0
1275,2023-01-02 00:00:00+00:00,Apparel,1,1262.95,0.05829156909987149,1523,2,0.35415204174145537,Prepaid,North,8,1,1
19,2023-01-02 00:00:00+00:00,Beauty,0,3099.85,0.31829196928253034,2571,3,0.26365012921769815,Prepaid,East,10,2,0
4486,2023-01-02 00:00:00+00:00,Footwear,1,93.96,0.20627090854095761,3540,1,0.6105056394722667,Prepaid,West,3,12,0
1923,2023-01-02 00:00:00+00:00,Electronics,0,304.66,0.0,3294,1,0.24686391913369957,COD,North,1,0,0
3338,2023-01-02 00:00:00+00:00,Apparel,1,3734.21,0.5304647827886916,1559,3,0.3367705746006787,Prepaid,South,12,5,0
481,2023-01-02 00:00:00+00:00,Home,0,3321.06,0.2651770763351936,2550,1,0.21777678106798537,Prepaid,East,12,1,0
3345,2023-01-02 00:00:00+00:00,Footwear,1,308.92,0.0,3914,1,0.29445190109857355,COD,North,3,1,1
727,2023-01-03 00:00:00+00:00,Apparel,1,119.48,0.0,2474,2,0.08970470559159785,COD,East,6,0,0
2280,2023-01-03 00:00:00+00:00,Footwear,1,11075.4,0.0,1118,5,0.019410345725317156,COD,South,2,7,0
4511,2023-01-03 00:00:00+00:00,Beauty,0,5463.82,0.0,1211,2,0.19345987854173227,Prepaid,East,3,1,0
750,2023-01-03 00:00:00+00:00,Apparel,1,655.18,0.0,1718,1,0.09483502682588049,Prepaid,East,10,6,1
2309,2023-01-03 00:00:00+00:00,Beauty,0,2546.29,0.012293793876050493,2087,1,0.5264150364824342,COD,West,6,0,0
3941,2023-01-03 00:00:00+00:00,Footwear,1,698.95,0.3038534956245056,3842,2,0.006760009019938843,Prepaid,North,5,4,0
1551,2023-01-03 00:00:00+00:00,Footwear,1,11181.92,0.10545847533176228,4077,5,0.3254701647722735,Prepaid,South,4,0,0
1532,2023-01-03 00:00:00+00:00,Apparel,1,258.67,0.0,2552,1,0.2704435113334836,Prepaid,West,7,0,0
1843,2023-01-03 00:00:00+00:00,Beauty,0,1033.79,0.4344572490676851,1575,0,0.0,Prepaid,East,14,5,0
2718,2023-01-03 00:00:00+00:00,Footwear,1,8868.09,0.0,3454,0,0.0,COD,North,5,5,1
4208,2023-01-03 00:00:00+00:00,Footwear,1,677.57,0.0,3779,1,0.0706212953350543,Prepaid,East,2,0,0
3794,2023-01-03 00:00:00+00:00,Electronics,0,1746.32,0.28357091064902373,3696,0,0.0,Prepaid,West,4,0,0
867,2023-01-03 00:00:00+00:00,Footwear,1,3390.41,0.0,3537,3,0.06424676102067989,Prepaid,North,11,0,0
1490,2023-01-03 00:00:00+00:00,Apparel,1,2898.02,0.23152071131910842,1334,2,0.3206290706143663,COD,East,11,1,1
965,2023-01-03 00:00:00+00:00,Apparel,1,3587.59,0.0,4353,2,0.3209249570363409,Prepaid,North,14,8,1
220,2023-01-03 00:00:00+00:00,Footwear,1,1033.96,0.0,4309,3,0.13023439011116036,Prepaid,North,13,0,0
2774,2023-01-03 00:00:00+00:00,Home,0,2287.52,0.0,1987,2,0.21084349804176444,Prepaid,East,1,5,0
4871,2023-01-03 00:00:00+00:00,Apparel,1,1979.18,0.0,3994,2,0.13865034589554562,COD,West,8,0,0
168,2023-01-03 00:00:00+00:00,Footwear,1,404.7,0.0,1912,3,0.3139565207700754,Prepaid,North,4,5,1
4707,2023-01-03 00:00:00+00:00,Apparel,1,882.32,0.04690375701375837,3645,2,0.07937059136974088,COD,West,13,3,0
4135,2023-01-03 00:00:00+00:00,Footwear,1,1460.09,0.0,2040,2,0.017390122410231454,Prepaid,East,9,1,0
2980,2023-01-03 00:00:00+00:00,Electronics,0,4049.31,0.0,3285,4,0.4526250173504493,COD,South,3,1,0
665,2023-01-03 00:00:00+00:00,Footwear,1,3124.62,0.1175725946686456,2018,2,0.06956637123655171,Prepaid,East,9,2,0
3626,2023-01-03 00:00:00+00:00,Electronics,0,3099.51,0.07500395808938445,4486,3,0.08695570292222708,Prepaid,North,4,1,0
2663,2023-01-03 00:00:00+00:00,Home,0,1817.81,0.0,4391,1,0.24511337736227867,Prepaid,North,14,10,0
2101,2023-01-03 00:00:00+00:00,Electronics,0,1357.72,0.0,2944,1,0.035830701318375964,Prepaid,South,10,0,0
3334,2023-01-03 00:00:00+00:00,Electronics,0,665.48,0.1928120534274638,2828,3,0.045692143522593875,COD,North,9,3,0
2644,2023-01-03 00:00:00+00:00,Footwear,1,550.35,0.0,1977,1,0.05787409848725645,COD,East,12,0,0
3430,2023-01-04 00:00:00+00:00,Apparel,1,1611.83,0.1289940051863808,1421,1,0.21523774481046712,Prepaid,East,10,1,1
1519,2023-01-04 00:00:00+00:00,Home,0,553.24,0.0,3532,1,0.048296970099710165,COD,North,4,0,0
4112,2023-01-04 00:00:00+00:00,Apparel,1,436.08,0.0,2066,2,0.15197850983898128,Prepaid,East,14,1,0
477,2023-01-04 00:00:00+00:00,Footwear,1,1616.72,0.0,3025,2,0.20887597407172548,Prepaid,South,13,1,1
2443,2023-01-04 00:00:00+00:00,Apparel,1,2057.54,0.182790036561448,2650,5,0.5119894291399049,COD,East,6,2,0
3081,2023-01-04 00:00:00+00:00,Beauty,0,1919.27,0.24289264000218536,2821,1,0.5294851903398029,Prepaid,West,9,2,1
2442,2023-01-04 00:00:00+00:00,Apparel,1,944.54,0.10685516653149835,3302,1,0.05039143114546248,COD,North,7,5,0
1307,2023-01-04 00:00:00+00:00,Beauty,0,128.25,0.0,2873,2,0.3340897368158611,Prepaid,East,13,3,0
3973,2023-01-04 00:00:00+00:00,Footwear,1,5107.17,0.0,1611,4,0.05208035843583379,Prepaid,West,12,1,0
3211,2023-01-04 00:00:00+00:00,Electronics,0,813.68,0.0,3934,4,0.012219228140183204,Prepaid,East,14,1,0
3620,2023-01-04 00:00:00+00:00,Apparel,1,1125.14,0.0,3236,1,0.3114490962491689,Prepaid,South,9,1,0
1886,2023-01-04 00:00:00+00:00,Electronics,0,159.53,0.0,4165,2,0.235949887822339,Prepaid,North,3,0,0
2716,2023-01-04 00:00:00+00:00,Electronics,0,4189.95,0.0,2699,3,0.008250981829740697,Prepaid,North,13,0,0
315,2023-01-04 00:00:00+00:00,Electronics,0,729.83,0.27045396990373927,3469,3,0.19977595908532989,Prepaid,South,12,8,0
2798,2023-01-04 00:00:00+00:00,Apparel,1,569.71,0.0,2103,0,0.0,COD,East,7,0,1
2758,2023-01-04 00:00:00+00:00,Footwear,1,1970.48,0.3898657215903367,2234,1,0.16284386323756792,Prepaid,North,5,4,0
1688,2023-01-04 00:00:00+00:00,Electronics,0,801.84,0.0,2496,3,0.2670407698291474,COD,North,2,0,0
3012,2023-01-04 00:00:00+00:00,Apparel,1,4815.73,0.0,2486,2,0.33046777764188606,Prepaid,South,4,0,0
4925,2023-01-04 00:00:00+00:00,Apparel,1,759.24,0.0,4414,5,0.29266627877347584,Prepaid,East,14,1,0
1457,2023-01-04 00:00:00+00:00,Home,0,296.43,0.02272797460162504,3671,5,0.3128468068005295,Prepaid,East,4,1,1
3550,2023-01-04 00:00:00+00:00,Apparel,1,2587.87,0.04272213095344468,1869,0,0.0,Prepaid,East,11,2,0
2709,2023-01-04 00:00:00+00:00,Apparel,1,426.85,0.0,1605,5,0.061366098582855994,Prepaid,North,9,1,0
739,2023-01-04 00:00:00+00:00,Electronics,0,2908.5,0.0,3361,4,0.225914779816584,Prepaid,East,2,1,0
2994,2023-01-04 00:00:00+00:00,Apparel,1,2026.16,0.0,3867,3,0.24304542104493515,Prepaid,East,3,2,0
931,2023-01-04 00:00:00+00:00,Apparel,1,1101.73,0.2744664218806735,3377,2,0.021449401933275287,Prepaid,North,7,5,0
4502,2023-01-04 00:00:00+00:00,Home,0,786.82,0.15109167156764572,1213,1,0.007134427575711756,COD,East,9,0,0
3688,2023-01-04 00:00:00+00:00,Apparel,1,176.16,0.0,2599,0,0.0,Prepaid,North,14,1,0
3881,2023-01-04 00:00:00+00:00,Apparel,1,2967.45,0.0,1355,2,0.005184163418645715,COD,West,10,0,0
69,2023-01-04 00:00:00+00:00,Home,0,325.15,0.19506085896533523,3125,2,0.2391509715061918,Prepaid,North,10,3,0
914,2023-01-04 00:00:00+00:00,Electronics,0,430.24,0.0,2102,2,0.21645173572820936,Prepaid,West,13,3,0
403,2023-01-05 00:00:00+00:00,Electronics,0,4171.48,0.0,3924,2,0.16451909787464655,Prepaid,South,9,4,0
2794,2023-01-05 00:00:00+00:00,Footwear,1,1047.51,0.04788003427454777,2378,2,0.48562667561582246,Prepaid,West,9,0,0
2421,2023-01-05 00:00:00+00:00,Beauty,0,4800.01,0.0,1905,1,0.0344337727205527,COD,West,7,3,0
1068,2023-01-05 00:00:00+00:00,Apparel,1,1465.29,0.15880986034381486,1413,0,0.0,Prepaid,West,4,10,1
2027,2023-01-05 00:00:00+00:00,Home,0,1395.07,0.09076373581148403,3227,4,0.06952810371691877,Prepaid,North,4,0,0
2662,2023-01-05 00:00:00+00:00,Apparel,1,1165.22,0.21999853639314612,3605,2,0.16821219108063928,Prepaid,South,6,0,0
2548,2023-01-05 00:00:00+00:00,Footwear,1,1132.85,0.0,4035,0,0.0,Prepaid,East,2,5,0
4282,2023-01-05 00:00:00+00:00,Apparel,1,1177.93,0.0,1013,3,0.42372905088915486,Prepaid,North,5,4,0
4823,2023-01-05 00:00:00+00:00,Electronics,0,2272.06,0.0,1597,0,0.0,Prepaid,East,3,0,0
4565,2023-01-05 00:00:00+00:00,Beauty,0,743.84,0.23264575639450008,1460,0,0.0,COD,East,13,2,1
2549,2023-01-05 00:00:00+00:00,Home,0,1418.5,0.0,4152,3,0.7765214371289147,Prepaid,North,12,3,0
970,2023-01-05 00:00:00+00:00,Apparel,1,338.11,0.48976031305011736,3569,0,0.0,Prepaid,South,2,0,0
3920,2023-01-05 00:00:00+00:00,Footwear,1,443.38,0.0,2312,1,0.06727173462770066,Prepaid,East,4,1,1
104,2023-01-05 00:00:00+00:00,Apparel,1,5526.83,0.12104246177689072,1519,2,0.18695991921764524,Prepaid,North,7,6,0
124,2023-01-05 00:00:00+00:00,Beauty,0,374.58,0.0,3572,4,0.36203456451545396,Prepaid,West,6,12,0
1082,2023-01-05 00:00:00+00:00,Apparel,1,1721.7,0.0,3239,1,0.06295111542064899,COD,East,5,0,0
3507,2023-01-05 00:00:00+00:00,Home,0,4803.86,0.0,3293,0,0.0,Prepaid,West,5,2,0
599,2023-01-05 00:00:00+00:00,Beauty,0,506.21,0.1718720326043538,2272,2,0.07746318450578525,Prepaid,South,14,1,0
701,2023-01-05 00:00:00+00:00,Apparel,1,331.03,0.0,3941,2,0.21070779574708412,Prepaid,North,12,5,0
2896,2023-01-05 00:00:00+00:00,Apparel,1,11278.45,0.0,2898,2,0.24291562089759894,Prepaid,East,8,1,0
1017,2023-01-05 00:00:00+00:00,Electronics,0,375.63,0.0,3912,3,0.19431496401309648,COD,East,5,0,0
1943,2023-01-05 00:00:00+00:00,Electronics,0,2531.0,0.0,3895,2,0.2183020013464148,COD,North,7,3,0
2317,2023-01-05 00:00:00+00:00,Apparel,1,1312.43,0.1649995450653094,1159,3,0.23514093822616247,Prepaid,South,6,0,0
3524,2023-01-05 00:00:00+00:00,Electronics,0,1453.52,0.0,2334,2,0.06065091048421357,Prepaid,West,7,6,0
1284,2023-01-05 00:00:00+00:00,Apparel,1,285.31,0.0,4361,2,0.07968896243860252,Prepaid,East,4,4,0
2269,2023-01-05 00:00:00+00:00,Footwear,1,3804.25,0.06655242154291777,4227,3,0.4336933511042885,Prepaid,South,6,0,0
1574,2023-01-05 00:00:00+00:00,Electronics,0,960.45,0.13892372957400148,1301,2,0.20108459649298355,Prepaid,South,14,1,0
819,2023-01-05 00:00:00+00:00,Apparel,1,3885.41,0.0,4417,1,0.032488914334818486,COD,East,8,6,1
1536,2023-01-05 00:00:00+00:00,Beauty,0,1094.85,0.0,2878,2,0.3917689533205956,COD,North,7,2,0
1535,2023-01-05 00:00:00+00:00,Apparel,1,1974.8,0.14059794353386545,2840,4,0.4174824263587135,Prepaid,East,5,1,0
1903,2023-01-06 00:00:00+00:00,Home,0,1375.43,0.30390268761057637,2885,3,0.3114728162669225,Prepaid,East,1,0,0
928,2023-01-06 00:00:00+00:00,Home,0,611.26,0.0,1968,2,0.5112886710808542,COD,North,13,10,1
723,2023-01-06 00:00:00+00:00,Footwear,1,6210.12,0.40359593428472573,2913,1,0.24258427210600467,Prepaid,East,13,4,0
3224,2023-01-06 00:00:00+00:00,Beauty,0,922.8,0.0,1774,2,0.03682549897599922,COD,West,12,3,1
902,2023-01-06 00:00:00+00:00,Apparel,1,4284.91,0.0,3561,3,0.2207963011701703,COD,West,8,2,1
3229,2023-01-06 00:00:00+00:00,Footwear,1,410.22,0.0,1571,3,0.055361092869340975,Prepaid,South,5,1,0
4558,2023-01-06 00:00:00+00:00,Apparel,1,2066.47,0.0,2192,1,0.4311634069523108,Prepaid,West,8,0,1
1820,2023-01-06 00:00:00+00:00,Apparel,1,2877.27,0.0,3383,2,0.0635908323718813,Prepaid,South,7,0,0
4690,2023-01-06 00:00:00+00:00,Footwear,1,381.96,0.0,1264,4,0.11940227654641661,COD,West,7,2,1
793,2023-01-06 00:00:00+00:00,Apparel,1,1636.77,0.0,2095,3,0.4287891162967038,Prepaid,South,11,2,0
1601,2023-01-06 00:00:00+00:00,Apparel,1,4771.82,0.366276472285485,3995,0,0.0,COD,East,11,5,0
405,2023-01-06 00:00:00+00:00,Apparel,1,2803.87,0.0,3270,2,0.4040998489230968,Prepaid,East,4,2,0
2344,2023-01-06 00:00:00+00:00,Electronics,0,4500.31,0.0,3078,3,0.27116355103972684,Prepaid,West,14,10,0
4319,2023-01-06 00:00:00+00:00,Apparel,1,3093.84,0.19789201665822487,4371,2,0.052077943326396536,Prepaid,South,14,1,0
4403,2023-01-06 00:00:00+00:00,Apparel,1,25482.87,0.24236697661544307,2868,4,0.11478222300332942,Prepaid,West,9,0,0
1534,2023-01-06 00:00:00+00:00,Beauty,0,2051.64,0.0,3348,3,0.15133506144350786,COD,North,5,7,0
323,2023-01-06 00:00:00+00:00,Electronics,0,392.56,0.19106195040970333,1234,1,0.36009714998401177,Prepaid,South,10,0,0
1711,2023-01-06 00:00:00+00:00,Home,0,6363.08,0.0,3156,0,0.0,Prepaid,North,14,2,0
3437,2023-01-06 00:00:00+00:00,Electronics,0,5530.15,0.0,4389,1,0.03490394720400271,COD,West,7,3,0
2947,2023-01-06 00:00:00+00:00,Electronics,0,4288.33,0.0,4393,3,0.045988959666912306,Prepaid,East,13,8,0
3942,2023-01-06 00:00:00+00:00,Apparel,1,730.07,0.0,1675,2,0.03642850165139039,Prepaid,West,14,0,0
4205,2023-01-06 00:00:00+00:00,Apparel,1,1417.12,0.21524172491993127,3988,2,0.319113571076509,COD,West,10,0,0
3857,2023-01-07 00:00:00+00:00,Apparel,1,2165.81,0.1770737822338594,2125,1,0.27427189923593576,Prepaid,West,12,7,1
4643,2023-01-07 00:00:00+00:00,Electronics,0,1212.72,0.0,2468,1,0.1531901372926643,Prepaid,North,9,0,0
2237,2023-01-07 00:00:00+00:00,Footwear,1,480.13,0.15308237042452014,2720,5,0.2904487340263073,Prepaid,West,7,1,0
1262,2023-01-07 00:00:00+00:00,Apparel,1,813.95,0.016572539806045727,4321,5,0.02253822201513134,Prepaid,South,13,1,0
242,2023-01-07 00:00:00+00:00,Footwear,1,1665.67,0.14383047193081602,3340,3,0.36841079306035635,Prepaid,North,4,1,0
866,2023-01-07 00:00:00+00:00,Electronics,0,1034.39,0.18656862620795062,1313,1,0.03570002049206203,Prepaid,East,12,2,0
2438,2023-01-07 00:00:00+00:00,Apparel,1,689.03,0.0,1111,2,0.2512327998675038,COD,South,2,1,0
1264,2023-01-07 00:00:00+00:00,Apparel,1,424.25,0.3013661085826139,2360,3,0.40724828824905973,Prepaid,East,6,6,0
590,2023-01-07 00:00:00+00:00,Apparel,1,530.85,0.3450200584935874,3064,3,0.6274577234673338,COD,North,13,1,0
4263,2023-01-07 00:00:00+00:00,Footwear,1,2109.31,0.01388715382500924,3462,0,0.0,Prepaid,East,13,4,0
2176,2023-01-07 00:00:00+00:00,Apparel,1,1012.59,0.11538665515593538,4497,2,0.2131491778343991,Prepaid,North,12,1,1
2459,2023-01-07 00:00:00+00:00,Apparel,1,4317.87,0.0,2517,1,0.17176082786757796,Prepaid,West,12,3,1
1835,2023-01-07 00:00:00+00:00,Footwear,1,992.13,0.0,1864,2,0.06848139485220797,COD,West,7,2,1
2841,2023-01-07 00:00:00+00:00,Footwear,1,1875.42,0.0,1576,3,0.0772981573728134,Prepaid,East,3,2,0
4973,2023-01-07 00:00:00+00:00,Apparel,1,667.02,0.3604595663952802,2945,3,0.00627367614064674,COD,South,1,1,0
4390,2023-01-07 00:00:00+00:00,Apparel,1,5578.28,0.0,2493,0,0.0,COD,East,5,0,0
2162,2023-01-07 00:00:00+00:00,Beauty,0,1937.25,0.0,2752,4,0.03620621369575133,Prepaid,West,7,2,0
2364,2023-01-07 00:00:00+00:00,Apparel,1,143.52,0.0,2996,2,0.000623138166101218,COD,East,13,1,0
2976,2023-01-07 00:00:00+00:00,Apparel,1,1329.67,0.08650182527652361,1748,1,0.23657864247490443,Prepaid,East,4,0,0
1675,2023-01-07 00:00:00+00:00,Home,0,820.11,0.0,3330,4,0.029204025411491228,Prepaid,South,13,3,0
1619,2023-01-07 00:00:00+00:00,Footwear,1,704.04,0.34001623778746876,1005,2,0.33430909673477566,COD,North,9,14,1
3395,2023-01-07 00:00:00+00:00,Apparel,1,1042.19,0.31073904046221756,4245,1,0.2982864671799352,Prepaid,North,7,6,0
1431,2023-01-07 00:00:00+00:00,Electronics,0,4934.25,0.06845765903285503,1508,2,0.00475089243316265,Prepaid,South,12,8,0
3791,2023-01-07 00:00:00+00:00,Electronics,0,235.73,0.06851021415680326,2602,3,0.026729318449814996,COD,West,10,1,0
804,2023-01-08 00:00:00+00:00,Footwear,1,549.49,0.15199936191452854,4321,1,0.2985257730796102,COD,North,2,2,0
3592,2023-01-08 00:00:00+00:00,Footwear,1,631.75,0.0,2660,1,0.08108459116045895,COD,West,9,3,0
3295,2023-01-08 00:00:00+00:00,Apparel,1,449.05,0.0,4002,1,0.1453482937625614,Prepaid,West,10,0,1
3985,2023-01-08 00:00:00+00:00,Footwear,1,1021.86,0.14915683727511458,1301,1,0.07320962494119801,Prepaid,East,7,5,0
4963,2023-01-08 00:00:00+00:00,Apparel,1,1293.25,0.05992990172658068,3347,3,0.07033272167689082,COD,South,3,0,0
2960,2023-01-08 00:00:00+00:00,Home,0,399.97,0.0,3442,2,0.23321534829663063,Prepaid,East,6,0,1
1238,2023-01-08 00:00:00+00:00,Beauty,0,625.42,0.05918924257536444,1577,0,0.0,Prepaid,South,6,2,0
304,2023-01-08 00:00:00+00:00,Beauty,0,121.69,0.18673410647562372,2270,2,0.41983043372807327,Prepaid,South,7,0,1
399,2023-01-08 00:00:00+00:00,Apparel,1,1585.07,0.0,3406,1,0.1443448664525523,Prepaid,North,11,10,0
3790,2023-01-08 00:00:00+00:00,Home,0,338.12,0.016700857788101292,1387,4,0.10310085285777232,Prepaid,South,8,0,0
1248,2023-01-08 00:00:00+00:00,Footwear,1,142.4,0.3332418301949696,3675,1,0.1842275027588548,COD,North,9,0,0
3944,2023-01-08 00:00:00+00:00,Beauty,0,254.93,0.10583963003998614,1170,1,0.2846633844717007,Prepaid,South,6,2,0
3185,2023-01-08 00:00:00+00:00,Apparel,1,457.53,0.4756572297956856,1043,2,0.2118364256526308,COD,South,11,0,1
674,2023-01-08 00:00:00+00:00,Beauty,0,1636.93,0.0,2613,2,0.22397035820146616,Prepaid,East,14,1,1
3690,2023-01-08 00:00:00+00:00,Electronics,0,592.34,0.0,4368,1,0.17610085817743637,Prepaid,West,13,0,0
374,2023-01-08 00:00:00+00:00,Apparel,1,7146.49,0.0,1010,2,0.20088461390412807,Prepaid,East,14,0,0
2291,2023-01-08 00:00:00+00:00,Electronics,0,764.9,0.04113456730309846,4471,0,0.0,COD,East,5,2,0
4765,2023-01-08 00:00:00+00:00,Apparel,1,1190.43,0.3354810289059611,3747,3,0.10644641700097032,COD,East,11,2,0
1734,2023-01-08 00:00:00+00:00,Electronics,0,1423.86,0.13430761250328574,1444,1,0.3769186977556041,Prepaid,West,7,0,0
850,2023-01-08 00:00:00+00:00,Home,0,2670.91,0.0958901329725409,1789,1,0.09871018080266274,Prepaid,East,13,4,0
2274,2023-01-08 00:00:00+00:00,Electronics,0,598.03,0.0,3961,9,0.04787260471004861,Prepaid,West,9,0,0
3710,2023-01-08 00:00:00+00:00,Electronics,0,3217.98,0.0,2941,2,0.09119671540126087,Prepaid,West,12,1,0
57,2023-01-08 00:00:00+00:00,Beauty,0,2081.95,0.0,1562,0,0.0,COD,North,3,2,0
3155,2023-01-08 00:00:00+00:00,Footwear,1,547.07,0.20054551926217562,3590,5,0.0004910824873019042,Prepaid,North,2,0,0
4984,2023-01-08 00:00:00+00:00,Electronics,0,722.2,0.0,2386,2,0.06344122894996448,Prepaid,South,14,5,0
1963,2023-01-08 00:00:00+00:00,Apparel,1,1396.33,0.0,2914,4,0.06947697905253973,Prepaid,South,10,6,0
1916,2023-01-08 00:00:00+00:00,Apparel,1,593.58,0.08661617806639063,2293,1,0.2060256343791863,Prepaid,South,3,4,1
2526,2023-01-08 00:00:00+00:00,Electronics,0,564.36,0.0,2316,0,0.0,Prepaid,South,13,2,0
2514,2023-01-08 00:00:00+00:00,Footwear,1,198.73,0.18498304920938366,3071,1,0.2871048857012638,Prepaid,North,12,2,0
3505,2023-01-08 00:00:00+00:00,Apparel,1,440.42,0.1241828858893076,3803,2,0.11745243338781468,Prepaid,South,3,3,0
2552,2023-01-08 00:00:00+00:00,Footwear,1,8600.75,0.18411004894195296,3867,1,0.16575750515874352,Prepaid,West,11,0,0
1407,2023-01-08 00:00:00+00:00,Apparel,1,2426.98,0.0,1575,1,0.0401176545693273,Prepaid,South,5,1,1
1222,2023-01-08 00:00:00+00:00,Home,0,758.39,0.12502579284009685,2333,0,0.0,Prepaid,North,2,3,0
2023,2023-01-08 00:00:00+00:00,Apparel,1,389.7,0.2770725085222563,3680,0,0.0,COD,East,7,5,1
4837,2023-01-08 00:00:00+00:00,Beauty,0,178.43,0.0,2350,3,0.15666522365797989,COD,West,2,0,0
895,2023-01-08 00:00:00+00:00,Apparel,1,778.4,0.0,4385,2,0.09414855769697929,Prepaid,North,10,1,0
2987,2023-01-08 00:00:00+00:00,Apparel,1,1042.34,0.0,1723,0,0.0,Prepaid,East,2,0,0
2020,2023-01-08 00:00:00+00:00,Electronics,0,2219.2,0.0,3612,2,0.07365564600292501,Prepaid,North,13,2,0
3988,2023-01-08 00:00:00+00:00,Apparel,1,902.84,0.0,2922,6,0.2878497366310097,COD,North,6,0,0
4471,2023-01-08 00:00:00+00:00,Apparel,1,3758.03,0.0,1173,2,0.4788351497979176,COD,East,2,2,0
512,2023-01-08 00:00:00+00:00,Electronics,0,240.36,0.1225767989801087,1000,0,0.0,Prepaid,South,3,2,0
1826,2023-01-08 00:00:00+00:00,Electronics,0,3169.65,0.0,4483,5,0.2791603711106159,Prepaid,North,2,7,0
3869,2023-01-08 00:00:00+00:00,Apparel,1,647.76,0.48782041077888916,3601,2,0.15862531433910787,Prepaid,East,13,0,1
984,2023-01-09 00:00:00+00:00,Home,0,3902.25,0.0,3525,0,0.0,Prepaid,South,7,3,0
4169,2023-01-09 00:00:00+00:00,Apparel,1,1364.89,0.34817784550726,4022,2,0.058094259241943294,COD,South,13,5,1
254,2023-01-09 00:00:00+00:00,Apparel,1,2080.6,0.0,4256,2,0.03792793699937321,Prepaid,South,14,2,0
558,2023-01-09 00:00:00+00:00,Apparel,1,3990.53,0.05822819008947478,3311,2,0.13573606456055573,COD,West,6,1,0
1540,2023-01-09 00:00:00+00:00,Home,0,239.75,0.0,4475,0,0.0,Prepaid,South,3,0,0
4024,2023-01-09 00:00:00+00:00,Footwear,1,703.28,0.0,2089,2,0.03184848211896145,Prepaid,West,7,5,0
1753,2023-01-09 00:00:00+00:00,Home,0,718.74,0.0,1167,4,0.20616826979269037,Prepaid,East,7,0,0
92,2023-01-09 00:00:00+00:00,Electronics,0,1187.79,0.14489964097064,3939,0,0.0,Prepaid,North,5,2,0
1819,2023-01-09 00:00:00+00:00,Apparel,1,2874.44,0.0,4438,2,0.552994922987778,COD,South,11,1,0
49,2023-01-09 00:00:00+00:00,Apparel,1,563.06,0.0,2193,1,0.1536445881798571,COD,North,5,0,0
587,2023-01-09 00:00:00+00:00,Electronics,0,2511.51,0.0,3828,4,0.4274161587673731,Prepaid,South,14,1,1
3262,2023-01-09 00:00:00+00:00,Electronics,0,2643.17,0.0,1291,3,0.035485257366712215,Prepaid,South,3,8,0
2100,2023-01-09 00:00:00+00:00,Apparel,1,387.18,0.0,4076,1,0.12365460129168544,COD,North,4,1,1
1571,2023-01-09 00:00:00+00:00,Footwear,1,1260.0,0.03780714844197337,1165,1,0.22210812631748694,COD,West,2,7,0
2192,2023-01-09 00:00:00+00:00,Apparel,1,2070.58,0.254407129484684,2075,1,0.18807268284036222,Prepaid,East,2,2,0
3144,2023-01-09 00:00:00+00:00,Apparel,1,971.33,0.0,1096,2,0.19320612886508973,Prepaid,North,13,0,0
4746,2023-01-09 00:00:00+00:00,Footwear,1,640.64,0.275304361052227,2589,1,0.017206708868043884,Prepaid,East,3,1,0
3616,2023-01-09 00:00:00+00:00,Electronics,0,3283.41,0.0,4168,1,0.652093362192449,Prepaid,South,8,2,1
3028,2023-01-09 00:00:00+00:00,Footwear,1,10898.53,0.0,2857,3,0.08206207926067309,COD,North,2,2,0
1302,2023-01-09 00:00:00+00:00,Footwear,1,873.81,0.0,2827,2,0.359819794120365,Prepaid,North,12,0,1
2376,2023-01-10 00:00:00+00:00,Home,0,522.6,0.09136668921015022,2041,2,0.05550971582380533,COD,South,5,6,0
4372,2023-01-10 00:00:00+00:00,Electronics,0,452.63,0.0,1349,0,0.0,Prepaid,East,4,2,0
4058,2023-01-10 00:00:00+00:00,Electronics,0,3302.22,0.0,3427,1,0.2984439333087504,Prepaid,South,9,0,1
1421,2023-01-10 00:00:00+00:00,Apparel,1,672.89,0.20375438286864647,4229,0,0.0,Prepaid,South,11,3,0
2589,2023-01-10 00:00:00+00:00,Electronics,0,1599.66,0.0,3392,2,0.5160573958376492,Prepaid,West,7,1,0
4360,2023-01-10 00:00:00+00:00,Electronics,0,1869.89,0.34138209797217955,1211,0,0.0,Prepaid,North,12,0,1
1951,2023-01-10 00:00:00+00:00,Home,0,435.64,0.0,3752,1,0.1505202324409001,Prepaid,East,5,1,0
3673,2023-01-10 00:00:00+00:00,Footwear,1,3139.82,0.2238849140114448,3715,3,0.07452405650889866,Prepaid,North,1,2,0
2194,2023-01-10 00:00:00+00:00,Apparel,1,659.18,0.0,3145,3,0.07667809677804933,Prepaid,South,4,3,0
1956,2023-01-10 00:00:00+00:00,Home,0,2481.48,0.0,3271,1,0.3755514844044929,Prepaid,North,1,2,0
4331,2023-01-10 00:00:00+00:00,Apparel,1,280.91,0.15017322273963357,4224,1,0.05561820945959606,COD,West,11,7,0
1067,2023-01-10 00:00:00+00:00,Apparel,1,3836.82,0.0,2782,2,0.21958364929544869,COD,East,11,3,1
1228,2023-01-10 00:00:00+00:00,Apparel,1,443.91,0.0,3844,3,0.20469822792844708,Prepaid,North,8,0,1
2423,2023-01-10 00:00:00+00:00,Apparel,1,1058.5,0.12155733455751316,2827,1,0.1382354608419542,Prepaid,North,4,1,0
2574,2023-01-10 00:00:00+00:00,Electronics,0,2856.69,0.029989419096245737,4273,2,0.4505744618264239,COD,East,2,7,0
1482,2023-01-10 00:00:00+00:00,Home,0,5681.18,0.0,2335,2,0.48034521498287885,COD,South,8,2,0
467,2023-01-10 00:00:00+00:00,Apparel,1,143.09,0.14380270469503276,2820,1,0.0426673663418546,Prepaid,East,1,1,0
2509,2023-01-10 00:00:00+00:00,Apparel,1,1137.62,0.04153532893796705,1081,2,0.16954796570540379,Prepaid,West,3,4,0
2669,2023-01-10 00:00:00+00:00,Apparel,1,1998.65,0.0,1718,2,0.34446810306100545,Prepaid,West,10,6,0
3327,2023-01-10 00:00:00+00:00,Electronics,0,1305.92,0.0,2801,4,0.5833074092648713,Prepaid,North,3,0,0
697,2023-01-10 00:00:00+00:00,Apparel,1,1386.77,0.0,2282,3,0.2941846925540197,Prepaid,East,3,1,1
4171,2023-01-10 00:00:00+00:00,Home,0,742.97,0.1699330541792315,3877,3,0.040811556396017225,Prepaid,East,13,2,0
4023,2023-01-10 00:00:00+00:00,Apparel,1,337.55,0.00014181830272598506,3230,1,0.037635583268173296,Prepaid,South,3,8,0
969,2023-01-10 00:00:00+00:00,Beauty,0,4140.59,0.0,4376,5,0.19130123617509232,Prepaid,North,4,7,0
3276,2023-01-11 00:00:00+00:00,Apparel,1,2319.95,0.0,1067,3,0.14520099568404682,Prepaid,South,12,1,0
3171,2023-01-11 00:00:00+00:00,Home,0,6182.43,0.17040462518592164,2614,2,0.11115699013022734,Prepaid,West,12,2,0
1132,2023-01-11 00:00:00+00:00,Home,0,2002.02,0.0,2959,1,0.32396350813532165,COD,South,4,0,0
708,2023-01-11 00:00:00+00:00,Apparel,1,651.55,0.0,3094,1,0.295322040686646,COD,West,6,0,0
1778,2023-01-11 00:00:00+00:00,Apparel,1,456.06,0.0,4338,3,0.2466129720007943,Prepaid,West,10,2,0
1099,2023-01-11 00:00:00+00:00,Electronics,0,2310.85,0.0,2385,4,0.4627642333059669,Prepaid,East,7,0,0
1772,2023-01-11 00:00:00+00:00,Apparel,1,433.72,0.0,1293,3,0.15208739325218365,COD,East,10,1,0
2229,2023-01-11 00:00:00+00:00,Apparel,1,6728.09,0.0,2031,2,0.11168486796345911,Prepaid,North,3,1,0
3517,2023-01-11 00:00:00+00:00,Electronics,0,2339.9,0.0,2733,1,0.11277304501485073,COD,North,14,1,0
4601,2023-01-11 00:00:00+00:00,Beauty,0,398.68,0.0,3372,2,0.1915848422726096,Prepaid,South,13,4,0
3951,2023-01-11 00:00:00+00:00,Beauty,0,812.33,0.0,4459,3,0.06447755585963667,Prepaid,West,2,0,0
1279,2023-01-11 00:00:00+00:00,Home,0,483.93,0.0,2220,2,0.013748890052344821,Prepaid,East,10,2,0
2095,2023-01-11 00:00:00+00:00,Home,0,386.53,0.23249977645954215,3228,1,0.17057989921878142,Prepaid,West,9,0,0
1010,2023-01-11 00:00:00+00:00,Apparel,1,736.74,0.1938210339798158,1394,1,0.5133647592151664,Prepaid,North,7,2,0
5000,2023-01-11 00:00:00+00:00,Electronics,0,200.7,0.0,2811,1,0.14188556784671388,Prepaid,North,11,12,0
3904,2023-01-11 00:00:00+00:00,Electronics,0,293.31,0.0,1221,1,0.16370973990334114,COD,South,11,1,0
2957,2023-01-11 00:00:00+00:00,Electronics,0,1946.97,0.38308617101082987,3183,2,0.17065515246602242,Prepaid,North,2,2,0
2588,2023-01-11 00:00:00+00:00,Apparel,1,341.77,0.0,2526,1,0.2585395239055695,Prepaid,West,9,2,0
1356,2023-01-11 00:00:00+00:00,Footwear,1,572.02,0.0,4380,1,0.3067648592932133,Prepaid,West,13,1,0
1562,2023-01-11 00:00:00+00:00,Electronics,0,596.78,0.06095437105922156,4050,0,0.0,Prepaid,East,4,7,0
236,2023-01-11 00:00:00+00:00,Apparel,1,843.93,0.0,3934,2,0.2948758342572793,COD,West,8,13,0
3753,2023-01-11 00:00:00+00:00,Footwear,1,5343.58,0.0,2738,2,0.07586828177869295,COD,West,14,1,0
2427,2023-01-11 00:00:00+00:00,Apparel,1,511.0,0.26264409443355813,1913,4,0.013774903908810657,Prepaid,North,13,2,1
1514,2023-01-11 00:00:00+00:00,Beauty,0,263.61,0.4554648854705362,1881,2,0.0005763381027416327,Prepaid,East,1,2,0
1358,2023-01-11 00:00:00+00:00,Electronics,0,1045.85,0.14308970778165558,3556,3,0.10071919362032054,Prepaid,North,1,4,0
4762,2023-01-11 00:00:00+00:00,Home,0,200.8,0.0,1830,2,0.07563195418163099,COD,West,10,2,0
1850,2023-01-12 00:00:00+00:00,Apparel,1,1898.26,0.0,3294,5,0.09127257045830885,COD,West,12,2,0
2304,2023-01-12 00:00:00+00:00,Electronics,0,1580.82,0.0,3461,3,0.38023521273467775,COD,West,5,0,0
4941,2023-01-12 00:00:00+00:00,Beauty,0,788.81,0.27961847802292816,2656,2,0.13485625418329894,Prepaid,East,14,7,0
1403,2023-01-12 00:00:00+00:00,Apparel,1,1381.61,0.00960208874468578,2354,0,0.0,Prepaid,West,12,0,0
4272,2023-01-12 00:00:00+00:00,Home,0,238.95,0.16120386014740454,1554,5,0.3270592966383942,COD,South,3,6,0
185,2023-01-12 00:00:00+00:00,Apparel,1,641.61,0.16213851000865204,1248,2,0.009639400792379994,Prepaid,North,1,0,0
2612,2023-01-12 00:00:00+00:00,Electronics,0,201.71,0.16871809610259914,2448,2,0.1704794496421369,Prepaid,East,13,3,0
667,2023-01-12 00:00:00+00:00,Home,0,14984.91,0.3280281120104612,3578,0,0.0,COD,North,1,1,1
3228,2023-01-12 00:00:00+00:00,Home,0,1305.71,0.0,4120,3,0.09139177072882929,Prepaid,South,10,5,0
1908,2023-01-12 00:00:00+00:00,Electronics,0,619.14,0.0,3856,4,0.3776268013234856,Prepaid,South,11,2,0
1393,2023-01-12 00:00:00+00:00,Electronics,0,489.33,0.0,2199,4,0.1692718889197039,Prepaid,East,1,1,0
3831,2023-01-12 00:00:00+00:00,Home,0,114.73,0.0,4395,2,0.19031477757999682,COD,South,11,0,0
2402,2023-01-12 00:00:00+00:00,Home,0,3702.8,0.0,2211,3,0.151884057483982,Prepaid,North,8,0,0
1724,2023-01-12 00:00:00+00:00,Apparel,1,700.59,0.0,1238,0,0.0,Prepaid,South,7,5,0
2110,2023-01-12 00:00:00+00:00,Home,0,1744.7,0.17579049702381727,2488,0,0.0,Prepaid,South,9,1,0
3348,2023-01-12 00:00:00+00:00,Apparel,1,888.1,0.0,3804,2,0.07960599811230422,Prepaid,North,8,2,0
505,2023-01-12 00:00:00+00:00,Footwear,1,362.91,0.0,2547,5,0.024299655072045352,Prepaid,South,10,1,0
1848,2023-01-12 00:00:00+00:00,Apparel,1,752.99,0.0,1069,3,0.023205338419559192,Prepaid,East,1,3,0
3528,2023-01-12 00:00:00+00:00,Apparel,1,1892.58,0.02151800814321969,4314,2,0.013683434777213833,Prepaid,South,13,0,0
4898,2023-01-12 00:00:00+00:00,Footwear,1,2025.77,0.0,1891,2,0.25924360397601526,COD,South,10,2,1
2974,2023-01-12 00:00:00+00:00,Apparel,1,1005.45,0.2062901197449206,3818,3,0.0008884143632674793,Prepaid,West,13,0,0
753,2023-01-12 00:00:00+00:00,Home,0,2574.46,0.050895976489086184,2371,1,0.18347828381671963,Prepaid,South,10,2,0
2684,2023-01-12 00:00:00+00:00,Apparel,1,3189.21,0.0,3709,1,0.35341709811342925,Prepaid,North,11,1,0
3691,2023-01-12 00:00:00+00:00,Beauty,0,226.34,0.17569550648714122,2195,1,0.2315789214890186,Prepaid,North,3,1,1
3290,2023-01-12 00:00:00+00:00,Footwear,1,5921.74,0.23298746359413347,2008,5,0.010994355642215443,COD,East,7,19,0
1661,2023-01-12 00:00:00+00:00,Electronics,0,3244.59,0.0,3310,1,0.10544466829980267,Prepaid,South,10,1,0
538,2023-01-12 00:00:00+00:00,Home,0,873.46,0.0,3448,2,0.35421494799429687,COD,North,6,0,1
4992,2023-01-12 00:00:00+00:00,Footwear,1,3146.21,0.0,1927,0,0.0,Prepaid,West,1,3,0
495,2023-01-12 00:00:00+00:00,Apparel,1,1442.18,0.13027944389800805,2150,3,0.12386819219736044,COD,South,8,2,0
1338,2023-01-12 00:00:00+00:00,Home,0,472.97,0.0,2716,3,0.13818017630063703,Prepaid,West,14,3,0
2999,2023-01-12 00:00:00+00:00,Home,0,777.07,0.3194861217682077,2253,2,0.4258260871848086,Prepaid,East,14,1,1
3169,2023-01-12 00:00:00+00:00,Electronics,0,582.74,0.25784799073259834,2433,1,0.2601656280395036,Prepaid,West,14,0,0
2958,2023-01-12 00:00:00+00:00,Home,0,1004.98,0.0,3377,1,0.10952811924958164,COD,West,2,1,0
109,2023-01-12 00:00:00+00:00,Beauty,0,945.18,0.2507831089414858,4117,4,0.3688228173108875,COD,South,5,0,0
828,2023-01-12 00:00:00+00:00,Apparel,1,677.43,0.0,4063,2,0.047044118812029315,COD,West,13,11,0
1998,2023-01-12 00:00:00+00:00,Home,0,1234.52,0.0,1765,0,0.0,Prepaid,West,14,0,1
1636,2023-01-12 00:00:00+00:00,Home,0,640.06,0.22240786289521167,2868,1,0.3899066074838623,Prepaid,South,6,2,0
2352,2023-01-12 00:00:00+00:00,Apparel,1,2453.96,0.1624874924632431,1598,1,0.20959775775665213,Prepaid,East,7,1,0
3860,2023-01-12 00:00:00+00:00,Apparel,1,6485.58,0.333975650329226,3819,2,0.06356060856304852,COD,North,2,1,0
1413,2023-01-12 00:00:00+00:00,Electronics,0,203.55,0.0,1324,0,0.0,COD,South,7,7,0
415,2023-01-13 00:00:00+00:00,Apparel,1,890.52,0.0,3995,1,0.09861230064233811,Prepaid,South,1,3,0
1611,2023-01-13 00:00:00+00:00,Apparel,1,503.78,0.0,3549,2,0.1400474141027461,Prepaid,South,11,0,0
4761,2023-01-13 00:00:00+00:00,Apparel,1,588.87,0.0,3307,0,0.0,COD,North,7,3,1
2581,2023-01-13 00:00:00+00:00,Beauty,0,2959.2,0.1624161120652226,4470,2,0.1287190879987259,COD,East,5,0,0
3661,2023-01-13 00:00:00+00:00,Electronics,0,7546.65,0.048635397246982175,1071,0,0.0,Prepaid,North,14,4,0
366,2023-01-13 00:00:00+00:00,Apparel,1,4362.12,0.0,3664,1,0.056637647282804154,COD,East,13,1,0
975,2023-01-13 00:00:00+00:00,Home,0,3486.7,0.3286187098041732,2948,3,0.7119402214293153,Prepaid,West,1,0,1
3748,2023-01-13 00:00:00+00:00,Home,0,381.19,0.18052367960182542,1436,0,0.0,COD,South,13,0,0
3645,2023-01-13 00:00:00+00:00,Footwear,1,611.11,0.28016862452278535,4293,1,0.13972705765147944,Prepaid,East,11,2,0
2476,2023-01-13 00:00:00+00:00,Home,0,106.67,0.0,1819,1,0.41248776965509304,Prepaid,South,1,0,0
4950,2023-01-13 00:00:00+00:00,Apparel,1,1121.94,0.0,2024,3,0.4090185746241788,Prepaid,East,2,3,0
1638,2023-01-13 00:00:00+00:00,Apparel,1,1284.15,0.20170127504810215,3376,3,0.036521255308199885,Prepaid,West,5,1,0
4797,2023-01-13 00:00:00+00:00,Footwear,1,1350.35,0.15441397972720297,1840,4,0.20674028046192397,Prepaid,West,8,0,0
540,2023-01-13 00:00:00+00:00,Apparel,1,1517.75,0.0,3529,2,0.3192381501908938,Prepaid,South,5,13,0
3774,2023-01-13 00:00:00+00:00,Footwear,1,1065.3,0.06579734779143576,2337,6,0.11609187432105704,COD,South,12,0,0
2061,2023-01-13 00:00:00+00:00,Beauty,0,760.84,0.22257254804966836,3622,2,0.20027462683263653,COD,West,9,0,0
2677,2023-01-13 00:00:00+00:00,Apparel,1,422.97,0.0,2723,1,0.3045341072278014,Prepaid,South,14,0,0
144,2023-01-13 00:00:00+00:00,Beauty,0,2123.66,0.0,1837,2,0.09094870899373719,Prepaid,South,10,0,1
1553,2023-01-13 00:00:00+00:00,Apparel,1,578.92,0.0,2244,2,0.005251270174198477,Prepaid,North,2,0,0
2630,2023-01-13 00:00:00+00:00,Apparel,1,7055.48,0.4546220181572015,3412,1,0.08917407506164289,Prepaid,North,8,2,0
884,2023-01-13 00:00:00+00:00,Beauty,0,813.41,0.0,4221,2,0.1195862253458501,Prepaid,South,11,2,0
3569,2023-01-13 00:00:00+00:00,Electronics,0,772.96,0.01195352945666392,2588,3,0.4752327001290777,Prepaid,South,8,1,0
4246,2023-01-13 00:00:00+00:00,Footwear,1,1747.62,0.0,3057,1,0.04057972775678809,COD,West,12,1,0
3816,2023-01-13 00:00:00+00:00,Apparel,1,854.21,0.0,2922,2,0.013418637328925342,Prepaid,North,12,3,0
1470,2023-01-13 00:00:00+00:00,Footwear,1,183.67,0.0,2623,0,0.0,Prepaid,East,6,5,0
4639,2023-01-13 00:00:00+00:00,Electronics,0,1108.81,0.05555106674616782,3429,2,0.5976993464289478,COD,East,1,0,0
4855,2023-01-13 00:00:00+00:00,Home,0,246.29,0.0,1183,1,0.2073085138086186,COD,West,7,1,0
2265,2023-01-13 00:00:00+00:00,Footwear,1,2603.7,0.0,2306,1,0.0036859123367428727,Prepaid,South,2,1,0
3010,2023-01-13 00:00:00+00:00,Home,0,1990.89,0.0,2946,2,0.25741820303499763,Prepaid,North,5,5,0
3804,2023-01-13 00:00:00+00:00,Apparel,1,1773.15,0.10353570036737542,2662,0,0.0,Prepaid,South,9,1,0
1847,2023-01-14 00:00:00+00:00,Apparel,1,1408.89,0.0,3981,3,0.5342525567726292,Prepaid,East,1,1,1
857,2023-01-14 00:00:00+00:00,Footwear,1,989.43,0.2715125364003633,4240,1,0.24691340350607663,COD,South,10,2,0
658,2023-01-14 00:00:00+00:00,Apparel,1,1420.02,0.10236286346451885,1970,2,0.8557437206036842,Prepaid,North,11,1,1
48,2023-01-14 00:00:00+00:00,Apparel,1,706.08,0.46887070933507424,1494,1,0.05819900741194259,Prepaid,West,2,15,0
863,2023-01-14 00:00:00+00:00,Apparel,1,211.67,0.0,3444,0,0.0,Prepaid,North,6,1,0
1032,2023-01-14 00:00:00+00:00,Apparel,1,2925.41,0.0,1258,1,0.4349754597687155,Prepaid,South,12,2,0
2824,2023-01-14 00:00:00+00:00,Apparel,1,1587.02,0.3136631073371723,2444,2,0.2737585249223336,COD,South,8,1,0
1428,2023-01-14 00:00:00+00:00,Beauty,0,333.21,0.4318744760560944,2539,4,0.032950688640991085,Prepaid,East,11,0,0
4232,2023-01-14 00:00:00+00:00,Footwear,1,6746.7,0.4419776729303886,2224,2,0.15224497249297045,Prepaid,West,4,0,0
2366,2023-01-14 00:00:00+00:00,Home,0,2568.73,0.0,2248,0,0.0,COD,West,8,0,0
2933,2023-01-14 00:00:00+00:00,Home,0,760.81,0.0,4373,2,0.3157355435968178,Prepaid,North,12,5,0
1669,2023-01-14 00:00:00+00:00,Electronics,0,2619.98,0.0871952499201089,1415,6,0.16314009148220787,Prepaid,North,1,1,0
1012,2023-01-14 00:00:00+00:00,Apparel,1,535.0,0.07177764264015349,3952,0,0.0,COD,West,8,6,0
1953,2023-01-14 00:00:00+00:00,Home,0,3468.51,0.0,1148,1,0.3684040278679104,COD,West,3,5,0
3679,2023-01-14 00:00:00+00:00,Apparel,1,1247.57,0.0,1489,1,0.2912433092903146,Prepaid,South,11,5,0
2717,2023-01-14 00:00:00+00:00,Apparel,1,407.64,0.0,1517,1,0.0699059614157635,Prepaid,South,8,1,0
1301,2023-01-14 00:00:00+00:00,Beauty,0,3237.86,0.0,2088,2,0.16405571924455775,Prepaid,West,5,0,0
2685,2023-01-14 00:00:00+00:00,Footwear,1,5938.48,0.0,4157,6,0.09853514259025473,Prepaid,East,1,3,0
1443,2023-01-14 00:00:00+00:00,Apparel,1,153.2,0.1393491601798906,2942,2,0.06264195433953199,COD,South,4,1,0
2383,2023-01-14 00:00:00+00:00,Footwear,1,1789.91,0.0,3374,7,0.22437775253403125,Prepaid,North,7,3,1
4303,2023-01-14 00:00:00+00:00,Home,0,1015.78,0.24783935354781542,1470,3,0.00855895847604424,Prepaid,West,3,0,0
3116,2023-01-14 00:00:00+00:00,Footwear,1,254.68,0.35183968946720356,3007,1,0.2793474143845929,Prepaid,South,2,0,0
1921,2023-01-14 00:00:00+00:00,Home,0,679.12,0.0,1403,2,0.08303164794053947,COD,East,13,1,0
2462,2023-01-14 00:00:00+00:00,Footwear,1,791.29,0.15790736732876975,2931,3,0.575097233155743,Prepaid,North,10,2,0
74,2023-01-14 00:00:00+00:00,Beauty,0,176.88,0.03724265265525013,1736,2,0.42291122628030825,COD,North,2,0,0
4905,2023-01-14 00:00:00+00:00,Home,0,807.87,0.0,1971,2,0.06280344708523683,COD,West,4,3,0
1933,2023-01-14 00:00:00+00:00,Apparel,1,906.7,0.036562026170238404,1885,1,0.013981518011508154,COD,North,4,27,0
1079,2023-01-15 00:00:00+00:00,Apparel,1,2396.64,0.0,2412,4,0.08692218752548492,COD,West,14,3,0
2135,2023-01-15 00:00:00+00:00,Footwear,1,2960.92,0.0,2942,2,0.053642226896645134,Prepaid,South,13,7,0
32,2023-01-15 00:00:00+00:00,Home,0,6636.91,0.0,2814,3,0.06980891843190302,Prepaid,East,7,2,0
1455,2023-01-15 00:00:00+00:00,Footwear,1,3185.31,0.0,1437,0,0.0,Prepaid,North,5,0,0
2115,2023-01-15 00:00:00+00:00,Home,0,11680.16,0.0,1375,3,0.1976896474519903,COD,West,11,1,0
4102,2023-01-15 00:00:00+00:00,Footwear,1,1906.25,0.06633094030408263,1764,1,0.033713502554870274,Prepaid,North,1,1,0
4,2023-01-15 00:00:00+00:00,Electronics,0,313.03,0.0,3154,0,0.0,Prepaid,South,12,0,0
4218,2023-01-15 00:00:00+00:00,Footwear,1,1218.32,0.0,1909,1,0.2991969475774468,COD,East,2,1,0
874,2023-01-15 00:00:00+00:00,Footwear,1,1692.78,0.0,3288,1,0.016567734788496213,Prepaid,North,13,0,0
3929,2023-01-15 00:00:00+00:00,Beauty,0,393.61,0.0,3435,3,0.3100288320952512,Prepaid,East,11,14,0
4418,2023-01-15 00:00:00+00:00,Electronics,0,3652.49,0.0,2393,2,0.0738146689652498,Prepaid,North,7,0,0
1726,2023-01-15 00:00:00+00:00,Footwear,1,1314.03,0.0,2968,1,0.13965983423345832,Prepaid,North,13,1,0
1692,2023-01-15 00:00:00+00:00,Footwear,1,293.86,0.17384082849822036,2354,2,0.3205007334460081,Prepaid,West,6,5,1
3063,2023-01-15 00:00:00+00:00,Electronics,0,326.84,0.0,2946,0,0.0,COD,West,9,1,0
2193,2023-01-15 00:00:00+00:00,Home,0,2643.26,0.0,1328,0,0.0,Prepaid,West,2,9,0
4678,2023-01-15 00:00:00+00:00,Apparel,1,3545.35,0.0,2353,2,0.08279467161156279,COD,South,12,5,0
4189,2023-01-15 00:00:00+00:00,Apparel,1,232.6,0.10893331653286634,1992,1,0.18292665382108708,Prepaid,West,2,5,0
3194,2023-01-15 00:00:00+00:00,Electronics,0,224.7,0.0,2498,3,0.014831185083959093,COD,East,10,2,0
1748,2023-01-15 00:00:00+00:00,Apparel,1,694.25,0.0,3333,2,0.6326851830994185,Prepaid,West,8,1,1
396,2023-01-15 00:00:00+00:00,Home,0,1135.13,0.0,3672,3,0.0795671404963992,Prepaid,South,13,1,0
77,2023-01-15 00:00:00+00:00,Electronics,0,10110.76,0.0,1080,2,0.11203402407970534,Prepaid,North,6,1,0
1054,2023-01-15 00:00:00+00:00,Electronics,0,2191.44,0.23640561152615933,3775,2,0.03610556217133755,Prepaid,West,11,5,0
2590,2023-01-15 00:00:00+00:00,Apparel,1,4743.41,0.3304074638929885,3690,0,0.0,Prepaid,West,1,1,0
87,2023-01-15 00:00:00+00:00,Footwear,1,222.44,0.0,2732,0,0.0,Prepaid,South,14,5,0
129,2023-01-15 00:00:00+00:00,Home,0,2661.54,0.0,2366,2,0.10153858252251663,Prepaid,North,2,12,0
1718,2023-01-15 00:00:00+00:00,Apparel,1,744.29,0.0,4142,0,0.0,Prepaid,East,5,5,0
3861,2023-01-16 00:00:00+00:00,Apparel,1,883.84,0.0,3817,0,0.0,Prepaid,North,1,0,0
3635,2023-01-16 00:00:00+00:00,Apparel,1,185.8,0.0,4311,2,0.10104859229702388,COD,East,4,5,0
4764,2023-01-16 00:00:00+00:00,Apparel,1,1146.59,0.0,1549,0,0.0,Prepaid,East,13,3,0
4266,2023-01-16 00:00:00+00:00,Home,0,3420.35,0.0,2025,3,0.43194067535586816,COD,West,10,1,0
478,2023-01-16 00:00:00+00:00,Beauty,0,1296.34,0.0,4295,0,0.0,COD,South,3,6,0
4163,2023-01-16 00:00:00+00:00,Footwear,1,523.56,0.08445532010924613,1268,2,0.22165048991104827,Prepaid,North,10,1,0
1462,2023-01-16 00:00:00+00:00,Apparel,1,1274.84,0.0,2512,3,0.34507046890978144,COD,South,6,0,0
3003,2023-01-16 00:00:00+00:00,Home,0,1091.05,0.0,4212,1,0.016029546501379666,Prepaid,South,10,6,0
446,2023-01-16 00:00:00+00:00,Home,0,1566.33,0.0,2044,1,0.13697785944585283,Prepaid,West,9,1,0
2328,2023-01-16 00:00:00+00:00,Apparel,1,221.53,0.0,2633,4,0.22399737353662372,Prepaid,South,5,10,0
3956,2023-01-16 00:00:00+00:00,Apparel,1,1516.68,0.0,2196,6,0.3128902631242984,COD,South,6,0,0
1480,2023-01-16 00:00:00+00:00,Apparel,1,5536.02,0.29865784301790255,3737,3,0.40902194034621686,Prepaid,East,11,0,1
4159,2023-01-16 00:00:00+00:00,Footwear,1,349.63,0.006493103136276157,3917,2,0.1943908308140411,Prepaid,West,5,7,0
3843,2023-01-16 00:00:00+00:00,Apparel,1,4419.28,0.0878884414913213,2403,2,0.18243777621378277,Prepaid,West,2,2,0
1422,2023-01-16 00:00:00+00:00,Electronics,0,232.48,0.0,2517,2,0.2793308637596053,Prepaid,East,7,4,0
3068,2023-01-16 00:00:00+00:00,Electronics,0,1464.65,0.18781534718270648,3583,0,0.0,Prepaid,East,5,4,0
4453,2023-01-16 00:00:00+00:00,Apparel,1,1164.6,0.0,2221,2,0.5301854707667106,Prepaid,West,8,1,0
3164,2023-01-16 00:00:00+00:00,Footwear,1,1172.35,0.0,1563,2,0.30630791896227816,COD,North,3,0,0
669,2023-01-16 00:00:00+00:00,Home,0,1933.47,0.18781147942575172,4052,3,0.07885594487058828,Prepaid,East,7,6,0
3779,2023-01-16 00:00:00+00:00,Footwear,1,819.87,0.0,2813,1,0.09021352928114662,Prepaid,North,8,4,0
3497,2023-01-17 00:00:00+00:00,Home,0,396.02,0.0,3233,1,0.004264141748781728,COD,North,7,2,0
4042,2023-01-17 00:00:00+00:00,Electronics,0,1420.85,0.02619554372647588,2466,2,0.024917561523881207,Prepaid,South,11,6,0
983,2023-01-17 00:00:00+00:00,Apparel,1,2651.91,0.0,3536,3,0.029843350539558736,Prepaid,North,8,4,0
1378,2023-01-17 00:00:00+00:00,Apparel,1,1242.29,0.0,2498,5,0.38969847133225133,Prepaid,West,9,4,0
1442,2023-01-17 00:00:00+00:00,Home,0,503.57,0.20538925107303285,3306,2,0.055597870700222395,COD,North,5,6,0
545,2023-01-17 00:00:00+00:00,Beauty,0,1528.11,0.07019315389049459,1159,3,0.150582698952485,Prepaid,South,4,7,0
2713,2023-01-17 00:00:00+00:00,Electronics,0,1244.29,0.0,3386,1,0.09874041686602288,Prepaid,South,6,3,0
318,2023-01-17 00:00:00+00:00,Apparel,1,433.54,0.0,4278,1,0.2525637623059582,Prepaid,West,8,0,0
1660,2023-01-17 00:00:00+00:00,Apparel,1,801.01,0.18536946833066884,3218,1,0.41565810838567513,Prepaid,West,5,3,0
1642,2023-01-17 00:00:00+00:00,Apparel,1,1632.89,0.2914697447308455,3468,0,0.0,Prepaid,West,4,2,0
4317,2023-01-17 00:00:00+00:00,Electronics,0,495.61,0.0,2262,3,0.15963659967020957,Prepaid,East,1,2,0
3754,2023-01-17 00:00:00+00:00,Apparel,1,1660.59,0.0,1674,3,0.3856651317511144,Prepaid,West,1,10,0
4994,2023-01-17 00:00:00+00:00,Footwear,1,907.93,0.019435480291306553,3379,1,0.2658619785977845,COD,East,9,2,1
789,2023-01-17 00:00:00+00:00,Apparel,1,1028.61,0.06873904792610411,1454,1,0.35946924169165906,Prepaid,South,10,3,0
1323,2023-01-17 00:00:00+00:00,Apparel,1,1770.31,0.0,3384,2,0.20440747354614805,Prepaid,West,12,2,0
2591,2023-01-17 00:00:00+00:00,Apparel,1,946.57,0.0,1788,1,0.45400421122017487,COD,South,13,0,0
1167,2023-01-17 00:00:00+00:00,Apparel,1,1653.09,0.0,2540,0,0.0,Prepaid,South,14,8,0
1398,2023-01-17 00:00:00+00:00,Apparel,1,675.58,0.04445189822285459,1458,0,0.0,Prepaid,South,8,3,0
2535,2023-01-17 00:00:00+00:00,Apparel,1,2016.47,0.18125647716446888,1487,7,0.10238361452040373,Prepaid,South,8,4,0
4637,2023-01-17 00:00:00+00:00,Apparel,1,193.57,0.0,1753,6,0.03312973405138209,Prepaid,North,7,5,0
3980,2023-01-17 00:00:00+00:00,Electronics,0,1338.6,0.0,2909,1,0.23025918483073354,Prepaid,South,12,3,0
4427,2023-01-17 00:00:00+00:00,Apparel,1,1171.47,0.0,2586,0,0.0,COD,North,13,0,1
3267,2023-01-17 00:00:00+00:00,Apparel,1,2903.74,0.3025665615558997,3922,0,0.0,Prepaid,South,12,1,1
878,2023-01-17 00:00:00+00:00,Electronics,0,1923.81,0.0805361404615285,3330,3,0.0905724950572223,Prepaid,West,11,3,0
2446,2023-01-17 00:00:00+00:00,Electronics,0,1306.15,0.0,1957,2,0.11612734767771249,Prepaid,North,11,0,0
4649,2023-01-17 00:00:00+00:00,Apparel,1,1577.46,0.0,3223,1,0.37779222855291583,Prepaid,South,3,1,0
3830,2023-01-17 00:00:00+00:00,Home,0,1380.66,0.0,2977,2,0.2153269856267866,Prepaid,East,9,12,0
3530,2023-01-17 00:00:00+00:00,Beauty,0,544.1,0.2722849145049112,3675,1,0.0905322714684799,COD,South,6,0,0
1750,2023-01-17 00:00:00+00:00,Electronics,0,519.26,0.1875225688402348,1367,3,0.11978274395787776,COD,East,6,0,0
3895,2023-01-17 00:00:00+00:00,Apparel,1,1615.18,0.0,4287,2,0.26681649345441344,Prepaid,East,2,0,0
3058,2023-01-17 00:00:00+00:00,Footwear,1,554.16,0.20435640773085958,3807,2,0.23943146055660341,Prepaid,East,6,3,0
2499,2023-01-17 00:00:00+00:00,Footwear,1,1515.73,0.0,2344,0,0.0,COD,East,14,1,0
4172,2023-01-17 00:00:00+00:00,Home,0,293.88,0.0,2147,2,0.0770681826630312,COD,South,5,2,0
353,2023-01-17 00:00:00+00:00,Apparel,1,236.36,0.10733220567828707,1858,1,0.1072987753001369,COD,East,10,0,0
2890,2023-01-17 00:00:00+00:00,Apparel,1,393.45,0.0,2740,3,0.2785203393677331,Prepaid,East,14,0,0
3452,2023-01-18 00:00:00+00:00,Electronics,0,2593.67,0.491673961356874,1368,4,0.5611641189697407,Prepaid,North,7,3,0
3704,2023-01-18 00:00:00+00:00,Footwear,1,2402.37,0.0,1578,1,0.27016561850323156,COD,West,13,3,0
3966,2023-01-18 00:00:00+00:00,Apparel,1,1207.69,0.0,3153,3,0.27861927157479227,Prepaid,East,5,0,1
4587,2023-01-18 00:00:00+00:00,Footwear,1,2098.4,0.0,2914,0,0.0,COD,East,10,0,0
1765,2023-01-18 00:00:00+00:00,Apparel,1,1378.24,0.0,1588,5,0.45354598893640746,Prepaid,East,12,0,1
3793,2023-01-18 00:00:00+00:00,Apparel,1,3040.78,0.0,4282,1,0.45908114653716553,Prepaid,South,3,3,1
44,2023-01-18 00:00:00+00:00,Apparel,1,332.27,0.16915215034869316,2630,1,0.2911807536996137,Prepaid,West,1,1,0
2614,2023-01-18 00:00:00+00:00,Apparel,1,1679.29,0.0,2980,5,0.22038378225371583,Prepaid,East,8,0,0
871,2023-01-18 00:00:00+00:00,Footwear,1,355.36,0.0,2029,1,0.1974649017651994,Prepaid,West,6,0,0
1472,2023-01-18 00:00:00+00:00,Home,0,211.51,0.32599448307813417,3457,2,0.09605780465984282,COD,North,1,1,0
1725,2023-01-18 00:00:00+00:00,Electronics,0,1366.54,0.0,3940,4,0.053085345031828275,COD,West,6,1,0
1210,2023-01-18 00:00:00+00:00,Electronics,0,638.41,0.019827713485782425,1911,0,0.0,COD,West,9,0,1
4497,2023-01-18 00:00:00+00:00,Electronics,0,1532.88,0.0,4073,2,0.0760688537493027,COD,West,4,0,0
4043,2023-01-18 00:00:00+00:00,Beauty,0,1236.5,0.2680396605110812,3451,2,0.34376097739479905,Prepaid,North,3,3,0
337,2023-01-18 00:00:00+00:00,Apparel,1,1703.34,0.0,4114,4,0.3503512554228866,Prepaid,East,6,1,1
1910,2023-01-18 00:00:00+00:00,Beauty,0,2160.89,0.0,2301,3,0.04620379139837405,Prepaid,South,11,2,0
4461,2023-01-19 00:00:00+00:00,Apparel,1,2626.43,0.1890035195802838,3384,0,0.0,Prepaid,North,1,0,0
3590,2023-01-19 00:00:00+00:00,Home,0,650.06,0.0,1081,6,0.025657994491281567,Prepaid,South,2,1,0
3967,2023-01-19 00:00:00+00:00,Home,0,4700.49,0.0,2871,2,0.04034478426057396,Prepaid,North,6,1,0
615,2023-01-19 00:00:00+00:00,Footwear,1,1023.58,0.22041091152691572,3578,2,0.040638949567193675,Prepaid,West,4,0,0
4294,2023-01-19 00:00:00+00:00,Electronics,0,238.2,0.2648123625058241,3451,2,0.16662541890985302,Prepaid,South,12,0,0
950,2023-01-19 00:00:00+00:00,Apparel,1,154.73,0.26610558450992156,2841,3,0.4907267793857026,Prepaid,East,9,0,0
552,2023-01-19 00:00:00+00:00,Footwear,1,559.42,0.12160038764586188,3469,0,0.0,Prepaid,North,11,1,0
1209,2023-01-19 00:00:00+00:00,Electronics,0,378.92,0.24953445505557034,3545,6,0.1493915277545097,Prepaid,West,10,1,0
3665,2023-01-19 00:00:00+00:00,Apparel,1,557.08,0.0,1075,4,0.02391662743953523,Prepaid,North,4,4,0
620,2023-01-19 00:00:00+00:00,Home,0,318.96,0.0,2243,2,0.05409463235138828,COD,East,9,5,0
1394,2023-01-19 00:00:00+00:00,Apparel,1,1830.1,0.0,1643,2,0.339915424252169,Prepaid,North,11,3,1
3502,2023-01-19 00:00:00+00:00,Footwear,1,12816.01,0.0,2654,2,0.7079857641462542,Prepaid,East,5,1,1
2208,2023-01-19 00:00:00+00:00,Electronics,0,951.52,0.0,4225,2,0.3119412941228386,Prepaid,East,11,4,0
2139,2023-01-19 00:00:00+00:00,Apparel,1,137.71,0.08574575353029706,4217,3,0.3054633422342604,COD,West,10,8,1
3135,2023-01-19 00:00:00+00:00,Electronics,0,803.89,0.0,4154,0,0.0,Prepaid,West,5,0,0
424,2023-01-19 00:00:00+00:00,Beauty,0,2365.97,0.0,2164,3,0.029355810760599333,Prepaid,North,8,0,0
4616,2023-01-19 00:00:00+00:00,Electronics,0,1297.04,0.0,1715,3,0.08801171857451048,Prepaid,East,8,0,0
2071,2023-01-19 00:00:00+00:00,Beauty,0,701.35,0.0,3720,5,0.02473562283380981,COD,East,4,2,0
3401,2023-01-19 00:00:00+00:00,Electronics,0,16566.69,0.590971604008589,1155,2,0.1832636806941324,Prepaid,South,5,2,1
2248,2023-01-19 00:00:00+00:00,Apparel,1,724.9,0.0,3781,1,0.24295041790384744,COD,South,3,3,0
2743,2023-01-19 00:00:00+00:00,Footwear,1,2888.55,0.0,4228,4,0.11189384180152843,Prepaid,South,13,5,0
3286,2023-01-19 00:00:00+00:00,Apparel,1,1499.38,0.0,3671,2,0.05413076900257692,Prepaid,West,5,2,0
3126,2023-01-19 00:00:00+00:00,Home,0,238.2,0.0,1129,0,0.0,Prepaid,South,2,1,0
4881,2023-01-19 00:00:00+00:00,Apparel,1,1378.96,0.08508821002484387,1475,1,0.4827912155126087,COD,West,13,0,1
2996,2023-01-19 00:00:00+00:00,Apparel,1,94.85,0.15098140590341275,2751,1,0.20339450775007714,Prepaid,West,12,0,0
2646,2023-01-19 00:00:00+00:00,Home,0,893.24,0.0,1634,0,0.0,COD,North,11,1,1
1542,2023-01-20 00:00:00+00:00,Apparel,1,519.76,0.14187599055792843,1140,1,0.36246004896596085,COD,North,4,0,0
3177,2023-01-20 00:00:00+00:00,Apparel,1,1998.23,0.36389356879105306,4363,2,0.21056099486173127,Prepaid,West,10,6,0
4345,2023-01-20 00:00:00+00:00,Apparel,1,187.46,0.0,3993,2,0.1823487021380407,Prepaid,East,11,12,0
2699,2023-01-20 00:00:00+00:00,Apparel,1,548.43,0.0,2966,2,0.056490681761837684,Prepaid,South,5,1,0
2689,2023-01-20 00:00:00+00:00,Footwear,1,141.1,0.25914018248471227,2417,3,0.279781214244093,Prepaid,East,7,0,0
2410,2023-01-20 00:00:00+00:00,Footwear,1,314.57,0.08875592022916767,3232,1,0.044402838522135155,COD,West,13,5,0
1283,2023-01-20 00:00:00+00:00,Apparel,1,521.57,0.0,3760,0,0.0,Prepaid,East,1,3,0
3204,2023-01-20 00:00:00+00:00,Footwear,1,9206.55,0.0,1478,1,0.04232665218475333,Prepaid,South,3,2,0
4944,2023-01-20 00:00:00+00:00,Home,0,2312.01,0.0,3378,4,0.20553027547985686,COD,North,5,2,0
2712,2023-01-20 00:00:00+00:00,Apparel,1,384.27,0.0,4123,4,0.4578000896756572,Prepaid,North,2,2,0
2922,2023-01-20 00:00:00+00:00,Footwear,1,1120.72,0.0,1263,1,0.12875405567214374,COD,South,4,0,1
4703,2023-01-20 00:00:00+00:00,Footwear,1,280.98,0.10091363961445561,1186,2,0.2968741070283584,COD,East,14,0,0
4843,2023-01-20 00:00:00+00:00,Footwear,1,3838.39,0.08076554656288396,4095,1,0.22260947319620247,Prepaid,West,2,5,0
4887,2023-01-20 00:00:00+00:00,Apparel,1,1184.31,0.2786188956437587,1284,0,0.0,COD,West,2,2,1
654,2023-01-20 00:00:00+00:00,Beauty,0,3037.2,0.0,1743,3,0.2067766207381735,Prepaid,East,2,4,0
951,2023-01-20 00:00:00+00:00,Home,0,386.57,0.5097627238196668,2325,1,0.19519763973419083,Prepaid,East,12,3,0
372,2023-01-20 00:00:00+00:00,Apparel,1,592.75,0.0,4079,3,0.012863126342159309,Prepaid,North,13,0,1
1889,2023-01-20 00:00:00+00:00,Beauty,0,4638.31,0.3476015935337742,1141,1,0.08865971291223504,Prepaid,East,5,0,0
1962,2023-01-20 00:00:00+00:00,Electronics,0,23195.45,0.0,4459,2,0.14219429121000987,Prepaid,West,9,1,0
3525,2023-01-20 00:00:00+00:00,Electronics,0,7595.12,0.22739401565281667,3073,2,0.26444549636069076,COD,North,14,2,0
1988,2023-01-20 00:00:00+00:00,Footwear,1,767.62,0.43065926975903557,2932,2,0.04297152343971084,Prepaid,East,8,1,1
2375,2023-01-20 00:00:00+00:00,Home,0,5424.29,0.006897171019971296,3440,1,0.3257988686225102,Prepaid,South,14,2,0
1999,2023-01-20 00:00:00+00:00,Apparel,1,1426.77,0.11977381782636703,3923,0,0.0,COD,East,9,0,0
4988,2023-01-20 00:00:00+00:00,Home,0,1408.66,0.21507625303677108,4487,1,0.37465290771155974,Prepaid,East,9,4,0
3803,2023-01-21 00:00:00+00:00,Footwear,1,183.21,0.0,2749,4,0.2069334650356244,COD,South,2,4,0
2538,2023-01-21 00:00:00+00:00,Beauty,0,864.73,0.0,2112,1,0.12322415369816438,COD,West,14,4,0
2838,2023-01-21 00:00:00+00:00,Electronics,0,259.54,0.005366787094618061,1910,1,0.060374479684386584,Prepaid,South,4,1,0
2124,2023-01-21 00:00:00+00:00,Apparel,1,971.91,0.0,4219,2,0.08396904667163034,Prepaid,East,7,0,1
1764,2023-01-21 00:00:00+00:00,Electronics,0,245.15,0.0,2224,3,0.2960215382079715,Prepaid,South,6,10,0
4521,2023-01-21 00:00:00+00:00,Beauty,0,1005.59,0.0,4092,3,0.1440028895616097,Prepaid,East,4,2,0
2858,2023-01-21 00:00:00+00:00,Electronics,0,2049.3,0.0,3634,3,0.0545867787437832,COD,East,7,1,0
3042,2023-01-21 00:00:00+00:00,Apparel,1,756.41,0.0,1204,7,0.5971214413506499,Prepaid,North,3,4,1
2921,2023-01-21 00:00:00+00:00,Footwear,1,470.09,0.0,1193,2,0.006464641155733599,Prepaid,North,1,0,0
41,2023-01-21 00:00:00+00:00,Footwear,1,684.72,0.0,3129,0,0.0,Prepaid,West,7,1,0
3086,2023-01-21 00:00:00+00:00,Apparel,1,3220.97,0.017803244801466403,2251,3,0.07558739517739273,Prepaid,West,1,0,1
1912,2023-01-21 00:00:00+00:00,Apparel,1,206.0,0.0,3386,0,0.0,COD,North,12,1,0
2137,2023-01-21 00:00:00+00:00,Apparel,1,684.16,0.0,3279,1,0.018692228089227384,Prepaid,South,2,1,0
3362,2023-01-21 00:00:00+00:00,Home,0,265.55,0.21791584899213037,4091,0,0.0,Prepaid,North,14,2,0
2189,2023-01-21 00:00:00+00:00,Footwear,1,237.48,0.0,3302,4,0.02334475039024261,Prepaid,South,7,1,0
526,2023-01-21 00:00:00+00:00,Beauty,0,7987.54,0.3944741435054737,1976,2,0.027509900139970025,Prepaid,South,10,0,0
2511,2023-01-21 00:00:00+00:00,Apparel,1,310.65,0.0,2179,3,0.31152059197095444,Prepaid,South,14,10,0
818,2023-01-21 00:00:00+00:00,Apparel,1,1801.88,0.0,3894,3,0.26250465473565404,Prepaid,North,6,5,0
3932,2023-01-21 00:00:00+00:00,Beauty,0,1103.52,0.34876444327535105,3808,2,0.09324064437779217,Prepaid,West,4,3,0
24,2023-01-21 00:00:00+00:00,Apparel,1,1859.87,0.0,2584,0,0.0,Prepaid,West,2,5,0
3008,2023-01-21 00:00:00+00:00,Footwear,1,705.09,0.0,3489,5,0.0419903973129782,Prepaid,North,13,3,0
3758,2023-01-21 00:00:00+00:00,Apparel,1,3260.36,0.0,1760,2,0.04870261475993616,Prepaid,West,7,2,0
911,2023-01-21 00:00:00+00:00,Apparel,1,554.86,0.0,1162,2,0.005865035313729471,Prepaid,West,13,2,1
3483,2023-01-21 00:00:00+00:00,Apparel,1,1469.5,0.0,4125,4,0.1796771884564317,COD,East,2,1,0
7,2023-01-21 00:00:00+00:00,Apparel,1,1062.99,0.0,1828,2,0.5622761573131151,Prepaid,West,13,0,1
4534,2023-01-21 00:00:00+00:00,Apparel,1,15084.53,0.0,2196,4,0.026966815837185198,Prepaid,East,4,3,0
4753,2023-01-21 00:00:00+00:00,Apparel,1,3461.22,0.0,2352,4,0.10626044004343178,Prepaid,South,6,1,1
3662,2023-01-21 00:00:00+00:00,Apparel,1,2305.02,0.0,1567,1,0.500539005298152,Prepaid,West,14,0,1
3201,2023-01-21 00:00:00+00:00,Apparel,1,2131.48,0.23154819634190826,3122,2,0.13039106543447865,Prepaid,South,3,1,0
307,2023-01-21 00:00:00+00:00,Electronics,0,288.97,0.0,4331,0,0.0,Prepaid,South,8,1,0
3582,2023-01-21 00:00:00+00:00,Apparel,1,99.97,0.13410502947922937,2582,2,0.32018369413114756,Prepaid,South,7,1,1
1707,2023-01-21 00:00:00+00:00,Apparel,1,793.29,0.0,2212,3,0.44605387973495597,COD,South,9,0,1
3269,2023-01-21 00:00:00+00:00,Beauty,0,546.54,0.0,4459,1,0.2820053188248623,Prepaid,East,12,3,0
4913,2023-01-21 00:00:00+00:00,Apparel,1,1308.6,0.0,2688,4,0.011224806162971175,COD,West,7,1,0
287,2023-01-21 00:00:00+00:00,Beauty,0,136.72,0.07269626892807686,1803,1,0.3789416898853242,Prepaid,South,8,1,0
2494,2023-01-21 00:00:00+00:00,Apparel,1,3230.28,0.0,1623,4,0.1330631767609829,Prepaid,South,6,0,0
4065,2023-01-22 00:00:00+00:00,Home,0,978.79,0.21211310222583304,2257,2,0.051712511470001596,Prepaid,North,7,1,0
823,2023-01-22 00:00:00+00:00,Footwear,1,1056.62,0.3800598137379537,2890,2,0.3068214544483708,Prepaid,East,8,0,0
4689,2023-01-22 00:00:00+00:00,Electronics,0,90.11,0.0,2087,2,0.08099117358205306,Prepaid,East,8,7,0
3894,2023-01-22 00:00:00+00:00,Electronics,0,1300.49,0.4361524005187666,1469,1,0.5748363519866085,Prepaid,South,13,0,0
2599,2023-01-22 00:00:00+00:00,Electronics,0,1806.54,0.34297558369970693,3568,2,0.13831837729734933,COD,North,9,2,1
2898,2023-01-22 00:00:00+00:00,Apparel,1,3415.61,0.0,4201,4,0.24966894452015978,COD,South,12,0,0
4381,2023-01-22 00:00:00+00:00,Apparel,1,298.77,0.0,3932,0,0.0,COD,West,2,1,0
1840,2023-01-22 00:00:00+00:00,Apparel,1,1227.28,0.4057268831659063,4328,2,0.15134766211674083,Prepaid,East,2,0,0
4259,2023-01-22 00:00:00+00:00,Home,0,114.52,0.056360431948052625,3947,2,0.19451264485999106,COD,North,1,0,0
1702,2023-01-22 00:00:00+00:00,Footwear,1,2438.23,0.0,3479,2,0.4181782401448685,Prepaid,West,7,0,0
3573,2023-01-22 00:00:00+00:00,Footwear,1,1744.31,0.33036477981362056,3023,3,0.3301868143981753,Prepaid,East,9,3,0
2627,2023-01-22 00:00:00+00:00,Apparel,1,3320.61,0.4595373060925737,1968,1,0.2582772966879454,COD,East,1,3,0
1306,2023-01-22 00:00:00+00:00,Footwear,1,304.41,0.0,3615,2,0.08484792503152683,Prepaid,West,12,1,0
4816,2023-01-22 00:00:00+00:00,Apparel,1,583.08,0.0,2988,2,0.17343216254555455,Prepaid,East,12,1,0
1656,2023-01-22 00:00:00+00:00,Apparel,1,1095.4,0.08395694893380173,2680,1,0.5949382360345081,COD,North,2,0,0
4801,2023-01-22 00:00:00+00:00,Apparel,1,1468.29,0.0,1498,4,0.15729470499982495,Prepaid,North,4,2,0
2640,2023-01-22 00:00:00+00:00,Home,0,151.46,0.11112642509722272,1229,1,0.0035146646462780274,COD,West,2,3,1
3461,2023-01-22 00:00:00+00:00,Apparel,1,2193.24,0.0,4224,0,0.0,Prepaid,South,4,0,0
3686,2023-01-22 00:00:00+00:00,Apparel,1,561.85,0.0,2103,3,0.12659008922987924,COD,West,3,1,0
4160,2023-01-22 00:00:00+00:00,Electronics,0,1236.25,0.0,1930,2,0.19337833110757602,Prepaid,South,13,6,0
4015,2023-01-22 00:00:00+00:00,Beauty,0,6001.63,0.0,3694,2,0.11105098679055155,COD,South,1,0,1
299,2023-01-22 00:00:00+00:00,Home,0,1144.51,0.0994025659590322,1556,3,0.4328458861189468,Prepaid,West,8,6,0
27,2023-01-22 00:00:00+00:00,Apparel,1,152.52,0.0,3233,0,0.0,Prepaid,East,5,3,0
448,2023-01-22 00:00:00+00:00,Beauty,0,992.55,0.08116748127996314,3207,3,0.39683148808847524,Prepaid,North,14,0,0
4340,2023-01-22 00:00:00+00:00,Electronics,0,1233.89,0.11280599100769856,1632,0,0.0,Prepaid,North,3,0,0
1666,2023-01-22 00:00:00+00:00,Footwear,1,3853.02,0.2305290285581137,2463,1,0.19705228919820958,Prepaid,North,2,2,0
3615,2023-01-23 00:00:00+00:00,Electronics,0,4062.1,0.15791807325789456,2450,1,0.19769726566360762,Prepaid,West,6,3,0
4532,2023-01-23 00:00:00+00:00,Home,0,1895.11,0.00019829898085350905,2308,3,0.3160274055237776,Prepaid,East,13,4,0
2950,2023-01-23 00:00:00+00:00,Apparel,1,237.61,0.053429661271762824,1612,0,0.0,Prepaid,West,11,3,0
3746,2023-01-23 00:00:00+00:00,Electronics,0,2145.52,0.0,3949,0,0.0,COD,South,1,3,0
4086,2023-01-23 00:00:00+00:00,Apparel,1,723.43,0.0,1480,2,0.021022002276398655,COD,North,10,6,0
2074,2023-01-23 00:00:00+00:00,Apparel,1,284.49,0.0,3699,0,0.0,COD,West,10,0,1
4782,2023-01-23 00:00:00+00:00,Apparel,1,605.8,0.0,4441,3,0.19073881917884594,Prepaid,North,1,2,1
466,2023-01-23 00:00:00+00:00,Apparel,1,705.89,0.3814190480829557,3708,3,0.0204260648342682,Prepaid,South,2,1,0
1624,2023-01-23 00:00:00+00:00,Apparel,1,8174.16,0.17229559271914796,3381,4,0.007209355984302348,COD,East,5,5,0
3380,2023-01-23 00:00:00+00:00,Apparel,1,663.36,0.0,2352,4,0.10677428502628415,Prepaid,South,8,4,0
1104,2023-01-23 00:00:00+00:00,Beauty,0,732.57,0.3075203611361504,1846,1,0.05027751209678879,Prepaid,South,12,3,0
430,2023-01-23 00:00:00+00:00,Apparel,1,2021.75,0.0,2439,2,0.2430032341135738,Prepaid,East,1,0,0
2647,2023-01-23 00:00:00+00:00,Footwear,1,8139.35,0.09414853277145893,2893,1,0.17142996753829368,Prepaid,North,7,1,0
4117,2023-01-23 00:00:00+00:00,Beauty,0,1057.0,0.21671360767295908,2782,1,0.02941194210413171,Prepaid,West,5,0,0
3358,2023-01-23 00:00:00+00:00,Apparel,1,1053.41,0.0,2131,5,0.3862173408111696,Prepaid,West,6,6,0
4804,2023-01-23 00:00:00+00:00,Apparel,1,13947.26,0.0,2780,2,0.00036177929159786706,Prepaid,East,3,1,1
1038,2023-01-23 00:00:00+00:00,Home,0,666.92,0.021504896009969562,2519,3,0.4122044013067795,Prepaid,South,5,0,0
541,2023-01-23 00:00:00+00:00,Electronics,0,1809.44,0.0,3157,1,0.047994182497845275,COD,East,3,2,0
3054,2023-01-23 00:00:00+00:00,Electronics,0,1160.25,0.06178396087197721,3734,3,0.14069390187395048,COD,North,2,3,0
3670,2023-01-23 00:00:00+00:00,Apparel,1,1167.7,0.0,1452,1,0.2575232966502536,Prepaid,East,5,0,0
2312,2023-01-23 00:00:00+00:00,Electronics,0,5856.67,0.0,1285,0,0.0,Prepaid,South,11,0,0
728,2023-01-23 00:00:00+00:00,Apparel,1,469.55,0.0,3651,2,0.24790282922258533,COD,East,6,1,1
1742,2023-01-24 00:00:00+00:00,Home,0,948.93,0.40417585236809284,3078,0,0.0,Prepaid,North,5,0,0
3833,2023-01-24 00:00:00+00:00,Electronics,0,3006.31,0.0,1163,1,0.0617128319787426,Prepaid,North,12,0,0
2723,2023-01-24 00:00:00+00:00,Home,0,864.58,0.0,3589,1,0.03243412702749765,Prepaid,West,10,14,0
2246,2023-01-24 00:00:00+00:00,Footwear,1,470.55,0.0,3383,0,0.0,COD,West,8,2,0
4110,2023-01-24 00:00:00+00:00,Apparel,1,709.04,0.0,2926,1,0.3741568756122023,Prepaid,East,1,0,0
1883,2023-01-24 00:00:00+00:00,Home,0,17859.51,0.0,2124,2,0.016013243733815796,COD,North,4,7,0
1723,2023-01-24 00:00:00+00:00,Beauty,0,786.88,0.41664772161173647,1175,4,0.13650655336992554,Prepaid,South,13,1,0
479,2023-01-24 00:00:00+00:00,Home,0,1380.23,0.0,1516,2,0.011202924055690643,COD,West,2,1,0
210,2023-01-24 00:00:00+00:00,Apparel,1,1025.26,0.0,3168,4,0.21904490959321957,COD,West,14,5,0
4337,2023-01-24 00:00:00+00:00,Electronics,0,968.26,0.0,2688,1,0.06724969230113316,COD,South,14,7,0
3751,2023-01-24 00:00:00+00:00,Electronics,0,2011.82,0.3250323748028665,4139,1,0.1747629403058049,Prepaid,South,10,4,0
3490,2023-01-24 00:00:00+00:00,Beauty,0,2663.78,0.24424146225749377,2422,3,0.0006364843581707053,Prepaid,North,10,6,0
4309,2023-01-24 00:00:00+00:00,Footwear,1,681.29,0.0,3071,2,0.19976763145122783,Prepaid,North,13,2,0
82,2023-01-24 00:00:00+00:00,Home,0,1688.68,0.7202373435366035,4288,2,0.21905229907604296,Prepaid,North,7,2,0
3819,2023-01-24 00:00:00+00:00,Beauty,0,2968.67,0.0,2025,3,0.12602568721551788,COD,West,9,2,0
2701,2023-01-24 00:00:00+00:00,Electronics,0,473.31,0.0,1153,3,0.5355849447013401,COD,South,14,11,0
1293,2023-01-24 00:00:00+00:00,Apparel,1,436.34,0.0025847570282292454,1935,4,0.5323253828399036,COD,West,10,1,1
4106,2023-01-24 00:00:00+00:00,Home,0,182.12,0.21192266222748884,4298,1,0.20052658065199638,Prepaid,West,14,2,0
327,2023-01-24 00:00:00+00:00,Apparel,1,598.77,0.0,3475,1,0.16079405312593628,COD,South,4,2,0
2803,2023-01-24 00:00:00+00:00,Home,0,1926.46,0.22590247157338458,2931,2,0.07530876130605939,Prepaid,East,2,0,0
344,2023-01-24 00:00:00+00:00,Apparel,1,1936.84,0.0,3850,0,0.0,Prepaid,South,14,0,0
4111,2023-01-24 00:00:00+00:00,Electronics,0,1084.05,0.006092028325739171,1942,0,0.0,Prepaid,East,6,3,1
4876,2023-01-25 00:00:00+00:00,Home,0,5834.2,0.0,1953,2,0.25786248728136874,COD,South,2,1,0
2378,2023-01-25 00:00:00+00:00,Apparel,1,1134.06,0.2584719141282326,3179,2,0.06349637236822044,COD,North,5,0,0
885,2023-01-25 00:00:00+00:00,Home,0,3273.75,0.018261276777925217,1159,1,0.3609823236717396,Prepaid,South,6,8,0
1722,2023-01-25 00:00:00+00:00,Electronics,0,2553.5,0.0,1477,1,0.5580217678875933,COD,West,13,1,0
1573,2023-01-25 00:00:00+00:00,Beauty,0,1231.49,0.0,1254,2,0.137535026010233,COD,East,4,0,0
3667,2023-01-25 00:00:00+00:00,Electronics,0,5197.23,0.0,2009,0,0.0,Prepaid,North,2,0,0
3019,2023-01-25 00:00:00+00:00,Footwear,1,1911.66,0.0,4254,2,0.0398374894004741,COD,North,11,4,0
3022,2023-01-25 00:00:00+00:00,Home,0,626.62,0.0,2788,4,0.20243501976229525,Prepaid,East,13,2,0
338,2023-01-25 00:00:00+00:00,Home,0,1511.76,0.0,1574,1,0.1703135901487344,Prepaid,East,12,9,0
882,2023-01-25 00:00:00+00:00,Footwear,1,1129.01,0.0,3977,2,0.10251198260938175,Prepaid,North,3,1,0
1411,2023-01-25 00:00:00+00:00,Footwear,1,1355.0,0.37143736016008033,1345,2,0.10787571429030551,COD,South,9,1,1
2398,2023-01-25 00:00:00+00:00,Apparel,1,1233.67,0.0,4183,2,0.08725623927588443,COD,West,5,1,0
3113,2023-01-25 00:00:00+00:00,Electronics,0,2260.67,0.0,3096,1,0.03800814077418309,COD,North,12,4,0
2393,2023-01-25 00:00:00+00:00,Electronics,0,603.77,0.0865901614331204,4147,5,0.04211964429697681,Prepaid,North,2,2,0
2377,2023-01-25 00:00:00+00:00,Apparel,1,4491.22,0.07386345768156222,2550,4,0.07492525990902214,COD,North,6,3,1
4385,2023-01-25 00:00:00+00:00,Beauty,0,826.84,0.0,2319,0,0.0,COD,East,7,0,0
4659,2023-01-25 00:00:00+00:00,Footwear,1,1286.23,0.38819261426463825,3220,1,0.15687596031848633,Prepaid,North,10,2,0
3756,2023-01-25 00:00:00+00:00,Apparel,1,1010.76,0.04555149650879228,2032,1,0.2106013598661672,Prepaid,North,7,0,0
3601,2023-01-25 00:00:00+00:00,Apparel,1,507.63,0.1147413637808917,1193,2,0.05873602585625246,COD,West,5,0,0
1384,2023-01-25 00:00:00+00:00,Apparel,1,2756.15,0.0,4447,0,0.0,Prepaid,West,8,0,0
3900,2023-01-25 00:00:00+00:00,Apparel,1,1182.64,0.0,1877,3,0.009422155420084434,Prepaid,South,11,2,0
1304,2023-01-25 00:00:00+00:00,Electronics,0,1672.07,0.0,1728,0,0.0,Prepaid,West,13,3,0
2132,2023-01-25 00:00:00+00:00,Beauty,0,672.77,0.28568747818951207,2684,1,0.1480381400773809,COD,South,4,6,0
1852,2023-01-25 00:00:00+00:00,Beauty,0,105.98,0.23916858340051408,3205,1,0.01631174605103696,Prepaid,East,5,2,0
808,2023-01-25 00:00:00+00:00,Beauty,0,905.91,0.0,2135,0,0.0,Prepaid,East,3,2,1
569,2023-01-25 00:00:00+00:00,Home,0,863.2,0.47809843233539573,2459,1,0.25206115911023835,COD,North,6,0,0
2653,2023-01-25 00:00:00+00:00,Apparel,1,574.69,0.0,1053,1,0.1996119797702854,COD,West,6,0,0
1159,2023-01-25 00:00:00+00:00,Apparel,1,1072.72,0.2311965692758574,1811,2,0.33624082100813735,COD,South,1,0,0
1173,2023-01-25 00:00:00+00:00,Apparel,1,844.05,0.06509946199489164,3769,1,0.3831714726416319,Prepaid,West,7,1,0
4150,2023-01-25 00:00:00+00:00,Home,0,353.35,0.0,2923,1,0.01825190538131231,COD,North,1,2,0
4651,2023-01-25 00:00:00+00:00,Apparel,1,2272.48,0.07923879385268362,3427,1,0.03846672471680158,Prepaid,East,14,9,0
1915,2023-01-26 00:00:00+00:00,Electronics,0,1244.42,0.351255843103236,2354,1,0.09389068425707664,COD,East,9,0,0
4956,2023-01-26 00:00:00+00:00,Apparel,1,2283.9,0.08016010606869113,4187,3,0.17463186319474078,Prepaid,North,8,5,0
4641,2023-01-26 00:00:00+00:00,Apparel,1,376.21,0.0,4180,1,0.6033111902323024,Prepaid,South,7,5,0
904,2023-01-26 00:00:00+00:00,Apparel,1,15760.91,0.0,1601,2,0.029229921695076832,COD,South,2,0,1
361,2023-01-26 00:00:00+00:00,Home,0,2628.68,0.0,3117,1,0.12969491993984192,Prepaid,North,7,16,0
837,2023-01-26 00:00:00+00:00,Footwear,1,846.22,0.0,2397,4,0.11779199210361889,Prepaid,North,6,0,0
3593,2023-01-26 00:00:00+00:00,Home,0,513.62,0.0,2326,1,0.44993980958484914,COD,West,4,2,0
710,2023-01-26 00:00:00+00:00,Apparel,1,804.24,0.4282317203510644,4483,0,0.0,Prepaid,East,3,4,1
4075,2023-01-26 00:00:00+00:00,Apparel,1,798.92,0.0,3687,4,0.05668809779546539,Prepaid,East,2,2,0
2939,2023-01-26 00:00:00+00:00,Apparel,1,1197.92,0.0,4243,3,0.12061080689695856,Prepaid,South,5,0,0
1989,2023-01-26 00:00:00+00:00,Apparel,1,1032.51,0.0,3040,2,0.33248943112591556,Prepaid,South,5,1,0
3899,2023-01-26 00:00:00+00:00,Footwear,1,752.77,0.0,2589,1,0.7181639316776558,COD,West,9,4,0
2485,2023-01-26 00:00:00+00:00,Footwear,1,4177.36,0.0,4088,3,0.06482965531257615,Prepaid,East,13,1,1
941,2023-01-26 00:00:00+00:00,Home,0,1335.19,0.21988713595488332,1251,1,0.2377853891709554,Prepaid,North,11,0,0
2037,2023-01-26 00:00:00+00:00,Footwear,1,959.85,0.0,3684,1,0.4486257164991664,COD,North,3,0,0
1418,2023-01-26 00:00:00+00:00,Apparel,1,136.01,0.6614911664098687,3897,1,0.021091834736767612,Prepaid,North,14,6,0
1094,2023-01-26 00:00:00+00:00,Beauty,0,1069.84,0.0,4365,1,0.24161233865787154,Prepaid,South,6,4,0
1685,2023-01-26 00:00:00+00:00,Footwear,1,217.86,0.0,1603,3,0.18046883043344417,Prepaid,North,1,2,0
1353,2023-01-26 00:00:00+00:00,Electronics,0,1780.84,0.11819791934082818,3323,2,0.6582417434208645,Prepaid,West,7,5,0
1425,2023-01-26 00:00:00+00:00,Beauty,0,2484.69,0.17817493142628765,1820,2,0.35345714703332975,Prepaid,North,14,2,0
4636,2023-01-26 00:00:00+00:00,Footwear,1,665.05,0.0,1123,2,0.15619594259907485,Prepaid,South,9,0,0
847,2023-01-26 00:00:00+00:00,Beauty,0,497.25,0.0,3780,1,0.020735107927814602,Prepaid,East,8,1,0
2191,2023-01-26 00:00:00+00:00,Footwear,1,704.38,0.0,2604,2,0.1803703668056239,Prepaid,North,4,4,0
2103,2023-01-26 00:00:00+00:00,Apparel,1,1393.3,0.17209113548616092,4099,2,0.11380119570360225,Prepaid,East,2,0,0
4656,2023-01-26 00:00:00+00:00,Apparel,1,1278.35,0.10058434849352675,1614,2,0.20271475654146745,Prepaid,North,6,1,0
3197,2023-01-26 00:00:00+00:00,Apparel,1,1002.74,0.19358318513455683,4294,4,0.15372524065389856,COD,South,5,5,0
3918,2023-01-26 00:00:00+00:00,Beauty,0,1330.13,0.0,4109,1,0.16041064157443166,Prepaid,North,1,2,0
4359,2023-01-27 00:00:00+00:00,Apparel,1,165.45,0.27313593040921175,1110,5,0.43370768248273966,Prepaid,East,2,1,0
2145,2023-01-27 00:00:00+00:00,Apparel,1,188.32,0.0,1277,1,0.2867588921278212,Prepaid,West,14,3,1
2634,2023-01-27 00:00:00+00:00,Home,0,1764.37,0.1364195824993955,3199,2,0.1905691807137685,COD,West,14,6,0
1096,2023-01-27 00:00:00+00:00,Apparel,1,644.76,0.0,1194,1,0.06419122971933712,Prepaid,West,8,0,0
1703,2023-01-27 00:00:00+00:00,Apparel,1,951.07,0.17256165531053733,2419,1,0.043812893503193645,COD,East,10,5,0
1332,2023-01-27 00:00:00+00:00,Beauty,0,1116.2,0.11245904624854518,3157,0,0.0,Prepaid,North,6,3,0
4277,2023-01-27 00:00:00+00:00,Footwear,1,2673.78,0.0,4028,0,0.0,Prepaid,East,9,6,0
597,2023-01-27 00:00:00+00:00,Beauty,0,2175.26,0.09318540830614441,3818,0,0.0,Prepaid,West,14,3,0
714,2023-01-27 00:00:00+00:00,Beauty,0,890.98,0.0,1982,3,0.21426224160219767,Prepaid,West,9,2,0
306,2023-01-27 00:00:00+00:00,Apparel,1,2354.18,0.0,1791,2,0.0111605527557981,COD,South,13,0,0
4243,2023-01-27 00:00:00+00:00,Apparel,1,542.05,0.0,1850,2,0.008308474587231359,Prepaid,South,13,3,0
4530,2023-01-27 00:00:00+00:00,Apparel,1,1480.02,0.0,1096,6,0.19458204630953982,COD,West,7,12,0
305,2023-01-27 00:00:00+00:00,Apparel,1,1611.52,0.2635087084504315,1737,1,0.1622675060545237,Prepaid,West,5,1,0
2981,2023-01-27 00:00:00+00:00,Apparel,1,1895.91,0.0,3035,3,0.540242773742423,Prepaid,South,12,2,0
4409,2023-01-27 00:00:00+00:00,Home,0,718.95,0.0,4156,2,0.2640015238551226,Prepaid,South,7,2,0
165,2023-01-27 00:00:00+00:00,Home,0,68.05,0.0,2732,0,0.0,Prepaid,North,13,0,0
2271,2023-01-27 00:00:00+00:00,Apparel,1,8602.9,0.15363771279281535,1960,1,0.6009232816827542,Prepaid,West,13,4,0
3847,2023-01-27 00:00:00+00:00,Apparel,1,5308.1,0.06978043899814464,1700,3,0.4104241013143739,Prepaid,West,10,1,0
1736,2023-01-27 00:00:00+00:00,Home,0,3345.28,0.0,1997,4,0.4826785690462138,Prepaid,North,14,0,0
4107,2023-01-27 00:00:00+00:00,Apparel,1,3366.41,0.12742181192085728,3779,2,0.0040402745903461625,Prepaid,West,4,8,0
3654,2023-01-27 00:00:00+00:00,Beauty,0,2104.4,0.012625194964419176,2596,1,0.24724953915858083,Prepaid,South,5,0,0
1727,2023-01-27 00:00:00+00:00,Electronics,0,607.26,0.0,1609,3,0.12017369440180266,Prepaid,West,3,2,0
4842,2023-01-27 00:00:00+00:00,Electronics,0,570.67,0.174462779720004,2310,1,0.4296153363572044,Prepaid,West,7,1,0
3230,2023-01-27 00:00:00+00:00,Electronics,0,337.85,0.13120160242354134,1147,0,0.0,Prepaid,East,13,1,0
127,2023-01-27 00:00:00+00:00,Beauty,0,6697.98,0.21687269780923552,4403,2,0.1927116506288942,Prepaid,North,14,1,0
3017,2023-01-27 00:00:00+00:00,Apparel,1,1573.35,0.003222794923436495,1218,1,0.14849081472296696,Prepaid,West,9,4,0
4600,2023-01-28 00:00:00+00:00,Apparel,1,480.85,0.0,3625,2,0.1222286201441623,Prepaid,South,5,4,1
3799,2023-01-28 00:00:00+00:00,Footwear,1,871.75,0.12440598363381862,2305,2,0.3205905623359265,Prepaid,North,5,1,0
559,2023-01-28 00:00:00+00:00,Apparel,1,38392.49,0.4328629242848623,3795,0,0.0,Prepaid,East,6,1,0
3795,2023-01-28 00:00:00+00:00,Beauty,0,7707.14,0.5979256520772779,1338,0,0.0,Prepaid,East,11,4,0
3127,2023-01-28 00:00:00+00:00,Apparel,1,842.98,0.28259824744351814,3658,4,0.037308962428142606,COD,South,12,6,0
4811,2023-01-28 00:00:00+00:00,Electronics,0,1486.73,0.0,1131,3,0.025812418228364487,Prepaid,West,12,1,1
2884,2023-01-28 00:00:00+00:00,Electronics,0,2083.64,0.0,1249,2,0.2987113772623887,Prepaid,West,13,1,0
310,2023-01-28 00:00:00+00:00,Apparel,1,2121.39,0.0,2130,3,0.368363782527657,Prepaid,North,4,1,0
3506,2023-01-28 00:00:00+00:00,Footwear,1,1587.73,0.0,3113,2,0.05669416333891814,COD,North,6,2,0
3361,2023-01-28 00:00:00+00:00,Electronics,0,244.53,0.0,2784,1,0.27728814728449025,COD,North,10,0,0
858,2023-01-28 00:00:00+00:00,Footwear,1,3423.79,0.3209310140749296,4092,1,0.20143400931111294,COD,South,1,0,0
155,2023-01-28 00:00:00+00:00,Electronics,0,3166.33,0.0,3198,2,0.12363683818890628,Prepaid,East,13,0,1
154,2023-01-28 00:00:00+00:00,Apparel,1,2831.23,0.0,4334,2,0.01210965371456646,COD,North,9,1,0
2546,2023-01-28 00:00:00+00:00,Home,0,2542.14,0.0,2337,1,0.031077530402339727,COD,South,6,1,0
148,2023-01-28 00:00:00+00:00,Footwear,1,1850.79,0.0,1881,5,0.4226153064465157,Prepaid,East,12,5,0
1586,2023-01-28 00:00:00+00:00,Home,0,1805.27,0.0,1209,2,0.28962125479575107,Prepaid,West,1,1,0
3893,2023-01-28 00:00:00+00:00,Apparel,1,587.55,0.4370983543418808,2298,2,0.15991285209106326,Prepaid,North,2,0,0
682,2023-01-28 00:00:00+00:00,Electronics,0,5071.96,0.0,2454,4,0.421957244777599,Prepaid,South,7,5,0
2512,2023-01-28 00:00:00+00:00,Apparel,1,3696.84,0.08066973968146585,1165,2,0.16394389249063965,Prepaid,North,10,3,0
4893,2023-01-28 00:00:00+00:00,Electronics,0,958.93,0.09808157148272471,2262,4,0.1359998228779891,Prepaid,West,3,0,0
4386,2023-01-28 00:00:00+00:00,Beauty,0,208.1,0.0,4094,4,0.245211789861498,Prepaid,East,4,10,1
2938,2023-01-28 00:00:00+00:00,Home,0,1416.17,0.05017798902357921,2380,3,0.1766972122009239,Prepaid,South,14,0,0
876,2023-01-28 00:00:00+00:00,Electronics,0,1685.53,0.0,4344,2,0.024301095265400793,Prepaid,North,10,2,0
1940,2023-01-28 00:00:00+00:00,Apparel,1,815.13,0.09946461883799833,3156,2,0.17152694160816742,Prepaid,East,5,2,0
106,2023-01-28 00:00:00+00:00,Electronics,0,2175.03,0.3763055622487743,1945,2,0.6305824510808267,COD,West,12,2,1
3210,2023-01-28 00:00:00+00:00,Apparel,1,2290.89,0.3174105644761092,1308,3,0.12546836241039294,COD,East,8,1,1
4479,2023-01-28 00:00:00+00:00,Home,0,7218.71,0.0,2224,3,0.31462129804785943,Prepaid,North,6,1,0
3333,2023-01-28 00:00:00+00:00,Footwear,1,205.57,0.0,1753,2,0.045050317729062886,COD,North,4,2,0
3767,2023-01-28 00:00:00+00:00,Electronics,0,2314.93,0.0,2261,1,0.06782279648194789,Prepaid,North,14,5,0
1969,2023-01-28 00:00:00+00:00,Apparel,1,3396.81,0.1987599994896582,1226,2,0.20658837857350906,COD,West,2,1,0
1990,2023-01-29 00:00:00+00:00,Home,0,2177.57,0.0,1908,4,0.22450746253620935,Prepaid,South,5,2,0
1129,2023-01-29 00:00:00+00:00,Apparel,1,3475.5,0.35114156511696615,3341,0,0.0,Prepaid,West,8,10,1
784,2023-01-29 00:00:00+00:00,Electronics,0,1987.58,0.0,1878,4,0.42806145247132876,COD,East,10,0,1
1178,2023-01-29 00:00:00+00:00,Electronics,0,142.84,0.19761920034076755,2277,3,0.011386458745765706,COD,West,11,2,0
3454,2023-01-29 00:00:00+00:00,Apparel,1,178.9,0.0,3927,1,0.1236899246016629,Prepaid,North,5,0,0
1566,2023-01-29 00:00:00+00:00,Beauty,0,3332.86,0.0,3205,1,0.32901662900801587,Prepaid,East,6,7,1
503,2023-01-29 00:00:00+00:00,Apparel,1,351.02,0.366680046866545,3777,4,0.22572368988722863,Prepaid,West,10,1,1
4308,2023-01-29 00:00:00+00:00,Footwear,1,326.27,0.061440753765274164,4129,0,0.0,Prepaid,West,5,10,0
4572,2023-01-29 00:00:00+00:00,Apparel,1,4402.22,0.0,2867,2,0.012528135606285438,Prepaid,South,3,0,0
1203,2023-01-29 00:00:00+00:00,Apparel,1,1157.97,0.08257690946953314,2347,2,0.07527608046106433,COD,East,1,0,0
4742,2023-01-29 00:00:00+00:00,Apparel,1,866.25,0.0,2027,1,0.28782913694450396,Prepaid,South,6,0,0
1273,2023-01-29 00:00:00+00:00,Electronics,0,581.81,0.0,1480,2,0.37733292641781996,COD,East,13,3,0
4964,2023-01-29 00:00:00+00:00,Electronics,0,786.28,0.13186432432181028,4215,1,0.1253448217404627,COD,South,3,0,0
4879,2023-01-29 00:00:00+00:00,Electronics,0,472.64,0.2565969743849373,3340,3,0.13347815760772277,COD,West,2,2,0
142,2023-01-29 00:00:00+00:00,Home,0,2342.07,0.0,1963,2,0.35318603628202844,Prepaid,East,9,5,0
2507,2023-01-29 00:00:00+00:00,Footwear,1,238.52,0.0,2801,0,0.0,Prepaid,West,7,1,0
1354,2023-01-29 00:00:00+00:00,Apparel,1,1043.23,0.0,3127,1,0.2083888857381318,Prepaid,North,3,0,0
3834,2023-01-29 00:00:00+00:00,Home,0,4024.86,0.17564345620229094,1861,2,0.14905043876564933,Prepaid,South,5,1,0
4653,2023-01-29 00:00:00+00:00,Home,0,1166.03,0.0,2862,2,0.0426888488052672,COD,East,6,4,0
3323,2023-01-29 00:00:00+00:00,Electronics,0,2604.81,0.42249955338780143,1008,0,0.0,COD,South,5,0,0
1309,2023-01-29 00:00:00+00:00,Electronics,0,214.09,0.0,1211,2,0.12048890370434717,Prepaid,West,1,4,0
1694,2023-01-29 00:00:00+00:00,Electronics,0,434.54,0.0,3486,2,0.10527846275083207,Prepaid,North,14,3,0
2629,2023-01-29 00:00:00+00:00,Apparel,1,912.21,0.0,2417,3,0.007525986137342894,Prepaid,South,9,3,0
2003,2023-01-29 00:00:00+00:00,Apparel,1,543.57,0.0,1938,2,0.02164745552228012,Prepaid,North,11,2,0
1478,2023-01-29 00:00:00+00:00,Electronics,0,348.26,0.0,3120,1,0.2967303217175667,Prepaid,South,12,1,1
600,2023-01-29 00:00:00+00:00,Footwear,1,2266.88,0.0391607639237609,1709,1,0.12986311697270903,Prepaid,North,1,8,1
2632,2023-01-29 00:00:00+00:00,Footwear,1,1130.92,0.0,1988,3,0.510496196249621,Prepaid,East,9,2,1
1676,2023-01-29 00:00:00+00:00,Footwear,1,330.54,0.5347880102062265,2178,3,0.08984480715906416,COD,West,11,4,0
455,2023-01-29 00:00:00+00:00,Apparel,1,1248.56,0.0,3227,4,0.14140113644645416,Prepaid,North,4,1,0
1671,2023-01-29 00:00:00+00:00,Apparel,1,1678.96,0.0,3674,7,0.2002792825132261,Prepaid,East,6,4,0
3976,2023-01-29 00:00:00+00:00,Apparel,1,2416.87,0.19297501856247767,4316,2,0.3249642675855774,COD,North,14,6,1
1687,2023-01-29 00:00:00+00:00,Apparel,1,2167.55,0.09576300572786109,1733,4,0.07064011018878104,Prepaid,East,4,0,0
1206,2023-01-30 00:00:00+00:00,Electronics,0,7145.77,0.0,1284,1,0.4488108117849101,Prepaid,South,12,0,0
1014,2023-01-30 00:00:00+00:00,Apparel,1,1759.67,0.029592532928951615,3295,2,0.10267413706936734,Prepaid,West,7,3,1
2738,2023-01-30 00:00:00+00:00,Apparel,1,2491.1,0.0,3741,4,0.09410335810618425,Prepaid,South,4,0,1
2649,2023-01-30 00:00:00+00:00,Electronics,0,203.76,0.0,1621,5,0.26391208160058977,COD,North,5,3,1
4148,2023-01-30 00:00:00+00:00,Home,0,851.86,0.0,4460,2,0.6566303832933628,Prepaid,South,9,11,1
159,2023-01-30 00:00:00+00:00,Footwear,1,2056.0,0.08443281003522338,1754,0,0.0,COD,East,6,1,0
3109,2023-01-30 00:00:00+00:00,Apparel,1,1321.34,0.4069313057370392,4060,2,0.012494450453154662,COD,South,4,1,1
3041,2023-01-30 00:00:00+00:00,Apparel,1,329.34,0.11674935657934243,4102,1,0.18716953514390827,Prepaid,East,14,2,0
3143,2023-01-30 00:00:00+00:00,Electronics,0,1519.52,0.09721738539408904,3676,2,0.45714961658198994,COD,South,2,0,0
2289,2023-01-30 00:00:00+00:00,Apparel,1,2664.23,0.0,4472,0,0.0,COD,East,4,0,1
779,2023-01-30 00:00:00+00:00,Footwear,1,1205.58,0.0,4480,2,0.5176661571185041,Prepaid,North,6,5,1
3371,2023-01-30 00:00:00+00:00,Beauty,0,1024.45,0.3826052030244812,1295,3,0.24796361956689722,COD,West,6,2,0
772,2023-01-30 00:00:00+00:00,Apparel,1,1626.53,0.34941102949073266,4060,6,0.13269015742407753,Prepaid,West,5,1,1
308,2023-01-30 00:00:00+00:00,Apparel,1,800.29,0.0,2370,3,0.4659894850102941,Prepaid,East,9,0,0
3586,2023-01-30 00:00:00+00:00,Footwear,1,664.2,0.0,4350,2,0.24973357059267862,Prepaid,South,1,1,1
3596,2023-01-30 00:00:00+00:00,Home,0,4657.84,0.2085510374900476,3024,1,0.0032764435539292852,Prepaid,East,13,8,0
2311,2023-01-30 00:00:00+00:00,Apparel,1,559.33,0.06846946418330732,2142,4,0.38960491409826326,Prepaid,South,14,9,0
4682,2023-01-30 00:00:00+00:00,Electronics,0,687.29,0.0,1353,0,0.0,Prepaid,North,14,0,1
2322,2023-01-30 00:00:00+00:00,Apparel,1,578.57,0.0,4185,5,0.04566299866758554,COD,North,14,6,0
544,2023-01-30 00:00:00+00:00,Home,0,2116.92,0.0,3356,4,0.26585177682004835,Prepaid,East,7,1,0
3687,2023-01-30 00:00:00+00:00,Footwear,1,3106.98,0.0,2709,3,0.5913788306409778,Prepaid,South,2,6,0
699,2023-01-30 00:00:00+00:00,Footwear,1,1185.1,0.29710843481527305,1431,3,0.07199962122795296,Prepaid,East,12,4,0
3441,2023-01-30 00:00:00+00:00,Apparel,1,3074.62,0.0,3840,1,0.5352881708652375,COD,North,8,11,1
3777,2023-01-31 00:00:00+00:00,Home,0,663.86,0.0,2868,2,0.14284967042667923,Prepaid,North,9,1,0
2420,2023-01-31 00:00:00+00:00,Beauty,0,2102.2,0.0,3459,1,0.6108182313096142,Prepaid,South,14,8,0
2408,2023-01-31 00:00:00+00:00,Apparel,1,986.92,0.4254885906329906,3768,0,0.0,Prepaid,South,12,2,1
4846,2023-01-31 00:00:00+00:00,Apparel,1,1517.66,0.0,2086,4,0.05809719408393025,COD,East,14,15,0
3571,2023-01-31 00:00:00+00:00,Apparel,1,468.61,0.0,2321,3,0.09803753980960225,Prepaid,East,4,6,0
2296,2023-01-31 00:00:00+00:00,Apparel,1,5921.62,0.0,2942,1,0.16945864596916232,COD,East,12,0,0
3668,2023-01-31 00:00:00+00:00,Electronics,0,275.7,0.3474676721696089,4282,1,0.08326534871507403,COD,West,10,8,0
924,2023-01-31 00:00:00+00:00,Footwear,1,2803.09,0.0,2432,4,0.26406291823898376,Prepaid,South,12,3,0
1623,2023-01-31 00:00:00+00:00,Footwear,1,847.3,0.0,3437,5,0.030014287056375554,Prepaid,North,8,0,1
1125,2023-01-31 00:00:00+00:00,Beauty,0,127.48,0.1583910545345721,2322,1,0.10120406653767886,COD,North,10,3,0
1334,2023-01-31 00:00:00+00:00,Home,0,1488.46,0.0,1305,2,0.18223922151706504,COD,East,14,5,0
4165,2023-01-31 00:00:00+00:00,Electronics,0,501.0,0.4267027711635255,3517,4,0.040105249037251545,Prepaid,West,7,0,1
1949,2023-01-31 00:00:00+00:00,Electronics,0,228.18,0.0,1460,1,0.04645981688196417,Prepaid,North,7,15,0
3418,2023-01-31 00:00:00+00:00,Electronics,0,977.52,0.19686105804253093,1529,0,0.0,COD,West,2,3,0
2812,2023-01-31 00:00:00+00:00,Footwear,1,1657.78,0.0,2069,3,0.150355333410592,COD,South,8,0,0
2048,2023-01-31 00:00:00+00:00,Home,0,301.15,0.0,4477,0,0.0,COD,South,13,0,0
3892,2023-02-01 00:00:00+00:00,Apparel,1,203.97,0.04609411587096723,3588,0,0.0,Prepaid,East,7,3,0
1771,2023-02-01 00:00:00+00:00,Electronics,0,3520.13,0.0,3340,2,0.06443327340719054,Prepaid,East,11,1,0
382,2023-02-01 00:00:00+00:00,Footwear,1,3443.85,0.0,4450,0,0.0,Prepaid,North,1,0,0
1420,2023-02-01 00:00:00+00:00,Electronics,0,777.51,0.0,2110,1,0.22647179765966446,Prepaid,South,13,8,1
1201,2023-02-01 00:00:00+00:00,Beauty,0,813.76,0.0,3955,2,0.05286193033328184,Prepaid,East,1,3,0
2997,2023-02-01 00:00:00+00:00,Apparel,1,977.68,0.0,2065,3,0.40827829130382587,Prepaid,West,11,0,1
4402,2023-02-01 00:00:00+00:00,Home,0,1520.06,0.0417052764687252,3230,4,0.09946091668840865,COD,South,12,1,0
2252,2023-02-01 00:00:00+00:00,Apparel,1,540.12,0.0,1928,2,0.04043164619068576,Prepaid,South,2,2,0
4543,2023-02-01 00:00:00+00:00,Footwear,1,2696.69,0.0,1306,1,0.2485458958308521,Prepaid,South,13,1,0
346,2023-02-01 00:00:00+00:00,Footwear,1,3831.84,0.0,1399,2,0.054593282745261616,Prepaid,West,1,0,0
1698,2023-02-01 00:00:00+00:00,Electronics,0,6354.83,0.0,3713,1,0.35602837286179007,Prepaid,South,8,2,0
3671,2023-02-01 00:00:00+00:00,Apparel,1,652.5,0.0,1765,2,0.4509189148102277,Prepaid,North,1,8,1
4167,2023-02-01 00:00:00+00:00,Home,0,1047.12,0.0,2275,2,0.41203657440006564,Prepaid,East,10,5,1
4906,2023-02-01 00:00:00+00:00,Footwear,1,411.77,0.05814255410791353,2264,4,0.40658970425574525,COD,West,7,1,0
1033,2023-02-01 00:00:00+00:00,Apparel,1,208.18,0.0,4252,3,0.13858092511620757,Prepaid,North,7,1,0
2326,2023-02-01 00:00:00+00:00,Apparel,1,356.68,0.0,2798,3,0.17615403727131995,COD,North,7,3,0
1862,2023-02-01 00:00:00+00:00,Home,0,884.39,0.02879333846738176,1409,2,0.07651822995501076,Prepaid,North,8,6,0
1254,2023-02-01 00:00:00+00:00,Apparel,1,2192.22,0.23008790244680466,3538,1,0.4996816558583478,Prepaid,East,8,2,0
2609,2023-02-01 00:00:00+00:00,Home,0,1384.85,0.5757934443708722,2550,3,0.05488212787324152,Prepaid,South,10,4,0
2602,2023-02-01 00:00:00+00:00,Home,0,589.12,0.0,1515,3,0.05413236847175872,Prepaid,South,7,4,0
2919,2023-02-01 00:00:00+00:00,Home,0,1451.66,0.3116369403717596,2932,1,0.3844756788861705,Prepaid,West,6,0,0
1227,2023-02-01 00:00:00+00:00,Apparel,1,4036.32,0.33951971172323675,1342,2,0.2325910884828849,COD,West,9,2,0
2403,2023-02-01 00:00:00+00:00,Home,0,1274.94,0.13752267428336565,1120,2,0.16924930897436827,Prepaid,West,4,2,0
3374,2023-02-01 00:00:00+00:00,Electronics,0,4521.97,0.0,1263,2,0.36727190859050246,Prepaid,South,13,0,0
741,2023-02-01 00:00:00+00:00,Apparel,1,1368.6,0.0,1036,0,0.0,COD,South,13,2,1
4220,2023-02-01 00:00:00+00:00,Electronics,0,5780.15,0.06843176006107721,2786,1,0.09798420456748992,Prepaid,East,1,2,0
2586,2023-02-01 00:00:00+00:00,Apparel,1,1395.81,0.22211285510846024,3545,3,0.1056983260079432,COD,North,4,4,0
2585,2023-02-01 00:00:00+00:00,Electronics,0,4046.15,0.0,1327,2,0.042219829333374474,COD,East,2,2,0
1234,2023-02-01 00:00:00+00:00,Home,0,3198.91,0.0,3476,6,0.03352984349007772,COD,East,13,0,0
1370,2023-02-02 00:00:00+00:00,Apparel,1,1955.27,0.0,1947,1,0.330772155290837,Prepaid,East,10,0,0
464,2023-02-02 00:00:00+00:00,Apparel,1,2244.59,0.14223306020180648,3485,2,0.013519667087636088,Prepaid,North,12,2,1
4615,2023-02-02 00:00:00+00:00,Electronics,0,372.45,0.0,2405,0,0.0,Prepaid,West,3,0,0
285,2023-02-02 00:00:00+00:00,Apparel,1,1640.3,0.0,2629,3,0.11209958895365701,Prepaid,West,5,4,0
1064,2023-02-02 00:00:00+00:00,Apparel,1,970.9,0.1013786302991279,3263,0,0.0,Prepaid,North,13,2,0
703,2023-02-02 00:00:00+00:00,Electronics,0,824.76,0.1670722569348765,1435,1,0.08822266271658095,Prepaid,North,5,5,0
490,2023-02-02 00:00:00+00:00,Electronics,0,2236.13,0.0,3806,1,0.2610368247158976,COD,South,10,2,0
2045,2023-02-02 00:00:00+00:00,Electronics,0,751.87,0.0,1907,1,0.2577836432732157,Prepaid,South,7,4,0
4590,2023-02-02 00:00:00+00:00,Electronics,0,1129.89,0.0,1108,3,0.13762802927615267,Prepaid,South,12,9,0
909,2023-02-02 00:00:00+00:00,Electronics,0,1144.03,0.0,1354,2,0.08761679712244012,Prepaid,West,12,1,0
3855,2023-02-02 00:00:00+00:00,Apparel,1,1261.38,0.0,1010,2,0.11617412229047504,COD,North,6,2,0
2878,2023-02-02 00:00:00+00:00,Electronics,0,1315.66,0.1899404565791528,3590,0,0.0,Prepaid,East,2,2,0
4231,2023-02-02 00:00:00+00:00,Apparel,1,325.9,0.14361123612283516,4220,1,0.17627963842453245,Prepaid,East,5,1,1
1057,2023-02-02 00:00:00+00:00,Apparel,1,542.56,0.0,3925,2,0.12010600519412291,COD,North,6,1,0
1774,2023-02-02 00:00:00+00:00,Home,0,477.72,0.0,3412,1,0.20931148077682468,Prepaid,North,9,0,0
111,2023-02-02 00:00:00+00:00,Home,0,2853.6,0.0,3236,1,0.08531005149715491,Prepaid,West,5,3,0
102,2023-02-02 00:00:00+00:00,Apparel,1,890.21,0.0,1543,2,0.02752405353937812,COD,South,6,1,0
1797,2023-02-02 00:00:00+00:00,Footwear,1,66.3,0.44409930477805604,3433,2,0.08963514467863605,Prepaid,South,9,0,0
3066,2023-02-02 00:00:00+00:00,Footwear,1,1572.18,0.4240366985862777,3206,1,0.5786926607951024,COD,East,2,0,0
295,2023-02-02 00:00:00+00:00,Apparel,1,2404.82,0.0,1674,0,0.0,Prepaid,West,7,2,0
4298,2023-02-02 00:00:00+00:00,Apparel,1,3240.92,0.1606497454254609,1846,1,0.14002126374929924,Prepaid,East,9,0,0
1600,2023-02-02 00:00:00+00:00,Apparel,1,1351.73,0.045471238421998565,2846,2,0.4042746260786576,Prepaid,East,6,4,0
1678,2023-02-02 00:00:00+00:00,Apparel,1,988.67,0.0,1862,1,0.071039860408762,Prepaid,West,14,0,0
2380,2023-02-02 00:00:00+00:00,Beauty,0,4506.22,0.0,2853,3,0.41716604066253943,Prepaid,West,5,1,0
4290,2023-02-02 00:00:00+00:00,Apparel,1,433.71,0.017620852974623735,1316,5,0.2397630273685162,Prepaid,East,2,0,0
3694,2023-02-03 00:00:00+00:00,Footwear,1,1370.21,0.0,3190,3,0.06228960500385179,Prepaid,North,6,0,0
3392,2023-02-03 00:00:00+00:00,Apparel,1,138.58,0.0,3586,3,0.4503823767947795,Prepaid,South,10,1,0
3617,2023-02-03 00:00:00+00:00,Beauty,0,1923.3,0.0,3744,3,0.2661187178322969,COD,South,7,0,0
4445,2023-02-03 00:00:00+00:00,Apparel,1,1583.22,0.0,3778,1,0.060766977850414836,Prepaid,South,14,0,0
831,2023-02-03 00:00:00+00:00,Apparel,1,498.79,0.0,4204,1,0.35369808455699164,Prepaid,South,7,0,0
4114,2023-02-03 00:00:00+00:00,Apparel,1,2056.31,0.0,4349,2,0.2022325901226898,Prepaid,North,1,1,0
2513,2023-02-03 00:00:00+00:00,Home,0,4306.56,0.0,3255,2,0.16474887469834054,COD,West,3,5,0
2030,2023-02-03 00:00:00+00:00,Home,0,2593.35,0.0,1690,1,0.024411716764862788,Prepaid,South,6,0,0
2140,2023-02-03 00:00:00+00:00,Beauty,0,127.67,0.13148296130657713,2040,3,0.48009013628637276,Prepaid,West,14,0,0
1322,2023-02-03 00:00:00+00:00,Footwear,1,5279.46,0.0,3756,2,0.0010162162172014729,COD,East,1,0,0
4355,2023-02-03 00:00:00+00:00,Home,0,438.38,0.0,2928,1,0.11794666655058775,Prepaid,South,14,0,0
470,2023-02-03 00:00:00+00:00,Apparel,1,8567.41,0.12263019079331466,2725,4,0.01520572928876488,Prepaid,East,3,1,0
438,2023-02-03 00:00:00+00:00,Apparel,1,6657.91,0.09020963673837164,4149,0,0.0,Prepaid,South,6,2,0
3047,2023-02-03 00:00:00+00:00,Home,0,1323.83,0.30914090161066105,3888,4,0.22645175401235362,COD,East,8,8,0
893,2023-02-03 00:00:00+00:00,Apparel,1,565.36,0.0,1477,2,0.059866094891092854,Prepaid,East,2,0,0
1468,2023-02-03 00:00:00+00:00,Home,0,1407.31,0.0,4207,2,0.2616546950946106,COD,South,1,2,0
2486,2023-02-03 00:00:00+00:00,Apparel,1,908.83,0.21294947103137846,2243,1,0.11890725285677889,COD,West,6,7,0
792,2023-02-03 00:00:00+00:00,Apparel,1,274.35,0.0431149027773056,3618,1,0.06248525468219268,COD,West,4,1,1
742,2023-02-03 00:00:00+00:00,Footwear,1,613.51,0.0,1723,0,0.0,Prepaid,South,3,5,0
4026,2023-02-03 00:00:00+00:00,Electronics,0,325.86,0.019538484580272436,4279,1,0.002340691645902894,COD,West,4,2,0
3629,2023-02-03 00:00:00+00:00,Home,0,2690.63,0.0,3769,0,0.0,Prepaid,North,4,1,0
3648,2023-02-03 00:00:00+00:00,Home,0,120.96,0.0,2785,2,0.4508710613174185,COD,East,13,4,1
2092,2023-02-04 00:00:00+00:00,Footwear,1,480.3,0.0,3507,1,0.06813380488226149,COD,West,5,8,0
316,2023-02-04 00:00:00+00:00,Beauty,0,2946.99,0.0,2630,3,0.36677021875578886,COD,West,14,2,0
3183,2023-02-04 00:00:00+00:00,Apparel,1,501.27,0.0,2495,2,0.03144978562737472,Prepaid,South,7,1,1
2358,2023-02-04 00:00:00+00:00,Electronics,0,445.79,0.0,1027,2,0.1504018011333755,COD,North,3,2,0
1015,2023-02-04 00:00:00+00:00,Beauty,0,577.17,0.5042632285140217,2636,1,0.2616237848575828,Prepaid,East,9,0,0
4526,2023-02-04 00:00:00+00:00,Footwear,1,63.79,0.0,4063,3,0.6169405896616107,COD,North,3,0,1
1386,2023-02-04 00:00:00+00:00,Beauty,0,1092.11,0.34073858268191115,2497,1,0.4848027137505052,Prepaid,North,1,1,0
3613,2023-02-04 00:00:00+00:00,Beauty,0,285.28,0.0,3187,1,0.010095767933441748,Prepaid,East,12,5,0
3107,2023-02-04 00:00:00+00:00,Beauty,0,1450.49,0.41019927108235155,1118,1,0.09738909522674517,COD,South,3,4,0
4334,2023-02-04 00:00:00+00:00,Home,0,1654.94,0.0979402602647745,1200,1,0.015331561958730595,COD,West,6,3,0
3585,2023-02-04 00:00:00+00:00,Footwear,1,823.53,0.0,4337,1,0.28231029308546934,Prepaid,South,6,1,0
59,2023-02-04 00:00:00+00:00,Apparel,1,316.62,0.0,1366,2,0.29639411594350284,COD,South,5,5,0
3170,2023-02-04 00:00:00+00:00,Apparel,1,4346.65,0.0,3370,0,0.0,Prepaid,South,14,1,0
1250,2023-02-04 00:00:00+00:00,Footwear,1,4635.64,0.5922638787282116,3066,1,0.09541393395995369,Prepaid,North,5,1,1
2148,2023-02-04 00:00:00+00:00,Beauty,0,2217.6,0.0,2343,2,0.09491683583264351,Prepaid,East,11,8,0
2236,2023-02-04 00:00:00+00:00,Apparel,1,3369.48,0.0,2928,2,0.11232779051015992,Prepaid,East,1,3,0
119,2023-02-04 00:00:00+00:00,Apparel,1,21181.21,0.06497767411816424,4243,2,0.029248618841469724,COD,West,6,0,0
1001,2023-02-04 00:00:00+00:00,Home,0,3801.52,0.0,1564,2,0.15259344994031515,COD,West,13,13,1
3239,2023-02-04 00:00:00+00:00,Apparel,1,522.86,0.0,1229,3,0.05180709433076429,COD,South,11,1,0
3449,2023-02-04 00:00:00+00:00,Home,0,1246.93,0.2510686435237566,3465,3,0.04465943675827423,COD,East,11,2,0
1875,2023-02-04 00:00:00+00:00,Apparel,1,2247.81,0.0,3337,2,0.1918277882499045,COD,West,7,3,0
4560,2023-02-04 00:00:00+00:00,Home,0,846.19,0.0,3783,5,0.18224736926598595,COD,East,14,2,0
1157,2023-02-04 00:00:00+00:00,Home,0,1277.8,0.14373029300046608,3637,1,0.08084178384027528,Prepaid,North,7,1,0
691,2023-02-04 00:00:00+00:00,Beauty,0,1254.62,0.14212989727278755,3228,0,0.0,COD,North,1,6,0
2287,2023-02-04 00:00:00+00:00,Apparel,1,219.62,0.0,2400,2,0.043620157090315866,Prepaid,South,10,4,0
1993,2023-02-04 00:00:00+00:00,Electronics,0,600.16,0.0,2679,3,0.3364279041693798,Prepaid,East,14,2,0
4861,2023-02-04 00:00:00+00:00,Electronics,0,424.16,0.4319455246654045,2432,3,0.25626394491806326,COD,West,13,3,0
509,2023-02-04 00:00:00+00:00,Apparel,1,901.87,0.0,2209,4,0.03434840624435507,Prepaid,East,9,8,0
2784,2023-02-04 00:00:00+00:00,Home,0,1577.56,0.12165831549101971,1710,1,0.21171148266799683,Prepaid,East,8,2,0
4857,2023-02-04 00:00:00+00:00,Electronics,0,482.8,0.3416827448864932,3194,0,0.0,COD,East,10,0,1
2294,2023-02-05 00:00:00+00:00,Footwear,1,1383.12,0.0683806995274977,3534,2,0.06047292918149154,Prepaid,North,10,0,0
3792,2023-02-05 00:00:00+00:00,Electronics,0,1688.39,0.0,2727,3,0.0789157201219164,COD,South,14,3,0
3600,2023-02-05 00:00:00+00:00,Apparel,1,1380.42,0.0,3566,2,0.15028347701244474,Prepaid,East,3,0,0
4955,2023-02-05 00:00:00+00:00,Apparel,1,310.12,0.18161607558190662,2779,2,0.0921386360634589,Prepaid,North,3,0,0
1351,2023-02-05 00:00:00+00:00,Beauty,0,6415.36,0.0,4152,1,0.13949541103740204,Prepaid,South,11,2,0
612,2023-02-05 00:00:00+00:00,Apparel,1,366.22,0.26536870549856906,1009,0,0.0,Prepaid,South,2,6,0
2173,2023-02-05 00:00:00+00:00,Apparel,1,1909.18,0.2435253635635304,1911,1,0.6456573172168671,Prepaid,North,4,0,0
1371,2023-02-05 00:00:00+00:00,Electronics,0,1598.86,0.0,3527,0,0.0,Prepaid,South,6,1,0
2255,2023-02-05 00:00:00+00:00,Apparel,1,1332.18,0.0,2936,1,0.18874791506185068,COD,North,10,0,0
2133,2023-02-05 00:00:00+00:00,Home,0,228.37,0.23033940695613866,3153,6,0.0010622312334955643,COD,East,1,1,0
2565,2023-02-05 00:00:00+00:00,Apparel,1,339.85,0.24984534704938643,1377,2,0.4738501829945312,COD,South,8,1,1
2331,2023-02-05 00:00:00+00:00,Apparel,1,353.77,0.0,3176,1,0.08305648527461804,COD,East,11,7,0
848,2023-02-05 00:00:00+00:00,Electronics,0,1761.96,0.08670605372573154,1357,0,0.0,Prepaid,North,7,0,1
4004,2023-02-05 00:00:00+00:00,Home,0,548.35,0.0,2262,4,0.010162354510631726,Prepaid,West,12,0,0
4547,2023-02-05 00:00:00+00:00,Footwear,1,734.9,0.0,3093,1,0.18636059838113,Prepaid,West,9,0,0
926,2023-02-05 00:00:00+00:00,Electronics,0,434.86,0.19500245007036648,3069,2,0.2983806865318993,Prepaid,West,1,0,0
370,2023-02-05 00:00:00+00:00,Apparel,1,7864.69,0.0,3225,4,0.15429854067869056,COD,East,8,1,1
1093,2023-02-05 00:00:00+00:00,Apparel,1,1000.53,0.32542510936804414,3153,2,0.21595150593197432,Prepaid,East,14,0,1
1272,2023-02-05 00:00:00+00:00,Home,0,401.94,0.33094534394704056,4119,0,0.0,COD,West,4,1,0
533,2023-02-05 00:00:00+00:00,Apparel,1,1270.25,0.0,3589,1,0.11079749037855131,Prepaid,East,1,7,0
4692,2023-02-05 00:00:00+00:00,Footwear,1,1769.16,0.0,1912,2,0.3520480172953836,COD,East,14,1,1
4184,2023-02-05 00:00:00+00:00,Apparel,1,1096.96,0.0,2095,1,0.5393753365035625,COD,North,13,9,1
2815,2023-02-05 00:00:00+00:00,Apparel,1,477.81,0.0,1132,4,0.2317573859141344,COD,North,12,2,0
143,2023-02-05 00:00:00+00:00,Electronics,0,371.1,0.0,4271,1,0.023782894285557535,Prepaid,West,1,0,0
4756,2023-02-05 00:00:00+00:00,Apparel,1,854.02,0.0,2542,2,0.08797297443041927,Prepaid,East,8,0,0
1285,2023-02-06 00:00:00+00:00,Apparel,1,380.89,0.07804507217996473,4292,3,0.029371018300942145,Prepaid,East,7,0,0
4481,2023-02-06 00:00:00+00:00,Apparel,1,1156.8,0.14805426455270934,3462,2,0.35945334283382585,COD,South,12,3,0
252,2023-02-06 00:00:00+00:00,Electronics,0,393.53,0.0,1958,4,0.05485131272125566,COD,South,1,6,0
1312,2023-02-06 00:00:00+00:00,Electronics,0,2299.71,0.0,1986,3,0.05078968084734874,Prepaid,West,4,6,0
1868,2023-02-06 00:00:00+00:00,Apparel,1,995.01,0.0,2513,1,0.1822822526201088,Prepaid,East,3,0,0
1885,2023-02-06 00:00:00+00:00,Electronics,0,1040.44,0.0,3435,1,0.07293313154078461,Prepaid,East,6,4,0
2113,2023-02-06 00:00:00+00:00,Home,0,547.3,0.27043854969920345,2031,3,0.5017414535503878,Prepaid,South,2,4,0
4494,2023-02-06 00:00:00+00:00,Home,0,2757.15,0.1355953423708906,2820,3,0.403531323563149,Prepaid,South,13,3,0
115,2023-02-06 00:00:00+00:00,Apparel,1,1740.31,0.0,1135,3,0.023645745612972124,COD,West,9,1,0
4952,2023-02-06 00:00:00+00:00,Footwear,1,5579.26,0.0,2668,1,0.10687124116605334,Prepaid,West,13,0,0
1583,2023-02-06 00:00:00+00:00,Home,0,2894.31,0.0,4313,1,0.27961302517694314,Prepaid,East,12,1,1
1655,2023-02-06 00:00:00+00:00,Beauty,0,872.55,0.22670678639553002,4058,4,0.21450995549449273,Prepaid,West,3,7,0
1120,2023-02-06 00:00:00+00:00,Home,0,887.4,0.28681827092875983,3039,3,0.08989491427657165,COD,North,2,3,0
3445,2023-02-06 00:00:00+00:00,Footwear,1,372.04,0.0,4096,2,0.2731461726274282,COD,South,4,1,0
1987,2023-02-06 00:00:00+00:00,Apparel,1,626.71,0.27007383856902206,4487,2,0.28818303756027075,Prepaid,West,9,2,1
1450,2023-02-06 00:00:00+00:00,Electronics,0,4867.51,0.3778091973471246,3967,3,0.5832020658370878,Prepaid,West,11,4,0
326,2023-02-06 00:00:00+00:00,Apparel,1,538.34,0.0,1478,5,0.014824049369695844,COD,North,10,0,0
1497,2023-02-06 00:00:00+00:00,Apparel,1,567.68,0.0,1971,2,0.05070966624284078,COD,South,12,5,0
537,2023-02-06 00:00:00+00:00,Apparel,1,2945.14,0.26161390253202177,1365,2,0.22607350174474494,Prepaid,East,11,0,0
4981,2023-02-06 00:00:00+00:00,Apparel,1,3264.44,0.0,2471,2,0.054331014428997675,Prepaid,East,7,0,0
3264,2023-02-06 00:00:00+00:00,Electronics,0,1748.24,0.0,2834,2,0.023364817098956304,COD,West,13,1,0
1506,2023-02-06 00:00:00+00:00,Apparel,1,4748.47,0.0,1556,2,0.2390837773153411,Prepaid,East,11,3,0
2204,2023-02-06 00:00:00+00:00,Electronics,0,1489.28,0.0,3414,2,0.22550822957367783,Prepaid,West,4,1,0
2225,2023-02-06 00:00:00+00:00,Apparel,1,325.62,0.0,1207,2,0.26398995739944375,COD,North,2,2,0
960,2023-02-06 00:00:00+00:00,Electronics,0,6479.84,0.40389010691377447,3577,6,0.41426203651591875,Prepaid,East,14,4,1
3602,2023-02-06 00:00:00+00:00,Home,0,2183.24,0.0,1591,2,0.4877222746587707,Prepaid,North,13,1,1
3605,2023-02-06 00:00:00+00:00,Electronics,0,1866.42,0.0,2059,2,0.15462039178820422,Prepaid,South,12,1,1
1925,2023-02-06 00:00:00+00:00,Footwear,1,287.66,0.15759510838284377,3606,1,0.07494985338892868,COD,West,2,7,0
2703,2023-02-06 00:00:00+00:00,Beauty,0,1756.38,0.0,3950,2,0.39964806140575887,Prepaid,East,13,0,0
3761,2023-02-06 00:00:00+00:00,Beauty,0,879.87,0.0,2776,3,0.19410991617639795,COD,South,11,0,0
22,2023-02-07 00:00:00+00:00,Apparel,1,2926.97,0.0,2955,0,0.0,Prepaid,South,8,6,0
1162,2023-02-07 00:00:00+00:00,Footwear,1,507.86,0.0,2014,0,0.0,Prepaid,North,2,1,0
301,2023-02-07 00:00:00+00:00,Home,0,439.4,0.0,3983,2,0.06566906891881369,Prepaid,South,11,4,0
1073,2023-02-07 00:00:00+00:00,Electronics,0,268.15,0.0,3185,2,0.009244755008482108,COD,East,1,0,0
2707,2023-02-07 00:00:00+00:00,Apparel,1,587.31,0.41068429728057854,2046,3,0.006540297699183354,Prepaid,East,6,5,0
4141,2023-02-07 00:00:00+00:00,Home,0,206.99,0.3524552889218515,3796,1,0.13510127073915784,Prepaid,West,14,11,0
3410,2023-02-07 00:00:00+00:00,Apparel,1,1893.32,0.09768288307393208,2843,3,0.05501406051035295,COD,East,3,0,0
1102,2023-02-07 00:00:00+00:00,Footwear,1,169.22,0.0,2601,1,0.09973495415785316,Prepaid,South,11,0,0
1061,2023-02-07 00:00:00+00:00,Home,0,640.51,0.0,1001,3,0.5080706838931996,COD,North,12,1,1
4516,2023-02-07 00:00:00+00:00,Beauty,0,292.39,0.0,4228,0,0.0,COD,North,4,1,1
1577,2023-02-07 00:00:00+00:00,Home,0,2197.2,0.0,1934,2,0.2582677810248096,COD,North,7,2,0
2009,2023-02-07 00:00:00+00:00,Beauty,0,1262.16,0.0,2314,1,0.1849297277777954,Prepaid,North,12,0,0
2329,2023-02-07 00:00:00+00:00,Electronics,0,1502.92,0.0,1285,3,0.06416784755475123,Prepaid,North,3,6,0
3360,2023-02-07 00:00:00+00:00,Apparel,1,2802.33,0.0,4251,2,0.1144587641687221,Prepaid,North,2,3,0
209,2023-02-07 00:00:00+00:00,Apparel,1,1009.76,0.039517666088786665,4251,1,0.6851222024237653,Prepaid,South,5,1,0
3084,2023-02-07 00:00:00+00:00,Electronics,0,4614.81,0.0,1091,1,0.11566523085322657,Prepaid,West,11,5,0
2913,2023-02-07 00:00:00+00:00,Apparel,1,646.84,0.0,1869,1,0.2300741758936808,Prepaid,South,11,7,0
4788,2023-02-07 00:00:00+00:00,Electronics,0,737.76,0.0,3060,2,0.24459440771344113,COD,South,5,7,0
4840,2023-02-07 00:00:00+00:00,Footwear,1,336.97,0.0,1938,1,0.03250237340715713,COD,North,12,3,0
3566,2023-02-07 00:00:00+00:00,Electronics,0,430.44,0.2740214434223601,2051,1,0.30493564272152585,Prepaid,South,11,0,0
768,2023-02-07 00:00:00+00:00,Apparel,1,1862.8,0.0976014972888323,3179,0,0.0,Prepaid,East,14,0,0
3103,2023-02-07 00:00:00+00:00,Apparel,1,708.54,0.025616847835394085,1909,1,0.39986812034036445,Prepaid,South,10,0,0
959,2023-02-07 00:00:00+00:00,Home,0,1186.63,0.2630241370905622,2282,2,0.21782293449943058,COD,North,13,3,0
3706,2023-02-07 00:00:00+00:00,Electronics,0,207.47,0.0,1499,1,0.5724900687065773,Prepaid,North,6,6,0
3935,2023-02-07 00:00:00+00:00,Electronics,0,1860.87,0.0,3275,2,0.1214636421342154,COD,East,10,0,0
4459,2023-02-07 00:00:00+00:00,Apparel,1,123.29,0.42062072063806233,2206,1,0.17172218087239036,COD,East,11,1,0
3203,2023-02-07 00:00:00+00:00,Electronics,0,693.03,0.0,2941,4,0.017011879609203785,Prepaid,North,13,0,0
2555,2023-02-07 00:00:00+00:00,Beauty,0,4597.25,0.0,3136,0,0.0,COD,East,12,1,1
872,2023-02-07 00:00:00+00:00,Beauty,0,3086.55,0.0,3711,2,0.004077594403326725,Prepaid,East,7,0,0
987,2023-02-07 00:00:00+00:00,Electronics,0,483.62,0.0,1791,1,0.10758803294505523,Prepaid,West,1,4,0
2611,2023-02-08 00:00:00+00:00,Apparel,1,162.87,0.46201234210786657,2567,7,0.09581653747308658,COD,North,9,2,0
1510,2023-02-08 00:00:00+00:00,Electronics,0,3600.64,0.0,4357,0,0.0,Prepaid,West,2,1,0
1630,2023-02-08 00:00:00+00:00,Apparel,1,499.25,0.0,3112,3,0.06474043002816153,Prepaid,North,9,0,0
3993,2023-02-08 00:00:00+00:00,Apparel,1,2886.38,0.0,2998,4,0.2903011577190851,Prepaid,East,9,0,1
4738,2023-02-08 00:00:00+00:00,Footwear,1,2155.94,0.36700864279950485,4325,1,0.288059567428105,Prepaid,East,12,1,1
576,2023-02-08 00:00:00+00:00,Electronics,0,876.68,0.1796477158117997,3988,2,0.09359476887174241,Prepaid,South,3,2,0
4434,2023-02-08 00:00:00+00:00,Apparel,1,2237.12,0.0,1383,1,0.11356712144551669,COD,North,8,3,0
3092,2023-02-08 00:00:00+00:00,Beauty,0,784.39,0.0,1834,3,0.001459867142189142,Prepaid,North,9,0,0
232,2023-02-08 00:00:00+00:00,Footwear,1,5602.13,0.0,3844,2,0.059572318303918605,Prepaid,South,13,0,0
2004,2023-02-08 00:00:00+00:00,Electronics,0,281.55,0.0,3496,3,0.08066504444571686,Prepaid,South,12,4,0
3254,2023-02-08 00:00:00+00:00,Electronics,0,1166.59,0.0,1443,3,0.05454784300707076,COD,West,2,0,0
3649,2023-02-08 00:00:00+00:00,Home,0,2437.15,0.21891377738306628,2338,2,0.2775048723102762,Prepaid,East,8,1,0
186,2023-02-08 00:00:00+00:00,Apparel,1,5215.58,0.06486597584670267,2886,5,0.32381514718128834,Prepaid,West,13,0,0
1454,2023-02-08 00:00:00+00:00,Apparel,1,556.46,0.0,4456,4,0.579221735863827,COD,West,7,1,0
359,2023-02-08 00:00:00+00:00,Apparel,1,403.13,0.0,3781,6,0.054157668485931405,Prepaid,East,5,5,1
746,2023-02-08 00:00:00+00:00,Apparel,1,818.93,0.0,3947,2,0.17513666716620097,COD,North,12,3,0
4552,2023-02-08 00:00:00+00:00,Apparel,1,4758.53,0.0,2012,1,0.01340438578670214,Prepaid,North,3,11,0
2800,2023-02-08 00:00:00+00:00,Electronics,0,705.73,0.0,4474,4,0.13933228707782103,Prepaid,West,7,1,0
3657,2023-02-08 00:00:00+00:00,Apparel,1,2668.54,0.09655630435300065,1105,3,0.21985236181063206,Prepaid,West,8,0,0
877,2023-02-08 00:00:00+00:00,Apparel,1,607.13,0.0,3122,2,0.5275864545107288,COD,West,8,3,0
4561,2023-02-08 00:00:00+00:00,Electronics,0,3058.87,0.0,4141,4,0.3820610153161883,COD,North,7,1,0
1691,2023-02-08 00:00:00+00:00,Home,0,1298.44,0.0380380425676006,2131,3,0.18925335539938454,COD,West,7,0,0
1476,2023-02-08 00:00:00+00:00,Footwear,1,207.18,0.03551081529274934,3346,1,0.12843215030277524,Prepaid,East,10,11,0
3274,2023-02-08 00:00:00+00:00,Apparel,1,2184.14,0.24562216606950238,1908,0,0.0,Prepaid,South,8,0,0
1361,2023-02-08 00:00:00+00:00,Electronics,0,132.7,0.17218181745205266,1291,1,0.056704631423772,Prepaid,South,13,5,0
1385,2023-02-08 00:00:00+00:00,Apparel,1,610.01,0.0,3273,3,0.030362941526745197,COD,West,14,0,0
2166,2023-02-08 00:00:00+00:00,Electronics,0,380.12,0.0,2737,2,0.05293302873911177,Prepaid,West,6,2,0
4477,2023-02-08 00:00:00+00:00,Electronics,0,768.85,0.17484205075800505,4149,0,0.0,Prepaid,East,8,0,0
621,2023-02-08 00:00:00+00:00,Footwear,1,1054.98,0.0,4065,3,0.7074202057725822,Prepaid,South,9,2,0
4343,2023-02-08 00:00:00+00:00,Electronics,0,226.8,0.0,2358,0,0.0,Prepaid,West,2,3,0
1637,2023-02-08 00:00:00+00:00,Electronics,0,743.64,0.3487739026436373,3828,2,0.1592793449067385,Prepaid,East,10,1,0
1030,2023-02-08 00:00:00+00:00,Apparel,1,3380.47,0.18590019765876353,1418,2,0.120909311229452,COD,West,6,3,0
4633,2023-02-08 00:00:00+00:00,Apparel,1,1348.15,0.0,1198,0,0.0,Prepaid,East,1,9,0
1904,2023-02-08 00:00:00+00:00,Apparel,1,565.16,0.0,3349,0,0.0,Prepaid,South,6,0,0
462,2023-02-08 00:00:00+00:00,Apparel,1,388.04,0.15584002974455158,1938,1,0.00175699758502284,Prepaid,West,14,3,0
2650,2023-02-08 00:00:00+00:00,Apparel,1,3357.66,0.4899418650874269,3190,0,0.0,Prepaid,West,12,1,0
3332,2023-02-08 00:00:00+00:00,Electronics,0,173.71,0.0,1701,2,0.37189417528776264,Prepaid,East,8,1,0
1047,2023-02-08 00:00:00+00:00,Apparel,1,1043.57,0.30441961094919,4449,2,0.0656971937168372,COD,West,13,2,0
4158,2023-02-08 00:00:00+00:00,Electronics,0,1290.59,0.0,1823,1,0.0193564052912252,Prepaid,North,7,1,0
1357,2023-02-09 00:00:00+00:00,Home,0,826.3,0.0,1560,1,0.005092630494430659,Prepaid,West,8,1,0
78,2023-02-09 00:00:00+00:00,Footwear,1,1309.07,0.0,4128,3,0.07032723709357307,COD,East,2,4,0
1589,2023-02-09 00:00:00+00:00,Footwear,1,360.66,0.0,1980,5,0.09957139744955373,COD,North,10,0,0
925,2023-02-09 00:00:00+00:00,Home,0,864.44,0.0,1668,1,0.1816914885303706,Prepaid,West,11,0,0
4108,2023-02-09 00:00:00+00:00,Home,0,2323.46,0.1667736998882981,1891,0,0.0,COD,North,12,6,1
2984,2023-02-09 00:00:00+00:00,Home,0,3579.13,0.0,3248,2,0.07016220592932038,COD,North,5,0,0
1596,2023-02-09 00:00:00+00:00,Apparel,1,121.05,0.11623153041463662,3313,1,0.033428184910610316,Prepaid,North,9,6,0
1598,2023-02-09 00:00:00+00:00,Beauty,0,1000.05,0.0,1274,0,0.0,Prepaid,South,3,5,0
2445,2023-02-09 00:00:00+00:00,Apparel,1,1926.16,0.0,1299,1,0.12285507417865339,Prepaid,South,3,1,0
1572,2023-02-09 00:00:00+00:00,Electronics,0,2034.9,0.18073166199591478,3081,1,0.21821357073841494,COD,East,5,5,0
3344,2023-02-09 00:00:00+00:00,Apparel,1,480.05,0.0,1238,2,0.18278762452965291,Prepaid,North,12,6,0
4709,2023-02-09 00:00:00+00:00,Electronics,0,705.26,0.16465158644814915,2008,1,0.6966941830551778,Prepaid,South,9,1,1
1028,2023-02-09 00:00:00+00:00,Apparel,1,2652.12,0.3463968240638869,4294,4,0.2952091843019297,Prepaid,South,6,7,0
1003,2023-02-09 00:00:00+00:00,Electronics,0,1197.67,0.08220212822332684,1438,2,0.2267654535432292,COD,East,2,3,0
4769,2023-02-09 00:00:00+00:00,Apparel,1,3829.58,0.0,3420,1,0.22717278009900513,COD,South,6,1,0
4942,2023-02-09 00:00:00+00:00,Apparel,1,2066.2,0.2877697592553014,2806,1,0.3552722660445998,COD,South,11,2,0
1377,2023-02-09 00:00:00+00:00,Apparel,1,6894.39,0.08379133406769593,2693,2,0.3811014913286205,Prepaid,East,3,0,0
4082,2023-02-09 00:00:00+00:00,Home,0,3068.95,0.0,3684,7,0.07222121234413999,Prepaid,South,3,2,0
1303,2023-02-09 00:00:00+00:00,Home,0,7319.82,0.0,2990,1,0.5264116181756293,Prepaid,South,12,0,0
4446,2023-02-09 00:00:00+00:00,Footwear,1,1160.08,0.0,2639,1,0.21331618654666046,Prepaid,North,13,2,0
4965,2023-02-09 00:00:00+00:00,Apparel,1,416.27,0.10761854736754087,2734,2,0.22043259101071772,COD,West,2,2,0
1130,2023-02-09 00:00:00+00:00,Home,0,429.22,0.0,1808,3,0.09550789260047031,Prepaid,South,11,1,0
1911,2023-02-09 00:00:00+00:00,Electronics,0,2199.66,0.0,4215,0,0.0,Prepaid,South,10,4,0
1845,2023-02-10 00:00:00+00:00,Apparel,1,187.08,0.0,1988,1,0.06963279525828976,Prepaid,North,10,1,0
4060,2023-02-10 00:00:00+00:00,Footwear,1,14178.58,0.18264870834333016,2704,3,0.10906270113949733,Prepaid,South,3,1,0
3048,2023-02-10 00:00:00+00:00,Apparel,1,1799.29,0.0,4494,2,0.33431618009004016,COD,South,2,4,1
3153,2023-02-10 00:00:00+00:00,Apparel,1,4995.29,0.0,4197,4,0.1260476989657771,Prepaid,West,7,0,0
85,2023-02-10 00:00:00+00:00,Footwear,1,690.77,0.0,2905,0,0.0,Prepaid,South,5,2,1
684,2023-02-10 00:00:00+00:00,Apparel,1,2455.18,0.11604381979982842,4003,0,0.0,Prepaid,West,3,3,0
105,2023-02-10 00:00:00+00:00,Apparel,1,3691.65,0.0,3546,2,0.22347290041296652,Prepaid,North,6,3,1
3320,2023-02-10 00:00:00+00:00,Apparel,1,1015.99,0.0,3902,2,0.028667762345367172,Prepaid,South,9,2,0
1928,2023-02-10 00:00:00+00:00,Apparel,1,789.35,0.0579156867782159,1110,2,0.20469036547140518,Prepaid,North,3,2,0
2962,2023-02-10 00:00:00+00:00,Home,0,400.02,0.0,4110,0,0.0,Prepaid,North,7,1,0
4093,2023-02-10 00:00:00+00:00,Home,0,378.33,0.0,3519,0,0.0,Prepaid,West,11,17,0
3768,2023-02-10 00:00:00+00:00,Beauty,0,1552.52,0.0,4452,5,0.3572818106009198,COD,North,12,4,0
1131,2023-02-10 00:00:00+00:00,Home,0,1962.89,0.0,3933,1,0.4274247856907549,Prepaid,North,2,0,0
4430,2023-02-10 00:00:00+00:00,Footwear,1,1253.91,0.3329574649652334,3737,2,0.15568040943653114,Prepaid,South,4,1,1
1781,2023-02-10 00:00:00+00:00,Footwear,1,1096.14,0.0,4135,1,0.5992400625599935,Prepaid,South,2,0,1
3378,2023-02-10 00:00:00+00:00,Electronics,0,1099.54,0.1850243344842047,3535,2,0.09395769980614495,COD,West,8,0,0
3273,2023-02-10 00:00:00+00:00,Electronics,0,501.13,0.0,1919,0,0.0,COD,East,6,3,0
3266,2023-02-10 00:00:00+00:00,Electronics,0,790.57,0.019423159026812825,2234,1,0.21704656249217946,COD,North,10,2,0
2807,2023-02-10 00:00:00+00:00,Electronics,0,2278.17,0.2033361038345295,2945,2,0.16066605908296794,Prepaid,South,6,1,0
1824,2023-02-10 00:00:00+00:00,Footwear,1,888.43,0.0,2465,0,0.0,Prepaid,West,5,1,0
1320,2023-02-10 00:00:00+00:00,Apparel,1,2369.66,0.0,1167,3,0.07164891293555073,COD,West,6,0,0
4346,2023-02-10 00:00:00+00:00,Electronics,0,1364.91,0.0,4343,1,0.12277977016774122,Prepaid,West,13,0,0
2354,2023-02-11 00:00:00+00:00,Apparel,1,1220.61,0.07582730622521398,1864,4,0.389709075658646,Prepaid,West,7,4,1
2493,2023-02-11 00:00:00+00:00,Apparel,1,170.28,0.0,1834,1,0.13197463040188787,Prepaid,North,5,8,0
3762,2023-02-11 00:00:00+00:00,Footwear,1,2325.9,0.0,3064,6,0.48280562888643896,Prepaid,North,4,2,0
2251,2023-02-11 00:00:00+00:00,Footwear,1,985.23,0.08504981258243531,2540,3,0.40178325087702166,Prepaid,East,3,0,0
2172,2023-02-11 00:00:00+00:00,Beauty,0,3540.46,0.13446924542093813,2664,2,0.08567900184231915,COD,East,10,1,0
2495,2023-02-11 00:00:00+00:00,Home,0,2061.41,0.384482141855338,2047,0,0.0,COD,West,5,4,0
1919,2023-02-11 00:00:00+00:00,Apparel,1,1226.83,0.0,3713,0,0.0,Prepaid,West,14,1,0
3475,2023-02-11 00:00:00+00:00,Apparel,1,1423.67,0.0,2656,1,0.16511492122644814,COD,North,1,0,0
2972,2023-02-11 00:00:00+00:00,Apparel,1,965.24,0.0,1753,2,0.5977789197467078,Prepaid,North,2,5,0
1318,2023-02-11 00:00:00+00:00,Electronics,0,467.11,0.20073350775643903,3091,1,0.16664116686674163,Prepaid,South,6,4,0
3579,2023-02-11 00:00:00+00:00,Apparel,1,922.47,0.0,1416,1,0.02088258993932133,Prepaid,South,3,2,0
2946,2023-02-11 00:00:00+00:00,Footwear,1,4103.02,0.10568354600957545,1895,0,0.0,COD,South,4,2,1
2241,2023-02-11 00:00:00+00:00,Apparel,1,1500.47,0.18910290741283653,1146,4,0.17273777512720484,COD,North,14,0,1
1383,2023-02-11 00:00:00+00:00,Beauty,0,2260.33,0.0,1660,2,0.3945154924705907,Prepaid,South,1,3,0
4996,2023-02-11 00:00:00+00:00,Footwear,1,2220.84,0.10280598834555386,3366,2,0.07840864062116432,Prepaid,East,7,0,0
578,2023-02-11 00:00:00+00:00,Apparel,1,195.57,0.0,1945,1,0.6876039136162538,COD,East,9,0,0
131,2023-02-11 00:00:00+00:00,Electronics,0,704.89,0.0,1103,0,0.0,Prepaid,East,7,8,0
899,2023-02-11 00:00:00+00:00,Electronics,0,969.61,0.15902476726056822,4371,4,0.1538134499565456,Prepaid,East,5,0,0
1053,2023-02-11 00:00:00+00:00,Apparel,1,7505.35,0.0,2767,1,0.2559612384069431,Prepaid,East,3,1,0
1025,2023-02-11 00:00:00+00:00,Home,0,183.91,0.0,1980,1,0.08138987941455833,Prepaid,North,9,1,0
240,2023-02-11 00:00:00+00:00,Footwear,1,293.28,0.401186004800013,1215,2,0.015881376878603644,Prepaid,South,2,9,0
3982,2023-02-12 00:00:00+00:00,Footwear,1,1481.75,0.0,2977,1,0.06383701806152443,COD,North,11,4,0
501,2023-02-12 00:00:00+00:00,Apparel,1,273.06,0.3868075329043168,2709,0,0.0,Prepaid,East,4,4,0
3249,2023-02-12 00:00:00+00:00,Electronics,0,5227.96,0.0,1765,1,0.16355743807103376,Prepaid,North,8,9,0
2000,2023-02-12 00:00:00+00:00,Footwear,1,397.86,0.1236739092263392,3959,4,0.06748092924864225,Prepaid,East,7,6,0
2885,2023-02-12 00:00:00+00:00,Beauty,0,2459.73,0.0,4254,5,0.10217180175862917,Prepaid,South,14,1,0
357,2023-02-12 00:00:00+00:00,Footwear,1,3045.39,0.33714328191782955,1872,0,0.0,Prepaid,West,5,0,0
2529,2023-02-12 00:00:00+00:00,Footwear,1,212.56,0.0,2589,3,0.299103993032484,Prepaid,West,9,0,0
4428,2023-02-12 00:00:00+00:00,Footwear,1,348.84,0.0,2774,3,0.22229332276571218,Prepaid,North,8,4,0
4443,2023-02-12 00:00:00+00:00,Beauty,0,655.77,0.0,3402,1,0.2887394845268161,Prepaid,North,2,11,0
1095,2023-02-12 00:00:00+00:00,Footwear,1,1575.94,0.3066873781774622,2089,2,0.27385910670468405,COD,West,12,6,0
4845,2023-02-12 00:00:00+00:00,Apparel,1,1205.55,0.0,3340,1,0.3237324237385491,COD,East,9,1,0
4251,2023-02-12 00:00:00+00:00,Beauty,0,1735.92,0.0,3288,2,0.2865697260638933,Prepaid,North,3,1,0
4940,2023-02-12 00:00:00+00:00,Apparel,1,76.21,0.19641866483932027,1733,2,0.23716655004436463,Prepaid,North,11,10,0
4960,2023-02-12 00:00:00+00:00,Electronics,0,2177.92,0.0,3116,2,0.3162464794180378,Prepaid,East,6,8,1
4226,2023-02-12 00:00:00+00:00,Beauty,0,922.5,0.028294749448863885,2123,3,0.24630484548430642,Prepaid,South,14,0,0
3862,2023-02-12 00:00:00+00:00,Home,0,7213.85,0.5877100946151853,1972,1,0.2995213375534684,COD,West,7,0,0
2416,2023-02-12 00:00:00+00:00,Electronics,0,4376.93,0.05030427522700604,1349,3,0.047634499602405636,Prepaid,South,8,3,0
2116,2023-02-12 00:00:00+00:00,Footwear,1,1398.49,0.09175229687256278,2146,2,0.35048081283209953,COD,South,6,0,0
796,2023-02-12 00:00:00+00:00,Apparel,1,378.69,0.06946979976760487,2110,3,0.3041772177889244,COD,East,4,4,0
502,2023-02-13 00:00:00+00:00,Apparel,1,3080.53,0.15847506799759997,3972,7,0.12777528093810678,Prepaid,East,7,5,0
1977,2023-02-13 00:00:00+00:00,Apparel,1,1443.47,0.0,3988,1,0.11632181308846919,Prepaid,North,8,2,0
157,2023-02-13 00:00:00+00:00,Footwear,1,4954.56,0.13702467819050856,2215,1,0.14567504886917249,Prepaid,West,3,0,0
2639,2023-02-13 00:00:00+00:00,Apparel,1,93.49,0.0,2289,4,0.30777878551914584,Prepaid,East,7,5,0
72,2023-02-13 00:00:00+00:00,Footwear,1,359.3,0.2828357690860598,2434,2,0.09298379800860514,COD,West,12,2,0
3484,2023-02-13 00:00:00+00:00,Home,0,1942.95,0.0,2742,0,0.0,Prepaid,East,9,1,0
2114,2023-02-13 00:00:00+00:00,Beauty,0,2965.47,0.0,1227,4,0.23002787560273041,Prepaid,East,4,18,0
2293,2023-02-13 00:00:00+00:00,Home,0,664.55,0.0,3956,1,0.7119096822523828,COD,South,2,6,0
2831,2023-02-13 00:00:00+00:00,Home,0,756.73,0.0,2409,0,0.0,COD,South,8,5,0
4741,2023-02-13 00:00:00+00:00,Apparel,1,880.54,0.0,2566,2,0.4001504343775555,COD,East,9,0,0
2277,2023-02-13 00:00:00+00:00,Apparel,1,3629.63,0.0,2290,2,0.1458033581254379,Prepaid,North,7,1,1
3811,2023-02-13 00:00:00+00:00,Apparel,1,1670.86,0.31785564673906297,3792,5,0.054593032649556894,COD,East,10,0,1
2944,2023-02-13 00:00:00+00:00,Home,0,2024.86,0.2555116981198585,1516,3,0.021986681300422216,COD,South,4,0,0
4000,2023-02-13 00:00:00+00:00,Electronics,0,373.02,0.0958588555395247,1823,2,0.27681853245902055,Prepaid,North,8,2,0
1864,2023-02-13 00:00:00+00:00,Beauty,0,2642.22,0.0,3952,3,0.020701258224731598,COD,West,3,8,0
1396,2023-02-13 00:00:00+00:00,Footwear,1,1514.29,0.0,3537,1,0.03901898433532901,COD,South,1,0,0
643,2023-02-13 00:00:00+00:00,Footwear,1,1172.45,0.0,2806,3,0.013510633529324087,COD,West,13,3,0
881,2023-02-13 00:00:00+00:00,Footwear,1,313.61,0.0,1880,2,0.11798155745246362,COD,North,2,0,0
4773,2023-02-13 00:00:00+00:00,Electronics,0,2434.46,0.0,1030,1,0.20600198308349343,COD,North,12,5,0
944,2023-02-13 00:00:00+00:00,Home,0,1496.3,0.0,4373,1,0.4689476674117667,Prepaid,West,5,16,0
1946,2023-02-14 00:00:00+00:00,Home,0,1894.29,0.0,4393,2,0.3012174748457887,Prepaid,East,6,3,0
3630,2023-02-14 00:00:00+00:00,Footwear,1,399.15,0.0,3376,0,0.0,COD,West,6,9,0
3870,2023-02-14 00:00:00+00:00,Footwear,1,1634.82,0.0,1284,1,0.07946480346382563,Prepaid,West,7,4,0
1621,2023-02-14 00:00:00+00:00,Apparel,1,701.68,0.4577205006249092,2474,3,0.34649453944680764,COD,East,13,0,1
1853,2023-02-14 00:00:00+00:00,Apparel,1,1541.14,0.0,1917,2,0.08797367712864443,Prepaid,South,6,7,0
151,2023-02-14 00:00:00+00:00,Beauty,0,1705.82,0.0,1423,5,0.13223897167298546,Prepaid,West,3,3,0
1447,2023-02-14 00:00:00+00:00,Apparel,1,613.72,0.34860190603233404,2044,0,0.0,Prepaid,West,10,3,0
4581,2023-02-14 00:00:00+00:00,Home,0,265.5,0.0,1128,2,0.4176767297753832,COD,West,8,14,0
610,2023-02-14 00:00:00+00:00,Home,0,614.61,0.3808174287430608,2991,5,0.3598164959043889,COD,East,13,2,0
1773,2023-02-14 00:00:00+00:00,Footwear,1,2907.98,0.0,1108,4,0.3078270633877927,Prepaid,East,12,8,0
4701,2023-02-14 00:00:00+00:00,Footwear,1,262.99,0.3839381322492562,4006,1,0.23738448086685143,Prepaid,North,10,1,0
834,2023-02-14 00:00:00+00:00,Electronics,0,680.46,0.0,3694,2,0.03756911857133409,Prepaid,South,10,4,0
3902,2023-02-14 00:00:00+00:00,Apparel,1,905.8,0.30510811546872607,3759,0,0.0,Prepaid,South,9,0,1
2755,2023-02-14 00:00:00+00:00,Home,0,3701.32,0.049478854168529166,2244,0,0.0,Prepaid,West,6,5,0
2014,2023-02-14 00:00:00+00:00,Apparel,1,2317.74,0.0,3568,4,0.1934047532940671,Prepaid,North,3,2,0
3429,2023-02-14 00:00:00+00:00,Footwear,1,1494.6,0.19389751965814006,2532,0,0.0,Prepaid,South,2,0,0
3186,2023-02-14 00:00:00+00:00,Apparel,1,1280.96,0.0,1064,2,0.048709881062080865,Prepaid,North,3,3,0
4388,2023-02-14 00:00:00+00:00,Apparel,1,243.52,0.0,1078,2,0.0846730684940056,Prepaid,West,2,3,0
1590,2023-02-14 00:00:00+00:00,Apparel,1,339.85,0.3630748485468077,3119,0,0.0,Prepaid,North,1,2,0
2833,2023-02-14 00:00:00+00:00,Footwear,1,779.65,0.17368940577924863,1750,1,0.3404648198441737,COD,West,11,0,0
3352,2023-02-14 00:00:00+00:00,Apparel,1,571.69,0.00509227617083613,4496,3,0.18732069210407232,Prepaid,South,4,1,0
88,2023-02-14 00:00:00+00:00,Electronics,0,896.89,0.0,4187,0,0.0,Prepaid,West,1,7,0
3292,2023-02-14 00:00:00+00:00,Electronics,0,641.05,0.09179747640162234,1600,2,0.2530957021752337,Prepaid,West,4,0,0
4974,2023-02-14 00:00:00+00:00,Beauty,0,297.59,0.0,4368,1,0.3412455072087882,Prepaid,East,7,3,0
3282,2023-02-14 00:00:00+00:00,Apparel,1,725.11,0.0,2953,1,0.019787229712496034,COD,South,12,1,1
1613,2023-02-14 00:00:00+00:00,Electronics,0,279.12,0.0,1416,2,0.06470747360931897,Prepaid,West,1,2,0
1747,2023-02-15 00:00:00+00:00,Beauty,0,2190.14,0.0,4338,1,0.21591658821904347,Prepaid,West,13,5,0
3102,2023-02-15 00:00:00+00:00,Apparel,1,1065.29,0.2716472096975959,3383,8,0.01438762286317587,Prepaid,North,1,0,0
690,2023-02-15 00:00:00+00:00,Apparel,1,3866.52,0.0,2321,1,0.08954128246310696,Prepaid,South,14,0,0
4399,2023-02-15 00:00:00+00:00,Beauty,0,1526.01,0.0,2047,1,0.3414067053002777,Prepaid,East,14,9,0
2620,2023-02-15 00:00:00+00:00,Home,0,1144.7,0.23799874454614584,4094,1,0.10110095904870676,Prepaid,East,1,1,0
2672,2023-02-15 00:00:00+00:00,Apparel,1,1483.22,0.3852398320638669,3713,1,0.16486871519173446,Prepaid,South,2,1,1
3001,2023-02-15 00:00:00+00:00,Apparel,1,486.7,0.09581912590747085,3741,3,0.028896229357510628,Prepaid,North,5,1,0
3281,2023-02-15 00:00:00+00:00,Apparel,1,603.24,0.5160628516218269,2369,0,0.0,Prepaid,North,11,13,0
4826,2023-02-15 00:00:00+00:00,Apparel,1,987.95,0.1759008669568726,4216,2,0.10933223727665486,Prepaid,East,13,0,0
3246,2023-02-15 00:00:00+00:00,Apparel,1,1257.93,0.19273970560350503,3346,2,0.08756884601064911,Prepaid,East,2,6,0
1477,2023-02-15 00:00:00+00:00,Electronics,0,7242.24,0.43352326844087374,2788,2,0.3351714065781017,Prepaid,West,2,0,0
3815,2023-02-15 00:00:00+00:00,Apparel,1,2958.82,0.039701422200626585,3489,7,0.02888976555233687,COD,West,7,0,0
1345,2023-02-15 00:00:00+00:00,Footwear,1,8339.12,0.16533553267468337,2123,0,0.0,COD,North,2,0,0
1256,2023-02-15 00:00:00+00:00,Apparel,1,2462.55,0.026306965813161026,4312,0,0.0,Prepaid,South,4,7,0
3527,2023-02-15 00:00:00+00:00,Footwear,1,1973.86,0.0,2400,3,0.0023154972407686807,Prepaid,South,3,2,0
1512,2023-02-15 00:00:00+00:00,Apparel,1,544.78,0.0,2876,5,0.2887567553974288,Prepaid,East,3,0,0
3939,2023-02-15 00:00:00+00:00,Apparel,1,1650.19,0.16638010001234776,3425,1,0.004040993481181445,Prepaid,North,7,0,0
2247,2023-02-15 00:00:00+00:00,Footwear,1,597.6,0.0,1445,3,0.10230634168933211,Prepaid,North,10,0,0
1785,2023-02-15 00:00:00+00:00,Apparel,1,3133.98,0.0,1104,2,0.18080215989789836,Prepaid,North,11,0,0
830,2023-02-15 00:00:00+00:00,Apparel,1,4237.96,0.0,2806,1,0.22850426308070107,Prepaid,East,4,10,0
2120,2023-02-15 00:00:00+00:00,Apparel,1,726.96,0.0,1256,1,0.2599812914641587,Prepaid,South,14,6,0
3089,2023-02-15 00:00:00+00:00,Apparel,1,257.07,0.0,4306,2,0.05885794679851273,Prepaid,North,1,2,0
3933,2023-02-15 00:00:00+00:00,Apparel,1,2314.31,0.0,1803,1,0.012322350118432336,Prepaid,South,11,1,0
4542,2023-02-15 00:00:00+00:00,Apparel,1,1173.7,0.0,3086,0,0.0,Prepaid,North,11,3,0
4577,2023-02-15 00:00:00+00:00,Apparel,1,659.14,0.0,3543,2,0.04455088117279715,COD,East,14,2,0
329,2023-02-15 00:00:00+00:00,Home,0,1945.35,0.008935471206530543,2123,3,0.5597892293310839,COD,East,6,0,0
2785,2023-02-15 00:00:00+00:00,Apparel,1,765.83,0.16162274332859816,3506,2,0.2946431624064612,COD,South,6,4,0
507,2023-02-15 00:00:00+00:00,Apparel,1,421.43,0.0,4315,3,0.47215570269404994,Prepaid,West,5,1,0
1107,2023-02-15 00:00:00+00:00,Apparel,1,6944.09,0.2855929299798551,4317,3,0.07438081820445645,Prepaid,South,12,0,0
1639,2023-02-15 00:00:00+00:00,Home,0,267.02,0.0,3565,1,0.16569161339368946,Prepaid,South,2,0,0
2044,2023-02-15 00:00:00+00:00,Electronics,0,823.35,0.0,2901,1,0.20838282844566036,COD,South,13,1,0
4098,2023-02-15 00:00:00+00:00,Apparel,1,2061.6,0.0,2977,3,0.3479875664089433,Prepaid,South,2,0,1
321,2023-02-15 00:00:00+00:00,Home,0,699.53,0.0,3479,0,0.0,Prepaid,North,6,1,0
1135,2023-02-15 00:00:00+00:00,Footwear,1,2059.37,0.0,2813,3,0.23208477597762966,Prepaid,East,7,0,0
1948,2023-02-16 00:00:00+00:00,Apparel,1,466.04,0.1412793779354077,3090,0,0.0,Prepaid,East,11,0,0
1084,2023-02-16 00:00:00+00:00,Footwear,1,762.33,0.0,1326,6,0.17610924904156328,Prepaid,East,11,1,1
1402,2023-02-16 00:00:00+00:00,Apparel,1,672.15,0.21133165694194644,4010,2,0.07379198651241196,COD,South,5,1,0
854,2023-02-16 00:00:00+00:00,Apparel,1,939.7,0.15928618663857397,1361,1,0.2534798275390878,Prepaid,West,6,2,0
4296,2023-02-16 00:00:00+00:00,Electronics,0,2087.68,0.1336957233120953,2961,1,0.1569196811039629,Prepaid,North,6,0,0
1538,2023-02-16 00:00:00+00:00,Electronics,0,2565.96,0.0,2610,2,0.02259223975039174,Prepaid,South,13,1,0
656,2023-02-16 00:00:00+00:00,Electronics,0,567.72,0.0,2684,0,0.0,Prepaid,East,9,0,0
2760,2023-02-16 00:00:00+00:00,Home,0,165.23,0.0,2157,6,0.3298189879398768,Prepaid,East,11,2,0
759,2023-02-16 00:00:00+00:00,Apparel,1,3303.57,0.14745033742395786,2061,1,0.2600883093887705,Prepaid,North,9,4,1
3770,2023-02-16 00:00:00+00:00,Footwear,1,460.55,0.0,1668,4,0.001074154108343076,Prepaid,West,7,0,0
4523,2023-02-16 00:00:00+00:00,Apparel,1,912.24,0.2185107077283207,3323,2,0.24897510966992165,Prepaid,South,1,5,0
1419,2023-02-16 00:00:00+00:00,Footwear,1,4179.69,0.419069402200573,1258,3,0.03818577430614845,Prepaid,East,7,6,0
3083,2023-02-16 00:00:00+00:00,Electronics,0,775.3,0.0,3972,0,0.0,COD,North,4,3,0
4439,2023-02-16 00:00:00+00:00,Footwear,1,3813.21,0.0,2147,3,0.3861293047637943,Prepaid,South,9,1,0
1277,2023-02-16 00:00:00+00:00,Footwear,1,293.31,0.0,1243,4,0.3804813314746786,Prepaid,South,7,0,0
2128,2023-02-16 00:00:00+00:00,Footwear,1,422.18,0.23204448767968977,1698,1,0.11783367744248749,Prepaid,East,5,4,0
3073,2023-02-16 00:00:00+00:00,Apparel,1,13229.76,0.0680165284851133,1575,2,0.08456822572127821,Prepaid,West,5,5,0
3193,2023-02-16 00:00:00+00:00,Apparel,1,1031.07,0.0,3985,3,0.14887866494872706,COD,West,4,1,0
2039,2023-02-16 00:00:00+00:00,Electronics,0,6401.97,0.0,4365,3,0.004931029938788353,Prepaid,West,3,7,0
1708,2023-02-16 00:00:00+00:00,Footwear,1,1303.63,0.0,2441,1,0.14044128471523024,Prepaid,East,7,3,0
954,2023-02-16 00:00:00+00:00,Apparel,1,802.3,0.0636297910959934,2630,1,0.02997585725750016,COD,East,13,0,0
648,2023-02-16 00:00:00+00:00,Footwear,1,1898.74,0.0,1840,1,0.10463495409290186,COD,West,12,7,0
2297,2023-02-16 00:00:00+00:00,Apparel,1,391.78,0.0,4130,0,0.0,Prepaid,West,3,1,0
2183,2023-02-16 00:00:00+00:00,Footwear,1,1263.85,0.08407771212807155,4140,6,0.01219398437266402,Prepaid,North,1,1,0
695,2023-02-16 00:00:00+00:00,Electronics,0,269.64,0.06750044713287022,1265,1,0.11488964538049527,Prepaid,North,1,1,0
457,2023-02-16 00:00:00+00:00,Electronics,0,648.84,0.25189813729080146,2650,1,0.0706501119896656,Prepaid,West,5,0,0
2752,2023-02-16 00:00:00+00:00,Footwear,1,1978.02,0.0,3204,1,0.02538005513057965,Prepaid,East,1,0,0
2762,2023-02-16 00:00:00+00:00,Beauty,0,430.59,0.0,3818,1,0.05323262250339884,COD,South,8,4,0
1105,2023-02-16 00:00:00+00:00,Apparel,1,306.4,0.0,2602,1,0.12141892804743236,Prepaid,North,12,7,0
3399,2023-02-16 00:00:00+00:00,Beauty,0,1364.41,0.10533721011490979,1302,1,0.16143049178254698,Prepaid,West,11,1,0
3915,2023-02-16 00:00:00+00:00,Apparel,1,293.6,0.223468884051025,1615,2,0.18322647236938586,Prepaid,East,6,1,0
3588,2023-02-16 00:00:00+00:00,Apparel,1,2548.26,0.05510017202473218,3529,1,0.42759900794182737,COD,East,3,8,0
409,2023-02-16 00:00:00+00:00,Footwear,1,6541.36,0.08728190295328912,3318,5,0.023340829145923902,COD,West,5,0,0
4139,2023-02-16 00:00:00+00:00,Apparel,1,3266.78,0.0558483872412696,3259,0,0.0,Prepaid,West,9,5,0
4603,2023-02-16 00:00:00+00:00,Beauty,0,1383.6,0.21464647462544198,2958,2,0.028357836207053188,Prepaid,North,8,5,0
2968,2023-02-16 00:00:00+00:00,Apparel,1,481.38,0.0,1243,2,0.3389327366107495,COD,North,3,4,0
4156,2023-02-16 00:00:00+00:00,Footwear,1,3254.86,0.0,3364,1,0.39380502725354327,Prepaid,North,11,1,1
4079,2023-02-16 00:00:00+00:00,Beauty,0,384.94,0.0,2540,0,0.0,Prepaid,West,4,7,0
3520,2023-02-16 00:00:00+00:00,Footwear,1,535.91,0.0,3517,7,0.0489201964482529,COD,South,14,1,1
3812,2023-02-16 00:00:00+00:00,Apparel,1,4194.09,0.0,3622,2,0.10536624383596488,COD,North,7,3,0
1076,2023-02-16 00:00:00+00:00,Apparel,1,298.74,0.27017744575162805,3685,1,0.08359280488824194,Prepaid,East,5,2,0
838,2023-02-16 00:00:00+00:00,Apparel,1,351.0,0.012674753682693357,1031,4,0.1421208856369907,Prepaid,East,1,15,0
112,2023-02-17 00:00:00+00:00,Apparel,1,1042.46,0.39009128302515705,2112,1,0.02010447274875786,Prepaid,East,9,2,0
3383,2023-02-17 00:00:00+00:00,Electronics,0,549.7,0.0,3802,2,0.4190303936667919,Prepaid,North,1,6,0
3534,2023-02-17 00:00:00+00:00,Beauty,0,2215.64,0.12374418384747995,4056,1,0.07768483948832222,Prepaid,South,11,0,0
4363,2023-02-17 00:00:00+00:00,Electronics,0,7197.38,0.3116546415959185,3925,1,0.24810781657790237,Prepaid,North,4,1,0
2506,2023-02-17 00:00:00+00:00,Footwear,1,724.79,0.20311267341464584,1915,1,0.02078517071032401,Prepaid,East,10,2,0
844,2023-02-17 00:00:00+00:00,Beauty,0,7901.44,0.0,2089,4,0.30919980733826763,Prepaid,East,13,0,0
4687,2023-02-17 00:00:00+00:00,Electronics,0,414.81,0.0,2959,2,0.1269633259392414,Prepaid,West,4,0,0
4888,2023-02-17 00:00:00+00:00,Beauty,0,651.73,0.0,4384,0,0.0,Prepaid,North,11,0,0
76,2023-02-17 00:00:00+00:00,Home,0,2507.94,0.0,3222,1,0.09006686607202954,COD,North,3,2,0
4860,2023-02-17 00:00:00+00:00,Apparel,1,413.7,0.22714822647419847,2771,2,0.2927767962679166,Prepaid,North,13,17,1
4729,2023-02-17 00:00:00+00:00,Apparel,1,372.04,0.2429305543075584,3215,0,0.0,Prepaid,East,10,0,0
2051,2023-02-17 00:00:00+00:00,Apparel,1,1118.07,0.0,1026,0,0.0,Prepaid,South,12,0,0
4456,2023-02-17 00:00:00+00:00,Apparel,1,370.18,0.08019474546238936,3428,2,0.08255551193067917,Prepaid,East,12,5,0
313,2023-02-17 00:00:00+00:00,Apparel,1,6664.47,0.0,2636,5,0.2024940410413451,COD,South,7,0,0
4174,2023-02-17 00:00:00+00:00,Home,0,1531.44,0.0,3122,2,0.3684609363066135,COD,West,3,2,0
3765,2023-02-17 00:00:00+00:00,Apparel,1,7395.28,0.12866579433451966,1705,0,0.0,COD,North,13,0,1
2112,2023-02-17 00:00:00+00:00,Electronics,0,1740.98,0.0,3071,2,0.2609820679135959,Prepaid,North,1,13,0
3176,2023-02-17 00:00:00+00:00,Apparel,1,1896.4,0.0,1555,1,0.09613161909522981,COD,East,10,4,0
3554,2023-02-17 00:00:00+00:00,Apparel,1,466.47,0.3285301371924917,2380,0,0.0,COD,West,6,3,1
4628,2023-02-17 00:00:00+00:00,Home,0,1240.2,0.16842837847823378,3680,1,0.0206010790718405,Prepaid,East,2,1,0
1609,2023-02-17 00:00:00+00:00,Apparel,1,225.67,0.0,2947,2,0.17900093557720093,Prepaid,North,12,6,0
288,2023-02-17 00:00:00+00:00,Apparel,1,2147.75,0.0,1127,1,0.07290192580104146,Prepaid,North,8,1,0
442,2023-02-17 00:00:00+00:00,Apparel,1,2398.74,0.0,1831,6,0.051181411094805035,Prepaid,South,5,1,0
250,2023-02-17 00:00:00+00:00,Home,0,3377.08,0.0,3740,1,0.2258097212860816,Prepaid,East,7,0,1
2105,2023-02-17 00:00:00+00:00,Home,0,2209.79,0.0,1261,0,0.0,Prepaid,East,8,0,0
4378,2023-02-17 00:00:00+00:00,Electronics,0,914.37,0.0,2566,0,0.0,COD,North,14,8,1
257,2023-02-17 00:00:00+00:00,Apparel,1,903.48,0.0,4176,1,0.3689347035861542,COD,South,13,1,0
3959,2023-02-17 00:00:00+00:00,Footwear,1,496.23,0.0,4035,1,0.06055310433948556,COD,East,9,0,0
1814,2023-02-18 00:00:00+00:00,Apparel,1,3246.75,0.0,3029,2,0.023707790035104787,Prepaid,North,2,2,0
991,2023-02-18 00:00:00+00:00,Apparel,1,487.6,0.42613219742843145,1381,1,0.1624529160650608,Prepaid,East,7,12,0
2201,2023-02-18 00:00:00+00:00,Beauty,0,1425.33,0.0,1326,0,0.0,Prepaid,South,2,0,0
2731,2023-02-18 00:00:00+00:00,Apparel,1,1296.53,0.04713586166613807,1076,1,0.017842312365148875,Prepaid,West,4,2,0
4391,2023-02-18 00:00:00+00:00,Beauty,0,411.8,0.0,1923,3,0.09919424984422238,Prepaid,South,12,0,0
3245,2023-02-18 00:00:00+00:00,Home,0,538.02,0.0,2174,2,0.005101557464492373,Prepaid,East,7,0,0
2918,2023-02-18 00:00:00+00:00,Home,0,1311.85,0.1784086502465385,2232,4,0.1855616746524413,Prepaid,North,14,1,0
1502,2023-02-18 00:00:00+00:00,Home,0,3108.0,0.09254870485092341,4432,3,0.13304065765428946,Prepaid,South,14,4,0
2564,2023-02-18 00:00:00+00:00,Home,0,2660.72,0.0,2556,3,0.16092623114748683,Prepaid,West,12,0,0
3806,2023-02-18 00:00:00+00:00,Electronics,0,340.51,0.0,3263,1,0.11118116804679799,Prepaid,East,7,10,0
2218,2023-02-18 00:00:00+00:00,Apparel,1,1607.76,0.3044952255172127,3142,2,0.21916476331381823,COD,East,1,2,0
1204,2023-02-18 00:00:00+00:00,Apparel,1,915.12,0.3422338740733416,2590,2,0.4295334609543675,Prepaid,East,6,1,1
29,2023-02-18 00:00:00+00:00,Apparel,1,403.86,0.1887675849590401,2541,2,0.22274849452311152,Prepaid,East,8,0,0
1880,2023-02-18 00:00:00+00:00,Apparel,1,634.05,0.0,4193,0,0.0,Prepaid,East,12,1,0
3910,2023-02-18 00:00:00+00:00,Home,0,7582.61,0.0,1269,4,0.0559766529033544,Prepaid,West,10,3,0
2091,2023-02-18 00:00:00+00:00,Footwear,1,264.51,0.0,4241,0,0.0,Prepaid,South,7,3,0
3465,2023-02-18 00:00:00+00:00,Home,0,1727.43,0.0,2034,0,0.0,Prepaid,West,10,1,0
4723,2023-02-18 00:00:00+00:00,Apparel,1,863.98,0.0,1249,2,0.00799170715420329,Prepaid,West,7,4,0
1975,2023-02-18 00:00:00+00:00,Electronics,0,971.69,0.0,3802,3,0.11280227127756176,Prepaid,South,10,2,0
3265,2023-02-18 00:00:00+00:00,Electronics,0,706.93,0.0,1751,1,0.35889848566298455,Prepaid,East,7,5,0
317,2023-02-18 00:00:00+00:00,Beauty,0,909.18,0.0,2951,2,0.5884149851765974,Prepaid,East,11,5,0
1397,2023-02-18 00:00:00+00:00,Home,0,1304.04,0.0,2950,2,0.30056315450291343,Prepaid,West,13,2,0
4645,2023-02-18 00:00:00+00:00,Electronics,0,6137.06,0.0,3938,2,0.013052792129346652,Prepaid,East,3,1,0
2864,2023-02-18 00:00:00+00:00,Apparel,1,5040.87,0.0,3477,3,0.3974278936253154,COD,North,3,5,1
657,2023-02-18 00:00:00+00:00,Apparel,1,2813.03,0.48547736867422386,3436,2,0.48958103036157774,Prepaid,South,5,1,0
2353,2023-02-18 00:00:00+00:00,Apparel,1,2090.44,0.0,2146,0,0.0,COD,North,11,0,0
4211,2023-02-18 00:00:00+00:00,Home,0,6615.2,0.3808682915350823,2008,3,0.19142018678191564,Prepaid,South,3,3,0
2266,2023-02-18 00:00:00+00:00,Apparel,1,211.72,0.0,3891,2,0.20560385106214604,Prepaid,North,14,2,0
1194,2023-02-18 00:00:00+00:00,Apparel,1,398.45,0.0,2240,1,0.21591446545364645,Prepaid,East,6,7,0
3700,2023-02-18 00:00:00+00:00,Apparel,1,480.09,0.0,3892,3,0.12035886841087576,Prepaid,North,13,3,0
1184,2023-02-18 00:00:00+00:00,Electronics,0,2127.35,0.02111991012026529,3961,3,0.044763070708420574,COD,East,12,12,0
3408,2023-02-18 00:00:00+00:00,Electronics,0,316.52,0.0,3169,1,0.04529214798741976,Prepaid,East,4,0,0
2791,2023-02-18 00:00:00+00:00,Apparel,1,242.92,0.0,3046,3,0.2654498673480279,Prepaid,North,7,2,0
4642,2023-02-18 00:00:00+00:00,Home,0,1721.45,0.0,4112,3,0.4488649369094462,Prepaid,North,7,4,1
3355,2023-02-18 00:00:00+00:00,Home,0,1538.12,0.09636332414172942,4251,2,0.05796199569477255,COD,East,9,0,0
4696,2023-02-18 00:00:00+00:00,Footwear,1,6103.03,0.0,3220,3,0.02646390261927589,Prepaid,South,7,4,0
392,2023-02-18 00:00:00+00:00,Apparel,1,2076.88,0.30553457393758987,3604,7,0.03394926938913283,Prepaid,North,8,0,0
2206,2023-02-19 00:00:00+00:00,Apparel,1,2462.69,0.0,3771,3,0.10563717419907008,COD,North,7,2,0
4147,2023-02-19 00:00:00+00:00,Apparel,1,1727.79,0.0,4252,3,0.06551323158908273,Prepaid,North,9,1,0
752,2023-02-19 00:00:00+00:00,Electronics,0,432.22,0.0,4492,3,0.2747938282322626,Prepaid,East,13,0,0
2773,2023-02-19 00:00:00+00:00,Apparel,1,364.03,0.4834645988274813,2525,3,0.4819714312035917,Prepaid,South,10,0,0
3173,2023-02-19 00:00:00+00:00,Beauty,0,2107.93,0.2865872657936731,2253,0,0.0,Prepaid,West,9,5,0
4899,2023-02-19 00:00:00+00:00,Footwear,1,1780.29,0.0,1798,1,0.06894501779813171,COD,East,2,0,0
2635,2023-02-19 00:00:00+00:00,Apparel,1,2806.88,0.07213669583071204,1258,2,0.3353174006394958,Prepaid,South,12,6,0
62,2023-02-19 00:00:00+00:00,Home,0,988.44,0.0,4103,2,0.39186203215218685,Prepaid,North,3,2,0
3950,2023-02-19 00:00:00+00:00,Beauty,0,1269.73,0.0,2305,2,0.0980559048490402,Prepaid,East,9,8,0
1668,2023-02-19 00:00:00+00:00,Electronics,0,494.62,0.1375521007377388,1592,2,0.3869539470442587,COD,South,8,4,0
769,2023-02-19 00:00:00+00:00,Apparel,1,1426.59,0.23453770492173218,4223,2,0.5388451941263269,Prepaid,South,13,3,0
2002,2023-02-19 00:00:00+00:00,Electronics,0,265.71,0.26989226479811435,1919,1,0.18697042183088203,Prepaid,West,8,2,0
2275,2023-02-19 00:00:00+00:00,Home,0,752.83,0.22881979599385605,4158,0,0.0,Prepaid,South,1,1,0
1738,2023-02-19 00:00:00+00:00,Footwear,1,1636.46,0.0,1441,2,0.3304173715977929,COD,South,7,6,0
1891,2023-02-19 00:00:00+00:00,Footwear,1,161.85,0.0,1214,0,0.0,COD,South,5,0,0
4292,2023-02-19 00:00:00+00:00,Beauty,0,2665.9,0.14186708125176203,1444,3,0.195903722598392,Prepaid,South,14,0,0
3709,2023-02-19 00:00:00+00:00,Footwear,1,1506.2,0.028187718426722616,1205,3,0.23527297611377898,COD,East,4,1,0
3436,2023-02-19 00:00:00+00:00,Apparel,1,442.2,0.0,4178,3,0.17257125196160755,Prepaid,West,11,8,0
363,2023-02-19 00:00:00+00:00,Apparel,1,857.56,0.0,3006,1,0.051530837897624526,Prepaid,South,3,12,0
1863,2023-02-20 00:00:00+00:00,Apparel,1,2597.43,0.0,4007,3,0.4277882066932883,Prepaid,West,9,3,0
1128,2023-02-20 00:00:00+00:00,Electronics,0,4410.78,0.0,2730,1,0.1511440735887891,COD,South,8,4,0
384,2023-02-20 00:00:00+00:00,Apparel,1,2406.33,0.0,1823,1,0.37156430446640765,COD,West,8,5,1
4896,2023-02-20 00:00:00+00:00,Beauty,0,240.15,0.0,3558,2,0.24400948938181227,Prepaid,East,9,0,0
3866,2023-02-20 00:00:00+00:00,Beauty,0,2855.1,0.0,1841,1,0.01473136640141263,Prepaid,East,14,4,1
2547,2023-02-20 00:00:00+00:00,Footwear,1,492.73,0.019995580552977996,1326,3,0.5105108750597296,Prepaid,North,12,4,0
3270,2023-02-20 00:00:00+00:00,Footwear,1,279.91,0.0,2419,4,0.13901782892047973,COD,North,7,0,0
2956,2023-02-20 00:00:00+00:00,Beauty,0,7359.41,0.0,3602,2,0.03330327514242932,Prepaid,West,11,3,0
174,2023-02-20 00:00:00+00:00,Electronics,0,2027.01,0.032610215474267706,3911,0,0.0,Prepaid,South,12,0,0
737,2023-02-20 00:00:00+00:00,Apparel,1,598.37,0.0,2076,3,0.010356427058128068,Prepaid,South,12,0,0
303,2023-02-20 00:00:00+00:00,Footwear,1,1821.38,0.0,1503,2,0.20045551561461114,Prepaid,North,13,0,0
3435,2023-02-20 00:00:00+00:00,Footwear,1,1261.42,0.4815361268627959,3960,2,0.19624618578215408,Prepaid,North,14,2,0
781,2023-02-20 00:00:00+00:00,Footwear,1,711.81,0.0,2719,1,0.644792774110102,Prepaid,West,14,4,1
39,2023-02-20 00:00:00+00:00,Apparel,1,1017.94,0.0,2439,1,0.08832397950916934,Prepaid,West,12,3,0
3325,2023-02-20 00:00:00+00:00,Home,0,3655.86,0.019736740747803655,2545,0,0.0,Prepaid,South,14,1,0
816,2023-02-20 00:00:00+00:00,Home,0,1138.25,0.6119955811708871,2098,0,0.0,Prepaid,West,2,1,0
3731,2023-02-20 00:00:00+00:00,Electronics,0,1007.7,0.022025773422743727,3819,1,0.6027624470090686,Prepaid,East,10,1,0
3479,2023-02-20 00:00:00+00:00,Electronics,0,4278.22,0.0,2763,2,0.07950852790059547,Prepaid,East,11,2,0
2781,2023-02-20 00:00:00+00:00,Home,0,219.64,0.27511691648433045,2601,1,0.16833765891726016,COD,North,1,0,0
4183,2023-02-20 00:00:00+00:00,Home,0,780.29,0.0,1722,0,0.0,Prepaid,South,4,1,0
2134,2023-02-20 00:00:00+00:00,Home,0,480.19,0.0,1614,3,0.06482622637589965,Prepaid,South,8,9,0
3049,2023-02-20 00:00:00+00:00,Beauty,0,1782.11,0.28771521850910664,3953,0,0.0,Prepaid,North,11,1,0
3202,2023-02-20 00:00:00+00:00,Electronics,0,2011.22,0.0,3185,2,0.40174645280406723,Prepaid,South,2,2,0
1350,2023-02-20 00:00:00+00:00,Home,0,245.57,0.013091518916482248,3771,1,0.14754647464906887,COD,North,11,7,0
1245,2023-02-20 00:00:00+00:00,Electronics,0,1002.76,0.0,2807,2,0.015163383299604205,Prepaid,South,8,0,0
34,2023-02-20 00:00:00+00:00,Apparel,1,2813.71,0.3091604728720721,2889,2,0.4278311978773313,Prepaid,South,10,0,0
3329,2023-02-20 00:00:00+00:00,Beauty,0,4269.84,0.0,3083,0,0.0,Prepaid,North,6,8,0
561,2023-02-21 00:00:00+00:00,Apparel,1,214.39,0.0,1232,0,0.0,Prepaid,South,14,0,0
228,2023-02-21 00:00:00+00:00,Electronics,0,536.61,0.33971014062241617,4011,0,0.0,Prepaid,South,11,0,0
3198,2023-02-21 00:00:00+00:00,Apparel,1,11484.14,0.0,1159,0,0.0,COD,North,3,7,0
2450,2023-02-21 00:00:00+00:00,Home,0,1810.77,0.0,1306,2,0.1653296432517726,Prepaid,South,11,4,0
2487,2023-02-21 00:00:00+00:00,Home,0,2258.32,0.0,1486,2,0.07082442969461998,Prepaid,South,4,5,0
3148,2023-02-21 00:00:00+00:00,Apparel,1,237.88,0.2961794736767025,3866,4,0.36200325852599996,Prepaid,North,6,1,0
3675,2023-02-21 00:00:00+00:00,Beauty,0,891.47,0.0,1829,2,0.33490939397601655,Prepaid,North,14,11,0
776,2023-02-21 00:00:00+00:00,Electronics,0,1376.75,0.0,2702,0,0.0,Prepaid,West,3,2,0
2451,2023-02-21 00:00:00+00:00,Apparel,1,322.24,0.1441980495498101,3146,4,0.06938346462471609,COD,East,5,10,0
1518,2023-02-21 00:00:00+00:00,Home,0,407.38,0.15312167881972719,2242,1,0.18610569566607502,Prepaid,North,14,2,0
413,2023-02-21 00:00:00+00:00,Apparel,1,1299.91,0.39114138564725853,2410,2,0.12039133628322687,Prepaid,North,8,5,1
2015,2023-02-21 00:00:00+00:00,Electronics,0,4457.13,0.12492684039888337,3931,1,0.41803378443454614,Prepaid,East,3,3,0
136,2023-02-21 00:00:00+00:00,Electronics,0,2457.58,0.11150022004885767,3337,3,0.2187828705984136,Prepaid,South,1,2,0
184,2023-02-21 00:00:00+00:00,Home,0,302.32,0.0,2535,2,0.2512368645010448,COD,West,11,5,0
3922,2023-02-21 00:00:00+00:00,Apparel,1,216.57,0.0,3284,1,0.09791502411423518,COD,West,13,4,0
3912,2023-02-21 00:00:00+00:00,Footwear,1,95.83,0.0,2634,1,0.19530140059818257,Prepaid,North,2,3,1
3536,2023-02-21 00:00:00+00:00,Electronics,0,3385.72,0.011702227506396615,3597,4,0.193052033231944,Prepaid,East,14,1,0
4207,2023-02-21 00:00:00+00:00,Electronics,0,956.4,0.0,1591,0,0.0,Prepaid,South,12,3,1
2483,2023-02-21 00:00:00+00:00,Beauty,0,730.01,0.19428589911136832,1806,1,0.1486858249366531,Prepaid,East,5,1,0
2144,2023-02-21 00:00:00+00:00,Apparel,1,737.34,0.0,2305,3,0.37306958674505813,Prepaid,South,8,2,0
4538,2023-02-21 00:00:00+00:00,Beauty,0,686.61,0.0,4051,4,0.15632847326405488,Prepaid,West,14,8,0
1733,2023-02-22 00:00:00+00:00,Apparel,1,688.54,0.3478146415263932,4397,2,0.13591455172450892,Prepaid,South,14,4,0
794,2023-02-22 00:00:00+00:00,Apparel,1,1064.57,0.19265116567594215,2013,3,0.13637132590596412,COD,South,12,3,1
4274,2023-02-22 00:00:00+00:00,Apparel,1,471.53,0.13804034095572404,2249,2,0.4241650603582108,COD,East,3,4,0
3151,2023-02-22 00:00:00+00:00,Apparel,1,1510.4,0.14959983291120713,1428,2,0.0006873490388831914,Prepaid,East,7,2,0
3683,2023-02-22 00:00:00+00:00,Home,0,309.7,0.22797926537072552,3749,4,0.02336760568642186,Prepaid,South,7,1,0
4354,2023-02-22 00:00:00+00:00,Beauty,0,435.33,0.16293570923669415,3958,2,0.12042220126194242,Prepaid,West,8,3,0
4373,2023-02-22 00:00:00+00:00,Electronics,0,360.22,0.0,2537,2,0.18928767719189538,Prepaid,North,11,6,0
3810,2023-02-22 00:00:00+00:00,Home,0,2269.22,0.0,3280,6,0.4493490979285653,Prepaid,North,10,3,0
3813,2023-02-22 00:00:00+00:00,Electronics,0,969.62,0.06032971569549159,1887,2,0.01564588315941798,Prepaid,North,3,7,0
202,2023-02-22 00:00:00+00:00,Beauty,0,516.19,0.0,2862,2,0.2079662592031367,Prepaid,West,4,2,0
729,2023-02-22 00:00:00+00:00,Electronics,0,769.77,0.1262820526788927,3613,0,0.0,Prepaid,East,5,1,0
3664,2023-02-22 00:00:00+00:00,Footwear,1,2369.17,0.0,2244,2,0.0023715697471838504,Prepaid,South,10,7,0
3656,2023-02-22 00:00:00+00:00,Beauty,0,1340.36,0.0,1750,1,0.26484270804081694,Prepaid,West,9,0,0
1861,2023-02-22 00:00:00+00:00,Apparel,1,6348.39,0.0,2376,1,0.23388079642827164,Prepaid,South,5,1,0
51,2023-02-22 00:00:00+00:00,Footwear,1,1589.34,0.0,1702,3,0.14228668353222806,COD,East,10,0,0
4647,2023-02-22 00:00:00+00:00,Footwear,1,721.36,0.4630245245098926,2926,0,0.0,Prepaid,East,8,5,0
1339,2023-02-22 00:00:00+00:00,Home,0,392.3,0.0,4344,1,0.21562707422873523,COD,North,4,0,1
18,2023-02-22 00:00:00+00:00,Apparel,1,474.06,0.057337809110308814,4064,1,0.021633362043962254,COD,South,3,0,0
400,2023-02-22 00:00:00+00:00,Apparel,1,230.17,0.0,4454,2,0.19783282767481258,Prepaid,North,3,1,0
572,2023-02-22 00:00:00+00:00,Home,0,3770.08,0.06556464778414793,4235,2,0.0062131810203216575,Prepaid,West,8,0,0
1150,2023-02-22 00:00:00+00:00,Electronics,0,7452.6,0.0,1576,0,0.0,Prepaid,South,11,3,0
2050,2023-02-22 00:00:00+00:00,Apparel,1,4181.44,0.0,2507,3,0.019813042933931924,COD,North,6,2,0
3470,2023-02-22 00:00:00+00:00,Apparel,1,1070.64,0.0,4128,2,0.2505145469560996,COD,South,10,0,0
81,2023-02-22 00:00:00+00:00,Footwear,1,3156.55,0.0,2495,1,0.15071895809452107,Prepaid,East,14,0,1
1043,2023-02-22 00:00:00+00:00,Home,0,3126.79,0.14385260008959963,1195,0,0.0,Prepaid,South,7,16,0
1288,2023-02-22 00:00:00+00:00,Footwear,1,902.94,0.12002862171301723,2903,5,0.21965919891995409,Prepaid,West,13,4,1
4990,2023-02-22 00:00:00+00:00,Apparel,1,3741.83,0.0,1559,1,0.36549149041970275,COD,West,2,1,0
1348,2023-02-23 00:00:00+00:00,Home,0,6584.03,0.0,2269,1,0.021144301093296645,Prepaid,East,2,9,0
2177,2023-02-23 00:00:00+00:00,Beauty,0,2432.28,0.0,4013,6,0.1345737295936502,COD,South,4,1,0
3674,2023-02-23 00:00:00+00:00,Apparel,1,1350.18,0.1663667974477681,2497,3,0.06734015127883386,Prepaid,West,11,1,1
4410,2023-02-23 00:00:00+00:00,Apparel,1,837.86,0.12958380516055515,3620,3,0.05406842131550758,Prepaid,West,10,1,0
1243,2023-02-23 00:00:00+00:00,Beauty,0,83.32,0.0,3198,0,0.0,Prepaid,South,1,4,0
2683,2023-02-23 00:00:00+00:00,Home,0,1451.28,0.2126357579359263,2052,6,0.662767507745218,Prepaid,North,13,2,0
397,2023-02-23 00:00:00+00:00,Home,0,444.13,0.0,4058,2,0.46559907385667276,Prepaid,East,11,1,0
339,2023-02-23 00:00:00+00:00,Home,0,1159.56,0.0,4144,3,0.03305643598211551,COD,South,6,1,0
4161,2023-02-23 00:00:00+00:00,Apparel,1,17709.77,0.0,3934,2,0.13954225598165973,COD,West,5,4,0
1362,2023-02-23 00:00:00+00:00,Beauty,0,1185.51,0.0,3932,2,0.19038890533268468,Prepaid,West,8,2,1
4306,2023-02-23 00:00:00+00:00,Home,0,6359.12,0.19543398183796554,3094,0,0.0,Prepaid,West,9,1,0
3924,2023-02-23 00:00:00+00:00,Beauty,0,2115.94,0.0,1383,3,0.25052273526557384,Prepaid,East,8,3,0
3577,2023-02-23 00:00:00+00:00,Apparel,1,1765.89,0.12521078428542098,3492,2,0.2102121140115323,Prepaid,South,3,3,0
67,2023-02-23 00:00:00+00:00,Beauty,0,555.01,0.0,4239,0,0.0,Prepaid,East,5,4,0
3783,2023-02-23 00:00:00+00:00,Beauty,0,5722.55,0.22533453671374154,3374,2,0.3533833646068322,Prepaid,East,6,0,0
70,2023-02-23 00:00:00+00:00,Electronics,0,1051.39,0.038902609789472735,2569,1,0.1275986019590913,COD,East,6,0,0
3808,2023-02-23 00:00:00+00:00,Beauty,0,7727.43,0.0,3991,4,0.07392975693415145,Prepaid,East,8,0,0
1537,2023-02-23 00:00:00+00:00,Apparel,1,2689.98,0.0,3193,1,0.1106403118958968,COD,East,4,2,0
663,2023-02-23 00:00:00+00:00,Apparel,1,2063.99,0.17362444509459363,3329,3,0.005649283050506482,COD,West,8,5,0
1525,2023-02-23 00:00:00+00:00,Apparel,1,7477.24,0.0,1565,2,0.06583420411327115,Prepaid,East,8,1,0
1788,2023-02-23 00:00:00+00:00,Beauty,0,323.51,0.0996983229462016,3521,4,0.05378437646410796,Prepaid,North,13,1,1
3518,2023-02-23 00:00:00+00:00,Footwear,1,833.92,0.0,2083,6,0.29325693357057736,Prepaid,East,1,4,0
3800,2023-02-23 00:00:00+00:00,Home,0,1805.71,0.2572687301300744,3619,2,0.33859450166925564,Prepaid,East,5,1,0
4660,2023-02-23 00:00:00+00:00,Apparel,1,2994.37,0.0,3810,4,0.10117929683874345,COD,South,1,2,0
196,2023-02-23 00:00:00+00:00,Apparel,1,1084.17,0.0,3457,3,0.2594213619624797,COD,South,8,4,0
261,2023-02-23 00:00:00+00:00,Electronics,0,1143.48,0.0,1157,2,0.02470791094674195,Prepaid,North,14,7,0
4506,2023-02-23 00:00:00+00:00,Electronics,0,3316.71,0.0,1652,1,0.027127136901578242,Prepaid,West,9,9,0
3260,2023-02-23 00:00:00+00:00,Apparel,1,3005.21,0.0,1925,1,0.10076166573282057,COD,North,7,3,0
2387,2023-02-23 00:00:00+00:00,Apparel,1,330.5,0.2805220315870377,2405,1,0.0199949566789044,Prepaid,East,13,8,0
2080,2023-02-23 00:00:00+00:00,Beauty,0,1073.06,0.026572172777664452,2427,1,0.00017086033298063105,Prepaid,North,2,2,0
2379,2023-02-23 00:00:00+00:00,Apparel,1,455.63,0.15245953733407291,3337,2,0.22594913065454295,Prepaid,East,10,1,0
754,2023-02-23 00:00:00+00:00,Apparel,1,205.5,0.1907270584234984,3762,3,0.16907194485838886,Prepaid,North,11,5,0
4124,2023-02-23 00:00:00+00:00,Footwear,1,456.04,0.5972743397757648,3901,0,0.0,Prepaid,West,13,1,0
2704,2023-02-23 00:00:00+00:00,Apparel,1,454.78,0.13398295629643275,2953,0,0.0,Prepaid,North,14,5,0
280,2023-02-23 00:00:00+00:00,Apparel,1,2634.56,0.0,3971,1,0.17121544084009754,Prepaid,East,4,2,0
4763,2023-02-23 00:00:00+00:00,Apparel,1,286.6,0.2489382323944546,2605,0,0.0,COD,East,9,1,1
2298,2023-02-24 00:00:00+00:00,Apparel,1,4711.96,0.11626191447141025,3796,1,0.2080822439958176,Prepaid,West,14,1,0
2720,2023-02-24 00:00:00+00:00,Apparel,1,355.37,0.0,2122,1,0.1681586005999439,Prepaid,West,5,4,1
2966,2023-02-24 00:00:00+00:00,Electronics,0,2290.39,0.0,4117,2,0.19992912640622224,Prepaid,North,2,1,0
2302,2023-02-24 00:00:00+00:00,Apparel,1,1410.63,0.0,1671,0,0.0,Prepaid,East,10,0,1
2343,2023-02-24 00:00:00+00:00,Electronics,0,1593.8,0.0,2180,2,0.21913888375922871,Prepaid,West,5,0,0
921,2023-02-24 00:00:00+00:00,Beauty,0,538.37,0.0,1413,4,0.07461103369509213,COD,West,5,8,0
722,2023-02-24 00:00:00+00:00,Apparel,1,323.32,0.0,2903,2,0.18919220346594406,COD,West,8,2,1
1856,2023-02-24 00:00:00+00:00,Apparel,1,833.08,0.0,3632,1,0.17086926568569938,Prepaid,East,11,2,0
411,2023-02-24 00:00:00+00:00,Electronics,0,24217.46,0.029594803747143836,2519,1,0.11455583358265395,Prepaid,East,14,4,1
4510,2023-02-24 00:00:00+00:00,Apparel,1,2505.37,0.0,1332,2,0.5530474035822638,Prepaid,East,9,0,1
1144,2023-02-24 00:00:00+00:00,Apparel,1,580.37,0.08188297144230426,4036,1,0.19592780741957022,COD,North,6,7,0
2031,2023-02-24 00:00:00+00:00,Apparel,1,884.06,0.052365918676898715,2133,2,0.21090691828572372,Prepaid,West,5,0,0
1401,2023-02-24 00:00:00+00:00,Footwear,1,3216.69,0.07936378696696371,1337,4,0.21538770981120053,Prepaid,South,8,0,0
3968,2023-02-24 00:00:00+00:00,Apparel,1,184.5,0.32730660603456563,2223,3,0.3372596433261267,Prepaid,South,4,1,0
4541,2023-02-24 00:00:00+00:00,Home,0,1178.99,0.08947917046479067,4202,2,0.24936036673231476,Prepaid,West,13,3,1
36,2023-02-24 00:00:00+00:00,Beauty,0,478.61,0.2558081488068016,2227,0,0.0,Prepaid,North,2,0,0
4012,2023-02-24 00:00:00+00:00,Electronics,0,142.4,0.024709864799431353,2952,2,0.3481989554786825,COD,East,8,2,0
3856,2023-02-24 00:00:00+00:00,Electronics,0,1737.68,0.26935666963901517,1807,1,0.12416056966036658,COD,North,7,1,0
1260,2023-02-24 00:00:00+00:00,Footwear,1,886.65,0.3620903110086878,2688,2,0.011764747668814832,Prepaid,North,6,0,0
3351,2023-02-24 00:00:00+00:00,Apparel,1,6510.15,0.0,3045,3,0.36843559615431964,Prepaid,North,9,4,0
4910,2023-02-24 00:00:00+00:00,Home,0,167.22,0.0,2490,0,0.0,Prepaid,North,5,9,0
1364,2023-02-24 00:00:00+00:00,Apparel,1,6493.23,0.1278865927259132,1541,2,0.06340871272640891,COD,East,3,2,0
1224,2023-02-24 00:00:00+00:00,Apparel,1,1622.95,0.0,1081,4,0.031088237344117843,COD,West,1,1,0
4544,2023-02-24 00:00:00+00:00,Apparel,1,201.13,0.0,1883,2,0.22683062638050147,Prepaid,North,8,5,1
3653,2023-02-24 00:00:00+00:00,Footwear,1,521.91,0.0,2458,1,0.31702541947987295,Prepaid,East,14,6,0
3208,2023-02-24 00:00:00+00:00,Electronics,0,423.94,0.0,1471,2,0.044680413237705024,Prepaid,East,3,3,0
1233,2023-02-24 00:00:00+00:00,Electronics,0,288.28,0.0,1867,6,0.0406937737756655,Prepaid,West,7,0,0
1466,2023-02-24 00:00:00+00:00,Apparel,1,7424.6,0.0,4430,2,0.01529305297310928,Prepaid,South,6,4,0
3397,2023-02-25 00:00:00+00:00,Home,0,220.22,0.0,2702,3,0.13430133673009093,COD,South,1,2,0
2693,2023-02-25 00:00:00+00:00,Home,0,2058.56,0.08716419192620038,3123,0,0.0,Prepaid,West,6,2,0
856,2023-02-25 00:00:00+00:00,Apparel,1,695.72,0.21305866334364232,3575,2,0.15015454957569352,Prepaid,North,5,1,0
1595,2023-02-25 00:00:00+00:00,Electronics,0,2475.14,0.0,1298,1,0.24088861322248462,Prepaid,East,3,3,0
840,2023-02-25 00:00:00+00:00,Apparel,1,509.45,0.0,1304,6,0.39627451027194566,COD,North,6,0,0
698,2023-02-25 00:00:00+00:00,Apparel,1,5248.46,0.0,3124,1,0.12807890478146675,Prepaid,South,4,2,0
3736,2023-02-25 00:00:00+00:00,Footwear,1,476.37,0.1881888374388148,3470,0,0.0,Prepaid,North,4,0,0
2430,2023-02-25 00:00:00+00:00,Apparel,1,3375.55,0.37079115302357635,4112,2,0.7081067047303947,COD,West,3,12,1
4070,2023-02-25 00:00:00+00:00,Apparel,1,1759.3,0.0,2889,1,0.16976573251365118,Prepaid,South,11,3,0
1978,2023-02-25 00:00:00+00:00,Apparel,1,638.94,0.0,1269,1,0.3621522935972185,COD,North,3,4,0
4531,2023-02-25 00:00:00+00:00,Electronics,0,2914.15,0.0,1276,1,0.33691622277215566,COD,South,10,0,0
4664,2023-02-25 00:00:00+00:00,Apparel,1,1758.43,0.0,4281,0,0.0,Prepaid,South,10,3,0
1870,2023-02-25 00:00:00+00:00,Beauty,0,489.89,0.12445004627550892,2048,1,0.4806360049300112,COD,West,11,4,0
3242,2023-02-25 00:00:00+00:00,Electronics,0,1411.99,0.04049359879533335,1922,2,0.09976296138192123,Prepaid,West,2,3,0
4484,2023-02-25 00:00:00+00:00,Apparel,1,916.36,0.0,1082,1,0.1778897617484798,Prepaid,North,4,1,0
637,2023-02-25 00:00:00+00:00,Electronics,0,1473.99,0.2356654791567256,4176,1,0.10206105857265535,COD,South,2,4,1
4830,2023-02-25 00:00:00+00:00,Home,0,779.08,0.14432831590077538,3389,2,0.5250181371815597,COD,West,5,3,0
1369,2023-02-25 00:00:00+00:00,Electronics,0,1376.93,0.0,2428,3,0.2821868687532689,COD,East,10,0,0
2170,2023-02-25 00:00:00+00:00,Apparel,1,1343.39,0.17887617211579193,2037,3,0.22709253447101402,Prepaid,North,8,1,0
3887,2023-02-25 00:00:00+00:00,Electronics,0,3451.67,0.03161725889233419,2915,1,0.09670193724018578,Prepaid,West,1,0,0
864,2023-02-25 00:00:00+00:00,Apparel,1,618.97,0.0,2059,0,0.0,COD,North,7,3,1
1333,2023-02-26 00:00:00+00:00,Electronics,0,2144.67,0.17874433669976553,2576,0,0.0,Prepaid,West,13,1,0
4313,2023-02-26 00:00:00+00:00,Electronics,0,11087.05,0.3540098592830009,2047,2,0.13106131790831854,COD,East,6,0,0
1966,2023-02-26 00:00:00+00:00,Footwear,1,803.9,0.0,2109,4,0.01825583956866067,Prepaid,West,3,2,0
1141,2023-02-26 00:00:00+00:00,Home,0,2109.12,0.0,1543,2,0.17026208386447508,Prepaid,East,6,0,0
3385,2023-02-26 00:00:00+00:00,Footwear,1,463.91,0.27251291933276434,1833,3,0.05628232268605027,COD,South,4,0,0
3666,2023-02-26 00:00:00+00:00,Apparel,1,2782.13,0.11108817016644319,3769,2,0.2069124138339885,COD,North,5,2,1
2753,2023-02-26 00:00:00+00:00,Footwear,1,565.21,0.0,2274,2,0.4170208068884293,COD,East,9,6,0
3805,2023-02-26 00:00:00+00:00,Home,0,648.13,0.0,4055,3,0.03543503362010808,Prepaid,South,12,1,0
4283,2023-02-26 00:00:00+00:00,Apparel,1,573.3,0.0,3075,1,0.13754385303299532,COD,South,3,3,0
3087,2023-02-26 00:00:00+00:00,Electronics,0,3453.71,0.0,1285,2,0.11504833790329864,Prepaid,South,13,2,0
3587,2023-02-26 00:00:00+00:00,Apparel,1,372.88,0.0,1987,0,0.0,COD,South,12,0,1
3914,2023-02-26 00:00:00+00:00,Apparel,1,894.81,0.0,3891,2,0.7626165702968146,Prepaid,South,14,5,0
4570,2023-02-26 00:00:00+00:00,Electronics,0,487.84,0.0,3364,3,0.39448794878305826,Prepaid,North,11,5,1
756,2023-02-26 00:00:00+00:00,Apparel,1,5725.1,0.0,4199,2,0.26520139871250337,COD,East,7,0,1
1240,2023-02-26 00:00:00+00:00,Apparel,1,438.8,0.0,2515,5,0.6087467826760233,Prepaid,South,12,1,0
2855,2023-02-26 00:00:00+00:00,Apparel,1,541.41,0.0,4449,3,0.346625141018053,COD,East,6,1,0
4261,2023-02-26 00:00:00+00:00,Home,0,280.29,0.0,2200,0,0.0,Prepaid,West,3,1,1
4768,2023-02-26 00:00:00+00:00,Beauty,0,1109.49,0.0,1562,1,0.10756572920310743,Prepaid,East,14,1,0
4123,2023-02-26 00:00:00+00:00,Footwear,1,492.77,0.11543637894442127,3227,2,0.08205830479597659,Prepaid,West,13,0,0
4683,2023-02-26 00:00:00+00:00,Home,0,2972.47,0.0,1280,1,0.21020802994311172,Prepaid,South,9,0,1
1400,2023-02-26 00:00:00+00:00,Apparel,1,2902.62,0.09252153234003355,3948,7,0.2465515326101179,Prepaid,West,5,8,0
2804,2023-02-26 00:00:00+00:00,Home,0,634.71,0.0,3177,0,0.0,Prepaid,South,7,2,0
369,2023-02-26 00:00:00+00:00,Electronics,0,1251.0,0.0,2598,5,0.3198156547641392,Prepaid,East,13,0,1
4198,2023-02-26 00:00:00+00:00,Apparel,1,2803.19,0.0846789305045948,2108,1,0.2497116208539925,Prepaid,West,7,0,0
2811,2023-02-26 00:00:00+00:00,Home,0,2043.61,0.0,3964,1,0.033251271844574784,Prepaid,North,2,0,0
2900,2023-02-26 00:00:00+00:00,Beauty,0,7490.86,0.0,3699,5,0.24186148923194803,COD,East,5,5,0
4983,2023-02-26 00:00:00+00:00,Footwear,1,1122.36,0.09457437915322274,3035,6,0.0832150597103596,COD,North,6,0,1
4127,2023-02-26 00:00:00+00:00,Apparel,1,411.95,0.339429737674127,3453,5,0.3993235119423173,Prepaid,East,7,1,0
575,2023-02-26 00:00:00+00:00,Apparel,1,287.5,0.0,4067,2,0.25895361532016303,COD,North,1,6,0
3858,2023-02-26 00:00:00+00:00,Apparel,1,2922.25,0.0,3058,1,0.03717238160630306,Prepaid,North,6,3,0
1153,2023-02-26 00:00:00+00:00,Footwear,1,979.98,0.18309813006280917,1712,2,0.4157403343376779,Prepaid,West,6,12,0
4695,2023-02-26 00:00:00+00:00,Footwear,1,686.55,0.1453032553263405,2995,3,0.19100986328053335,Prepaid,West,12,7,0
2710,2023-02-26 00:00:00+00:00,Footwear,1,4371.08,0.18927430664313555,2366,1,0.5486407406881391,COD,East,11,1,0
1530,2023-02-26 00:00:00+00:00,Electronics,0,2682.78,0.13083081328505616,1284,4,0.2445068991232422,Prepaid,West,14,0,0
2279,2023-02-27 00:00:00+00:00,Home,0,896.36,0.0,2087,2,0.18174040020242405,Prepaid,South,13,0,0
2682,2023-02-27 00:00:00+00:00,Footwear,1,637.98,0.0,1130,0,0.0,Prepaid,South,6,4,0
1839,2023-02-27 00:00:00+00:00,Apparel,1,443.14,0.0,3207,3,0.10416161938339431,Prepaid,South,13,0,0
4320,2023-02-27 00:00:00+00:00,Footwear,1,1433.89,0.28203732287529143,3140,1,0.11125143923831025,Prepaid,South,1,1,0
2937,2023-02-27 00:00:00+00:00,Electronics,0,324.67,0.23718349112854437,3890,2,0.005369730877546681,COD,South,2,2,0
4739,2023-02-27 00:00:00+00:00,Apparel,1,491.16,0.2556583250516953,2105,2,0.18659913320616747,COD,South,7,0,1
4230,2023-02-27 00:00:00+00:00,Apparel,1,498.22,0.0,2739,1,0.06157339066502125,Prepaid,West,12,2,0
520,2023-02-27 00:00:00+00:00,Apparel,1,5698.75,0.0,4348,2,0.17747974516585016,Prepaid,South,2,2,0
1715,2023-02-27 00:00:00+00:00,Apparel,1,899.01,0.03947135072872193,4326,3,0.005925874681138511,COD,East,13,0,0
26,2023-02-27 00:00:00+00:00,Beauty,0,909.32,0.0,3443,0,0.0,COD,South,9,0,1
4146,2023-02-27 00:00:00+00:00,Apparel,1,84.6,0.24697814578698213,1888,4,0.24441951266335707,COD,West,4,0,1
390,2023-02-27 00:00:00+00:00,Apparel,1,2338.75,0.0,3974,2,0.0703676903036025,COD,East,8,1,0
2510,2023-02-27 00:00:00+00:00,Electronics,0,1498.38,0.0,1993,2,0.021926995435305362,Prepaid,North,8,1,0
4733,2023-02-27 00:00:00+00:00,Beauty,0,669.29,0.2693301377165507,1296,1,0.30962826463172816,Prepaid,North,7,0,0
4052,2023-02-27 00:00:00+00:00,Home,0,570.4,0.0,4126,1,0.1051081810486357,Prepaid,North,6,0,0
340,2023-02-27 00:00:00+00:00,Apparel,1,716.14,0.0,2721,3,0.1768984678928328,COD,South,13,6,1
626,2023-02-27 00:00:00+00:00,Footwear,1,303.85,0.0,3716,2,0.0034999477394699156,Prepaid,East,6,0,0
1622,2023-02-27 00:00:00+00:00,Apparel,1,341.83,0.0,4498,0,0.0,Prepaid,East,3,0,0
2739,2023-02-27 00:00:00+00:00,Apparel,1,724.98,0.0,1845,1,0.1664343039375656,Prepaid,West,12,8,1
4551,2023-02-27 00:00:00+00:00,Beauty,0,884.74,0.09396991314206735,1248,3,0.4758932220513775,COD,West,1,0,1
2539,2023-02-27 00:00:00+00:00,Apparel,1,205.48,0.12950848128624728,4002,4,0.032808946078574326,COD,North,1,7,0
642,2023-02-27 00:00:00+00:00,Beauty,0,242.03,0.1644402861664584,3227,3,0.3960367256069419,COD,North,10,0,0
1684,2023-02-27 00:00:00+00:00,Footwear,1,1065.05,0.0,1340,4,0.08157062569976861,Prepaid,West,10,0,0
426,2023-02-27 00:00:00+00:00,Home,0,1921.15,0.07523658136331896,1616,2,0.13551605325857113,Prepaid,North,12,1,0
389,2023-02-27 00:00:00+00:00,Electronics,0,222.97,0.0,1312,0,0.0,Prepaid,West,11,0,1
3052,2023-02-27 00:00:00+00:00,Apparel,1,159.02,0.0,1641,5,0.2887762321333442,Prepaid,South,13,2,0
435,2023-02-27 00:00:00+00:00,Footwear,1,2923.78,0.0,2906,4,0.21013920756008103,Prepaid,East,2,0,0
4450,2023-02-27 00:00:00+00:00,Home,0,443.48,0.3968967845796906,1881,2,0.1273858173253937,COD,West,10,10,0
2857,2023-02-27 00:00:00+00:00,Home,0,609.64,0.23350284707943636,3141,1,0.2969422190352392,Prepaid,South,2,0,0
2471,2023-02-27 00:00:00+00:00,Apparel,1,1226.42,0.0,1516,4,0.04579241249379946,Prepaid,West,3,7,0
4487,2023-02-27 00:00:00+00:00,Apparel,1,1034.7,0.0,3053,4,0.14037786039913114,Prepaid,South,4,2,0
4644,2023-02-27 00:00:00+00:00,Electronics,0,3404.55,0.0,3845,1,0.42617711029077676,COD,West,3,1,1
1607,2023-02-28 00:00:00+00:00,Apparel,1,15324.35,0.41814935674531306,2437,2,0.1232892860774546,Prepaid,North,4,0,0
4059,2023-02-28 00:00:00+00:00,Apparel,1,409.81,0.0,3980,3,0.22392767212923365,Prepaid,West,14,0,0
3271,2023-02-28 00:00:00+00:00,Footwear,1,1572.92,0.0,4195,0,0.0,COD,South,13,1,0
1520,2023-02-28 00:00:00+00:00,Footwear,1,703.42,0.08217999796193523,2241,0,0.0,Prepaid,East,13,0,0
3896,2023-02-28 00:00:00+00:00,Electronics,0,6794.97,0.0,3019,4,0.316134319816643,COD,East,1,1,0
1608,2023-02-28 00:00:00+00:00,Electronics,0,4863.81,0.0,2627,2,0.15819315161860553,Prepaid,East,2,2,1
4366,2023-02-28 00:00:00+00:00,Electronics,0,1726.77,0.0,3618,0,0.0,COD,South,7,5,0
30,2023-02-28 00:00:00+00:00,Apparel,1,459.15,0.0,4371,2,0.10981681054250036,COD,East,12,1,0
1297,2023-02-28 00:00:00+00:00,Apparel,1,735.5,0.2582017419546437,1021,2,0.15422422124214943,Prepaid,North,5,4,0
4710,2023-02-28 00:00:00+00:00,Footwear,1,2778.98,0.0,2216,1,0.17701557256786565,Prepaid,West,7,3,0
3456,2023-02-28 00:00:00+00:00,Home,0,222.07,0.21486169699552213,1730,3,0.4054915213122743,Prepaid,West,4,3,1
1994,2023-02-28 00:00:00+00:00,Apparel,1,1800.44,0.0,1808,1,0.32963605172004984,Prepaid,East,7,14,0
4289,2023-02-28 00:00:00+00:00,Footwear,1,552.88,0.22134103433622396,2207,0,0.0,COD,East,4,1,1
713,2023-02-28 00:00:00+00:00,Home,0,1330.87,0.049398573040244656,3154,1,0.22550224212999564,Prepaid,East,5,0,0
2595,2023-02-28 00:00:00+00:00,Apparel,1,1837.03,0.0,4325,3,0.09554973445068514,Prepaid,North,3,0,0
3015,2023-02-28 00:00:00+00:00,Apparel,1,161.76,0.0,3995,0,0.0,COD,North,5,2,1
906,2023-02-28 00:00:00+00:00,Electronics,0,4190.37,0.3105516439927248,2419,2,0.09270631943242573,Prepaid,South,13,0,1
1872,2023-02-28 00:00:00+00:00,Home,0,3821.42,0.0,3380,3,0.22170343560369415,Prepaid,South,12,1,0
4743,2023-02-28 00:00:00+00:00,Apparel,1,1032.25,0.34385002715503654,4265,4,0.039489602284600085,Prepaid,South,13,4,0
1436,2023-02-28 00:00:00+00:00,Apparel,1,1721.17,0.0,2207,0,0.0,Prepaid,East,1,4,0
2914,2023-02-28 00:00:00+00:00,Home,0,417.97,0.0,1168,2,0.1557275919390301,Prepaid,South,10,2,0
3871,2023-02-28 00:00:00+00:00,Apparel,1,2079.93,0.0,3447,3,0.1802799675118128,Prepaid,East,4,0,1
3977,2023-02-28 00:00:00+00:00,Apparel,1,4002.62,0.0,1947,3,0.09626198930668385,Prepaid,East,10,3,1
4375,2023-02-28 00:00:00+00:00,Apparel,1,957.29,0.0,3728,0,0.0,COD,South,3,0,0
4939,2023-02-28 00:00:00+00:00,Home,0,113.47,0.0,2538,2,0.20359783519172334,Prepaid,East,8,1,0
4235,2023-02-28 00:00:00+00:00,Beauty,0,2145.21,0.0,1067,2,0.19885315521329328,Prepaid,East,14,3,0
3438,2023-02-28 00:00:00+00:00,Footwear,1,563.52,0.0,3106,4,0.24502069987618805,Prepaid,North,9,0,0
4164,2023-02-28 00:00:00+00:00,Apparel,1,6991.57,0.0,2817,2,0.10274679136979177,Prepaid,West,9,3,1
4918,2023-02-28 00:00:00+00:00,Electronics,0,618.41,0.0,4285,2,0.1898972660463726,COD,North,1,2,1
4894,2023-02-28 00:00:00+00:00,Apparel,1,6925.78,0.1486400170031527,4281,1,0.09101275312953491,COD,East,6,0,0
3689,2023-02-28 00:00:00+00:00,Electronics,0,814.23,0.15839716857521158,4281,2,0.18877154836127427,Prepaid,East,5,3,0
1415,2023-02-28 00:00:00+00:00,Apparel,1,2003.42,0.0,3138,1,0.33394831042569084,Prepaid,East,1,0,0
4767,2023-02-28 00:00:00+00:00,Beauty,0,846.5,0.12844318700479815,2031,3,0.06057652783663134,COD,South,4,15,0
177,2023-02-28 00:00:00+00:00,Electronics,0,3014.25,0.0,4449,1,0.11640740697839339,COD,North,11,10,0
1114,2023-03-01 00:00:00+00:00,Apparel,1,1823.79,0.0,4236,5,0.40762761450808704,Prepaid,North,6,2,0
2088,2023-03-01 00:00:00+00:00,Apparel,1,357.56,0.0,3320,1,0.019830329179926085,Prepaid,South,6,5,1
2350,2023-03-01 00:00:00+00:00,Apparel,1,1220.07,0.0,1569,3,0.00883307174577335,Prepaid,West,12,9,0
2809,2023-03-01 00:00:00+00:00,Home,0,537.76,0.0,1535,2,0.15670526833575849,Prepaid,East,1,3,0
2729,2023-03-01 00:00:00+00:00,Apparel,1,434.75,0.0,1810,1,0.1872792253633374,Prepaid,East,12,3,0
2973,2023-03-01 00:00:00+00:00,Apparel,1,2677.91,0.0,1405,2,0.1721932775236118,COD,East,7,8,0
367,2023-03-01 00:00:00+00:00,Beauty,0,2556.53,0.0,1718,0,0.0,Prepaid,South,8,0,0
47,2023-03-01 00:00:00+00:00,Apparel,1,646.23,0.0,3995,1,0.1398910334998448,COD,North,1,8,0
4713,2023-03-01 00:00:00+00:00,Apparel,1,552.05,0.0,3999,2,0.04284638727516256,Prepaid,East,10,1,0
2210,2023-03-01 00:00:00+00:00,Beauty,0,913.46,0.0,1651,2,0.026416221588013176,COD,East,3,2,0
2418,2023-03-01 00:00:00+00:00,Electronics,0,4380.63,0.0,3367,2,0.19172324499062554,Prepaid,South,13,2,0
246,2023-03-01 00:00:00+00:00,Apparel,1,1239.0,0.0,4378,0,0.0,Prepaid,South,11,2,1
2412,2023-03-01 00:00:00+00:00,Electronics,0,195.96,0.0,3855,3,0.46564862254884204,Prepaid,North,13,0,0
4824,2023-03-01 00:00:00+00:00,Apparel,1,1211.95,0.2080656404619955,1907,2,0.11162014863831013,Prepaid,East,9,6,0
1743,2023-03-01 00:00:00+00:00,Footwear,1,169.7,0.2142268710041825,2154,1,0.07457443394423158,Prepaid,North,11,6,0
1584,2023-03-01 00:00:00+00:00,Footwear,1,573.31,0.13613741170647575,1244,3,0.2238029993734506,COD,South,9,3,1
1006,2023-03-01 00:00:00+00:00,Apparel,1,1200.25,0.0,1628,2,0.4537017883479103,Prepaid,North,7,2,1
401,2023-03-01 00:00:00+00:00,Footwear,1,1116.47,0.0,1043,1,0.11489498211957051,COD,West,3,0,0
3032,2023-03-01 00:00:00+00:00,Home,0,1309.52,0.0,1584,4,0.04247419132146641,Prepaid,North,9,4,0
1930,2023-03-01 00:00:00+00:00,Apparel,1,5633.28,0.0,1812,4,0.07268799233558504,Prepaid,West,3,0,0
1729,2023-03-01 00:00:00+00:00,Electronics,0,917.22,0.35495353905562055,2787,2,0.060549871045682234,Prepaid,South,13,2,0
680,2023-03-01 00:00:00+00:00,Beauty,0,456.01,0.0,3922,3,0.4282696830609865,Prepaid,North,12,4,1
2505,2023-03-01 00:00:00+00:00,Apparel,1,2218.93,0.06058869385587967,1542,1,0.07994529447204633,Prepaid,South,9,0,0
1013,2023-03-01 00:00:00+00:00,Apparel,1,1060.29,0.39061021972745213,4362,0,0.0,COD,East,14,10,1
1653,2023-03-01 00:00:00+00:00,Footwear,1,292.52,0.5213739047985254,3637,5,0.3197872654696761,Prepaid,West,5,0,0
2267,2023-03-01 00:00:00+00:00,Apparel,1,1549.1,0.03396288775369462,1685,1,0.622582717670351,COD,East,7,3,0
3742,2023-03-01 00:00:00+00:00,Footwear,1,434.55,0.0,2948,3,0.3032568203267058,Prepaid,East,4,0,0
4878,2023-03-02 00:00:00+00:00,Apparel,1,1070.44,0.1798680521402699,3070,1,0.2785184037000125,Prepaid,South,6,0,0
2771,2023-03-02 00:00:00+00:00,Electronics,0,1174.89,0.06541971662038466,2741,4,0.6074837370783605,Prepaid,North,6,0,0
4728,2023-03-02 00:00:00+00:00,Home,0,4570.18,0.0,1672,3,0.3356554415697006,Prepaid,North,8,1,0
312,2023-03-02 00:00:00+00:00,Electronics,0,2954.13,0.17442084594921003,1743,1,0.30421555627772373,Prepaid,East,11,1,0
4447,2023-03-02 00:00:00+00:00,Footwear,1,550.98,0.15545738127062053,1300,1,0.06624436979667908,Prepaid,West,12,3,0
4884,2023-03-02 00:00:00+00:00,Apparel,1,5487.0,0.06354813306153079,3498,1,0.11636857125697818,Prepaid,North,8,2,0
647,2023-03-02 00:00:00+00:00,Home,0,490.14,0.0,2555,1,0.18931940845559958,Prepaid,North,8,4,0
4504,2023-03-02 00:00:00+00:00,Apparel,1,1878.07,0.0,2189,5,0.014658857909491915,Prepaid,South,3,2,0
845,2023-03-02 00:00:00+00:00,Beauty,0,2295.92,0.0,3568,2,0.030915563150385822,Prepaid,North,5,0,0
3930,2023-03-02 00:00:00+00:00,Beauty,0,2478.37,0.0,3976,3,0.39480924987864235,Prepaid,North,12,0,0
1544,2023-03-02 00:00:00+00:00,Footwear,1,4211.31,0.0,4498,2,0.19290915453074234,Prepaid,South,14,0,0
2882,2023-03-02 00:00:00+00:00,Footwear,1,857.41,0.5483519660927091,3650,2,0.18857026986166162,Prepaid,North,12,4,0
3227,2023-03-02 00:00:00+00:00,Footwear,1,523.14,0.0,2338,2,0.09170057342170182,COD,West,5,6,0
2881,2023-03-02 00:00:00+00:00,Electronics,0,3904.09,0.0,3393,5,0.07418644544562517,Prepaid,North,2,2,1
4631,2023-03-02 00:00:00+00:00,Beauty,0,324.66,0.0,1134,2,0.013936733539608634,Prepaid,South,2,3,0
3631,2023-03-02 00:00:00+00:00,Electronics,0,358.1,0.0,4320,0,0.0,Prepaid,East,12,1,0
4790,2023-03-02 00:00:00+00:00,Footwear,1,492.61,0.26948164708433486,2049,2,0.47086636841483104,COD,South,2,4,0
4556,2023-03-02 00:00:00+00:00,Apparel,1,3579.42,0.0,3613,0,0.0,Prepaid,North,1,1,0
4535,2023-03-02 00:00:00+00:00,Home,0,1669.06,0.0,1331,4,0.1967975895777554,Prepaid,South,7,6,0
822,2023-03-02 00:00:00+00:00,Beauty,0,867.42,0.0,2957,1,0.16349915893304107,Prepaid,South,4,0,0
628,2023-03-02 00:00:00+00:00,Electronics,0,6346.21,0.0,2809,5,0.08498089634933545,COD,North,10,0,0
1816,2023-03-02 00:00:00+00:00,Footwear,1,509.93,0.08346466462802495,4441,3,0.17689284552464926,Prepaid,South,7,2,1
1507,2023-03-02 00:00:00+00:00,Home,0,359.11,0.0,3748,2,0.013284496729648753,COD,East,11,1,0
4848,2023-03-02 00:00:00+00:00,Home,0,4885.72,0.4565240406840969,1873,2,0.09536066380202357,Prepaid,West,12,6,0
1380,2023-03-02 00:00:00+00:00,Apparel,1,667.88,0.0,3894,2,0.04858031692402537,COD,West,5,3,0
4134,2023-03-02 00:00:00+00:00,Apparel,1,1976.07,0.26038984335847504,1692,1,0.12382796129318026,Prepaid,East,14,0,1
814,2023-03-02 00:00:00+00:00,Electronics,0,2565.72,0.0,1318,3,0.21693111315089628,Prepaid,South,12,0,1
3140,2023-03-02 00:00:00+00:00,Apparel,1,877.13,0.2558939969159647,1793,2,0.39161867693819513,Prepaid,North,6,0,0
1832,2023-03-03 00:00:00+00:00,Home,0,624.53,0.0,1242,0,0.0,Prepaid,North,8,1,1
4449,2023-03-03 00:00:00+00:00,Apparel,1,460.09,0.05521483501661035,2851,4,0.19939683006998984,Prepaid,East,1,3,0
4648,2023-03-03 00:00:00+00:00,Apparel,1,1240.95,0.0,2587,2,0.19574102559194645,Prepaid,West,6,0,0
4711,2023-03-03 00:00:00+00:00,Beauty,0,8051.62,0.20557457264359275,3797,3,0.4341534476285264,Prepaid,East,10,11,1
547,2023-03-03 00:00:00+00:00,Home,0,3841.24,0.0,3102,1,0.15329414740740313,Prepaid,South,1,1,0
1830,2023-03-03 00:00:00+00:00,Apparel,1,1383.29,0.21434116131718361,4365,4,0.35759375503977675,Prepaid,East,13,1,1
3257,2023-03-03 00:00:00+00:00,Home,0,1792.12,0.05408116392018552,3910,3,0.3668679806113378,COD,North,1,0,0
4722,2023-03-03 00:00:00+00:00,Apparel,1,143.55,0.139619841671608,3862,4,0.08934807194944039,COD,West,13,1,1
3354,2023-03-03 00:00:00+00:00,Electronics,0,1117.68,0.19265982518645763,1204,2,0.1951992286008355,Prepaid,South,2,0,0
429,2023-03-03 00:00:00+00:00,Apparel,1,904.7,0.3311879932421334,3358,0,0.0,Prepaid,South,1,3,0
1929,2023-03-03 00:00:00+00:00,Electronics,0,376.38,0.0,4035,2,0.032573663777755675,Prepaid,North,9,0,0
4784,2023-03-03 00:00:00+00:00,Electronics,0,6845.71,0.0,4391,3,0.0023589136720373735,Prepaid,East,9,2,0
1404,2023-03-03 00:00:00+00:00,Electronics,0,4803.55,0.0,4284,4,0.05346170241915785,COD,North,7,0,0
3936,2023-03-03 00:00:00+00:00,Home,0,1346.28,0.19258485188975408,1239,3,0.2688668536882747,Prepaid,East,5,3,0
4787,2023-03-03 00:00:00+00:00,Apparel,1,1935.46,0.0,1796,0,0.0,COD,South,9,0,0
993,2023-03-03 00:00:00+00:00,Apparel,1,1574.76,0.0,2371,5,0.03856523685579989,Prepaid,East,11,0,0
1479,2023-03-03 00:00:00+00:00,Apparel,1,245.04,0.0,1260,5,0.07879151564346246,Prepaid,North,13,1,0
4972,2023-03-03 00:00:00+00:00,Footwear,1,860.79,0.0,3627,1,0.29079586604847296,COD,East,9,2,1
4757,2023-03-03 00:00:00+00:00,Footwear,1,308.29,0.0,1925,0,0.0,Prepaid,South,11,0,0
1549,2023-03-03 00:00:00+00:00,Footwear,1,5864.06,0.0,2378,2,0.13193761376888008,Prepaid,North,2,1,0
4291,2023-03-03 00:00:00+00:00,Electronics,0,1103.34,0.0,2384,3,0.3910142116986606,Prepaid,East,8,0,1
2466,2023-03-03 00:00:00+00:00,Electronics,0,2046.87,0.0,1628,2,0.24819546902244852,COD,East,9,5,0
1515,2023-03-03 00:00:00+00:00,Electronics,0,2070.16,0.0,4423,3,0.09376650894179106,COD,East,10,8,0
1591,2023-03-03 00:00:00+00:00,Electronics,0,3534.03,0.052620501859039236,1177,2,0.3563604803030765,COD,North,2,4,0
2458,2023-03-03 00:00:00+00:00,Footwear,1,620.83,0.0,2427,1,0.6356985474463831,Prepaid,East,8,0,0
4323,2023-03-03 00:00:00+00:00,Electronics,0,3790.07,0.23737185146544051,3357,1,0.33026056170446494,Prepaid,East,5,1,0
1200,2023-03-03 00:00:00+00:00,Apparel,1,10637.93,0.0,3548,3,0.3019781493479519,Prepaid,West,6,2,1
1022,2023-03-03 00:00:00+00:00,Apparel,1,321.42,0.02832123207782132,3098,1,0.1696933218763148,COD,West,8,0,0
4121,2023-03-03 00:00:00+00:00,Apparel,1,818.94,0.0,2585,1,0.05666446602348964,Prepaid,East,7,0,1
3165,2023-03-03 00:00:00+00:00,Beauty,0,3321.72,0.3443686695392003,4403,3,0.14827016677297375,Prepaid,South,14,4,0
4315,2023-03-03 00:00:00+00:00,Beauty,0,71.74,0.2583772666456477,2683,1,0.003003306311508592,Prepaid,South,10,0,0
172,2023-03-03 00:00:00+00:00,Apparel,1,506.53,0.12770545722094404,1989,2,0.15829470005469054,Prepaid,South,7,1,0
114,2023-03-03 00:00:00+00:00,Apparel,1,971.53,0.0,1946,1,0.0753531891126574,COD,South,11,1,0
938,2023-03-03 00:00:00+00:00,Apparel,1,6974.72,0.0,1723,2,0.04544438695734111,COD,West,1,9,0
152,2023-03-03 00:00:00+00:00,Beauty,0,840.26,0.0,4283,2,0.4415374871059256,COD,East,10,1,0
4737,2023-03-03 00:00:00+00:00,Apparel,1,1558.0,0.0707481963783602,2266,5,0.3150679831224432,Prepaid,West,8,3,0
183,2023-03-03 00:00:00+00:00,Electronics,0,654.1,0.0,2620,3,0.3003932792364575,Prepaid,South,5,7,0
917,2023-03-03 00:00:00+00:00,Beauty,0,628.17,0.38439100142608906,4079,0,0.0,COD,West,14,5,0
2732,2023-03-04 00:00:00+00:00,Apparel,1,440.66,0.06721098238057163,3309,0,0.0,Prepaid,East,8,0,0
1039,2023-03-04 00:00:00+00:00,Beauty,0,468.48,0.045887870251394916,2268,2,0.1302174475845675,Prepaid,North,9,1,0
1511,2023-03-04 00:00:00+00:00,Beauty,0,682.06,0.3134281639382831,3488,2,0.23539871818688965,Prepaid,West,1,1,0
3130,2023-03-04 00:00:00+00:00,Home,0,297.33,0.0,1358,2,0.002610674582777617,Prepaid,North,10,0,0
386,2023-03-04 00:00:00+00:00,Electronics,0,643.36,0.2793953076611203,2121,2,0.03103992968123146,Prepaid,East,7,8,0
3565,2023-03-04 00:00:00+00:00,Electronics,0,1676.34,0.3325927615582121,2188,5,0.48399588413159456,Prepaid,North,13,5,0
134,2023-03-04 00:00:00+00:00,Apparel,1,925.81,0.0,4323,0,0.0,Prepaid,North,5,1,0
4210,2023-03-04 00:00:00+00:00,Electronics,0,251.78,0.06417526354975323,3669,3,0.020699261385237557,COD,North,9,0,0
2456,2023-03-04 00:00:00+00:00,Footwear,1,486.28,0.0,3698,2,0.29481221409100705,Prepaid,West,7,10,0
1192,2023-03-04 00:00:00+00:00,Footwear,1,1453.87,0.06214257327044539,2676,2,0.03529471119804459,Prepaid,North,1,11,0
1524,2023-03-04 00:00:00+00:00,Home,0,103.02,0.21197934005055055,2273,0,0.0,Prepaid,West,11,3,0
4815,2023-03-04 00:00:00+00:00,Electronics,0,1184.86,0.30877649118467654,1471,1,0.21979501119471512,Prepaid,East,9,0,0
1756,2023-03-04 00:00:00+00:00,Home,0,1493.74,0.0,4241,3,0.17396200441795476,Prepaid,South,6,2,0
1219,2023-03-04 00:00:00+00:00,Apparel,1,1703.78,0.0,2825,3,0.05091477685664562,COD,East,11,0,0
4440,2023-03-04 00:00:00+00:00,Footwear,1,5173.38,0.11287336942825814,1942,1,0.07138672673085895,Prepaid,West,3,6,0
3379,2023-03-04 00:00:00+00:00,Apparel,1,324.94,0.0,2364,2,0.3073256282859287,Prepaid,East,8,1,1
1143,2023-03-04 00:00:00+00:00,Electronics,0,105.06,0.05329703969102684,2411,0,0.0,COD,North,5,0,0
423,2023-03-04 00:00:00+00:00,Electronics,0,1990.95,0.0,1245,0,0.0,COD,North,3,1,1
3005,2023-03-04 00:00:00+00:00,Electronics,0,1525.16,0.18633323677159827,2872,3,0.3944556577251209,Prepaid,North,14,3,0
4311,2023-03-04 00:00:00+00:00,Electronics,0,311.49,0.0,3878,4,0.044362272690708505,Prepaid,West,2,0,0
1158,2023-03-04 00:00:00+00:00,Apparel,1,507.61,0.0,3237,1,0.14796377215053072,Prepaid,South,1,2,0
2749,2023-03-04 00:00:00+00:00,Apparel,1,643.92,0.0,2332,4,0.15903468052503947,Prepaid,South,4,0,0
1651,2023-03-04 00:00:00+00:00,Footwear,1,4007.07,0.0,3768,2,0.24598331212905716,Prepaid,North,3,3,0
2917,2023-03-04 00:00:00+00:00,Apparel,1,5369.5,0.17128280880506244,1378,3,0.03940114997864219,COD,East,8,1,0
1179,2023-03-04 00:00:00+00:00,Apparel,1,1772.3,0.0,4043,3,0.09788283940559006,COD,North,14,1,0
4463,2023-03-04 00:00:00+00:00,Beauty,0,5623.8,0.3302247399213486,2994,1,0.10956737981187464,Prepaid,East,2,3,0
4499,2023-03-04 00:00:00+00:00,Apparel,1,562.16,0.05611117917068539,1917,2,0.1039253382296844,Prepaid,South,11,0,0
2055,2023-03-04 00:00:00+00:00,Apparel,1,936.77,0.02181498051917173,2855,4,0.21822229724049566,Prepaid,East,8,2,1
711,2023-03-04 00:00:00+00:00,Footwear,1,3813.13,0.11641268310148112,1100,2,0.01816839228312827,Prepaid,West,13,1,0
4536,2023-03-04 00:00:00+00:00,Footwear,1,1318.2,0.0,3252,3,0.33331517924098586,Prepaid,East,6,1,0
96,2023-03-04 00:00:00+00:00,Apparel,1,242.63,0.11649327873942991,1984,0,0.0,Prepaid,South,11,0,0
980,2023-03-04 00:00:00+00:00,Electronics,0,949.77,0.4570561459543321,2249,4,0.3898447326329683,Prepaid,South,6,1,1
843,2023-03-04 00:00:00+00:00,Beauty,0,562.3,0.0,1095,2,0.012567128101854433,Prepaid,North,1,0,0
4630,2023-03-05 00:00:00+00:00,Apparel,1,318.65,0.15334235296548662,2839,0,0.0,Prepaid,North,3,1,0
1766,2023-03-05 00:00:00+00:00,Apparel,1,593.01,0.0,4432,2,0.10312291947653054,Prepaid,East,4,0,0
2666,2023-03-05 00:00:00+00:00,Apparel,1,885.67,0.0,4197,3,0.4123690871901332,COD,North,9,2,0
2235,2023-03-05 00:00:00+00:00,Apparel,1,1505.31,0.0,1457,3,0.44976399365251435,Prepaid,East,8,0,0
1007,2023-03-05 00:00:00+00:00,Home,0,6959.28,0.12527355415246683,1902,6,0.005278736209093542,Prepaid,North,12,0,0
1004,2023-03-05 00:00:00+00:00,Apparel,1,952.28,0.0,3802,2,0.5932789075362321,Prepaid,West,7,1,1
3513,2023-03-05 00:00:00+00:00,Apparel,1,992.55,0.0,3400,3,0.49991711259876137,Prepaid,West,2,0,1
3580,2023-03-05 00:00:00+00:00,Beauty,0,1229.73,0.0,1438,2,0.0373873207060548,COD,East,14,7,0
4923,2023-03-05 00:00:00+00:00,Apparel,1,1221.23,0.0,1527,2,0.24825242635173594,COD,North,14,0,0
905,2023-03-05 00:00:00+00:00,Footwear,1,3227.34,0.0,3390,1,0.14882767050206255,Prepaid,North,8,0,0
1346,2023-03-05 00:00:00+00:00,Beauty,0,797.54,0.1370271041628508,2113,1,0.28695288555791926,Prepaid,South,8,1,0
4247,2023-03-05 00:00:00+00:00,Footwear,1,3888.24,0.0,3747,0,0.0,COD,West,3,0,0
958,2023-03-05 00:00:00+00:00,Home,0,3592.82,0.0,1911,0,0.0,Prepaid,West,8,6,0
3960,2023-03-05 00:00:00+00:00,Apparel,1,804.23,0.016225058435078515,3655,2,0.09159892961891757,COD,West,1,3,0
1762,2023-03-05 00:00:00+00:00,Beauty,0,340.27,0.08943616060420104,1891,2,0.07883894877382809,Prepaid,East,13,8,0
2553,2023-03-05 00:00:00+00:00,Beauty,0,3874.78,0.2649089630773574,1487,3,0.3352119944252997,Prepaid,North,3,12,0
1721,2023-03-05 00:00:00+00:00,Beauty,0,687.69,0.2130964339360889,4280,1,0.05534366747814098,Prepaid,South,14,0,0
1967,2023-03-05 00:00:00+00:00,Footwear,1,841.52,0.0,1083,2,0.020834238468032756,COD,North,5,6,0
3411,2023-03-05 00:00:00+00:00,Apparel,1,1520.83,0.5373612987316093,3718,3,0.2899179167231574,COD,South,13,5,1
3716,2023-03-05 00:00:00+00:00,Apparel,1,2555.62,0.0,1676,3,0.20897515139612471,COD,West,14,2,0
2789,2023-03-05 00:00:00+00:00,Electronics,0,8111.34,0.12327345299395204,1071,0,0.0,Prepaid,East,3,0,0
3172,2023-03-05 00:00:00+00:00,Apparel,1,450.52,0.4070374023735136,2584,5,0.2802805535123256,Prepaid,West,3,2,1
4995,2023-03-05 00:00:00+00:00,Electronics,0,1086.14,0.3038046234892148,2773,1,0.06889685916964092,COD,East,12,6,0
4708,2023-03-05 00:00:00+00:00,Apparel,1,184.64,0.0,3257,1,0.02049621221967327,COD,North,14,6,0
37,2023-03-05 00:00:00+00:00,Apparel,1,399.25,0.14224990354174377,3655,5,0.036243950337692184,Prepaid,North,1,0,1
3145,2023-03-05 00:00:00+00:00,Beauty,0,2291.98,0.28165466652416216,2963,3,0.060476065280393655,Prepaid,North,10,1,0
4754,2023-03-05 00:00:00+00:00,Beauty,0,3981.01,0.1483415485197376,1828,2,0.06757464093043354,Prepaid,East,8,1,0
3839,2023-03-06 00:00:00+00:00,Home,0,1231.26,0.19933375863612784,4174,0,0.0,Prepaid,North,8,3,1
4922,2023-03-06 00:00:00+00:00,Home,0,1583.18,0.2697333093936016,3356,2,0.061865713459773264,Prepaid,North,4,0,0
3721,2023-03-06 00:00:00+00:00,Apparel,1,207.71,0.25302277347939095,3174,3,0.18991416311377105,Prepaid,South,7,0,0
4182,2023-03-06 00:00:00+00:00,Apparel,1,335.21,0.1304053560534006,4130,1,0.30055890820905545,Prepaid,East,4,0,0
2083,2023-03-06 00:00:00+00:00,Apparel,1,1306.08,0.1834332059645677,3192,1,0.2611865914226712,Prepaid,South,6,9,0
2384,2023-03-06 00:00:00+00:00,Home,0,1188.94,0.28592733454367125,4039,2,0.10689332673609933,Prepaid,South,14,2,0
2893,2023-03-06 00:00:00+00:00,Home,0,413.1,0.0,2944,0,0.0,Prepaid,South,14,0,0
3801,2023-03-06 00:00:00+00:00,Apparel,1,578.47,0.26199842782647,2151,4,0.24029709554829606,Prepaid,North,12,2,0
3599,2023-03-06 00:00:00+00:00,Apparel,1,831.86,0.07659714893028535,3584,3,0.006967031029012136,Prepaid,North,1,0,0
705,2023-03-06 00:00:00+00:00,Apparel,1,1246.98,0.2238494669166042,2085,5,0.31383195560136506,Prepaid,North,4,0,0
89,2023-03-06 00:00:00+00:00,Electronics,0,1215.66,0.0,4061,4,0.34439159544597203,Prepaid,North,6,1,0
373,2023-03-06 00:00:00+00:00,Apparel,1,2022.73,0.1482161192350704,2182,2,0.06541480205021409,Prepaid,West,2,0,0
3658,2023-03-06 00:00:00+00:00,Apparel,1,1188.77,0.2956910808625163,3838,3,0.7161718498826011,Prepaid,South,2,1,0
3417,2023-03-06 00:00:00+00:00,Apparel,1,557.59,0.2885967908521445,3188,2,0.32487248789397555,Prepaid,North,8,8,0
1488,2023-03-06 00:00:00+00:00,Footwear,1,593.71,0.0,2188,2,0.27997968564171877,Prepaid,West,12,0,0
4468,2023-03-06 00:00:00+00:00,Electronics,0,182.93,0.0,4480,3,0.003161487819360142,Prepaid,East,12,0,0
4665,2023-03-06 00:00:00+00:00,Apparel,1,845.7,0.0,2783,0,0.0,COD,West,4,2,0
3991,2023-03-06 00:00:00+00:00,Footwear,1,653.23,0.0,3572,2,0.40186518458117126,Prepaid,North,10,0,0
1239,2023-03-06 00:00:00+00:00,Home,0,375.09,0.3156131126785213,1067,0,0.0,Prepaid,West,3,1,0
4369,2023-03-06 00:00:00+00:00,Home,0,786.33,0.0,2999,0,0.0,Prepaid,South,11,2,0
4216,2023-03-06 00:00:00+00:00,Apparel,1,17071.37,0.0,3199,0,0.0,Prepaid,West,14,0,0
3350,2023-03-06 00:00:00+00:00,Apparel,1,3257.8,0.0,2316,1,0.32059621788821946,COD,West,7,1,0
2475,2023-03-06 00:00:00+00:00,Footwear,1,1854.15,0.0,3880,1,0.05956761381804441,Prepaid,South,8,4,0
3909,2023-03-06 00:00:00+00:00,Electronics,0,94.63,0.3463787680424486,1751,5,0.0074401790905929315,Prepaid,South,5,6,0
606,2023-03-06 00:00:00+00:00,Footwear,1,1717.84,0.22121003345314472,3404,4,0.11655751602909598,Prepaid,East,2,4,0
3184,2023-03-06 00:00:00+00:00,Apparel,1,849.87,0.3127477132326175,2373,3,0.06552723635727191,COD,East,11,0,0
979,2023-03-06 00:00:00+00:00,Apparel,1,863.2,0.20759160276803876,2121,3,0.12988744853860112,Prepaid,South,6,0,0
497,2023-03-06 00:00:00+00:00,Apparel,1,600.94,0.0,2987,2,0.04028081481626768,Prepaid,North,8,1,0
2320,2023-03-06 00:00:00+00:00,Beauty,0,447.89,0.0,2041,5,0.0125575554913275,Prepaid,West,12,4,0
3398,2023-03-06 00:00:00+00:00,Apparel,1,1263.52,0.2615685895456769,1529,0,0.0,Prepaid,East,11,0,0
2334,2023-03-07 00:00:00+00:00,Footwear,1,1647.84,0.17303210336370228,1498,3,0.06602039214664869,COD,West,4,0,0
929,2023-03-07 00:00:00+00:00,Home,0,8643.39,0.0,2704,3,0.3373135896718229,Prepaid,South,8,3,0
2941,2023-03-07 00:00:00+00:00,Apparel,1,1911.89,0.1534104310242575,2523,0,0.0,COD,West,11,2,0
1899,2023-03-07 00:00:00+00:00,Apparel,1,2164.97,0.39870690196460246,1840,1,0.36109940563647813,Prepaid,East,7,3,0
381,2023-03-07 00:00:00+00:00,Apparel,1,1329.2,0.0,4186,2,0.0743980162822921,Prepaid,West,9,1,1
149,2023-03-07 00:00:00+00:00,Footwear,1,2141.85,0.11163832559732109,4188,5,0.17385912389105232,Prepaid,North,11,0,0
2371,2023-03-07 00:00:00+00:00,Footwear,1,338.29,0.0,1680,1,0.037651012179840286,Prepaid,East,1,0,0
763,2023-03-07 00:00:00+00:00,Home,0,1257.53,0.0,3985,2,0.09831576155053265,COD,North,5,2,0
4352,2023-03-07 00:00:00+00:00,Apparel,1,279.02,0.07092979041748124,2350,0,0.0,Prepaid,South,10,0,0
1066,2023-03-07 00:00:00+00:00,Footwear,1,2596.64,0.0,3726,2,0.010561483482889274,COD,East,9,1,0
3644,2023-03-07 00:00:00+00:00,Apparel,1,367.61,0.0,1206,2,0.06133565390680414,Prepaid,West,3,3,0
4011,2023-03-07 00:00:00+00:00,Beauty,0,4844.08,0.0,2640,4,0.007437075602389223,COD,West,5,3,0
4954,2023-03-07 00:00:00+00:00,Apparel,1,2355.34,0.0,3565,1,0.34887889013773676,Prepaid,South,5,5,0
4951,2023-03-07 00:00:00+00:00,Home,0,1705.89,0.0,2482,0,0.0,Prepaid,East,12,1,0
1941,2023-03-07 00:00:00+00:00,Footwear,1,3478.01,0.27382102427891675,4009,2,0.4013659971921449,Prepaid,North,1,1,0
4699,2023-03-07 00:00:00+00:00,Apparel,1,2065.07,0.0,4297,0,0.0,Prepaid,West,12,1,0
3070,2023-03-07 00:00:00+00:00,Home,0,642.33,0.18899720068013004,1285,0,0.0,Prepaid,North,8,0,0
3636,2023-03-07 00:00:00+00:00,Apparel,1,89.74,0.19324278614210305,4149,1,0.16756703411593554,COD,East,4,0,0
4318,2023-03-07 00:00:00+00:00,Home,0,188.12,0.18572369830156207,1282,1,0.02748500246601387,COD,West,13,0,0
2901,2023-03-07 00:00:00+00:00,Home,0,415.72,0.15327604018892224,3948,3,0.11400130232519458,Prepaid,South,11,1,0
2674,2023-03-07 00:00:00+00:00,Apparel,1,1638.33,0.0,1322,1,0.16754414794958664,Prepaid,South,4,2,0
496,2023-03-08 00:00:00+00:00,Beauty,0,74.55,0.0,3189,2,0.08458921679034297,COD,North,10,0,0
1244,2023-03-08 00:00:00+00:00,Apparel,1,800.85,0.0,1901,1,0.08955573409614064,COD,South,14,7,1
2276,2023-03-08 00:00:00+00:00,Apparel,1,202.47,0.0,1405,2,0.04199072068495248,COD,West,2,3,1
4357,2023-03-08 00:00:00+00:00,Home,0,1899.59,0.2955265933602858,3625,6,0.6545386340363374,COD,East,5,5,0
4113,2023-03-08 00:00:00+00:00,Electronics,0,1882.81,0.0,3703,1,0.4267596144157031,COD,South,6,4,0
3567,2023-03-08 00:00:00+00:00,Apparel,1,168.09,0.0,4443,3,0.070060194824044,Prepaid,East,11,3,0
1564,2023-03-08 00:00:00+00:00,Beauty,0,460.8,0.30694970517896303,1970,2,0.2546465969177087,Prepaid,South,5,0,0
1241,2023-03-08 00:00:00+00:00,Electronics,0,11437.7,0.0,2057,1,0.0477283926223822,COD,West,11,0,0
3215,2023-03-08 00:00:00+00:00,Apparel,1,4022.3,0.23463940685664375,2921,1,0.3125058275208621,COD,West,10,0,0
3080,2023-03-08 00:00:00+00:00,Apparel,1,1616.29,0.0,1447,4,0.3909228812046955,Prepaid,North,10,5,0
341,2023-03-08 00:00:00+00:00,Home,0,581.77,0.20447181105819046,2018,3,0.07436918653177207,COD,North,12,5,0
4705,2023-03-08 00:00:00+00:00,Apparel,1,1381.19,0.03617885204322506,3940,2,0.14372795805215596,Prepaid,North,14,5,0
1050,2023-03-08 00:00:00+00:00,Apparel,1,703.44,0.0,4123,2,0.19441930512301622,Prepaid,East,4,1,0
2339,2023-03-08 00:00:00+00:00,Apparel,1,242.9,0.0,3076,1,0.21781292045924275,Prepaid,North,1,0,0
3598,2023-03-08 00:00:00+00:00,Beauty,0,466.34,0.0,1497,2,0.29201121642958755,Prepaid,West,6,7,0
4032,2023-03-08 00:00:00+00:00,Home,0,10307.38,0.0,4006,2,0.18890029317807386,Prepaid,West,6,1,0
3576,2023-03-08 00:00:00+00:00,Electronics,0,819.03,0.21161675234921473,1635,2,0.37058526925088603,Prepaid,North,6,2,0
1594,2023-03-08 00:00:00+00:00,Electronics,0,1066.61,0.0,3034,2,0.5623322991152724,COD,South,10,2,1
2362,2023-03-08 00:00:00+00:00,Apparel,1,408.13,0.0,2029,4,0.03722006693261495,Prepaid,North,14,0,0
3427,2023-03-08 00:00:00+00:00,Apparel,1,1112.83,0.24214010065411934,1293,2,0.2755974589944255,Prepaid,North,1,5,0
2240,2023-03-08 00:00:00+00:00,Electronics,0,1722.19,0.12094919564953008,3148,4,0.33436764391605794,Prepaid,North,9,5,0
335,2023-03-08 00:00:00+00:00,Electronics,0,1835.44,0.0,3858,2,0.09451132255592654,Prepaid,East,4,1,0
888,2023-03-08 00:00:00+00:00,Home,0,2026.76,0.4173791687176638,4078,2,0.06019089349030209,Prepaid,North,8,2,0
949,2023-03-09 00:00:00+00:00,Footwear,1,2114.23,0.0,1464,3,0.2979272297092944,COD,South,4,0,1
2567,2023-03-09 00:00:00+00:00,Apparel,1,3442.17,0.0,2563,2,0.3634416128519396,Prepaid,East,4,2,0
4100,2023-03-09 00:00:00+00:00,Apparel,1,1856.33,0.0,1029,1,0.1905122028618323,Prepaid,West,4,0,0
1117,2023-03-09 00:00:00+00:00,Apparel,1,390.57,0.0,1400,6,0.473745902625385,COD,South,10,3,0
3307,2023-03-09 00:00:00+00:00,Home,0,658.19,0.0,4033,0,0.0,Prepaid,West,2,3,0
3906,2023-03-09 00:00:00+00:00,Home,0,264.91,0.06461442515506743,2419,1,0.23194054493749516,COD,North,8,0,0
3462,2023-03-09 00:00:00+00:00,Apparel,1,1153.38,0.016773582172601997,3249,2,0.20446826068151563,COD,South,6,2,1
2136,2023-03-09 00:00:00+00:00,Home,0,1750.61,0.44742477136980685,2912,3,0.2722911212037308,COD,North,6,1,0
4049,2023-03-09 00:00:00+00:00,Apparel,1,7444.42,0.0,2579,3,0.4456637031661264,Prepaid,East,2,8,0
4173,2023-03-09 00:00:00+00:00,Electronics,0,356.02,0.0,1237,3,0.2029103357836189,Prepaid,East,2,2,0
3957,2023-03-09 00:00:00+00:00,Electronics,0,555.83,0.12767173647161478,1471,1,0.07479250637343508,Prepaid,West,12,14,0
1085,2023-03-09 00:00:00+00:00,Beauty,0,637.47,0.0,3797,5,0.27048303869568613,Prepaid,North,5,0,0
2925,2023-03-09 00:00:00+00:00,Apparel,1,635.25,0.22628320445930114,2471,1,0.18203399186569305,COD,West,4,5,1
4068,2023-03-09 00:00:00+00:00,Electronics,0,3194.94,0.1758299490074406,1329,0,0.0,COD,South,7,1,0
2065,2023-03-09 00:00:00+00:00,Apparel,1,1354.2,0.0,2525,0,0.0,COD,South,6,8,0
4508,2023-03-09 00:00:00+00:00,Home,0,1832.91,0.0,1982,1,0.05501208087378232,COD,East,3,3,0
3487,2023-03-09 00:00:00+00:00,Home,0,851.9,0.03950522832150602,3688,3,0.2675019901042303,Prepaid,East,13,1,0
2205,2023-03-09 00:00:00+00:00,Electronics,0,2065.43,0.0,3821,1,0.27833558432170796,COD,South,7,5,1
284,2023-03-09 00:00:00+00:00,Electronics,0,2490.32,0.0,3260,5,0.3271450429674553,Prepaid,East,12,4,1
2249,2023-03-09 00:00:00+00:00,Home,0,1622.47,0.0,1443,3,0.12738443279585546,Prepaid,East,6,0,0
1495,2023-03-09 00:00:00+00:00,Beauty,0,5860.29,0.0,3807,2,0.020778687881026364,Prepaid,East,9,2,0
886,2023-03-09 00:00:00+00:00,Apparel,1,24183.59,0.0,3493,0,0.0,COD,South,13,1,1
206,2023-03-09 00:00:00+00:00,Footwear,1,671.15,0.43949407785622296,4204,4,0.40327033521912414,Prepaid,South,12,0,1
2400,2023-03-09 00:00:00+00:00,Footwear,1,1877.31,0.20615793945020378,1316,1,0.32875767056044763,Prepaid,West,3,1,1
4877,2023-03-09 00:00:00+00:00,Apparel,1,3241.64,0.051904239293481536,3647,1,0.6446699433151879,Prepaid,West,8,1,1
3154,2023-03-09 00:00:00+00:00,Home,0,4473.42,0.0,2324,4,0.3380958537790941,Prepaid,West,6,4,0
3182,2023-03-09 00:00:00+00:00,Apparel,1,1111.87,0.08208886973307858,3566,1,0.15033856135463963,Prepaid,East,14,1,0
1659,2023-03-09 00:00:00+00:00,Apparel,1,1024.54,0.33226926654167094,1285,7,0.0466001899434812,Prepaid,South,4,8,0
1558,2023-03-09 00:00:00+00:00,Apparel,1,1564.84,0.0,1392,0,0.0,Prepaid,South,3,3,1
4389,2023-03-09 00:00:00+00:00,Apparel,1,1253.98,0.09008697052637421,1545,1,0.10737025811184887,Prepaid,South,14,2,0
3423,2023-03-10 00:00:00+00:00,Apparel,1,2641.63,0.0,2286,4,0.16053718463361924,COD,West,2,4,0
791,2023-03-10 00:00:00+00:00,Footwear,1,455.36,0.377069167960253,1875,2,0.047205993981236045,Prepaid,North,4,6,0
4119,2023-03-10 00:00:00+00:00,Footwear,1,2105.45,0.0,2064,2,0.06186461553621465,Prepaid,East,11,5,0
2216,2023-03-10 00:00:00+00:00,Apparel,1,1609.53,0.0,2153,3,0.1438478131875016,Prepaid,West,4,4,0
2787,2023-03-10 00:00:00+00:00,Apparel,1,427.34,0.0,3460,2,0.23410148640892833,COD,East,12,2,0
4286,2023-03-10 00:00:00+00:00,Home,0,598.76,0.0,2782,2,0.01335334161343138,Prepaid,West,8,0,0
3018,2023-03-10 00:00:00+00:00,Footwear,1,2325.77,0.0,1546,0,0.0,Prepaid,East,4,0,1
1097,2023-03-10 00:00:00+00:00,Beauty,0,335.55,0.0,2211,0,0.0,Prepaid,North,1,0,0
1995,2023-03-10 00:00:00+00:00,Electronics,0,2351.18,0.0,1947,1,0.2726179817564675,Prepaid,North,11,2,0
2052,2023-03-10 00:00:00+00:00,Electronics,0,2786.5,0.0,2518,1,0.587469225420362,Prepaid,North,8,5,1
3175,2023-03-10 00:00:00+00:00,Electronics,0,817.08,0.0,2394,1,0.39022262093475546,Prepaid,East,2,1,0
992,2023-03-10 00:00:00+00:00,Apparel,1,608.69,0.0,2446,4,0.18860806564244334,COD,West,10,0,0
211,2023-03-10 00:00:00+00:00,Apparel,1,1417.23,0.14799870102533627,4245,1,0.15853019326106557,Prepaid,North,12,4,0
476,2023-03-10 00:00:00+00:00,Home,0,5540.92,0.0,4062,3,0.16653318489431962,Prepaid,East,5,1,0
4527,2023-03-10 00:00:00+00:00,Apparel,1,1198.36,0.0,2478,2,0.07544723078338202,COD,North,5,9,0
3713,2023-03-10 00:00:00+00:00,Electronics,0,797.13,0.3706897905398956,3455,1,0.2919871610701047,Prepaid,East,14,7,0
3412,2023-03-10 00:00:00+00:00,Home,0,485.71,0.0,1048,2,0.14156649981916264,COD,West,12,1,0
1368,2023-03-10 00:00:00+00:00,Electronics,0,1784.37,0.0,1593,1,0.22095644886122645,Prepaid,North,9,1,0
4321,2023-03-10 00:00:00+00:00,Beauty,0,129.82,0.0,2398,3,0.00807492537840011,COD,East,4,0,0
447,2023-03-10 00:00:00+00:00,Footwear,1,747.61,0.0,3554,2,0.31638121833186633,Prepaid,South,13,1,1
3463,2023-03-10 00:00:00+00:00,Home,0,3281.47,0.0,3368,1,0.08091622791699644,Prepaid,North,4,3,0
2770,2023-03-10 00:00:00+00:00,Apparel,1,892.44,0.016159305970204846,4268,1,0.13711888531742777,Prepaid,East,3,1,0
3059,2023-03-10 00:00:00+00:00,Beauty,0,275.48,0.0,3765,3,0.419096283230179,Prepaid,South,3,10,1
4640,2023-03-10 00:00:00+00:00,Footwear,1,342.15,0.18771464708545754,1570,3,0.0434183932221142,Prepaid,South,2,1,0
4442,2023-03-10 00:00:00+00:00,Apparel,1,232.37,0.0,2296,5,0.08938583189571554,Prepaid,West,10,0,0
2860,2023-03-10 00:00:00+00:00,Electronics,0,144.67,0.0,3133,3,0.6064532352561174,Prepaid,East,8,13,1
1926,2023-03-10 00:00:00+00:00,Home,0,1340.35,0.32818890647065724,3825,1,0.09339684733121374,Prepaid,North,4,2,0
566,2023-03-10 00:00:00+00:00,Home,0,386.91,0.48179194825308225,3960,3,0.48550300836185206,Prepaid,West,3,1,0
456,2023-03-10 00:00:00+00:00,Electronics,0,5180.56,0.2516498068423926,4466,3,0.28904127572681254,COD,South,5,1,0
2521,2023-03-10 00:00:00+00:00,Beauty,0,448.99,0.0,2534,2,0.03195315413562832,Prepaid,West,6,0,0
3568,2023-03-10 00:00:00+00:00,Apparel,1,2239.78,0.0,1313,0,0.0,Prepaid,East,1,1,0
468,2023-03-10 00:00:00+00:00,Apparel,1,4027.13,0.0,1648,4,0.054110736677188256,Prepaid,South,3,0,0
2796,2023-03-11 00:00:00+00:00,Home,0,3819.27,0.4475344765814654,3198,2,0.3212009934903968,COD,South,14,2,0
4806,2023-03-11 00:00:00+00:00,Electronics,0,650.45,0.0,1698,2,0.22274364229537644,COD,West,11,4,1
3954,2023-03-11 00:00:00+00:00,Apparel,1,538.11,0.0,4475,0,0.0,COD,East,4,6,1
218,2023-03-11 00:00:00+00:00,Apparel,1,709.51,0.0,4379,0,0.0,Prepaid,West,2,0,1
4125,2023-03-11 00:00:00+00:00,Apparel,1,519.59,0.0,2182,2,0.4670617852076994,COD,North,14,2,1
2119,2023-03-11 00:00:00+00:00,Footwear,1,220.42,0.25019211214977555,1735,3,0.27809650714276385,Prepaid,South,4,0,0
4817,2023-03-11 00:00:00+00:00,Electronics,0,757.23,0.11764367166051333,2265,2,0.09573317349159095,Prepaid,West,10,0,0
3796,2023-03-11 00:00:00+00:00,Apparel,1,704.93,0.0,3231,0,0.0,Prepaid,East,13,0,0
2842,2023-03-11 00:00:00+00:00,Apparel,1,3659.38,0.0,3213,1,0.30730009923993046,COD,West,11,1,0
946,2023-03-11 00:00:00+00:00,Apparel,1,1213.89,0.0,3879,1,0.006785366748220442,Prepaid,North,14,7,0
2282,2023-03-11 00:00:00+00:00,Apparel,1,562.08,0.2106679306755272,1312,4,0.21932079476909844,Prepaid,South,2,0,0
4364,2023-03-11 00:00:00+00:00,Home,0,1387.63,0.0,1986,2,0.1667949110563095,Prepaid,East,14,1,0
395,2023-03-11 00:00:00+00:00,Beauty,0,4409.09,0.0,1230,4,0.2405958347625959,Prepaid,North,1,2,0
2806,2023-03-11 00:00:00+00:00,Apparel,1,746.86,0.0,1405,0,0.0,Prepaid,North,6,0,0
3538,2023-03-11 00:00:00+00:00,Electronics,0,949.64,0.0992021141037466,1076,1,0.024256777590188284,Prepaid,South,4,4,0
2830,2023-03-11 00:00:00+00:00,Electronics,0,841.17,0.29911115932704213,2711,1,0.09514062883638266,COD,East,14,0,0
1314,2023-03-11 00:00:00+00:00,Home,0,862.38,0.0,2446,3,0.4109597170458083,Prepaid,South,10,0,1
2692,2023-03-11 00:00:00+00:00,Beauty,0,5197.56,0.0,4006,2,0.015854279768916277,Prepaid,West,13,5,0
1648,2023-03-11 00:00:00+00:00,Electronics,0,1504.36,0.0,2825,1,0.14183458655278486,Prepaid,North,3,1,0
3529,2023-03-11 00:00:00+00:00,Home,0,600.0,0.0,1834,0,0.0,COD,South,14,5,0
4204,2023-03-11 00:00:00+00:00,Electronics,0,2794.45,0.0,2880,1,0.26837693990222494,Prepaid,East,5,0,0
912,2023-03-11 00:00:00+00:00,Home,0,13715.26,0.0,1115,1,0.2790334084813477,Prepaid,West,3,2,1
825,2023-03-11 00:00:00+00:00,Apparel,1,2345.76,0.0,4367,2,0.11981648478762855,Prepaid,East,11,2,0
2263,2023-03-11 00:00:00+00:00,Footwear,1,458.62,0.0,2404,3,0.14583170732401005,Prepaid,South,10,1,0
613,2023-03-11 00:00:00+00:00,Beauty,0,7595.02,0.007962801635084907,1985,1,0.1774148072438568,COD,West,3,1,0
1936,2023-03-11 00:00:00+00:00,Beauty,0,677.72,0.0,3339,3,0.16462736125100536,Prepaid,East,5,0,0
4031,2023-03-12 00:00:00+00:00,Footwear,1,3449.79,0.0,1611,1,0.25311297820422285,Prepaid,North,3,1,0
3129,2023-03-12 00:00:00+00:00,Apparel,1,200.68,0.0,3706,5,0.33086968521561105,COD,East,8,2,0
4329,2023-03-12 00:00:00+00:00,Apparel,1,1925.33,0.0,1787,2,0.027475446118489105,COD,West,4,2,0
2876,2023-03-12 00:00:00+00:00,Home,0,1164.21,0.35033230909466695,3250,2,0.15269727682582446,Prepaid,East,7,6,0
1195,2023-03-12 00:00:00+00:00,Apparel,1,1793.95,0.0,3745,1,0.13638574680910154,COD,South,14,6,0
4638,2023-03-12 00:00:00+00:00,Home,0,799.51,0.0,2606,3,0.06915684281484727,Prepaid,North,1,0,0
146,2023-03-12 00:00:00+00:00,Home,0,10594.19,0.0,3458,3,0.02765742626581988,Prepaid,East,8,0,0
609,2023-03-12 00:00:00+00:00,Beauty,0,10338.1,0.0,2430,0,0.0,Prepaid,North,3,4,0
4080,2023-03-12 00:00:00+00:00,Apparel,1,561.93,0.30471157267494065,3415,1,0.12839549712459358,Prepaid,East,13,1,0
4744,2023-03-12 00:00:00+00:00,Electronics,0,1037.96,0.0,4127,3,0.3636303135680933,Prepaid,West,4,2,0
4924,2023-03-12 00:00:00+00:00,Home,0,720.25,0.0,2931,2,0.6507687421180497,COD,South,8,3,1
91,2023-03-12 00:00:00+00:00,Home,0,2081.44,0.0,1613,2,0.09654690191478886,COD,North,3,6,0
2169,2023-03-12 00:00:00+00:00,Footwear,1,5425.41,0.0,3679,2,0.10765256598958364,Prepaid,West,11,3,0
3595,2023-03-12 00:00:00+00:00,Apparel,1,1882.78,0.0,1027,1,0.37738814727133746,Prepaid,North,7,0,0
2715,2023-03-12 00:00:00+00:00,Apparel,1,116.37,0.0,2064,4,0.2306111630594751,Prepaid,North,1,0,0
1009,2023-03-13 00:00:00+00:00,Home,0,473.7,0.0,4113,0,0.0,Prepaid,West,7,0,1
1760,2023-03-13 00:00:00+00:00,Apparel,1,997.27,0.0,3898,3,0.011033861470863044,COD,West,2,1,0
4611,2023-03-13 00:00:00+00:00,Beauty,0,476.93,0.11352943967736846,3937,0,0.0,COD,South,4,4,0
3288,2023-03-13 00:00:00+00:00,Beauty,0,597.09,0.0,2353,1,0.19790672458620948,Prepaid,South,11,0,0
3563,2023-03-13 00:00:00+00:00,Apparel,1,1600.31,0.07505575049305296,2558,3,0.3683255632500293,COD,East,12,0,0
1521,2023-03-13 00:00:00+00:00,Electronics,0,330.79,0.0,4138,3,0.18300871622477685,Prepaid,South,2,3,0
6,2023-03-13 00:00:00+00:00,Footwear,1,3322.38,0.0,2659,2,0.5733682097233456,Prepaid,East,9,0,1
2199,2023-03-13 00:00:00+00:00,Electronics,0,287.36,0.0,1782,2,0.03546134733076236,COD,North,2,0,0
2659,2023-03-13 00:00:00+00:00,Apparel,1,3205.57,0.0,2865,2,0.14561364003642507,COD,North,3,0,0
3106,2023-03-13 00:00:00+00:00,Beauty,0,17757.94,0.20290434153178022,1912,3,0.5381319044601887,Prepaid,North,5,6,0
3556,2023-03-13 00:00:00+00:00,Footwear,1,4101.49,0.0,3389,1,0.07247353836156982,Prepaid,North,1,1,0
2965,2023-03-13 00:00:00+00:00,Apparel,1,791.62,0.0,3585,1,0.046583429643798725,COD,North,6,0,1
1121,2023-03-13 00:00:00+00:00,Apparel,1,1030.74,0.14871188285527714,1075,1,0.2088312332095364,Prepaid,North,12,0,0
1763,2023-03-13 00:00:00+00:00,Apparel,1,5284.16,0.20092866417721544,1660,0,0.0,COD,South,5,3,0
1578,2023-03-13 00:00:00+00:00,Electronics,0,1643.76,0.05839495540618381,3556,2,0.3694938359551514,COD,North,3,0,1
2042,2023-03-13 00:00:00+00:00,Footwear,1,5536.15,0.5669559040582457,1516,1,0.28578836866615553,Prepaid,West,10,15,0
1435,2023-03-13 00:00:00+00:00,Apparel,1,788.94,0.29509310200863936,3247,1,0.4808628558993887,Prepaid,East,11,3,0
4269,2023-03-13 00:00:00+00:00,Apparel,1,2244.09,0.0,2532,3,0.16432283512115714,COD,South,14,0,0
3221,2023-03-13 00:00:00+00:00,Footwear,1,5889.52,0.0,2478,3,0.06223089275608115,COD,West,11,4,0
4262,2023-03-13 00:00:00+00:00,Electronics,0,9290.3,0.20470859063958893,1880,5,0.15880089151840168,COD,North,11,0,0
2104,2023-03-13 00:00:00+00:00,Apparel,1,1882.02,0.35617072062058386,3145,1,0.4194994502607144,Prepaid,South,7,13,0
1242,2023-03-13 00:00:00+00:00,Apparel,1,2225.02,0.0,1000,2,0.2020519969932897,Prepaid,South,1,6,1
3625,2023-03-13 00:00:00+00:00,Electronics,0,758.57,0.0,4014,4,0.23975411914347827,Prepaid,South,6,3,0
1029,2023-03-13 00:00:00+00:00,Home,0,1016.1,0.0,3512,4,0.005540857937701634,Prepaid,South,11,0,0
1728,2023-03-13 00:00:00+00:00,Apparel,1,1626.57,0.0367981249025212,3906,1,0.6754946945619345,Prepaid,North,9,5,1
1827,2023-03-13 00:00:00+00:00,Home,0,127.82,0.03737822679693782,1573,1,0.4008529537455525,COD,East,6,3,0
108,2023-03-13 00:00:00+00:00,Electronics,0,1943.05,0.2062870639873969,3774,2,0.3569133423417664,Prepaid,North,5,0,0
745,2023-03-13 00:00:00+00:00,Footwear,1,207.74,0.4166408356566659,1083,4,0.17061843072624505,Prepaid,South,4,1,0
4361,2023-03-14 00:00:00+00:00,Apparel,1,1047.36,0.08211767432755457,2706,1,0.08480179724445015,Prepaid,South,8,3,0
3369,2023-03-14 00:00:00+00:00,Footwear,1,2654.07,0.07552475339827354,3315,3,0.464784618166495,Prepaid,West,4,7,0
2056,2023-03-14 00:00:00+00:00,Home,0,1976.98,0.1376960316985001,1248,4,0.147641144592841,COD,South,8,0,0
2367,2023-03-14 00:00:00+00:00,Electronics,0,2711.99,0.22608048117117308,4104,1,0.2022703105145813,Prepaid,North,3,6,0
3131,2023-03-14 00:00:00+00:00,Apparel,1,433.98,0.0,3674,2,0.06938497000973372,Prepaid,West,9,1,1
2062,2023-03-14 00:00:00+00:00,Beauty,0,1445.74,0.0,1856,3,0.5019024771056315,Prepaid,East,7,1,0
3555,2023-03-14 00:00:00+00:00,Apparel,1,544.18,0.041272581421345225,3204,3,0.08469932551862171,COD,North,3,8,0
4978,2023-03-14 00:00:00+00:00,Apparel,1,508.8,0.0,1136,1,0.3680738192386025,Prepaid,West,9,3,0
2562,2023-03-14 00:00:00+00:00,Apparel,1,1445.88,0.2344577526434518,1078,1,0.014569504538616173,Prepaid,West,11,0,0
1376,2023-03-14 00:00:00+00:00,Apparel,1,371.62,0.0,4414,2,0.5270293166495501,Prepaid,South,6,3,0
4662,2023-03-14 00:00:00+00:00,Apparel,1,959.7,0.0,2072,5,0.37566362940687487,COD,East,1,7,0
4473,2023-03-14 00:00:00+00:00,Apparel,1,360.05,0.17569476333131817,4447,1,0.15874775431334656,Prepaid,South,12,4,0
982,2023-03-14 00:00:00+00:00,Footwear,1,600.65,0.0,1835,2,0.1391629567653616,COD,West,5,0,0
4202,2023-03-14 00:00:00+00:00,Home,0,744.38,0.30049040504501745,1054,1,0.493295776101668,COD,South,2,2,0
1821,2023-03-14 00:00:00+00:00,Apparel,1,467.4,0.0,4367,1,0.6445946498509441,COD,North,12,1,0
836,2023-03-14 00:00:00+00:00,Apparel,1,1891.72,0.2734117350743164,3080,3,0.21431778460217266,Prepaid,South,9,2,0
3781,2023-03-14 00:00:00+00:00,Apparel,1,390.47,0.041087248789369826,4252,2,0.15159904249211864,COD,North,13,0,1
4422,2023-03-14 00:00:00+00:00,Footwear,1,2228.2,0.0,1503,0,0.0,COD,South,14,1,0
1500,2023-03-14 00:00:00+00:00,Home,0,503.08,0.0,4163,3,0.17987879622213043,Prepaid,North,10,3,0
2259,2023-03-14 00:00:00+00:00,Apparel,1,235.79,0.0,2705,1,0.3146494856195576,COD,West,2,0,0
2435,2023-03-14 00:00:00+00:00,Home,0,1970.15,0.2594971539153945,3040,1,0.6222118215393004,Prepaid,South,12,2,0
4398,2023-03-14 00:00:00+00:00,Home,0,687.78,0.0,3601,5,0.48190302890069175,Prepaid,West,7,4,0
2832,2023-03-14 00:00:00+00:00,Apparel,1,2207.38,0.1539578639787766,1324,3,0.6076844578199424,Prepaid,West,1,0,0
42,2023-03-14 00:00:00+00:00,Electronics,0,659.57,0.0,2506,2,0.1468448116219532,Prepaid,North,2,4,0
1557,2023-03-14 00:00:00+00:00,Home,0,2036.74,0.0,1341,2,0.016106079202253862,Prepaid,West,13,9,0
4883,2023-03-15 00:00:00+00:00,Apparel,1,1080.85,0.0,2972,1,0.07928747721774759,Prepaid,East,7,5,0
3672,2023-03-15 00:00:00+00:00,Apparel,1,367.51,0.0,1486,2,0.5812088009487539,COD,East,2,0,1
1070,2023-03-15 00:00:00+00:00,Apparel,1,1173.94,0.0,4129,1,0.10052567727254591,Prepaid,South,6,1,0
4003,2023-03-15 00:00:00+00:00,Apparel,1,278.88,0.0,2128,3,0.30162196235601685,Prepaid,West,7,1,1
1399,2023-03-15 00:00:00+00:00,Electronics,0,1333.73,0.0,4484,1,0.016483909222379522,Prepaid,East,2,0,0
4407,2023-03-15 00:00:00+00:00,Apparel,1,1060.42,0.0,4349,1,0.2622047950160075,COD,South,1,1,0
1650,2023-03-15 00:00:00+00:00,Apparel,1,989.85,0.017097078630385384,2212,2,0.5724998553613883,Prepaid,East,2,6,0
1100,2023-03-15 00:00:00+00:00,Electronics,0,860.12,0.45145188859523055,4056,1,0.043143966776519944,COD,East,7,2,0
500,2023-03-15 00:00:00+00:00,Apparel,1,1759.44,0.23483364811828333,3882,2,0.010384392527029518,Prepaid,South,8,11,0
588,2023-03-15 00:00:00+00:00,Home,0,519.95,0.25898383885254694,3373,2,0.08690970384061131,COD,East,14,4,0
2098,2023-03-15 00:00:00+00:00,Apparel,1,7684.13,0.0,3076,2,0.209942833383004,COD,West,4,3,0
2165,2023-03-15 00:00:00+00:00,Apparel,1,578.68,0.1274587750698644,4279,1,0.02505378608706803,Prepaid,North,4,2,0
2959,2023-03-15 00:00:00+00:00,Beauty,0,575.11,0.2893923229637995,4002,0,0.0,Prepaid,South,3,1,0
4802,2023-03-15 00:00:00+00:00,Apparel,1,1848.22,0.0,4241,5,0.1076262988856353,Prepaid,West,12,0,1
2902,2023-03-15 00:00:00+00:00,Beauty,0,668.27,0.0,4260,2,0.2378443184910019,Prepaid,North,3,0,0
2894,2023-03-15 00:00:00+00:00,Apparel,1,2713.32,0.11150125842380268,4356,2,0.34336016266641595,Prepaid,East,11,4,0
4617,2023-03-15 00:00:00+00:00,Beauty,0,1030.76,0.35150441667763965,3691,1,0.01215837977748508,Prepaid,North,7,3,0
1263,2023-03-15 00:00:00+00:00,Electronics,0,948.72,0.14366343861406494,2138,1,0.03883909801750043,Prepaid,East,7,18,0
4338,2023-03-15 00:00:00+00:00,Apparel,1,2878.97,0.3310563578051142,1547,2,0.019977551174911224,COD,West,8,0,0
788,2023-03-15 00:00:00+00:00,Apparel,1,538.94,0.0,1800,0,0.0,Prepaid,East,1,0,0
1528,2023-03-15 00:00:00+00:00,Apparel,1,386.19,0.16826091872527693,1850,2,0.5311318195866372,COD,North,4,0,1
668,2023-03-15 00:00:00+00:00,Apparel,1,1639.75,0.304560549992306,1015,1,0.1769472075594718,Prepaid,West,7,0,0
3814,2023-03-15 00:00:00+00:00,Electronics,0,230.36,0.27283145169356127,1246,0,0.0,COD,West,5,1,0
2793,2023-03-15 00:00:00+00:00,Beauty,0,2508.55,0.0,3881,2,0.3082170196567292,COD,North,9,4,0
266,2023-03-16 00:00:00+00:00,Apparel,1,2444.74,0.0,3900,1,0.026692547499186984,COD,North,3,6,0
3382,2023-03-16 00:00:00+00:00,Electronics,0,284.99,0.0,1356,2,0.24804077247630416,Prepaid,South,6,2,0
160,2023-03-16 00:00:00+00:00,Home,0,349.44,0.3205516141323977,2121,6,0.3751507248025752,Prepaid,West,5,1,1
2690,2023-03-16 00:00:00+00:00,Electronics,0,395.75,0.20803194177402806,4096,3,0.5437661758280687,COD,East,2,1,0
4912,2023-03-16 00:00:00+00:00,Footwear,1,5319.51,0.23619946736135586,1279,0,0.0,Prepaid,East,14,5,1
2338,2023-03-16 00:00:00+00:00,Apparel,1,776.54,0.0,2141,1,0.2860321050813281,Prepaid,North,5,3,1
4715,2023-03-16 00:00:00+00:00,Electronics,0,2539.94,0.15164170854537318,3607,3,0.3844763531526222,COD,East,2,1,0
4957,2023-03-16 00:00:00+00:00,Footwear,1,5486.29,0.0,3120,1,0.4334149419526424,Prepaid,North,4,3,1
2077,2023-03-16 00:00:00+00:00,Footwear,1,1256.0,0.10583348792883782,3273,5,0.27468019034924107,COD,East,6,3,0
3053,2023-03-16 00:00:00+00:00,Home,0,3459.1,0.3254419464185881,2105,1,0.29315924035975766,Prepaid,West,10,0,1
3326,2023-03-16 00:00:00+00:00,Home,0,3685.77,0.0,1441,1,0.20317436700785418,COD,South,14,1,0
10,2023-03-16 00:00:00+00:00,Footwear,1,7284.29,0.0,1010,7,0.13063843486713206,Prepaid,North,13,3,1
4838,2023-03-16 00:00:00+00:00,Beauty,0,3549.8,0.05550993779182936,1473,0,0.0,COD,West,11,2,0
2765,2023-03-16 00:00:00+00:00,Electronics,0,507.17,0.0,4254,3,0.48893018315695147,Prepaid,North,3,2,0
930,2023-03-16 00:00:00+00:00,Apparel,1,1183.82,0.142937497939504,2180,2,0.31750519696581575,COD,East,12,11,0
3698,2023-03-16 00:00:00+00:00,Beauty,0,3075.54,0.16647607427654165,3243,3,0.5156932953808352,Prepaid,South,14,6,0
1696,2023-03-16 00:00:00+00:00,Apparel,1,2469.56,0.194390611277578,4035,0,0.0,Prepaid,West,9,1,1
3428,2023-03-16 00:00:00+00:00,Apparel,1,165.0,0.0,2561,2,0.11880582317797161,Prepaid,West,9,1,0
3868,2023-03-16 00:00:00+00:00,Home,0,4866.48,0.0,1358,2,0.09264517571902467,COD,West,2,1,0
916,2023-03-16 00:00:00+00:00,Apparel,1,395.47,0.0,2906,2,0.36684769776159804,COD,North,11,3,0
3890,2023-03-16 00:00:00+00:00,Electronics,0,891.27,0.0,1063,2,0.21509878308331618,Prepaid,East,4,2,0
3623,2023-03-16 00:00:00+00:00,Beauty,0,2224.08,0.0,1957,1,0.7139337420125678,COD,South,12,2,1
764,2023-03-16 00:00:00+00:00,Apparel,1,64.9,0.21205453199777824,2567,3,0.24132349371505799,Prepaid,East,11,1,0
1161,2023-03-16 00:00:00+00:00,Apparel,1,1727.6,0.0,4225,1,0.3245459699110844,COD,North,3,1,0
4275,2023-03-16 00:00:00+00:00,Footwear,1,7073.6,0.0,3983,4,0.11667615917599237,Prepaid,North,2,1,0
1313,2023-03-16 00:00:00+00:00,Beauty,0,1055.64,0.19540090540300895,1177,2,0.17524662375828948,Prepaid,West,14,1,0
4452,2023-03-16 00:00:00+00:00,Footwear,1,507.93,0.029812422698802687,4092,3,0.2777193796554799,Prepaid,North,1,2,0
522,2023-03-16 00:00:00+00:00,Beauty,0,3455.25,0.0,4412,1,0.11019074766062496,Prepaid,South,13,4,0
3948,2023-03-16 00:00:00+00:00,Electronics,0,731.69,0.0,3151,1,0.182722001751364,COD,South,9,2,0
584,2023-03-16 00:00:00+00:00,Beauty,0,617.88,0.0,2281,2,0.14463921422940484,COD,East,13,6,0
3540,2023-03-16 00:00:00+00:00,Electronics,0,479.21,0.0,4061,1,0.2351957314867881,Prepaid,South,12,2,0
1327,2023-03-17 00:00:00+00:00,Home,0,2605.51,0.33883921794872407,3230,1,0.1098727288859846,Prepaid,South,7,0,0
2084,2023-03-17 00:00:00+00:00,Apparel,1,599.51,0.07786946340949033,2777,3,0.26697282649406934,Prepaid,South,11,2,0
2737,2023-03-17 00:00:00+00:00,Apparel,1,1816.34,0.0066765978081577415,1939,4,0.2326292919900789,Prepaid,West,14,2,1
4212,2023-03-17 00:00:00+00:00,Electronics,0,1301.3,0.21675346503041956,3364,4,0.08909379430925583,Prepaid,West,12,8,0
2910,2023-03-17 00:00:00+00:00,Apparel,1,695.45,0.0,3127,1,0.07658418345648835,COD,South,4,2,0
3317,2023-03-17 00:00:00+00:00,Footwear,1,439.51,0.0,2663,1,0.27084769040590323,Prepaid,West,9,3,1
450,2023-03-17 00:00:00+00:00,Apparel,1,464.08,0.04567008951863494,4432,5,0.31076910409446135,Prepaid,East,6,6,1
4074,2023-03-17 00:00:00+00:00,Footwear,1,1655.13,0.0,3515,6,0.5855206142217227,COD,East,12,0,1
4759,2023-03-17 00:00:00+00:00,Apparel,1,806.87,0.0,2806,4,0.3664756496104621,Prepaid,North,9,1,0
557,2023-03-17 00:00:00+00:00,Beauty,0,902.82,0.16931020541846298,3934,2,0.3033952275156834,Prepaid,East,1,5,0
1086,2023-03-17 00:00:00+00:00,Beauty,0,5098.42,0.0,1643,1,0.2822264507136182,COD,North,12,0,0
3040,2023-03-17 00:00:00+00:00,Electronics,0,246.8,0.10576778189237784,4430,2,0.16058080149191112,COD,West,3,0,1
1879,2023-03-17 00:00:00+00:00,Apparel,1,527.43,0.0,3956,4,0.07766829709640627,Prepaid,South,7,1,0
3287,2023-03-17 00:00:00+00:00,Electronics,0,1989.53,0.0,4399,1,0.046484485001269844,COD,East,9,4,0
1569,2023-03-17 00:00:00+00:00,Beauty,0,754.29,0.14125459843912175,1698,2,0.34599046210552287,Prepaid,East,10,1,0
1957,2023-03-17 00:00:00+00:00,Footwear,1,2951.14,0.40724964511194894,2133,1,0.049543722407700434,Prepaid,West,8,4,1
1000,2023-03-17 00:00:00+00:00,Apparel,1,637.66,0.0,1213,2,0.5005708371589384,Prepaid,East,6,0,0
586,2023-03-17 00:00:00+00:00,Home,0,3912.41,0.0,3176,3,0.02502236879392498,COD,North,1,0,0
3962,2023-03-17 00:00:00+00:00,Apparel,1,2788.01,0.2278464931566019,4123,0,0.0,COD,South,7,2,1
3213,2023-03-17 00:00:00+00:00,Electronics,0,1444.36,0.0,4234,4,0.18679680010871252,Prepaid,East,10,2,0
3191,2023-03-17 00:00:00+00:00,Apparel,1,8383.9,0.0,2724,0,0.0,Prepaid,North,5,2,1
4568,2023-03-17 00:00:00+00:00,Electronics,0,12097.29,0.21842285160432304,2225,1,0.06930710320093932,Prepaid,East,6,1,0
3190,2023-03-17 00:00:00+00:00,Apparel,1,3114.91,0.0,4142,1,0.3496432737455348,Prepaid,West,4,2,0
1783,2023-03-17 00:00:00+00:00,Apparel,1,792.64,0.0,1637,0,0.0,Prepaid,South,13,3,0
4140,2023-03-17 00:00:00+00:00,Apparel,1,1473.41,0.0,3519,2,0.3960402929011586,Prepaid,East,4,6,0
2041,2023-03-17 00:00:00+00:00,Footwear,1,69.15,0.21530997229053273,4108,3,0.182099771789114,Prepaid,South,5,2,0
2295,2023-03-18 00:00:00+00:00,Apparel,1,5399.8,0.0,2047,0,0.0,Prepaid,North,14,2,0
2157,2023-03-18 00:00:00+00:00,Electronics,0,158.1,0.13163660055938584,3442,0,0.0,Prepaid,South,11,1,0
964,2023-03-18 00:00:00+00:00,Home,0,4788.39,0.0,2170,2,0.10934002459268052,Prepaid,North,7,3,0
4700,2023-03-18 00:00:00+00:00,Home,0,3831.01,0.01443352137916469,1173,4,0.04982884301956013,COD,South,4,0,0
1516,2023-03-18 00:00:00+00:00,Apparel,1,764.68,0.0,3973,2,0.3001761622536108,COD,West,1,2,1
4464,2023-03-18 00:00:00+00:00,Home,0,2566.93,0.15414388749118763,2323,1,0.34030851974746634,Prepaid,South,11,0,0
3095,2023-03-18 00:00:00+00:00,Home,0,280.14,0.424114417246337,4413,1,0.19119710673355364,COD,West,5,2,0
3455,2023-03-18 00:00:00+00:00,Electronics,0,517.08,0.09044249375317738,3393,2,0.15077808413875057,Prepaid,South,11,7,0
2063,2023-03-18 00:00:00+00:00,Electronics,0,881.47,0.5089931757482814,2469,1,0.15693686542518878,COD,West,5,5,0
2232,2023-03-18 00:00:00+00:00,Apparel,1,4560.22,0.0,3958,2,0.016792243599937303,Prepaid,West,9,1,1
3279,2023-03-18 00:00:00+00:00,Apparel,1,545.98,0.0,2766,0,0.0,Prepaid,East,12,0,0
4834,2023-03-18 00:00:00+00:00,Footwear,1,407.87,0.0,3509,4,0.01628968206687629,Prepaid,North,12,0,0
1800,2023-03-18 00:00:00+00:00,Footwear,1,458.3,0.0044249389146352736,1554,1,0.05623860293890538,Prepaid,North,9,0,0
3949,2023-03-18 00:00:00+00:00,Footwear,1,1071.51,0.0,4293,2,0.28622127892900673,COD,North,9,4,1
2527,2023-03-18 00:00:00+00:00,Apparel,1,1800.48,0.0,3016,2,0.29190943078721276,Prepaid,East,7,1,0
1635,2023-03-18 00:00:00+00:00,Electronics,0,391.55,0.0,2400,2,0.3691577224853887,Prepaid,South,6,0,0
2141,2023-03-19 00:00:00+00:00,Home,0,7919.84,0.21580080679602975,2182,3,0.1154788662575543,COD,North,14,2,0
1922,2023-03-19 00:00:00+00:00,Beauty,0,3140.87,0.1364718035493822,2491,3,0.14054759071665096,Prepaid,North,1,0,0
1212,2023-03-19 00:00:00+00:00,Beauty,0,1453.09,0.1952751675634434,3192,3,0.1305557670727057,Prepaid,East,1,3,0
2763,2023-03-19 00:00:00+00:00,Electronics,0,2844.53,0.0,1494,3,0.09895726073079442,COD,West,5,6,0
3152,2023-03-19 00:00:00+00:00,Beauty,0,2328.57,0.0,2566,1,0.07880163958037951,COD,East,9,1,0
2409,2023-03-19 00:00:00+00:00,Electronics,0,319.05,0.0,1495,2,0.21905493861857592,Prepaid,East,7,0,0
3110,2023-03-19 00:00:00+00:00,Apparel,1,144.35,0.0,3057,1,0.27112363763336694,COD,South,5,1,0
1253,2023-03-19 00:00:00+00:00,Footwear,1,278.41,0.1444411647162768,1370,3,0.003562082520850199,Prepaid,South,13,3,0
4285,2023-03-19 00:00:00+00:00,Electronics,0,892.76,0.0,1589,1,0.13598675373606908,Prepaid,East,4,0,0
833,2023-03-19 00:00:00+00:00,Electronics,0,565.99,0.09013955112578609,1295,0,0.0,COD,North,11,4,0
995,2023-03-19 00:00:00+00:00,Apparel,1,201.8,0.0,2874,1,0.14444197241772322,Prepaid,West,13,4,0
3938,2023-03-19 00:00:00+00:00,Apparel,1,3531.07,0.43567896282178686,1387,2,0.082135828886026,COD,South,11,2,0
734,2023-03-19 00:00:00+00:00,Beauty,0,1346.97,0.24106626631325043,1647,2,0.10932700659599662,COD,North,11,3,0
1985,2023-03-19 00:00:00+00:00,Apparel,1,511.56,0.0,2052,1,0.3966036373991115,Prepaid,North,12,7,0
1020,2023-03-19 00:00:00+00:00,Apparel,1,1146.31,0.22749127998602936,3820,2,0.3189494761763873,COD,North,14,4,1
4229,2023-03-19 00:00:00+00:00,Electronics,0,3785.9,0.15134674500681564,1302,3,0.5890528824891632,Prepaid,West,9,2,0
2568,2023-03-19 00:00:00+00:00,Electronics,0,850.45,0.0,1748,0,0.0,Prepaid,West,6,0,0
2231,2023-03-19 00:00:00+00:00,Home,0,1063.32,0.0,3657,2,0.2761476783018212,Prepaid,South,5,0,0
859,2023-03-19 00:00:00+00:00,Footwear,1,345.83,0.0,1539,1,0.041636100839186965,COD,South,12,8,0
2596,2023-03-19 00:00:00+00:00,Apparel,1,648.54,0.15875218351067413,3481,0,0.0,COD,North,14,0,1
4495,2023-03-20 00:00:00+00:00,Beauty,0,432.78,0.0,1450,2,0.39792710099925027,COD,East,12,0,0
4822,2023-03-20 00:00:00+00:00,Home,0,3279.72,0.16276218652750757,2111,1,0.3205360233411729,COD,West,9,0,0
4302,2023-03-20 00:00:00+00:00,Apparel,1,6192.17,0.0,1798,1,0.15102944151205,Prepaid,East,12,9,1
1735,2023-03-20 00:00:00+00:00,Beauty,0,304.17,0.2743597062967196,2689,1,0.02603698248899052,Prepaid,North,5,5,1
4702,2023-03-20 00:00:00+00:00,Home,0,1745.26,0.0,3176,1,0.3236544218408754,Prepaid,North,8,0,0
1900,2023-03-20 00:00:00+00:00,Home,0,271.72,0.0,3427,3,0.028140974166014833,Prepaid,South,13,2,0
2468,2023-03-20 00:00:00+00:00,Apparel,1,2443.64,0.0,2199,0,0.0,COD,East,14,0,1
2399,2023-03-20 00:00:00+00:00,Apparel,1,6118.94,0.0,2095,5,0.11611086733662708,Prepaid,North,1,0,1
3377,2023-03-20 00:00:00+00:00,Beauty,0,1314.87,0.08661850126551236,4332,0,0.0,Prepaid,South,7,1,0
3701,2023-03-20 00:00:00+00:00,Apparel,1,596.48,0.17016979526141018,3345,0,0.0,Prepaid,North,6,3,0
4693,2023-03-20 00:00:00+00:00,Beauty,0,7074.29,0.050113852316222375,1167,2,0.38594957256226936,COD,South,13,4,0
2930,2023-03-20 00:00:00+00:00,Home,0,1199.07,0.28710590278228065,3526,1,0.04242126016578676,COD,South,6,7,0
1681,2023-03-20 00:00:00+00:00,Apparel,1,805.91,0.35955599473129685,2037,2,0.17138176815520934,Prepaid,West,12,0,0
3685,2023-03-20 00:00:00+00:00,Footwear,1,1750.57,0.2935448193347312,1474,4,0.5551033687759509,COD,West,14,3,0
4374,2023-03-20 00:00:00+00:00,Beauty,0,1810.62,0.0,3977,2,0.39313097684403464,Prepaid,East,7,13,0
778,2023-03-20 00:00:00+00:00,Apparel,1,1168.64,0.0,1017,2,0.49467146178603516,Prepaid,West,10,0,1
1429,2023-03-20 00:00:00+00:00,Home,0,535.95,0.0,1568,0,0.0,Prepaid,West,2,1,0
1654,2023-03-20 00:00:00+00:00,Beauty,0,684.06,0.0,1319,4,0.0770272463182595,Prepaid,South,6,3,0
2516,2023-03-20 00:00:00+00:00,Home,0,915.58,0.03814308609564904,3934,2,0.1255358549010759,COD,South,13,1,0
773,2023-03-20 00:00:00+00:00,Apparel,1,1027.19,0.0,1521,1,0.564480471171528,Prepaid,South,6,0,1
932,2023-03-20 00:00:00+00:00,Beauty,0,2649.24,0.0,2045,2,0.08588768752596564,Prepaid,West,2,7,0
939,2023-03-20 00:00:00+00:00,Footwear,1,1022.67,0.4575381462116178,4235,1,0.05292660679093562,Prepaid,South,3,5,0
3878,2023-03-20 00:00:00+00:00,Home,0,767.58,0.0,2029,1,0.06363573305301518,Prepaid,East,5,1,0
2363,2023-03-21 00:00:00+00:00,Home,0,1290.35,0.3154987900711641,3520,3,0.25810910189248576,Prepaid,East,2,7,0
2127,2023-03-21 00:00:00+00:00,Apparel,1,1079.86,0.2976896043691749,1910,5,0.5291210096667992,Prepaid,North,12,2,0
2439,2023-03-21 00:00:00+00:00,Home,0,384.43,0.0,3510,3,0.09661536000540405,Prepaid,West,5,0,0
480,2023-03-21 00:00:00+00:00,Electronics,0,213.31,0.0,2888,1,0.3146337121235908,Prepaid,East,4,6,0
4553,2023-03-21 00:00:00+00:00,Apparel,1,1086.43,0.0,3254,1,0.1961893702838928,Prepaid,East,8,1,0
650,2023-03-21 00:00:00+00:00,Apparel,1,2369.55,0.0,2295,5,0.341966102648583,Prepaid,South,10,0,0
1787,2023-03-21 00:00:00+00:00,Electronics,0,889.83,0.0,4059,0,0.0,Prepaid,South,14,7,0
2827,2023-03-21 00:00:00+00:00,Beauty,0,3766.55,0.0,3116,2,0.08456255875098381,COD,North,8,10,0
2977,2023-03-21 00:00:00+00:00,Apparel,1,1914.23,0.0,3819,2,0.2105930875490534,Prepaid,West,6,2,0
1405,2023-03-21 00:00:00+00:00,Electronics,0,686.85,0.16596776681262665,3013,2,0.08716554617386384,Prepaid,East,14,3,0
4668,2023-03-21 00:00:00+00:00,Footwear,1,362.64,0.0,3712,1,0.06215789188341415,Prepaid,South,14,1,0
2016,2023-03-21 00:00:00+00:00,Footwear,1,839.27,0.0,3781,2,0.2483142423351258,Prepaid,North,11,1,0
1603,2023-03-21 00:00:00+00:00,Apparel,1,1153.17,0.0,1052,1,0.6222868020942466,COD,South,11,0,0
2719,2023-03-21 00:00:00+00:00,Apparel,1,2429.14,0.11279566205601796,1137,0,0.0,Prepaid,North,2,0,0
4244,2023-03-21 00:00:00+00:00,Apparel,1,2371.66,0.0,4354,1,0.24698858007611907,Prepaid,West,8,0,0
4775,2023-03-21 00:00:00+00:00,Beauty,0,474.18,0.0,1021,2,0.23286760215598135,Prepaid,North,12,1,0
800,2023-03-21 00:00:00+00:00,Home,0,2972.09,0.0,3870,5,0.00807136700358272,COD,West,5,0,0
1954,2023-03-21 00:00:00+00:00,Apparel,1,1526.32,0.0,1337,3,0.38132265300575197,Prepaid,North,2,1,1
2386,2023-03-21 00:00:00+00:00,Electronics,0,758.76,0.0,1278,2,0.28035734883073216,Prepaid,East,4,0,0
3983,2023-03-21 00:00:00+00:00,Electronics,0,4658.07,0.0,2061,1,0.0662654179932679,Prepaid,South,2,0,0
4249,2023-03-21 00:00:00+00:00,Electronics,0,372.27,0.0,1654,1,0.1286392116979057,Prepaid,North,7,5,0
3669,2023-03-22 00:00:00+00:00,Electronics,0,1884.77,0.0,3275,3,0.22820246135489722,COD,North,12,3,0
4776,2023-03-22 00:00:00+00:00,Apparel,1,1666.66,0.23909510047969307,2312,2,0.0782123107685558,Prepaid,East,1,0,0
3559,2023-03-22 00:00:00+00:00,Apparel,1,7605.19,0.2377495122967067,2225,3,0.131120700938295,COD,West,9,1,0
1704,2023-03-22 00:00:00+00:00,Apparel,1,540.16,0.12397289555101565,2989,4,0.3554252063531946,Prepaid,West,4,3,1
782,2023-03-22 00:00:00+00:00,Apparel,1,496.47,0.6869100667050376,4316,0,0.0,Prepaid,West,3,0,0
2779,2023-03-22 00:00:00+00:00,Apparel,1,1183.67,0.0,2917,5,0.0112784048088752,Prepaid,East,1,10,0
3560,2023-03-22 00:00:00+00:00,Footwear,1,9078.68,0.0,2802,4,0.021540811417553145,COD,South,5,2,0
1587,2023-03-22 00:00:00+00:00,Apparel,1,1691.18,0.0,1425,2,0.1410653423841874,Prepaid,West,9,1,0
2558,2023-03-22 00:00:00+00:00,Apparel,1,369.06,0.0,3475,0,0.0,Prepaid,South,1,4,0
4199,2023-03-22 00:00:00+00:00,Apparel,1,948.84,0.0924967575090291,3116,1,0.3480025389436276,Prepaid,South,10,4,1
98,2023-03-22 00:00:00+00:00,Footwear,1,116.14,0.3575778804425084,1797,1,0.21275320998002478,Prepaid,North,4,3,0
1185,2023-03-22 00:00:00+00:00,Electronics,0,381.62,0.20936333416794067,1177,2,0.08222716020079252,Prepaid,East,12,1,1
3346,2023-03-22 00:00:00+00:00,Beauty,0,1794.2,0.15515061372407365,3095,1,0.09183342264637241,COD,North,11,0,0
192,2023-03-22 00:00:00+00:00,Apparel,1,246.86,0.0,1797,3,0.22178086760432483,Prepaid,South,12,0,0
3821,2023-03-22 00:00:00+00:00,Apparel,1,1453.89,0.0,3187,2,0.24381167229173614,COD,North,1,3,0
4185,2023-03-22 00:00:00+00:00,Apparel,1,2237.42,0.0,1189,3,0.428140796596096,COD,West,13,2,1
4217,2023-03-22 00:00:00+00:00,Apparel,1,855.49,0.0,2359,2,0.40879915216774987,Prepaid,North,8,4,0
1294,2023-03-22 00:00:00+00:00,Electronics,0,5914.33,0.0,2268,4,0.12757416927919474,Prepaid,South,6,11,0
1373,2023-03-22 00:00:00+00:00,Electronics,0,641.76,0.0,1380,2,0.20234153839194266,Prepaid,North,7,2,0
60,2023-03-22 00:00:00+00:00,Electronics,0,200.18,0.0,3153,3,0.6139103186579854,Prepaid,West,14,0,1
510,2023-03-22 00:00:00+00:00,Apparel,1,1824.22,0.12943847499170383,4304,2,0.25516731650541913,Prepaid,North,9,3,0
846,2023-03-22 00:00:00+00:00,Apparel,1,447.3,0.1891465642207901,1229,2,0.04352382748762498,Prepaid,North,5,3,0
1409,2023-03-22 00:00:00+00:00,Electronics,0,474.86,0.08206546820059796,2547,3,0.14600075040752014,COD,North,3,1,0
3994,2023-03-22 00:00:00+00:00,Apparel,1,7536.61,0.0,1089,0,0.0,Prepaid,North,12,9,0
2879,2023-03-22 00:00:00+00:00,Electronics,0,12783.32,0.08647555838589174,3149,3,0.32382609527372724,COD,West,7,2,0
4209,2023-03-22 00:00:00+00:00,Apparel,1,524.17,0.0,2959,1,0.08728940388278786,Prepaid,North,8,3,0
771,2023-03-23 00:00:00+00:00,Apparel,1,280.4,0.0,2526,2,0.09250605695987463,Prepaid,East,8,1,0
1548,2023-03-23 00:00:00+00:00,Beauty,0,3253.4,0.2998421415808652,2627,1,0.04997517155975568,Prepaid,East,12,0,0
2356,2023-03-23 00:00:00+00:00,Apparel,1,3346.29,0.0,1804,0,0.0,Prepaid,North,2,4,0
1632,2023-03-23 00:00:00+00:00,Apparel,1,3510.06,0.0,2087,1,0.6544242318856324,Prepaid,West,10,0,0
279,2023-03-23 00:00:00+00:00,Footwear,1,4359.87,0.0,1844,2,0.10669554726845949,Prepaid,East,4,0,0
4454,2023-03-23 00:00:00+00:00,Apparel,1,2888.35,0.2982845224473059,3159,1,0.42330897568910997,Prepaid,North,3,1,0
4458,2023-03-23 00:00:00+00:00,Footwear,1,1562.73,0.0,4001,2,0.4056100592024277,COD,South,9,0,1
2072,2023-03-23 00:00:00+00:00,Footwear,1,5492.37,0.0,3730,1,0.18825617638136938,COD,East,5,6,0
79,2023-03-23 00:00:00+00:00,Electronics,0,1386.06,0.0,2158,3,0.4343208207746569,COD,East,8,14,1
1274,2023-03-23 00:00:00+00:00,Beauty,0,905.12,0.29719985338725485,1822,2,0.06490728340322707,Prepaid,East,12,3,0
2859,2023-03-23 00:00:00+00:00,Home,0,1371.48,0.35938967456219373,3650,2,0.1518513450903919,Prepaid,West,3,0,0
2836,2023-03-23 00:00:00+00:00,Apparel,1,136.53,0.27079470809560413,3466,1,0.026096164142192648,COD,East,1,0,0
693,2023-03-23 00:00:00+00:00,Beauty,0,666.21,0.0,3171,2,0.10974574405407596,Prepaid,West,12,1,0
4698,2023-03-23 00:00:00+00:00,Apparel,1,421.88,0.0,3166,6,0.08111953250939125,Prepaid,North,8,4,1
4048,2023-03-23 00:00:00+00:00,Apparel,1,427.67,0.0,2023,2,0.035567762940265715,Prepaid,South,1,1,0
3695,2023-03-23 00:00:00+00:00,Footwear,1,2254.67,0.268430753445206,1707,3,0.037271274904313416,Prepaid,North,11,0,0
3729,2023-03-23 00:00:00+00:00,Apparel,1,1069.29,0.0,1985,2,0.14547674400661845,COD,West,8,1,0
1767,2023-03-23 00:00:00+00:00,Electronics,0,1167.15,0.20197911185043227,3809,1,0.21980823222658913,Prepaid,North,10,0,0
4325,2023-03-23 00:00:00+00:00,Home,0,4599.17,0.0744396267709766,4238,3,0.5449518280850154,Prepaid,West,3,4,0
3546,2023-03-23 00:00:00+00:00,Electronics,0,2145.77,0.0,3553,2,0.0194033741153874,Prepaid,South,5,3,0
2726,2023-03-23 00:00:00+00:00,Home,0,1013.67,0.0,4318,2,0.0998320633441402,Prepaid,West,1,2,0
4483,2023-03-23 00:00:00+00:00,Home,0,2808.41,0.0,1949,1,0.06228080531871635,Prepaid,East,8,6,1
1865,2023-03-23 00:00:00+00:00,Apparel,1,2151.27,0.0,3774,4,0.16731125772903988,Prepaid,South,1,0,0
2477,2023-03-23 00:00:00+00:00,Beauty,0,338.64,0.06545411390443928,3858,1,0.2172827526021239,Prepaid,West,12,1,0
3051,2023-03-23 00:00:00+00:00,Home,0,7250.85,0.0,1167,0,0.0,Prepaid,North,3,7,1
3499,2023-03-23 00:00:00+00:00,Apparel,1,1569.33,0.3860745068045014,3126,2,0.22911099580566818,Prepaid,West,9,1,1
3311,2023-03-23 00:00:00+00:00,Apparel,1,5546.06,0.0,3209,3,0.14080505201310814,COD,West,10,0,0
2489,2023-03-23 00:00:00+00:00,Home,0,3272.66,0.0,3043,0,0.0,Prepaid,West,2,2,1
4310,2023-03-23 00:00:00+00:00,Apparel,1,25173.24,0.42529845859287685,2313,2,0.1836147818187138,COD,East,4,6,0
1437,2023-03-23 00:00:00+00:00,Apparel,1,1092.17,0.0,1308,2,0.020489633280586252,Prepaid,East,14,5,0
233,2023-03-23 00:00:00+00:00,Apparel,1,248.07,0.04045059299098844,2643,0,0.0,Prepaid,East,7,3,1
3305,2023-03-23 00:00:00+00:00,Footwear,1,553.17,0.018333455126180204,2754,0,0.0,COD,West,5,1,0
2431,2023-03-24 00:00:00+00:00,Footwear,1,1917.23,0.22546652884284302,1526,2,0.1817464719806306,Prepaid,West,13,0,0
4674,2023-03-24 00:00:00+00:00,Apparel,1,1264.24,0.21391053737296178,2606,0,0.0,COD,West,14,0,0
1018,2023-03-24 00:00:00+00:00,Electronics,0,464.63,0.0,2472,2,0.08258036321821936,Prepaid,West,12,4,0
4394,2023-03-24 00:00:00+00:00,Home,0,1508.22,0.0,3246,2,0.05909101993972322,COD,South,4,2,0
3632,2023-03-24 00:00:00+00:00,Apparel,1,4263.9,0.0,3119,4,0.09259736465706613,COD,West,14,0,0
4706,2023-03-24 00:00:00+00:00,Apparel,1,2058.35,0.14402093163099633,2297,3,0.39890272582974057,COD,North,5,7,0
603,2023-03-24 00:00:00+00:00,Footwear,1,1133.75,0.0,3224,1,0.16032028294836786,COD,East,7,7,0
731,2023-03-24 00:00:00+00:00,Apparel,1,3864.48,0.16208312891731294,3275,4,0.10145221184887163,Prepaid,North,7,0,0
4370,2023-03-24 00:00:00+00:00,Apparel,1,1504.78,0.17390778997921758,2910,2,0.016215292554618996,COD,West,6,4,0
2075,2023-03-24 00:00:00+00:00,Footwear,1,1902.41,0.14089133761021963,1980,3,0.24392831953356664,Prepaid,West,4,3,1
4875,2023-03-24 00:00:00+00:00,Footwear,1,218.78,0.3113288396704795,4174,4,0.6909503120699753,COD,South,3,0,0
3733,2023-03-24 00:00:00+00:00,Apparel,1,653.75,0.0,1424,1,0.39726450682941544,COD,North,3,0,0
4267,2023-03-24 00:00:00+00:00,Apparel,1,3709.77,0.13638171976200444,1316,2,0.2818226700542364,Prepaid,West,10,0,0
898,2023-03-24 00:00:00+00:00,Beauty,0,1403.43,0.4914978845371454,3061,2,0.22733025606585744,COD,West,9,1,0
4921,2023-03-24 00:00:00+00:00,Home,0,248.13,0.13135134909154592,1544,2,0.1998976159903594,Prepaid,West,3,0,0
1406,2023-03-24 00:00:00+00:00,Electronics,0,572.81,0.1572137125136704,1344,2,0.0005573598317030503,Prepaid,North,6,2,1
4237,2023-03-24 00:00:00+00:00,Electronics,0,2322.72,0.18084931999729,2014,1,0.21961855803779043,Prepaid,East,7,3,0
562,2023-03-24 00:00:00+00:00,Apparel,1,776.25,0.15353260758488577,3727,2,0.2821286401294874,Prepaid,West,14,0,0
4525,2023-03-24 00:00:00+00:00,Footwear,1,1015.32,0.0,2882,5,0.1514569864988941,Prepaid,South,13,2,1
3121,2023-03-24 00:00:00+00:00,Apparel,1,3193.61,0.07010802294967251,2479,1,0.2022505931257711,COD,North,12,2,1
4225,2023-03-24 00:00:00+00:00,Apparel,1,2040.67,0.2936856249813591,4052,2,0.022567580691172536,Prepaid,South,13,5,0
4242,2023-03-24 00:00:00+00:00,Electronics,0,870.24,0.0,1019,1,0.020659030285957836,COD,South,1,8,0
3903,2023-03-24 00:00:00+00:00,Home,0,353.15,0.0,3060,1,0.08104444631784963,COD,North,7,0,0
4809,2023-03-25 00:00:00+00:00,Home,0,691.27,0.0,3493,2,0.40651619402484546,Prepaid,North,4,1,1
2835,2023-03-25 00:00:00+00:00,Apparel,1,1374.37,0.0725790515819128,1255,0,0.0,Prepaid,South,14,4,0
1752,2023-03-25 00:00:00+00:00,Home,0,1118.45,0.24964424383384856,3602,3,0.09129805194994821,COD,East,2,1,0
3840,2023-03-25 00:00:00+00:00,Apparel,1,1375.3,0.0,2206,2,0.04173196917076446,Prepaid,South,7,26,0
158,2023-03-25 00:00:00+00:00,Apparel,1,3370.76,0.0,1880,2,0.23357209247687333,Prepaid,West,4,0,0
790,2023-03-25 00:00:00+00:00,Beauty,0,203.74,0.22664111791030342,2609,0,0.0,COD,East,2,4,1
271,2023-03-25 00:00:00+00:00,Apparel,1,1743.55,0.18694943781893095,3448,2,0.11401824225399065,Prepaid,West,9,2,0
3995,2023-03-25 00:00:00+00:00,Electronics,0,2071.36,0.17287640611119814,3415,2,0.11173481301993664,COD,South,11,4,0
4300,2023-03-25 00:00:00+00:00,Home,0,812.57,0.27831580261914923,1584,3,0.04413723964878352,Prepaid,East,9,3,0
53,2023-03-25 00:00:00+00:00,Apparel,1,1313.88,0.30460850050453625,2403,2,0.01620828025666775,Prepaid,North,14,6,0
1710,2023-03-25 00:00:00+00:00,Electronics,0,488.59,0.0,2384,2,0.0518167037910126,Prepaid,West,3,2,0
3759,2023-03-25 00:00:00+00:00,Home,0,1314.84,0.0,3474,0,0.0,Prepaid,North,5,4,0
1701,2023-03-25 00:00:00+00:00,Apparel,1,307.68,0.0,3207,1,0.2092733892333036,COD,West,14,10,0
1486,2023-03-25 00:00:00+00:00,Electronics,0,3228.27,0.0,3779,3,0.038191293841094515,Prepaid,South,12,2,0
4350,2023-03-25 00:00:00+00:00,Electronics,0,346.47,0.0,4169,1,0.06279967676568735,Prepaid,South,1,0,0
3111,2023-03-25 00:00:00+00:00,Apparel,1,621.99,0.0,3477,2,0.2541915848885971,Prepaid,East,9,4,1
1186,2023-03-25 00:00:00+00:00,Footwear,1,2883.67,0.07014187765135524,1275,4,0.22351653581248385,Prepaid,East,11,3,0
4206,2023-03-25 00:00:00+00:00,Apparel,1,1617.89,0.0,3888,4,0.10084692607982758,COD,East,8,5,0
978,2023-03-25 00:00:00+00:00,Electronics,0,1142.68,0.0,1326,0,0.0,Prepaid,East,11,4,1
2324,2023-03-25 00:00:00+00:00,Apparel,1,313.03,0.043953013949899644,2555,2,0.24206646750287894,Prepaid,North,3,0,0
3921,2023-03-25 00:00:00+00:00,Apparel,1,1079.73,0.0,2902,2,0.43997304176470625,COD,South,12,1,1
4968,2023-03-25 00:00:00+00:00,Apparel,1,2930.85,0.018486916794723224,3760,1,0.3684490474915651,Prepaid,East,14,2,0
4807,2023-03-25 00:00:00+00:00,Home,0,84.92,0.21143431670330345,3727,2,0.0330635240514722,Prepaid,South,4,0,0
2813,2023-03-25 00:00:00+00:00,Apparel,1,300.8,0.0,1273,2,0.30161672900836733,Prepaid,North,10,0,0
548,2023-03-25 00:00:00+00:00,Electronics,0,6041.03,0.0,3808,2,0.14884098937410212,Prepaid,West,12,1,0
3315,2023-03-25 00:00:00+00:00,Apparel,1,2266.93,0.2016358875639343,3930,5,0.3016607099900364,Prepaid,North,9,5,0
1836,2023-03-25 00:00:00+00:00,Footwear,1,685.25,0.0,3220,1,0.08475734993454684,COD,South,3,0,0
484,2023-03-25 00:00:00+00:00,Apparel,1,240.95,0.0,3277,0,0.0,Prepaid,East,6,0,0
1934,2023-03-25 00:00:00+00:00,Home,0,2140.97,0.0,1908,8,0.053272798850678656,Prepaid,West,11,0,0
2174,2023-03-25 00:00:00+00:00,Footwear,1,746.81,0.3901941917479821,1793,2,0.3555716177033959,Prepaid,North,10,1,0
3241,2023-03-25 00:00:00+00:00,Footwear,1,620.49,0.0,1157,4,0.169328758455768,Prepaid,East,4,2,0
1831,2023-03-25 00:00:00+00:00,Electronics,0,1191.08,0.0,3934,2,0.0528811814752933,Prepaid,South,2,1,0
4524,2023-03-25 00:00:00+00:00,Electronics,0,399.05,0.0,2030,2,0.21136399692572647,Prepaid,South,10,3,0
3304,2023-03-25 00:00:00+00:00,Beauty,0,1566.16,0.0,4442,2,0.06126291281769887,COD,West,13,5,0
4088,2023-03-25 00:00:00+00:00,Beauty,0,4460.33,0.0,3275,0,0.0,COD,East,9,1,1
3335,2023-03-25 00:00:00+00:00,Apparel,1,456.94,0.0,4240,2,0.1527250177026264,Prepaid,West,14,0,0
2010,2023-03-25 00:00:00+00:00,Apparel,1,720.71,0.0,1542,2,0.2831405790773893,Prepaid,South,3,0,0
709,2023-03-26 00:00:00+00:00,Footwear,1,2062.56,0.03821408963176262,3485,1,0.22048512196193212,Prepaid,North,3,1,0
4517,2023-03-26 00:00:00+00:00,Footwear,1,1321.72,0.0,2055,0,0.0,COD,West,10,2,1
461,2023-03-26 00:00:00+00:00,Apparel,1,2712.87,0.0,3074,3,0.42975943966209107,Prepaid,North,2,0,1
2102,2023-03-26 00:00:00+00:00,Home,0,225.81,0.05881126765794694,1139,0,0.0,Prepaid,South,8,5,0
4133,2023-03-26 00:00:00+00:00,Beauty,0,1854.33,0.0,1248,2,0.0675010601326529,COD,East,14,0,0
761,2023-03-26 00:00:00+00:00,Apparel,1,711.03,0.0,4176,1,0.3120340800242921,COD,West,2,4,1
3504,2023-03-26 00:00:00+00:00,Home,0,1052.33,0.23742373327133948,3563,0,0.0,Prepaid,North,9,0,0
2868,2023-03-26 00:00:00+00:00,Home,0,727.47,0.0,1042,3,0.4607619649680256,Prepaid,West,14,0,0
733,2023-03-26 00:00:00+00:00,Apparel,1,1439.81,0.0,2237,0,0.0,Prepaid,East,5,6,0
2964,2023-03-26 00:00:00+00:00,Home,0,1077.0,0.0,3917,2,0.10202700141081493,Prepaid,West,13,1,0
1267,2023-03-26 00:00:00+00:00,Apparel,1,3338.69,0.0,2165,1,0.2566820552297521,Prepaid,South,5,3,1
2336,2023-03-26 00:00:00+00:00,Home,0,773.55,0.0,2106,3,0.32286799538774996,Prepaid,North,8,1,0
2238,2023-03-26 00:00:00+00:00,Beauty,0,1976.42,0.0,2436,2,0.1319543108182436,Prepaid,East,8,2,0
4584,2023-03-26 00:00:00+00:00,Beauty,0,200.98,0.0,1872,2,0.062109067764758004,Prepaid,East,9,0,0
2021,2023-03-26 00:00:00+00:00,Electronics,0,1508.8,0.22114725637884017,2199,0,0.0,COD,West,7,5,0
4413,2023-03-26 00:00:00+00:00,Apparel,1,1496.63,0.3382758337696109,4048,5,0.2259928359887713,COD,South,5,0,1
3480,2023-03-26 00:00:00+00:00,Electronics,0,246.97,0.24167846919532598,1541,2,0.1349251927581393,Prepaid,North,3,4,0
3255,2023-03-26 00:00:00+00:00,Beauty,0,1034.29,0.0,2877,3,0.30200442623540336,COD,East,11,3,0
2895,2023-03-26 00:00:00+00:00,Apparel,1,1656.97,0.0,3718,2,0.0024879723753336597,Prepaid,North,3,1,0
4485,2023-03-26 00:00:00+00:00,Apparel,1,3562.82,0.031375257428941414,1988,5,0.3311675436294517,Prepaid,East,5,0,1
1317,2023-03-26 00:00:00+00:00,Apparel,1,1011.8,0.0,2485,2,0.3572091397311352,COD,West,13,0,1
4872,2023-03-26 00:00:00+00:00,Electronics,0,1361.7,0.0,2287,3,0.1426689368315232,Prepaid,East,1,3,0
3937,2023-03-27 00:00:00+00:00,Electronics,0,357.41,0.0,2096,0,0.0,COD,East,14,1,0
147,2023-03-27 00:00:00+00:00,Apparel,1,2445.89,0.0,2582,5,0.025378612492434265,Prepaid,South,13,12,1
383,2023-03-27 00:00:00+00:00,Apparel,1,100.57,0.08237106486161112,1598,0,0.0,Prepaid,West,14,2,0
2909,2023-03-27 00:00:00+00:00,Home,0,2114.12,0.0,2353,2,0.02970932583114085,COD,West,7,0,0
4667,2023-03-27 00:00:00+00:00,Apparel,1,658.02,0.1888873503225176,1618,1,0.06165694375539491,Prepaid,South,3,0,0
1426,2023-03-27 00:00:00+00:00,Beauty,0,241.44,0.31957558754383736,2892,2,0.10971768143564095,Prepaid,South,6,0,1
3160,2023-03-27 00:00:00+00:00,Electronics,0,1070.28,0.07789377804645223,2516,3,0.011700437108662143,COD,East,13,0,0
4862,2023-03-27 00:00:00+00:00,Apparel,1,1253.9,0.0,2017,1,0.15956685699878734,Prepaid,West,12,10,0
607,2023-03-27 00:00:00+00:00,Home,0,3722.68,0.0,1494,3,0.02713245602042861,COD,West,3,2,0
2888,2023-03-27 00:00:00+00:00,Home,0,1811.52,0.0,2886,4,0.25401236105648073,COD,South,9,4,0
1191,2023-03-27 00:00:00+00:00,Footwear,1,1174.9,0.0,4359,3,0.03509034779761174,Prepaid,West,7,4,1
2624,2023-03-27 00:00:00+00:00,Electronics,0,147.73,0.37872038585887835,3719,0,0.0,Prepaid,East,1,2,0
1331,2023-03-27 00:00:00+00:00,Electronics,0,3598.77,0.0,1836,3,0.07754982199445597,Prepaid,South,7,5,0
2349,2023-03-27 00:00:00+00:00,Footwear,1,2932.44,0.0,1335,1,0.03777398436626915,Prepaid,West,13,5,0
1291,2023-03-27 00:00:00+00:00,Electronics,0,649.11,0.0,4483,4,0.2256161155747542,COD,West,2,9,1
454,2023-03-27 00:00:00+00:00,Apparel,1,4260.76,0.09986275064510353,2375,2,0.4008547546950431,Prepaid,South,10,0,1
2877,2023-03-27 00:00:00+00:00,Apparel,1,3557.1,0.0,3753,6,0.06504807121641765,Prepaid,East,1,7,0
3216,2023-03-27 00:00:00+00:00,Electronics,0,1197.13,0.0,2852,1,0.20041524972575886,COD,South,1,1,0
348,2023-03-27 00:00:00+00:00,Electronics,0,4435.05,0.0,2456,1,0.12422814191003596,Prepaid,East,10,2,0
3999,2023-03-27 00:00:00+00:00,Apparel,1,486.59,0.0,3366,2,0.08337072338950646,Prepaid,North,5,2,0
3997,2023-03-27 00:00:00+00:00,Beauty,0,1336.98,0.0,4278,3,0.06911243484861508,COD,South,5,0,0
2821,2023-03-27 00:00:00+00:00,Beauty,0,1759.36,0.0,1850,4,0.27121624182362325,Prepaid,North,12,2,0
3469,2023-03-27 00:00:00+00:00,Footwear,1,974.99,0.12930857288686037,1014,5,0.09241136126625024,Prepaid,West,12,0,0
391,2023-03-27 00:00:00+00:00,Footwear,1,3052.65,0.0,3575,0,0.0,Prepaid,North,9,0,0
2028,2023-03-27 00:00:00+00:00,Home,0,770.24,0.0,1592,3,0.08474931082736993,Prepaid,East,7,0,0
2281,2023-03-27 00:00:00+00:00,Apparel,1,2862.48,0.030553595019547797,3388,2,0.19925953206094316,Prepaid,South,3,2,1
1065,2023-03-27 00:00:00+00:00,Apparel,1,2265.0,0.0,1776,3,0.328934414733901,Prepaid,East,4,1,0
2463,2023-03-27 00:00:00+00:00,Apparel,1,104.56,0.0,2455,2,0.08707087414920041,Prepaid,East,5,0,0
879,2023-03-27 00:00:00+00:00,Electronics,0,565.78,0.25055507409662503,2558,2,0.46971221763933074,COD,North,2,1,0
712,2023-03-27 00:00:00+00:00,Footwear,1,2105.47,0.0,2302,1,0.18507581129552947,Prepaid,East,5,5,0
2680,2023-03-27 00:00:00+00:00,Footwear,1,681.35,0.2682042608451666,1845,0,0.0,Prepaid,North,6,0,0
550,2023-03-27 00:00:00+00:00,Apparel,1,162.41,0.0,3303,3,0.08041522597955593,Prepaid,South,3,2,0
1789,2023-03-27 00:00:00+00:00,Footwear,1,151.85,0.01604934367973214,2084,1,0.2189893132339171,Prepaid,North,10,1,0
4138,2023-03-27 00:00:00+00:00,Beauty,0,487.85,0.0,2335,2,0.07190648592388484,COD,West,12,4,0
1918,2023-03-28 00:00:00+00:00,Footwear,1,3464.51,0.0,4258,3,0.17098444007804542,Prepaid,North,14,3,1
2118,2023-03-28 00:00:00+00:00,Electronics,0,2159.65,0.0,3271,2,0.07257263210356218,Prepaid,North,3,0,0
3187,2023-03-28 00:00:00+00:00,Electronics,0,3209.58,0.0,1245,1,0.014868707896613842,Prepaid,South,11,3,0
4567,2023-03-28 00:00:00+00:00,Footwear,1,1866.08,0.0,1790,2,0.2600754588305576,Prepaid,South,8,4,0
3299,2023-03-28 00:00:00+00:00,Apparel,1,1588.84,0.30708508688262237,3786,1,0.33097746027959507,Prepaid,West,3,3,0
3472,2023-03-28 00:00:00+00:00,Apparel,1,497.95,0.0,4135,2,0.31818802000824886,COD,North,9,1,0
3078,2023-03-28 00:00:00+00:00,Apparel,1,865.99,0.0,1800,2,0.4499808954570118,Prepaid,West,11,0,0
197,2023-03-28 00:00:00+00:00,Electronics,0,6952.56,0.0,1197,2,0.007253729628910044,COD,South,5,2,0
2518,2023-03-28 00:00:00+00:00,Apparel,1,4645.31,0.0,1331,2,0.3197431168767918,Prepaid,West,4,4,1
3707,2023-03-28 00:00:00+00:00,Footwear,1,479.95,0.0,3671,4,0.10037866802168524,Prepaid,West,14,0,0
2862,2023-03-28 00:00:00+00:00,Apparel,1,1726.97,0.1291532360587479,1741,3,0.16037712074397362,Prepaid,North,11,0,0
3222,2023-03-28 00:00:00+00:00,Electronics,0,1791.75,0.24331873043582863,3352,2,0.060467198039163235,COD,East,14,2,0
1232,2023-03-28 00:00:00+00:00,Apparel,1,950.63,0.3466513863439975,1623,2,0.020370570355399752,Prepaid,South,5,2,0
2528,2023-03-28 00:00:00+00:00,Electronics,0,684.08,0.0,2106,0,0.0,Prepaid,South,10,2,0
3450,2023-03-28 00:00:00+00:00,Footwear,1,1308.2,0.2056507198684811,3409,2,0.40401696323612807,Prepaid,East,10,0,0
1328,2023-03-28 00:00:00+00:00,Footwear,1,4164.42,0.11832640573738498,1015,2,0.0048827430134660375,COD,West,12,7,0
4889,2023-03-28 00:00:00+00:00,Footwear,1,1477.26,0.0,2185,3,0.03578057456403034,COD,East,14,0,0
4916,2023-03-28 00:00:00+00:00,Apparel,1,889.04,0.20431146455955218,3887,4,0.030250962226466567,COD,East,1,1,0
2524,2023-03-28 00:00:00+00:00,Apparel,1,1223.14,0.32497993792770363,3883,4,0.036659039330512726,Prepaid,North,3,5,0
3786,2023-03-28 00:00:00+00:00,Apparel,1,2858.74,0.0,2269,3,0.021040781562836213,Prepaid,East,8,0,0
4145,2023-03-28 00:00:00+00:00,Beauty,0,3141.13,0.4858041380793807,2735,4,0.07902622938965985,Prepaid,South,5,6,0
4574,2023-03-28 00:00:00+00:00,Apparel,1,3037.24,0.3321482672017886,1576,2,0.10557059216938934,COD,East,9,5,0
1849,2023-03-28 00:00:00+00:00,Home,0,19658.15,0.0,1842,1,0.009909538005175396,Prepaid,East,3,9,0
4057,2023-03-28 00:00:00+00:00,Apparel,1,937.99,0.0,1179,3,0.10581280385803658,Prepaid,East,1,6,0
20,2023-03-29 00:00:00+00:00,Apparel,1,1863.28,0.0,1641,3,0.050636672995640154,Prepaid,South,5,0,0
4977,2023-03-29 00:00:00+00:00,Footwear,1,413.26,0.0,1528,3,0.004948681280570413,Prepaid,North,10,0,0
3268,2023-03-29 00:00:00+00:00,Electronics,0,944.08,0.0,1662,1,0.11375225258878442,Prepaid,East,9,2,0
3708,2023-03-29 00:00:00+00:00,Apparel,1,367.97,0.3281168251273934,3888,0,0.0,Prepaid,South,2,1,0
4539,2023-03-29 00:00:00+00:00,Apparel,1,973.42,0.4959802344106692,1954,3,0.14627210087340486,Prepaid,West,6,0,0
1504,2023-03-29 00:00:00+00:00,Home,0,786.11,0.0,2268,2,0.07015664262004262,Prepaid,East,2,0,0
4635,2023-03-29 00:00:00+00:00,Apparel,1,2141.81,0.2600064979653256,4331,1,0.6326472007757302,Prepaid,South,5,1,0
1759,2023-03-29 00:00:00+00:00,Apparel,1,4925.45,0.11776293324086756,1077,1,0.2894513289285692,Prepaid,West,11,0,0
3996,2023-03-29 00:00:00+00:00,Footwear,1,499.58,0.3087269232368488,3848,0,0.0,Prepaid,South,8,1,0
1513,2023-03-29 00:00:00+00:00,Beauty,0,2125.29,0.0,2757,1,0.30132338956605303,COD,East,4,2,0
4507,2023-03-29 00:00:00+00:00,Electronics,0,25733.22,0.36983459581455425,3554,3,0.28467650229672287,Prepaid,East,10,1,0
3426,2023-03-29 00:00:00+00:00,Apparel,1,2786.0,0.021364036688193255,4217,1,0.16369348165011996,Prepaid,South,3,6,0
1780,2023-03-29 00:00:00+00:00,Electronics,0,1508.48,0.12080928505431399,2708,0,0.0,Prepaid,West,1,2,0
1252,2023-03-29 00:00:00+00:00,Electronics,0,227.16,0.0,3082,2,0.13163466048462943,COD,West,7,2,0
11,2023-03-29 00:00:00+00:00,Apparel,1,5337.33,0.0,3495,4,0.13258800727150852,COD,North,12,1,0
1175,2023-03-29 00:00:00+00:00,Electronics,0,1202.8,0.00458351788329639,3584,3,0.4470620778486135,Prepaid,North,6,1,0
2911,2023-03-29 00:00:00+00:00,Beauty,0,319.34,0.039282386235817195,1933,1,0.01936678610944904,Prepaid,East,1,1,0
2519,2023-03-29 00:00:00+00:00,Apparel,1,257.04,0.0,2585,4,0.06169565337003139,Prepaid,North,12,1,0
3115,2023-03-29 00:00:00+00:00,Electronics,0,2752.74,0.06272314706486051,1513,3,0.22510821432470188,COD,West,8,0,0
2638,2023-03-29 00:00:00+00:00,Home,0,6423.59,0.12262764145955986,3270,3,0.19711567021550333,Prepaid,South,13,2,0
4187,2023-03-29 00:00:00+00:00,Home,0,9388.56,0.18498325309807362,2585,2,0.0021361991873081365,Prepaid,West,3,0,0
1645,2023-03-29 00:00:00+00:00,Footwear,1,1786.83,0.0,3861,0,0.0,Prepaid,East,9,13,0
93,2023-03-29 00:00:00+00:00,Electronics,0,3015.47,0.11405886970777954,2186,3,0.08837929189739721,Prepaid,South,12,7,0
3263,2023-03-29 00:00:00+00:00,Apparel,1,525.05,0.11053564285023385,2233,2,0.020879896926498658,COD,South,3,1,0
2079,2023-03-29 00:00:00+00:00,Home,0,122.19,0.0,4231,0,0.0,Prepaid,South,14,10,0
4252,2023-03-30 00:00:00+00:00,Home,0,2425.7,0.0,3199,1,0.1161038293083954,Prepaid,North,5,0,0
1556,2023-03-30 00:00:00+00:00,Apparel,1,521.7,0.0,1452,1,0.04364974699521629,Prepaid,West,2,1,0
4029,2023-03-30 00:00:00+00:00,Electronics,0,745.37,0.10368314764659523,3283,3,0.1767696806085304,Prepaid,East,5,2,0
2424,2023-03-30 00:00:00+00:00,Apparel,1,975.81,0.0,3580,1,0.510415600374666,COD,East,2,1,0
2160,2023-03-30 00:00:00+00:00,Apparel,1,3532.09,0.0,3513,5,0.03180627315646026,COD,North,8,0,0
1412,2023-03-30 00:00:00+00:00,Apparel,1,721.55,0.0,4319,1,0.30705012913701074,COD,West,14,2,1
443,2023-03-30 00:00:00+00:00,Electronics,0,5750.84,0.0,4424,4,0.0910049575018306,Prepaid,South,10,0,0
1939,2023-03-30 00:00:00+00:00,Electronics,0,349.13,0.16482059031863047,1174,2,0.19086907150987456,Prepaid,South,9,2,1
4476,2023-03-30 00:00:00+00:00,Home,0,926.21,0.23100062692389012,3044,0,0.0,COD,South,3,0,0
2626,2023-03-30 00:00:00+00:00,Home,0,2605.19,0.0,1303,2,0.4916700691206538,Prepaid,East,4,0,0
2212,2023-03-30 00:00:00+00:00,Apparel,1,3741.8,0.0,1494,2,0.0671104897385865,COD,South,12,4,0
1026,2023-03-30 00:00:00+00:00,Electronics,0,1111.62,0.0,2210,0,0.0,Prepaid,East,10,0,0
90,2023-03-30 00:00:00+00:00,Footwear,1,2851.58,0.6128520355101099,1814,1,0.16745903454553973,Prepaid,South,2,6,0
4919,2023-03-30 00:00:00+00:00,Apparel,1,4049.68,0.2413282914193443,4099,1,0.05483816182038607,Prepaid,East,8,3,1
1614,2023-03-30 00:00:00+00:00,Apparel,1,917.48,0.0,3556,2,0.04907822617029059,Prepaid,North,6,0,0
2043,2023-03-30 00:00:00+00:00,Apparel,1,321.81,0.0,1849,3,0.17293255903336838,Prepaid,West,9,6,0
2081,2023-03-30 00:00:00+00:00,Home,0,261.28,0.18256608913929245,2730,2,0.002949556423740218,Prepaid,North,12,6,0
3965,2023-03-30 00:00:00+00:00,Home,0,751.71,0.431786134399207,2044,2,0.5405732422748701,COD,North,11,0,1
28,2023-03-30 00:00:00+00:00,Footwear,1,2609.69,0.12452611339626302,4292,3,0.578262406270933,Prepaid,North,3,0,1
46,2023-03-30 00:00:00+00:00,Apparel,1,2945.49,0.0,1991,2,0.042313259002978776,Prepaid,East,12,4,0
2867,2023-03-30 00:00:00+00:00,Footwear,1,197.14,0.25796394070244744,3876,3,0.1781095347862826,Prepaid,South,13,6,1
4333,2023-03-30 00:00:00+00:00,Apparel,1,433.7,0.0,3772,0,0.0,COD,South,2,1,0
1024,2023-03-30 00:00:00+00:00,Beauty,0,756.78,0.17209395399278915,3818,1,0.39338105894277786,Prepaid,North,4,3,0
2951,2023-03-30 00:00:00+00:00,Apparel,1,873.85,0.32117716477547764,4212,1,0.2792969901588345,Prepaid,South,8,1,0
3149,2023-03-30 00:00:00+00:00,Apparel,1,1295.5,0.0,1598,2,0.35506805804884967,Prepaid,South,14,0,0
2059,2023-03-30 00:00:00+00:00,Electronics,0,330.18,0.0,2801,2,0.26961198317766555,Prepaid,East,4,0,0
2797,2023-03-31 00:00:00+00:00,Apparel,1,7384.92,0.0,4332,1,0.051156215517885587,Prepaid,South,9,0,0
1138,2023-03-31 00:00:00+00:00,Apparel,1,443.28,0.16572183838074178,2918,3,0.5534812372913217,COD,North,12,1,0
2768,2023-03-31 00:00:00+00:00,Electronics,0,348.94,0.0,3652,2,0.08757476423786789,COD,South,10,7,0
3253,2023-03-31 00:00:00+00:00,Apparel,1,2332.45,0.0,2575,7,0.04599570437173708,Prepaid,South,5,8,0
2054,2023-03-31 00:00:00+00:00,Apparel,1,851.99,0.0,2934,4,0.5630010862666232,Prepaid,East,2,1,1
3897,2023-03-31 00:00:00+00:00,Apparel,1,172.27,0.0,2836,3,0.06489328292485408,Prepaid,West,2,6,0
4948,2023-03-31 00:00:00+00:00,Footwear,1,546.53,0.32292380634714224,3299,0,0.0,COD,South,7,3,0
515,2023-03-31 00:00:00+00:00,Footwear,1,453.12,0.0,4489,1,0.26147138069771914,Prepaid,North,13,0,0
829,2023-03-31 00:00:00+00:00,Electronics,0,378.18,0.0,2555,2,0.23328257488584703,Prepaid,North,12,5,0
3961,2023-03-31 00:00:00+00:00,Electronics,0,3114.17,0.2741300916823852,2525,3,0.038404309387306976,Prepaid,West,12,3,0
511,2023-03-31 00:00:00+00:00,Home,0,1076.39,0.1161967656148994,1513,4,0.3450157973813528,COD,West,3,2,0
4041,2023-03-31 00:00:00+00:00,Apparel,1,210.24,0.34188366020312566,1523,0,0.0,Prepaid,North,7,0,1
224,2023-03-31 00:00:00+00:00,Apparel,1,722.18,0.0,3667,5,0.24930900780426365,Prepaid,West,11,3,0
3293,2023-03-31 00:00:00+00:00,Apparel,1,204.46,0.21842806285039026,4166,1,0.19587659186586945,Prepaid,North,6,1,0
427,2023-03-31 00:00:00+00:00,Apparel,1,630.78,0.0,1239,2,0.161370596929529,Prepaid,North,2,4,0
1106,2023-03-31 00:00:00+00:00,Footwear,1,2115.85,0.0,1708,1,0.010421294174912334,COD,North,6,5,1
956,2023-03-31 00:00:00+00:00,Apparel,1,2637.14,0.034808401454297797,4068,1,0.4034491383682284,COD,South,1,1,0
1160,2023-03-31 00:00:00+00:00,Apparel,1,2125.15,0.033337061056947975,4486,2,0.07165562331747068,Prepaid,North,8,0,0
1807,2023-03-31 00:00:00+00:00,Electronics,0,2126.66,0.24180795354061638,1988,6,0.5783449846317598,COD,North,8,0,0
2159,2023-03-31 00:00:00+00:00,Footwear,1,768.24,0.47275963998039117,3233,3,0.12978498574294245,Prepaid,North,3,16,0
678,2023-03-31 00:00:00+00:00,Beauty,0,273.29,0.026019790906395196,3711,3,0.35500719252561347,Prepaid,North,12,1,1
50,2023-03-31 00:00:00+00:00,Electronics,0,798.83,0.0,3770,3,0.020488938276549552,COD,West,10,1,0
130,2023-03-31 00:00:00+00:00,Beauty,0,223.41,0.0,1948,1,0.010788249814188517,Prepaid,South,1,2,0
4755,2023-03-31 00:00:00+00:00,Electronics,0,785.18,0.0,2661,1,0.03619536991037194,Prepaid,South,13,1,0
1581,2023-03-31 00:00:00+00:00,Apparel,1,806.94,0.0,1952,2,0.15399088103097813,COD,North,11,5,1
3882,2023-03-31 00:00:00+00:00,Home,0,514.17,0.0,3966,1,0.044677173079254416,Prepaid,West,11,1,0
2681,2023-03-31 00:00:00+00:00,Apparel,1,159.35,0.09698922579967992,1089,1,0.5254426218753082,Prepaid,East,4,7,0
619,2023-03-31 00:00:00+00:00,Apparel,1,485.25,0.0,1449,2,0.14369372933755273,Prepaid,East,8,2,0
244,2023-03-31 00:00:00+00:00,Apparel,1,292.72,0.0,2507,2,0.27861614023110987,COD,North,4,6,0
4781,2023-03-31 00:00:00+00:00,Home,0,410.47,0.0,3187,3,0.119958752806087,Prepaid,North,5,2,1
3838,2023-03-31 00:00:00+00:00,Apparel,1,128.01,0.0,3631,3,0.0949679666144938,COD,North,1,4,1
3064,2023-04-01 00:00:00+00:00,Home,0,1139.65,0.16461185933604977,4381,3,0.030828034541163146,Prepaid,North,12,7,0
1166,2023-04-01 00:00:00+00:00,Footwear,1,2576.99,0.05555178589753049,3676,1,0.37918437788399384,Prepaid,North,10,0,0
3218,2023-04-01 00:00:00+00:00,Home,0,1350.09,0.5126048180426067,3017,1,0.16312701134982854,Prepaid,East,8,1,0
4047,2023-04-01 00:00:00+00:00,Apparel,1,1495.28,0.1112291887901908,3261,1,0.0687144655714577,Prepaid,North,6,0,0
4719,2023-04-01 00:00:00+00:00,Apparel,1,1145.45,0.18253240784449998,3136,2,0.32399448807582487,Prepaid,East,2,4,0
2372,2023-04-01 00:00:00+00:00,Footwear,1,756.0,0.0,1374,3,0.11210390991245003,Prepaid,South,7,3,1
4847,2023-04-01 00:00:00+00:00,Home,0,1304.86,0.0,1567,1,0.0563709432056777,Prepaid,South,8,2,0
2578,2023-04-01 00:00:00+00:00,Footwear,1,2721.44,0.0,3839,2,0.02313437275496888,Prepaid,East,2,4,0
4850,2023-04-01 00:00:00+00:00,Footwear,1,990.09,0.0,4484,4,0.6241946574535973,Prepaid,South,6,0,1
1599,2023-04-01 00:00:00+00:00,Home,0,603.51,0.07064714060024176,2728,0,0.0,COD,West,9,0,0
3297,2023-04-01 00:00:00+00:00,Beauty,0,469.44,0.29545540485410293,4388,2,0.009155758886574869,COD,West,4,4,0
4040,2023-04-01 00:00:00+00:00,Electronics,0,251.38,0.0,4179,2,0.18751154491340644,COD,North,10,0,0
4470,2023-04-01 00:00:00+00:00,Beauty,0,2567.89,0.07423146405053307,1117,2,0.16306622898958456,COD,West,3,1,0
774,2023-04-01 00:00:00+00:00,Electronics,0,497.81,0.0,3421,4,0.019416320573563458,Prepaid,East,4,1,0
3099,2023-04-01 00:00:00+00:00,Home,0,678.36,0.0,1015,3,0.5502423155092661,Prepaid,North,3,1,0
2203,2023-04-01 00:00:00+00:00,Electronics,0,1078.5,0.0,2527,4,0.19566413585023135,Prepaid,West,11,1,0
4014,2023-04-01 00:00:00+00:00,Apparel,1,2731.25,0.062497790556937015,3633,0,0.0,COD,North,8,0,0
3514,2023-04-01 00:00:00+00:00,Beauty,0,883.7,0.0,2711,4,0.14542612326221066,Prepaid,East,14,5,0
618,2023-04-01 00:00:00+00:00,Electronics,0,1195.98,0.0,3623,2,0.20328686510642788,Prepaid,West,7,2,0
2932,2023-04-02 00:00:00+00:00,Apparel,1,233.87,0.19516401959378307,4200,1,0.19264852489686085,COD,North,4,7,0
425,2023-04-02 00:00:00+00:00,Home,0,511.97,0.025844147058315975,2639,4,0.012443350307846218,Prepaid,North,9,0,0
162,2023-04-02 00:00:00+00:00,Apparel,1,855.65,0.0,1700,0,0.0,Prepaid,South,2,2,0
1247,2023-04-02 00:00:00+00:00,Beauty,0,1871.3,0.015479039681890919,1749,4,0.061825767423928646,Prepaid,South,4,0,0
4520,2023-04-02 00:00:00+00:00,Apparel,1,2277.6,0.0,2324,5,0.09797889350146467,Prepaid,North,11,0,1
3489,2023-04-02 00:00:00+00:00,Apparel,1,1856.79,0.20122985123545142,3452,1,0.2703589043450303,Prepaid,East,14,0,1
54,2023-04-02 00:00:00+00:00,Apparel,1,4528.78,0.057135614360470426,1825,2,0.18222126044953899,Prepaid,North,10,11,0
3846,2023-04-02 00:00:00+00:00,Apparel,1,573.73,0.0,4095,0,0.0,COD,South,12,0,1
1124,2023-04-02 00:00:00+00:00,Apparel,1,1236.86,0.0,2568,4,0.09618607997080458,COD,South,10,0,1
2628,2023-04-02 00:00:00+00:00,Beauty,0,1681.09,0.0,2438,4,0.05639007335595864,Prepaid,East,14,0,0
676,2023-04-02 00:00:00+00:00,Footwear,1,1868.05,0.11937600156971064,2542,3,0.141259008098621,Prepaid,West,7,0,0
1605,2023-04-02 00:00:00+00:00,Electronics,0,1256.85,0.01780958639709504,2845,6,0.3086291105615512,Prepaid,South,14,0,0
634,2023-04-02 00:00:00+00:00,Footwear,1,1758.27,0.0,3130,3,0.13755486693787858,Prepaid,North,2,0,0
4745,2023-04-02 00:00:00+00:00,Electronics,0,665.96,0.010959529892544131,3308,2,0.02108858940474098,Prepaid,North,12,1,0
1706,2023-04-02 00:00:00+00:00,Home,0,845.0,0.0,1487,1,0.01307945506291896,Prepaid,East,6,5,0
1829,2023-04-02 00:00:00+00:00,Beauty,0,4479.62,0.0,1774,1,0.18956393052138504,COD,North,7,0,0
4496,2023-04-02 00:00:00+00:00,Apparel,1,2299.82,0.17788059211778529,4216,3,0.5301804082434207,Prepaid,East,13,3,1
2406,2023-04-02 00:00:00+00:00,Footwear,1,348.0,0.449020654268385,1303,4,0.18130615559892285,Prepaid,East,4,3,0
3209,2023-04-02 00:00:00+00:00,Beauty,0,12093.2,0.0,4405,4,0.12919295707006592,COD,North,14,0,0
2461,2023-04-02 00:00:00+00:00,Apparel,1,190.95,0.0,2185,1,0.12082933354352478,Prepaid,South,9,1,0
743,2023-04-02 00:00:00+00:00,Footwear,1,151.09,0.0,2547,1,0.32331548594677717,Prepaid,North,6,20,0
4725,2023-04-02 00:00:00+00:00,Home,0,3571.72,0.0,3950,4,0.36874780353753034,Prepaid,North,2,0,0
820,2023-04-02 00:00:00+00:00,Apparel,1,2897.68,0.0,1248,4,0.1897536144782442,Prepaid,North,10,0,0
2313,2023-04-02 00:00:00+00:00,Apparel,1,611.87,0.0,3065,3,0.21375670236265026,COD,South,3,4,0
4426,2023-04-02 00:00:00+00:00,Apparel,1,871.19,0.40497340888196465,4431,4,0.1655551148667752,COD,East,3,11,1
1790,2023-04-02 00:00:00+00:00,Apparel,1,1027.76,0.0,4417,3,0.2379040270884585,COD,East,12,6,0
3547,2023-04-02 00:00:00+00:00,Home,0,224.1,0.0,2732,1,0.31987166820857704,COD,East,3,2,0
379,2023-04-02 00:00:00+00:00,Footwear,1,2511.3,0.0,3202,2,0.1457062938549596,COD,North,6,1,0
3234,2023-04-03 00:00:00+00:00,Apparel,1,792.6,0.04036634190972066,1596,4,0.0006382418980429473,COD,West,10,1,0
275,2023-04-03 00:00:00+00:00,Footwear,1,702.19,0.19737748882220574,2203,2,0.37804544419431707,COD,West,12,2,0
3,2023-04-03 00:00:00+00:00,Apparel,1,1053.22,0.0,4120,1,0.07083095469717886,COD,South,4,4,1
513,2023-04-03 00:00:00+00:00,Apparel,1,1444.92,0.0,2262,1,0.3646963262112745,Prepaid,South,13,3,0
3339,2023-04-03 00:00:00+00:00,Electronics,0,3539.54,0.0,2173,2,0.3629792620334481,COD,North,5,2,0
4930,2023-04-03 00:00:00+00:00,Footwear,1,1892.55,0.0,4158,2,0.18229644119035843,COD,East,14,1,0
4030,2023-04-03 00:00:00+00:00,Apparel,1,2137.4,0.0,1888,1,0.4177158130454209,Prepaid,West,13,1,1
4626,2023-04-03 00:00:00+00:00,Apparel,1,599.1,0.0,1598,2,0.3119810401821139,COD,East,11,1,0
1008,2023-04-03 00:00:00+00:00,Beauty,0,988.58,0.0,2470,2,0.029538305130315606,Prepaid,South,6,2,0
2415,2023-04-03 00:00:00+00:00,Apparel,1,1202.47,0.22394827750130838,3623,1,0.24392614701499632,Prepaid,North,10,3,0
449,2023-04-03 00:00:00+00:00,Apparel,1,1365.33,0.6517554495622083,1743,0,0.0,Prepaid,West,2,1,0
811,2023-04-03 00:00:00+00:00,Footwear,1,308.62,0.08264523303855323,2820,2,0.15470172698055965,Prepaid,East,2,4,0
3943,2023-04-03 00:00:00+00:00,Footwear,1,1145.92,0.0,3696,3,0.01837740152903452,Prepaid,East,7,0,0
1955,2023-04-03 00:00:00+00:00,Apparel,1,2464.56,0.0,2002,5,0.027182678908722762,Prepaid,West,11,2,1
3574,2023-04-03 00:00:00+00:00,Electronics,0,239.29,0.0,3644,0,0.0,Prepaid,North,3,0,0
1876,2023-04-03 00:00:00+00:00,Electronics,0,3897.67,0.0,3617,4,0.030504215251319133,Prepaid,East,12,1,1
328,2023-04-03 00:00:00+00:00,Home,0,2446.77,0.0527482726749973,1665,2,0.31291686405449926,COD,East,9,1,0
3702,2023-04-03 00:00:00+00:00,Apparel,1,609.49,0.0,2453,3,0.3818419990744517,COD,East,2,11,0
2788,2023-04-03 00:00:00+00:00,Electronics,0,5797.9,0.19523480180088287,2041,1,0.04985142411349848,COD,West,11,5,0
1523,2023-04-03 00:00:00+00:00,Apparel,1,322.23,0.0,3369,1,0.5455602491364943,Prepaid,West,8,6,0
1740,2023-04-03 00:00:00+00:00,Apparel,1,1617.82,0.17202611789502625,2831,0,0.0,COD,South,11,0,0
4019,2023-04-03 00:00:00+00:00,Apparel,1,545.1,0.0,4150,2,0.012628445303048534,Prepaid,North,7,0,0
1732,2023-04-03 00:00:00+00:00,Footwear,1,2833.73,0.1816071635151842,1328,2,0.03377004957803155,Prepaid,North,3,1,0
1592,2023-04-03 00:00:00+00:00,Footwear,1,4959.33,0.0,2546,4,0.1442768216213178,Prepaid,West,3,1,0
1237,2023-04-03 00:00:00+00:00,Footwear,1,227.55,0.007719984995261206,2782,2,0.07925894822200522,Prepaid,South,9,0,0
219,2023-04-03 00:00:00+00:00,Apparel,1,321.03,0.08608488024672725,4401,2,0.2835947914895549,Prepaid,West,4,0,0
3998,2023-04-03 00:00:00+00:00,Electronics,0,2864.63,0.0,4133,2,0.23012372832471076,Prepaid,West,8,1,0
1458,2023-04-03 00:00:00+00:00,Home,0,1375.59,0.0,2569,2,0.3305153178339148,Prepaid,South,11,0,1
4420,2023-04-03 00:00:00+00:00,Apparel,1,417.12,0.0,1791,3,0.07487283174863049,Prepaid,North,6,0,0
4666,2023-04-03 00:00:00+00:00,Apparel,1,739.81,0.0796922691175207,2710,0,0.0,Prepaid,North,13,0,0
4046,2023-04-03 00:00:00+00:00,Apparel,1,3815.44,0.22882457479203674,4398,0,0.0,COD,East,13,1,1
3199,2023-04-03 00:00:00+00:00,Apparel,1,891.61,0.0,3865,3,0.4436145964333152,Prepaid,West,9,1,0
2089,2023-04-03 00:00:00+00:00,Apparel,1,8444.88,0.0,1533,3,0.17455549061488027,COD,East,3,1,0
3062,2023-04-04 00:00:00+00:00,Footwear,1,744.72,0.21143696317355842,3847,4,0.053876490310812285,Prepaid,South,1,1,0
936,2023-04-04 00:00:00+00:00,Electronics,0,682.91,0.0,3949,4,0.019397206325301498,Prepaid,South,10,0,0
1881,2023-04-04 00:00:00+00:00,Apparel,1,2594.33,0.0,1026,1,0.10848420830117639,Prepaid,West,14,2,0
3757,2023-04-04 00:00:00+00:00,Apparel,1,1745.64,0.0,1926,0,0.0,Prepaid,East,4,0,0
458,2023-04-04 00:00:00+00:00,Beauty,0,366.11,0.0,3260,3,0.3676704136240229,Prepaid,South,10,4,0
2777,2023-04-04 00:00:00+00:00,Footwear,1,2818.99,0.0,3281,0,0.0,Prepaid,West,13,2,0
2550,2023-04-04 00:00:00+00:00,Electronics,0,1367.98,0.0,3200,1,0.04915754956123107,Prepaid,East,9,11,0
1958,2023-04-04 00:00:00+00:00,Beauty,0,1147.35,0.0,1353,3,0.29822102944243367,COD,West,8,3,0
4588,2023-04-04 00:00:00+00:00,Footwear,1,1956.57,0.1594494021861157,1451,5,0.016563113225793902,Prepaid,North,9,1,0
918,2023-04-04 00:00:00+00:00,Electronics,0,795.31,0.0,2046,2,0.059079002274805476,Prepaid,North,9,6,0
3343,2023-04-04 00:00:00+00:00,Apparel,1,2073.89,0.3815020828444491,2140,3,0.1772735400875837,Prepaid,East,8,0,0
2161,2023-04-04 00:00:00+00:00,Beauty,0,147.18,0.0,2080,2,0.16417159080977814,Prepaid,North,7,1,0
915,2023-04-04 00:00:00+00:00,Apparel,1,102.91,0.0,2470,2,0.34712321046599287,Prepaid,West,2,3,1
4949,2023-04-04 00:00:00+00:00,Apparel,1,2370.84,0.09562340698298737,2761,2,0.35564001811335894,Prepaid,North,1,0,0
4035,2023-04-04 00:00:00+00:00,Electronics,0,236.79,0.0,2126,3,0.21014164979667727,Prepaid,East,8,1,0
408,2023-04-04 00:00:00+00:00,Beauty,0,196.92,0.0,2288,1,0.20587379403754144,COD,South,2,1,0
841,2023-04-04 00:00:00+00:00,Electronics,0,5135.02,0.0,1792,3,0.3647349319367037,Prepaid,North,8,5,0
2746,2023-04-04 00:00:00+00:00,Apparel,1,2840.63,0.0,1692,4,0.4252435994495358,Prepaid,West,14,11,1
4455,2023-04-04 00:00:00+00:00,Apparel,1,1332.61,0.3052951840816389,4220,0,0.0,Prepaid,North,3,5,0
4771,2023-04-04 00:00:00+00:00,Home,0,582.85,0.3013843011690841,1530,3,0.2038343256368804,COD,West,9,5,1
4997,2023-04-04 00:00:00+00:00,Apparel,1,454.73,0.3118728613202716,2800,3,0.14393357965774542,Prepaid,North,11,1,0
989,2023-04-04 00:00:00+00:00,Apparel,1,4090.73,0.24819086733429327,3559,4,0.3113771968972508,COD,North,2,0,1
3990,2023-04-04 00:00:00+00:00,Apparel,1,5456.84,0.0,2788,2,0.05386438736441647,Prepaid,East,11,9,0
2583,2023-04-05 00:00:00+00:00,Apparel,1,737.25,0.0,4050,1,0.30789141720256413,Prepaid,West,6,3,0
801,2023-04-05 00:00:00+00:00,Beauty,0,549.66,0.3559980460241515,3053,4,0.2089074379994851,Prepaid,East,13,5,0
3907,2023-04-05 00:00:00+00:00,Apparel,1,979.55,0.04729015918244575,1880,2,0.46927706124113566,Prepaid,North,4,1,0
990,2023-04-05 00:00:00+00:00,Apparel,1,997.74,0.0,4060,2,0.5515538706081958,Prepaid,North,10,2,0
744,2023-04-05 00:00:00+00:00,Electronics,0,160.49,0.0,1979,0,0.0,Prepaid,North,6,1,0
919,2023-04-05 00:00:00+00:00,Home,0,305.2,0.3497412725395723,3838,3,0.23079068016966417,Prepaid,North,5,0,1
506,2023-04-05 00:00:00+00:00,Beauty,0,506.13,0.0,1462,0,0.0,Prepaid,North,13,2,0
4254,2023-04-05 00:00:00+00:00,Electronics,0,1336.56,0.0,4408,4,0.24299368086681775,Prepaid,South,9,6,0
4120,2023-04-05 00:00:00+00:00,Apparel,1,106.6,0.0,3456,0,0.0,COD,South,14,9,0
4852,2023-04-05 00:00:00+00:00,Electronics,0,1044.2,0.0,1259,2,0.283175082590817,COD,South,9,3,0
724,2023-04-05 00:00:00+00:00,Home,0,2146.42,0.0,2295,0,0.0,Prepaid,East,9,1,1
2382,2023-04-05 00:00:00+00:00,Electronics,0,494.74,0.0,3256,4,0.2822519916965896,COD,North,11,1,0
330,2023-04-05 00:00:00+00:00,Apparel,1,663.91,0.22221425083336674,4309,1,0.5465871962170111,Prepaid,South,12,4,0
2163,2023-04-05 00:00:00+00:00,Apparel,1,1919.04,0.21783643007405204,3505,2,0.6934041638216379,Prepaid,West,7,3,1
3952,2023-04-05 00:00:00+00:00,Home,0,2978.23,0.0,3419,1,0.07163715013710509,Prepaid,West,10,6,0
2636,2023-04-05 00:00:00+00:00,Home,0,3155.72,0.0,3754,2,0.23002958311155405,Prepaid,East,5,8,0
75,2023-04-05 00:00:00+00:00,Electronics,0,883.02,0.0,3274,3,0.17984198352762948,Prepaid,South,14,0,0
1090,2023-04-05 00:00:00+00:00,Apparel,1,1919.75,0.0,2307,8,0.38822466368641106,COD,West,5,3,0
1769,2023-04-05 00:00:00+00:00,Apparel,1,2674.89,0.31420284728812753,3859,2,0.014002581441771106,Prepaid,North,6,5,0
4985,2023-04-05 00:00:00+00:00,Home,0,672.93,0.26581777048289124,2367,5,0.04514556423858298,Prepaid,South,6,1,0
2025,2023-04-06 00:00:00+00:00,Electronics,0,5194.8,0.0,4274,3,0.10739571437124962,Prepaid,East,4,3,0
3989,2023-04-06 00:00:00+00:00,Home,0,2772.3,0.0,1645,0,0.0,Prepaid,East,11,2,0
1658,2023-04-06 00:00:00+00:00,Apparel,1,426.57,0.0,2397,2,0.034094195936213684,COD,West,13,10,1
4718,2023-04-06 00:00:00+00:00,Electronics,0,1357.78,0.2578494972149137,1613,1,0.20431041130641783,Prepaid,East,1,3,0
4545,2023-04-06 00:00:00+00:00,Electronics,0,8378.79,0.0,3567,2,0.44741975527999506,COD,East,9,5,1
4362,2023-04-06 00:00:00+00:00,Apparel,1,373.63,0.098968355753563,1850,1,0.057164784584502054,Prepaid,South,2,0,0
474,2023-04-06 00:00:00+00:00,Apparel,1,908.63,0.0,3650,3,0.3839246391482531,COD,South,11,6,0
3705,2023-04-06 00:00:00+00:00,Electronics,0,1857.34,0.0,2698,4,0.015238921728088939,Prepaid,North,1,1,0
4190,2023-04-06 00:00:00+00:00,Apparel,1,1283.67,0.0,3783,6,0.07390468947627987,COD,West,4,1,0
1251,2023-04-06 00:00:00+00:00,Apparel,1,11528.59,0.0,2819,2,0.003819136665913694,Prepaid,North,8,0,0
3562,2023-04-06 00:00:00+00:00,Electronics,0,1353.38,0.0,2790,2,0.13968789995568606,Prepaid,West,7,0,0
4820,2023-04-06 00:00:00+00:00,Apparel,1,987.16,0.17163769978409876,1386,3,0.44148423401573805,Prepaid,North,5,6,1
1869,2023-04-06 00:00:00+00:00,Electronics,0,969.21,0.18555745312754146,2679,5,0.07388052241200087,Prepaid,North,2,0,0
180,2023-04-06 00:00:00+00:00,Apparel,1,570.11,0.0,2162,3,0.20866784391335466,Prepaid,South,1,1,0
2405,2023-04-06 00:00:00+00:00,Apparel,1,559.99,0.0,3700,1,0.10070852137607264,COD,East,12,5,0
4221,2023-04-06 00:00:00+00:00,Home,0,1166.8,0.0,3913,2,0.09802833106922093,Prepaid,North,14,0,0
135,2023-04-06 00:00:00+00:00,Home,0,930.25,0.0,2860,1,0.24365214048358774,Prepaid,East,4,3,0
439,2023-04-06 00:00:00+00:00,Apparel,1,3052.26,0.0,1812,3,0.08951426699800422,Prepaid,North,10,0,0
3888,2023-04-06 00:00:00+00:00,Electronics,0,1727.04,0.0,4039,2,0.01935445900097585,Prepaid,South,10,0,1
1474,2023-04-06 00:00:00+00:00,Electronics,0,4329.14,0.05692781894173121,2114,0,0.0,COD,North,14,2,0
1894,2023-04-06 00:00:00+00:00,Apparel,1,401.36,0.0,1479,2,0.29262550729599734,Prepaid,East,7,0,0
3537,2023-04-06 00:00:00+00:00,Apparel,1,1037.52,0.4571513831440116,2403,0,0.0,COD,West,3,4,1
137,2023-04-06 00:00:00+00:00,Home,0,136.08,0.0,4273,2,0.2417460175870452,Prepaid,West,8,2,0
227,2023-04-06 00:00:00+00:00,Beauty,0,436.18,0.0,1036,3,0.17602455120963897,Prepaid,South,11,9,0
534,2023-04-06 00:00:00+00:00,Electronics,0,3936.0,0.022830221454219035,1456,1,0.09282935426825858,Prepaid,North,9,14,0
2551,2023-04-06 00:00:00+00:00,Electronics,0,505.02,0.14314720372147818,1401,1,0.08148166384263808,Prepaid,North,14,3,0
809,2023-04-06 00:00:00+00:00,Home,0,1467.51,0.0,3219,2,0.04495812097609424,COD,South,5,0,0
1062,2023-04-07 00:00:00+00:00,Beauty,0,523.1,0.0,2492,2,0.37899422210547373,Prepaid,South,7,7,0
1877,2023-04-07 00:00:00+00:00,Footwear,1,2386.7,0.0,3838,1,0.3425682063142429,COD,East,1,0,0
4554,2023-04-07 00:00:00+00:00,Apparel,1,627.4,0.22250757172510913,3162,1,0.1319233133641188,Prepaid,West,11,2,0
309,2023-04-07 00:00:00+00:00,Beauty,0,4878.83,0.0,1196,1,0.028988153758422855,Prepaid,East,11,0,0
2643,2023-04-07 00:00:00+00:00,Electronics,0,1575.97,0.07948372795182443,1909,2,0.051308526889456266,Prepaid,North,4,0,0
4480,2023-04-07 00:00:00+00:00,Apparel,1,581.73,0.07807646807120372,2599,1,0.10617572357601887,Prepaid,West,11,1,0
3252,2023-04-07 00:00:00+00:00,Apparel,1,3055.08,0.0,1485,4,0.04957823831917394,Prepaid,East,2,4,0
1795,2023-04-07 00:00:00+00:00,Footwear,1,303.05,0.0,4145,2,0.20205674556312692,Prepaid,East,11,1,0
4281,2023-04-07 00:00:00+00:00,Home,0,701.69,0.0,1939,2,0.13996384135172515,COD,North,13,2,0
2508,2023-04-07 00:00:00+00:00,Beauty,0,12981.07,0.15691810193864036,4082,3,0.21621836263989444,Prepaid,West,12,0,0
1606,2023-04-07 00:00:00+00:00,Apparel,1,1103.01,0.0,2423,0,0.0,Prepaid,West,5,2,0
1071,2023-04-07 00:00:00+00:00,Apparel,1,2224.87,0.24397279159002835,2963,2,0.04505747848575074,COD,North,5,1,0
1037,2023-04-07 00:00:00+00:00,Home,0,1664.53,0.3220103848366474,4411,0,0.0,COD,South,13,1,0
2261,2023-04-07 00:00:00+00:00,Apparel,1,922.32,0.15798551172175473,1294,0,0.0,COD,East,13,1,1
216,2023-04-07 00:00:00+00:00,Footwear,1,357.84,0.0,2889,0,0.0,Prepaid,North,8,0,0
1246,2023-04-07 00:00:00+00:00,Apparel,1,250.4,0.0,3305,0,0.0,Prepaid,East,11,2,0
2256,2023-04-07 00:00:00+00:00,Apparel,1,937.19,0.0,1087,0,0.0,Prepaid,North,10,4,0
3021,2023-04-07 00:00:00+00:00,Apparel,1,1556.75,0.0,3355,3,0.03852293326718884,COD,South,8,1,0
2945,2023-04-07 00:00:00+00:00,Footwear,1,2542.45,0.0,2023,0,0.0,Prepaid,East,10,0,0
2441,2023-04-07 00:00:00+00:00,Home,0,760.62,0.2695655708135476,2672,1,0.04617474098184676,COD,South,3,0,0
2892,2023-04-08 00:00:00+00:00,Apparel,1,1511.37,0.0,4496,1,0.2438442501282053,COD,East,4,0,0
2066,2023-04-08 00:00:00+00:00,Apparel,1,528.14,0.0,3663,1,0.2338803380368387,Prepaid,East,6,9,0
2891,2023-04-08 00:00:00+00:00,Electronics,0,1373.29,0.0,2112,1,0.06627461658444792,Prepaid,East,6,0,0
3876,2023-04-08 00:00:00+00:00,Electronics,0,1805.24,0.0,3831,1,0.26795035708665926,Prepaid,North,7,3,0
1597,2023-04-08 00:00:00+00:00,Electronics,0,374.9,0.11477720185245684,3567,1,0.35603317086346875,Prepaid,East,2,1,0
4332,2023-04-08 00:00:00+00:00,Footwear,1,12552.44,0.0,1042,2,0.2001856153791606,COD,West,14,1,0
380,2023-04-08 00:00:00+00:00,Home,0,369.28,0.0,2229,3,0.02983008630381332,Prepaid,South,3,0,0
2883,2023-04-08 00:00:00+00:00,Electronics,0,1353.88,0.4728999446774843,1441,1,0.34200250115522995,COD,South,10,0,0
4498,2023-04-08 00:00:00+00:00,Electronics,0,785.5,0.13304186892774683,4359,2,0.26123700431135505,Prepaid,East,3,0,0
3494,2023-04-08 00:00:00+00:00,Apparel,1,1196.5,0.0,2112,1,0.14254503981167413,Prepaid,East,1,5,0
1448,2023-04-08 00:00:00+00:00,Apparel,1,1729.37,0.11266821741670861,3686,3,0.002380939047756859,COD,West,3,0,0
2668,2023-04-08 00:00:00+00:00,Apparel,1,846.4,0.05491738062626167,1176,2,0.006821175931535497,Prepaid,West,12,0,0
3979,2023-04-08 00:00:00+00:00,Home,0,462.46,0.016148875933416768,1853,2,0.14749398286771112,COD,West,11,1,0
717,2023-04-08 00:00:00+00:00,Electronics,0,555.14,0.0,3406,2,0.2217572406061633,Prepaid,East,2,7,0
4383,2023-04-08 00:00:00+00:00,Electronics,0,2827.3,0.0,3772,3,0.09442516125890352,Prepaid,West,1,0,0
1561,2023-04-08 00:00:00+00:00,Electronics,0,2342.62,0.0,2709,0,0.0,COD,East,7,3,1
2288,2023-04-08 00:00:00+00:00,Apparel,1,2268.83,0.10956121867669145,2565,1,0.19374758648106985,Prepaid,West,4,1,0
3696,2023-04-08 00:00:00+00:00,Apparel,1,1433.04,0.12476541595258557,2714,0,0.0,COD,East,5,5,1
1392,2023-04-08 00:00:00+00:00,Apparel,1,821.78,0.0,2605,1,0.031242142054260544,Prepaid,West,11,0,0
213,2023-04-08 00:00:00+00:00,Apparel,1,11262.72,0.06735989845038852,4139,0,0.0,Prepaid,North,12,0,0
3476,2023-04-08 00:00:00+00:00,Home,0,4557.73,0.0,2247,2,0.21933003548276211,Prepaid,East,14,6,0
1337,2023-04-08 00:00:00+00:00,Beauty,0,1840.15,0.06714580084861344,3890,1,0.18655109889639532,COD,East,1,2,0
2903,2023-04-08 00:00:00+00:00,Apparel,1,430.22,0.19277584120907787,3138,2,0.38802289016580327,Prepaid,North,9,2,1
770,2023-04-08 00:00:00+00:00,Apparel,1,3697.58,0.0,1095,2,0.4007876460770783,COD,South,7,0,0
3373,2023-04-08 00:00:00+00:00,Home,0,2060.92,0.0,2410,2,0.17283391515632357,Prepaid,West,13,3,0
1644,2023-04-08 00:00:00+00:00,Footwear,1,874.86,0.0,3356,0,0.0,COD,South,14,7,1
1363,2023-04-08 00:00:00+00:00,Home,0,1185.71,0.0,1290,3,0.042450531930933864,COD,North,6,0,0
1311,2023-04-08 00:00:00+00:00,Apparel,1,799.44,0.0,1199,2,0.04624997852624223,Prepaid,North,2,2,0
3516,2023-04-08 00:00:00+00:00,Home,0,534.1,0.0341912296284248,1382,2,0.196382705202154,Prepaid,North,6,0,0
3100,2023-04-08 00:00:00+00:00,Electronics,0,3892.91,0.0,1560,2,0.41589474233458906,Prepaid,East,7,8,0
1898,2023-04-08 00:00:00+00:00,Beauty,0,2731.12,0.004462029021981492,2903,3,0.36999598062159755,Prepaid,North,4,0,0
4622,2023-04-08 00:00:00+00:00,Electronics,0,1019.0,0.0,3923,0,0.0,Prepaid,East,6,0,0
4066,2023-04-08 00:00:00+00:00,Home,0,1173.94,0.0,1903,4,0.2504021230002329,Prepaid,East,14,3,0
273,2023-04-09 00:00:00+00:00,Electronics,0,1909.95,0.17757361793670334,1827,2,0.008804799835918973,Prepaid,North,1,1,0
3366,2023-04-09 00:00:00+00:00,Electronics,0,913.32,0.0,1006,3,0.3848637936330654,Prepaid,North,13,4,0
324,2023-04-09 00:00:00+00:00,Home,0,4607.16,0.0962363896215652,3374,2,0.021477904113350533,COD,North,3,0,0
362,2023-04-09 00:00:00+00:00,Apparel,1,492.87,0.0,1386,1,0.20697454667618156,Prepaid,West,3,0,0
3624,2023-04-09 00:00:00+00:00,Home,0,919.66,0.0,3945,5,0.15446000884128305,Prepaid,East,2,3,0
1541,2023-04-09 00:00:00+00:00,Beauty,0,1326.68,0.6309467794834442,3749,1,0.4037094296489464,Prepaid,West,14,0,1
532,2023-04-09 00:00:00+00:00,Home,0,998.33,0.0,4409,1,0.18001302355242285,COD,South,14,0,0
410,2023-04-09 00:00:00+00:00,Apparel,1,443.91,0.0,3259,2,0.18216240762112892,Prepaid,West,9,1,0
116,2023-04-09 00:00:00+00:00,Electronics,0,1080.85,0.0,3593,3,0.1008779552318269,Prepaid,South,4,1,0
719,2023-04-09 00:00:00+00:00,Footwear,1,1546.58,0.0,1799,0,0.0,COD,North,10,2,0
2096,2023-04-09 00:00:00+00:00,Electronics,0,598.39,0.0,2255,0,0.0,COD,East,9,4,0
4073,2023-04-09 00:00:00+00:00,Electronics,0,1091.25,0.04286101297583528,2867,2,0.15898813719849086,Prepaid,West,8,0,0
3236,2023-04-09 00:00:00+00:00,Electronics,0,403.91,0.1966687263942924,2070,3,0.47156491740677153,Prepaid,South,4,0,0
1914,2023-04-09 00:00:00+00:00,Apparel,1,1018.45,0.4044558261311685,2725,3,0.2823125655933977,COD,West,8,2,0
1689,2023-04-09 00:00:00+00:00,Apparel,1,13840.8,0.0,3866,2,0.272422494458391,COD,West,13,4,1
567,2023-04-09 00:00:00+00:00,Home,0,476.52,0.022697759484068963,3728,1,0.03478929157777986,COD,East,3,0,0
241,2023-04-09 00:00:00+00:00,Home,0,518.95,0.0,1680,2,0.3035030761859413,Prepaid,South,3,2,0
3094,2023-04-09 00:00:00+00:00,Apparel,1,7614.0,0.0,3313,0,0.0,Prepaid,North,7,5,0
4740,2023-04-09 00:00:00+00:00,Apparel,1,163.37,0.004047436839064278,2457,0,0.0,COD,South,8,2,0
542,2023-04-09 00:00:00+00:00,Electronics,0,472.04,0.0,4066,3,0.19832817818084794,Prepaid,West,13,11,0
852,2023-04-09 00:00:00+00:00,Apparel,1,2210.8,0.0,1270,1,0.28422612429657895,COD,North,6,1,1
4870,2023-04-09 00:00:00+00:00,Home,0,493.22,0.15537174141410642,2624,2,0.42755528276558,Prepaid,West,4,0,0
2916,2023-04-09 00:00:00+00:00,Electronics,0,4522.54,0.0,3671,1,0.2278905703063374,Prepaid,South,11,7,1
1290,2023-04-09 00:00:00+00:00,Apparel,1,3641.95,0.0,3234,3,0.006320432253329132,Prepaid,South,3,0,0
2433,2023-04-09 00:00:00+00:00,Electronics,0,871.98,0.04872587928809788,3026,1,0.13431227224336922,COD,East,11,5,0
255,2023-04-09 00:00:00+00:00,Apparel,1,286.01,0.33430413909054324,3968,0,0.0,Prepaid,North,9,2,0
3769,2023-04-09 00:00:00+00:00,Footwear,1,504.28,0.0,2410,2,0.008210120693559222,Prepaid,South,4,1,0
4037,2023-04-09 00:00:00+00:00,Electronics,0,733.73,0.06594121205162023,3741,2,0.25225139773154254,COD,West,13,1,0
3498,2023-04-09 00:00:00+00:00,Apparel,1,942.91,0.3378632807135452,1894,2,0.10512508099443259,Prepaid,East,12,0,1
3958,2023-04-09 00:00:00+00:00,Home,0,1636.75,0.0,2883,1,0.33190407325311566,Prepaid,South,7,4,0
331,2023-04-09 00:00:00+00:00,Footwear,1,1132.65,0.017498283825926192,4178,1,0.02519517549485272,Prepaid,East,10,6,0
3387,2023-04-10 00:00:00+00:00,Beauty,0,1717.08,0.0,1118,2,0.11334701695599717,COD,East,13,4,0
3784,2023-04-10 00:00:00+00:00,Home,0,701.8,0.11947936441496103,2526,2,0.012911965060168767,Prepaid,North,10,19,0
1917,2023-04-10 00:00:00+00:00,Electronics,0,1030.88,0.5358690798091327,4046,3,0.3394152574819034,COD,South,5,4,0
2742,2023-04-10 00:00:00+00:00,Footwear,1,1196.6,0.00788913385741806,1985,3,0.08945164892906132,Prepaid,South,2,5,0
4365,2023-04-10 00:00:00+00:00,Apparel,1,1029.83,0.33092673158108543,1995,2,0.5138419386044503,Prepaid,North,9,5,1
13,2023-04-10 00:00:00+00:00,Apparel,1,259.0,0.17841272239498857,3442,4,0.17392242444458966,Prepaid,West,14,7,0
2795,2023-04-10 00:00:00+00:00,Electronics,0,2703.28,0.12701766471013481,2817,2,0.6889588492213187,Prepaid,East,11,5,0
963,2023-04-10 00:00:00+00:00,Apparel,1,726.96,0.0,2058,2,0.5109684757980211,Prepaid,East,1,17,0
3802,2023-04-10 00:00:00+00:00,Apparel,1,271.86,0.372850558068355,1716,2,0.16043250334641898,Prepaid,West,12,1,0
1857,2023-04-10 00:00:00+00:00,Apparel,1,621.2,0.0,1054,0,0.0,COD,North,7,3,0
4219,2023-04-10 00:00:00+00:00,Electronics,0,2102.65,0.0,4439,2,0.33516817124730547,Prepaid,North,2,6,0
463,2023-04-10 00:00:00+00:00,Electronics,0,591.29,0.25600627856500924,3917,1,0.011348765513427223,COD,East,2,10,0
1616,2023-04-10 00:00:00+00:00,Footwear,1,449.98,0.0,2553,1,0.3615646277693773,COD,North,6,3,0
3728,2023-04-10 00:00:00+00:00,Beauty,0,1191.21,0.0,4226,5,0.4452621984564768,COD,North,12,9,0
4382,2023-04-10 00:00:00+00:00,Electronics,0,961.97,0.0,3236,4,0.08720547319654078,Prepaid,West,7,0,0
1633,2023-04-10 00:00:00+00:00,Apparel,1,748.94,0.0,2293,2,0.04423305356959431,COD,West,2,1,0
2209,2023-04-10 00:00:00+00:00,Home,0,1303.71,0.0,3281,2,0.8235836758783112,Prepaid,South,8,3,0
469,2023-04-10 00:00:00+00:00,Apparel,1,2259.91,0.0,1188,2,0.21638219269179979,Prepaid,East,5,5,0
3105,2023-04-10 00:00:00+00:00,Home,0,1434.4,0.0,3217,2,0.5570759054226949,COD,North,11,8,1
1116,2023-04-10 00:00:00+00:00,Apparel,1,3911.62,0.3176356027513427,1196,2,0.04180300689486032,COD,South,9,0,0
554,2023-04-10 00:00:00+00:00,Apparel,1,9918.63,0.0,2638,0,0.0,Prepaid,East,11,0,0
4868,2023-04-10 00:00:00+00:00,Electronics,0,4536.54,0.0,3779,1,0.09911339109407592,Prepaid,North,12,1,0
4799,2023-04-10 00:00:00+00:00,Apparel,1,794.76,0.4106740876583841,4337,2,0.06901211911611162,Prepaid,South,10,1,1
3776,2023-04-10 00:00:00+00:00,Apparel,1,473.23,0.0,1117,4,0.6803891309176692,Prepaid,South,8,2,0
2805,2023-04-10 00:00:00+00:00,Apparel,1,221.84,0.0,2194,2,0.08941265676445742,Prepaid,West,10,5,0
1319,2023-04-10 00:00:00+00:00,Beauty,0,338.35,0.1552103964393768,2454,5,0.004619979435127627,Prepaid,South,14,0,0
3822,2023-04-10 00:00:00+00:00,Footwear,1,4641.79,0.0,3351,3,0.1300329688943921,COD,North,6,3,0
1136,2023-04-11 00:00:00+00:00,Apparel,1,4922.08,0.4725190197202346,2253,1,0.21830549112167966,Prepaid,South,13,3,0
4016,2023-04-11 00:00:00+00:00,Apparel,1,2081.8,0.1054802148972157,1889,1,0.02373936843653273,Prepaid,North,8,4,0
4126,2023-04-11 00:00:00+00:00,Apparel,1,805.95,0.0547548460704778,1036,2,0.24800116444677003,Prepaid,South,13,2,0
494,2023-04-11 00:00:00+00:00,Electronics,0,371.21,0.18067841602011153,2429,5,0.07144889185320948,Prepaid,North,14,1,0
2694,2023-04-11 00:00:00+00:00,Footwear,1,1524.92,0.3259605999983197,3418,0,0.0,COD,North,1,2,1
1560,2023-04-11 00:00:00+00:00,Apparel,1,1324.85,0.11299988116605116,2269,4,0.3680370753017647,COD,East,14,4,0
3764,2023-04-11 00:00:00+00:00,Apparel,1,2667.95,0.0,3275,3,0.14720892207396616,Prepaid,South,11,4,0
3749,2023-04-11 00:00:00+00:00,Apparel,1,449.54,0.0,1789,1,0.47469398906807486,COD,East,3,0,1
2351,2023-04-11 00:00:00+00:00,Footwear,1,347.86,0.0,3360,0,0.0,COD,West,7,0,0
4005,2023-04-11 00:00:00+00:00,Home,0,1441.82,0.0782349377569926,2485,2,0.11220067385967694,COD,South,5,1,0
3178,2023-04-11 00:00:00+00:00,Electronics,0,8181.66,0.18595989790601936,2270,3,0.07697826009407782,Prepaid,East,3,1,0
4808,2023-04-11 00:00:00+00:00,Apparel,1,838.9,0.0,3250,3,0.23078403610931283,Prepaid,West,5,0,0
1709,2023-04-11 00:00:00+00:00,Footwear,1,2263.83,0.0,3390,1,0.010320286589156038,COD,South,14,16,0
398,2023-04-11 00:00:00+00:00,Apparel,1,797.89,0.2629645440496212,3936,1,0.03352473775630456,COD,North,7,0,0
3509,2023-04-11 00:00:00+00:00,Apparel,1,4430.0,0.0,2713,3,0.7493762433251909,Prepaid,West,2,7,0
3353,2023-04-11 00:00:00+00:00,Apparel,1,1685.36,0.0,1516,2,0.112206059142139,Prepaid,South,13,1,1
529,2023-04-11 00:00:00+00:00,Home,0,3609.9,0.0,2037,1,0.4742030676549575,Prepaid,North,11,3,0
465,2023-04-11 00:00:00+00:00,Apparel,1,1235.36,0.0,1284,0,0.0,Prepaid,North,1,1,0
3448,2023-04-11 00:00:00+00:00,Electronics,0,1796.97,0.3069690206778149,3050,5,0.12954928621991318,Prepaid,South,4,5,0
683,2023-04-11 00:00:00+00:00,Beauty,0,7590.29,0.0,4101,3,0.056143328631701704,Prepaid,East,3,19,0
2447,2023-04-11 00:00:00+00:00,Apparel,1,1335.58,0.310308502237255,3474,0,0.0,COD,South,4,4,0
4734,2023-04-11 00:00:00+00:00,Beauty,0,221.33,0.33261714238964674,2927,2,0.31856971217998714,Prepaid,East,11,0,0
1395,2023-04-11 00:00:00+00:00,Apparel,1,1235.04,0.0,2431,2,0.20170868720109694,COD,East,13,5,0
190,2023-04-11 00:00:00+00:00,Apparel,1,2352.95,0.0,2808,1,0.08127652411054538,Prepaid,East,3,1,0
4149,2023-04-11 00:00:00+00:00,Apparel,1,97.33,0.23376030233530082,2210,3,0.13097352378242044,COD,West,2,1,0
2525,2023-04-11 00:00:00+00:00,Apparel,1,1810.15,0.0,1180,3,0.08036981725615219,COD,East,3,0,0
2993,2023-04-11 00:00:00+00:00,Footwear,1,1091.77,0.05122537659453494,3750,2,0.2118661467207658,Prepaid,West,7,0,1
981,2023-04-11 00:00:00+00:00,Apparel,1,1334.07,0.13565462321928423,2757,1,0.663925732911931,Prepaid,North,5,2,1
2988,2023-04-11 00:00:00+00:00,Home,0,1287.16,0.0,2441,1,0.0041181782656497246,Prepaid,North,10,1,1
901,2023-04-11 00:00:00+00:00,Electronics,0,171.91,0.24858901257602398,3120,1,0.36354467195653434,Prepaid,North,8,1,1
3964,2023-04-11 00:00:00+00:00,Apparel,1,383.31,0.0,2599,2,0.1968183225213927,Prepaid,East,3,4,0
120,2023-04-11 00:00:00+00:00,Footwear,1,2446.48,0.0,2362,3,0.10446195908556807,Prepaid,East,1,8,0
4180,2023-04-11 00:00:00+00:00,Beauty,0,2256.37,0.6142861489620863,2623,5,0.123274519476603,Prepaid,North,10,1,0
4467,2023-04-12 00:00:00+00:00,Apparel,1,2337.98,0.0,3807,3,0.04087936448283744,Prepaid,North,10,0,0
3539,2023-04-12 00:00:00+00:00,Footwear,1,429.49,0.0,2072,1,0.15089637060447508,COD,North,5,0,0
4181,2023-04-12 00:00:00+00:00,Footwear,1,486.67,0.21590802264837977,4121,2,0.036755244654772444,Prepaid,West,12,3,0
4515,2023-04-12 00:00:00+00:00,Apparel,1,584.13,0.0,3173,5,0.25252961432499765,Prepaid,East,2,6,0
3829,2023-04-12 00:00:00+00:00,Apparel,1,594.83,0.0,2617,1,0.1252152435835639,Prepaid,West,14,2,0
3969,2023-04-12 00:00:00+00:00,Footwear,1,458.45,0.0,2867,2,0.05284267116798364,Prepaid,North,12,3,1
2070,2023-04-12 00:00:00+00:00,Electronics,0,1621.42,0.0,4065,1,0.05000045427592744,Prepaid,East,4,1,0
2068,2023-04-12 00:00:00+00:00,Beauty,0,892.62,0.05907240366544944,4479,1,0.08191173891333264,Prepaid,West,7,0,0
2026,2023-04-12 00:00:00+00:00,Apparel,1,923.5,0.0,3848,1,0.08251214599558722,Prepaid,South,9,0,1
2094,2023-04-12 00:00:00+00:00,Footwear,1,632.24,0.2862264454175409,4082,2,0.0653323530660786,Prepaid,South,1,0,0
2250,2023-04-12 00:00:00+00:00,Electronics,0,266.26,0.0,1117,1,0.8104746914476902,Prepaid,North,5,0,0
1775,2023-04-12 00:00:00+00:00,Beauty,0,593.12,0.12964597743780676,3647,1,0.06963428491239745,COD,North,11,3,0
670,2023-04-12 00:00:00+00:00,Home,0,506.21,0.0,1567,1,0.05027351659275012,COD,South,1,1,0
3818,2023-04-12 00:00:00+00:00,Footwear,1,2479.89,0.45014864812703437,4063,2,0.13050681242012502,COD,West,13,0,1
3014,2023-04-12 00:00:00+00:00,Apparel,1,735.6,0.0,1724,1,0.16098219004078804,Prepaid,North,14,1,0
3118,2023-04-12 00:00:00+00:00,Apparel,1,4137.98,0.16955789592164372,2162,2,0.024389623093745157,COD,South,11,0,1
1391,2023-04-12 00:00:00+00:00,Home,0,5578.72,0.3210150279739876,1564,4,0.3483208459524616,COD,South,11,1,0
726,2023-04-12 00:00:00+00:00,Home,0,866.77,0.0,1434,1,0.14398510723853075,Prepaid,South,5,1,0
3622,2023-04-12 00:00:00+00:00,Home,0,934.57,0.24482742645532185,4251,0,0.0,Prepaid,North,5,5,0
3913,2023-04-12 00:00:00+00:00,Home,0,1404.07,0.20129844676129385,1731,5,0.2712711703437481,COD,East,9,1,0
2286,2023-04-12 00:00:00+00:00,Beauty,0,6326.12,0.0,1689,1,0.4397564668682346,COD,South,7,3,0
3643,2023-04-12 00:00:00+00:00,Home,0,4805.26,0.017276483820448496,3074,2,0.1272197542006217,COD,North,4,1,0
3634,2023-04-12 00:00:00+00:00,Home,0,2191.7,0.18043996047769037,1132,1,0.028743748392393353,COD,South,1,8,0
4646,2023-04-13 00:00:00+00:00,Home,0,244.01,0.0,2169,0,0.0,Prepaid,West,14,8,0
3294,2023-04-13 00:00:00+00:00,Apparel,1,466.88,0.28932398982344887,3809,2,0.005120125552977417,Prepaid,North,1,3,0
4039,2023-04-13 00:00:00+00:00,Home,0,1205.1,0.0,2444,4,0.11885670218449586,Prepaid,East,1,1,0
3766,2023-04-13 00:00:00+00:00,Footwear,1,2701.23,0.2851698341421098,2815,6,0.25995548948729863,Prepaid,North,12,0,0
4131,2023-04-13 00:00:00+00:00,Electronics,0,736.06,0.034312395198071874,3303,0,0.0,Prepaid,North,10,0,0
3486,2023-04-13 00:00:00+00:00,Apparel,1,3060.21,0.0,2180,4,0.05141259283767879,Prepaid,North,7,5,0
4097,2023-04-13 00:00:00+00:00,Electronics,0,3457.35,0.3642068051436962,1654,5,0.3467060328906883,COD,West,1,2,0
1,2023-04-13 00:00:00+00:00,Beauty,0,493.59,0.09316667382194953,2724,1,0.1276129778304554,Prepaid,South,1,6,0
1305,2023-04-13 00:00:00+00:00,Footwear,1,88.14,0.5416192591057661,3588,2,0.5589746714709418,Prepaid,South,10,1,1
126,2023-04-13 00:00:00+00:00,Apparel,1,443.55,0.0,3684,2,0.36777457989217005,Prepaid,North,13,0,0
2444,2023-04-13 00:00:00+00:00,Beauty,0,1520.77,0.20600598517268132,4229,1,0.12562918895539651,COD,South,11,0,0
2766,2023-04-13 00:00:00+00:00,Apparel,1,2140.12,0.3149216347466471,1160,2,0.2869207446520433,COD,South,2,2,0
2448,2023-04-13 00:00:00+00:00,Apparel,1,1322.97,0.0,4037,1,0.08542716655484653,Prepaid,North,13,1,0
1225,2023-04-13 00:00:00+00:00,Home,0,228.37,0.0,1093,2,0.16098770805163978,Prepaid,East,5,2,0
1441,2023-04-13 00:00:00+00:00,Electronics,0,2859.42,0.0,2383,0,0.0,Prepaid,East,1,4,0
1485,2023-04-13 00:00:00+00:00,Electronics,0,1320.9,0.0,3038,3,0.44600250578689027,Prepaid,West,7,2,0
2705,2023-04-13 00:00:00+00:00,Electronics,0,1374.94,0.03802055593935427,4349,1,0.010646050972264124,Prepaid,East,12,4,0
169,2023-04-13 00:00:00+00:00,Beauty,0,493.68,0.0,2828,0,0.0,Prepaid,North,11,0,1
1806,2023-04-13 00:00:00+00:00,Home,0,6427.89,0.33615908576193465,3912,3,0.10097397688848044,COD,East,10,1,0
1822,2023-04-13 00:00:00+00:00,Beauty,0,1617.53,0.2165531061737083,3071,2,0.04894292162497948,Prepaid,South,13,7,0
1804,2023-04-13 00:00:00+00:00,Footwear,1,2467.15,0.0,2343,0,0.0,COD,South,9,2,0
8,2023-04-13 00:00:00+00:00,Electronics,0,409.93,0.06708841806588622,3187,2,0.6656501590650874,Prepaid,South,13,1,0
766,2023-04-13 00:00:00+00:00,Home,0,2813.7,0.0,3573,2,0.06302021046802896,Prepaid,West,6,5,0
404,2023-04-13 00:00:00+00:00,Apparel,1,168.19,0.013851968249229366,4182,0,0.0,Prepaid,South,10,10,0
2971,2023-04-14 00:00:00+00:00,Beauty,0,1068.13,0.3104677417764995,3325,1,0.2519204510793505,Prepaid,South,9,1,1
4691,2023-04-14 00:00:00+00:00,Electronics,0,15223.92,0.0,3053,1,0.08493460905016693,COD,North,6,4,0
2665,2023-04-14 00:00:00+00:00,Electronics,0,802.59,0.14974701481444097,1097,1,0.2544849423139155,Prepaid,West,8,7,0
270,2023-04-14 00:00:00+00:00,Apparel,1,833.09,0.0,3107,1,0.29366041324367764,Prepaid,North,4,0,0
4010,2023-04-14 00:00:00+00:00,Apparel,1,5416.79,0.04458524568836483,1945,2,0.2763236154833062,Prepaid,South,11,3,0
4583,2023-04-14 00:00:00+00:00,Apparel,1,3070.34,0.0,1811,1,0.2483875333839647,COD,East,3,7,0
1193,2023-04-14 00:00:00+00:00,Home,0,569.71,0.0,2424,4,0.44858497824649174,Prepaid,North,4,15,1
2621,2023-04-14 00:00:00+00:00,Apparel,1,1216.12,0.4053369155051699,1622,2,0.19209512868962256,COD,South,7,0,0
4766,2023-04-14 00:00:00+00:00,Home,0,1777.66,0.0,3756,0,0.0,COD,South,2,3,0
1113,2023-04-14 00:00:00+00:00,Apparel,1,964.92,0.25631209592632176,1630,5,0.08350697820841162,Prepaid,East,1,2,0
1111,2023-04-14 00:00:00+00:00,Home,0,2093.2,0.0,1114,1,0.12626055367237746,COD,North,9,0,0
1101,2023-04-14 00:00:00+00:00,Electronics,0,1658.11,0.0,3584,1,0.18984912275084057,Prepaid,South,12,0,0
4833,2023-04-14 00:00:00+00:00,Electronics,0,434.35,0.0,1463,3,0.01264078570232849,COD,South,7,13,0
1045,2023-04-14 00:00:00+00:00,Apparel,1,6087.09,0.0180962153244639,4096,2,0.025740045492594,Prepaid,South,12,3,0
1044,2023-04-14 00:00:00+00:00,Apparel,1,2106.06,0.0,1061,2,0.03968916079568262,Prepaid,South,9,0,0
806,2023-04-14 00:00:00+00:00,Footwear,1,181.84,0.0,4143,2,0.08119937235228436,Prepaid,West,10,1,0
1031,2023-04-14 00:00:00+00:00,Footwear,1,1329.05,0.06854957948269119,3134,5,0.06827422987197168,Prepaid,East,2,2,0
4188,2023-04-14 00:00:00+00:00,Beauty,0,1405.33,0.0,1565,0,0.0,Prepaid,West,11,2,0
2560,2023-04-14 00:00:00+00:00,Footwear,1,397.81,0.0,2202,2,0.6219864778276943,COD,South,10,0,1
234,2023-04-14 00:00:00+00:00,Beauty,0,2615.26,0.2944681742679309,3333,1,0.3873798520919451,COD,North,1,0,1
354,2023-04-14 00:00:00+00:00,Apparel,1,5213.72,0.024261039506229543,3129,2,0.21430189614183096,Prepaid,West,1,12,0
3883,2023-04-14 00:00:00+00:00,Apparel,1,4910.65,0.0,3812,3,0.028253282084825616,COD,West,1,2,0
3905,2023-04-14 00:00:00+00:00,Apparel,1,841.42,0.09943519938214022,2728,3,0.18625928619119153,COD,South,3,10,0
3381,2023-04-14 00:00:00+00:00,Beauty,0,6558.29,0.0,1400,2,0.04789715768339268,COD,West,8,10,0
14,2023-04-14 00:00:00+00:00,Apparel,1,200.43,0.0,2528,2,0.05817271530557028,Prepaid,East,9,1,0
3500,2023-04-14 00:00:00+00:00,Footwear,1,600.04,0.0,3192,1,0.2876188932198407,Prepaid,South,1,2,0
2315,2023-04-14 00:00:00+00:00,Home,0,635.28,0.25683604207583344,4463,2,0.1185301160366372,Prepaid,West,2,2,0
1815,2023-04-14 00:00:00+00:00,Apparel,1,298.83,0.0,2846,4,0.24462635457864026,Prepaid,East,13,0,0
3614,2023-04-14 00:00:00+00:00,Footwear,1,1475.48,0.11634238525204388,2394,1,0.3272036435356917,Prepaid,East,8,0,0
63,2023-04-14 00:00:00+00:00,Electronics,0,2208.72,0.0,1635,2,0.24219850238134238,Prepaid,South,5,7,0
1643,2023-04-14 00:00:00+00:00,Home,0,1895.63,0.0,2336,2,0.13805353995918726,COD,West,7,1,0
2318,2023-04-14 00:00:00+00:00,Apparel,1,183.96,0.16288175903742125,1141,1,0.2287912001437116,Prepaid,North,13,2,0
342,2023-04-14 00:00:00+00:00,Footwear,1,351.28,0.0,2327,3,0.04395747697514182,Prepaid,West,12,1,0
1382,2023-04-14 00:00:00+00:00,Apparel,1,3654.31,0.0,2165,2,0.11390381412943822,Prepaid,East,6,0,0
118,2023-04-14 00:00:00+00:00,Apparel,1,1130.02,0.23377688533411117,2136,0,0.0,Prepaid,East,13,2,0
3845,2023-04-14 00:00:00+00:00,Home,0,221.84,0.18883040416421298,3822,2,0.4092735382678145,Prepaid,West,4,1,0
3873,2023-04-14 00:00:00+00:00,Home,0,272.93,0.02064931392351846,2635,1,0.1683847976927978,Prepaid,South,1,3,0
4927,2023-04-14 00:00:00+00:00,Apparel,1,565.37,0.0,2241,3,0.0811687933571629,Prepaid,East,7,1,0
3324,2023-04-15 00:00:00+00:00,Electronics,0,2140.93,0.0,1049,1,0.11545777544477745,Prepaid,North,9,2,0
2053,2023-04-15 00:00:00+00:00,Apparel,1,3080.45,0.0,1054,1,0.11923435412298988,Prepaid,South,9,2,0
3219,2023-04-15 00:00:00+00:00,Home,0,2617.13,0.09387898119928098,2078,0,0.0,Prepaid,North,12,2,0
518,2023-04-15 00:00:00+00:00,Electronics,0,211.15,0.0,3955,4,0.03292200633641036,COD,North,13,2,0
1959,2023-04-15 00:00:00+00:00,Apparel,1,2390.07,0.13512971765899512,2107,3,0.2722699362487408,Prepaid,South,7,0,0
543,2023-04-15 00:00:00+00:00,Apparel,1,905.02,0.13019914825452006,3453,0,0.0,Prepaid,East,9,1,0
630,2023-04-15 00:00:00+00:00,Footwear,1,2506.51,0.0,1245,2,0.034636614712429556,Prepaid,East,13,1,0
718,2023-04-15 00:00:00+00:00,Home,0,1200.79,0.11865143327760752,1886,1,0.45263846445604367,Prepaid,East,9,0,1
3772,2023-04-15 00:00:00+00:00,Electronics,0,1909.76,0.004034912573954844,4379,0,0.0,COD,East,9,1,1
1563,2023-04-15 00:00:00+00:00,Beauty,0,1839.03,0.2325043738336065,4184,1,0.40059315136131535,Prepaid,West,1,0,0
1895,2023-04-15 00:00:00+00:00,Apparel,1,841.36,0.0,3690,1,0.3912775261760998,COD,South,7,4,0
4312,2023-04-15 00:00:00+00:00,Apparel,1,1153.18,0.05625832699969571,3450,3,0.3082532793199376,Prepaid,West,7,6,0
1871,2023-04-15 00:00:00+00:00,Apparel,1,131.59,0.38803339703601714,2714,6,0.33355819272888765,Prepaid,West,1,3,0
3923,2023-04-15 00:00:00+00:00,Footwear,1,1009.75,0.0,4197,0,0.0,COD,North,8,1,0
1011,2023-04-15 00:00:00+00:00,Apparel,1,2329.64,0.0,1246,3,0.11908173687670627,Prepaid,South,6,1,0
2335,2023-04-15 00:00:00+00:00,Apparel,1,3535.71,0.0,3323,1,0.3090058112525995,Prepaid,South,12,1,0
1187,2023-04-15 00:00:00+00:00,Electronics,0,285.83,0.0,3359,1,0.043924319434063525,COD,West,13,1,0
3157,2023-04-15 00:00:00+00:00,Beauty,0,582.92,0.0,2852,4,0.3743616988653006,Prepaid,South,14,5,0
4061,2023-04-15 00:00:00+00:00,Electronics,0,4386.9,0.0,1449,2,0.17625385423145382,COD,North,14,2,0
3699,2023-04-15 00:00:00+00:00,Apparel,1,1067.67,0.1799186659375749,2752,2,0.24009430341615695,COD,North,8,3,0
3195,2023-04-15 00:00:00+00:00,Electronics,0,501.86,0.0,2048,0,0.0,Prepaid,East,2,1,0
2569,2023-04-15 00:00:00+00:00,Apparel,1,3632.77,0.05007783753395404,2720,5,0.10392064430026096,Prepaid,East,3,1,0
2498,2023-04-15 00:00:00+00:00,Home,0,604.87,0.3134633910349526,3603,1,0.07367565328498213,COD,North,9,2,0
2667,2023-04-16 00:00:00+00:00,Apparel,1,3240.69,0.0,3105,3,0.1009210071093426,Prepaid,West,5,3,0
3258,2023-04-16 00:00:00+00:00,Beauty,0,286.18,0.0,4209,4,0.26410518754423956,Prepaid,South,9,0,0
2819,2023-04-16 00:00:00+00:00,Apparel,1,2371.44,0.0,3052,7,0.13747157264472562,Prepaid,South,10,2,1
418,2023-04-16 00:00:00+00:00,Electronics,0,927.36,0.0,3119,3,0.3195324271944357,COD,North,14,6,0
2151,2023-04-16 00:00:00+00:00,Beauty,0,298.16,0.0,3010,1,0.16608267712099614,Prepaid,North,5,1,0
1123,2023-04-16 00:00:00+00:00,Footwear,1,2309.89,0.27352176542070533,1286,1,0.17767336955008353,COD,South,13,0,0
1811,2023-04-16 00:00:00+00:00,Home,0,1585.44,0.0,2506,0,0.0,Prepaid,South,2,9,0
3898,2023-04-16 00:00:00+00:00,Home,0,1379.47,0.0,3023,1,0.38316840583891254,COD,East,14,1,0
2182,2023-04-16 00:00:00+00:00,Apparel,1,2005.27,0.16321500134836917,2800,1,0.37047782690148223,Prepaid,West,1,1,0
780,2023-04-16 00:00:00+00:00,Electronics,0,666.14,0.0,4078,3,0.14966590683185418,Prepaid,West,9,0,0
2299,2023-04-16 00:00:00+00:00,Home,0,156.12,0.0,1239,1,0.3682847910221073,Prepaid,East,4,0,0
4400,2023-04-16 00:00:00+00:00,Electronics,0,1902.77,0.0,2698,1,0.01818806895459509,Prepaid,East,3,0,0
2657,2023-04-16 00:00:00+00:00,Apparel,1,4006.67,0.0,3599,2,0.03907948651154679,Prepaid,North,12,2,1
1330,2023-04-16 00:00:00+00:00,Home,0,6356.99,0.16280830586169465,3934,0,0.0,Prepaid,North,2,0,0
3233,2023-04-16 00:00:00+00:00,Home,0,1542.64,0.0,4443,2,0.26231941037316725,Prepaid,North,8,1,0
2829,2023-04-16 00:00:00+00:00,Footwear,1,3589.85,0.0,1357,4,0.1867775940244784,Prepaid,North,13,0,0
1846,2023-04-16 00:00:00+00:00,Apparel,1,719.67,0.0,2414,4,0.045992440767083975,COD,North,11,2,0
4550,2023-04-16 00:00:00+00:00,Apparel,1,1248.75,0.0,4193,1,0.17647844947746189,Prepaid,South,13,0,0
68,2023-04-16 00:00:00+00:00,Apparel,1,1355.03,0.19247920688811898,1854,3,0.33948282069354585,COD,North,13,0,0
3987,2023-04-16 00:00:00+00:00,Beauty,0,2521.36,0.0,1070,3,0.3168970298334886,Prepaid,East,12,0,0
4087,2023-04-16 00:00:00+00:00,Footwear,1,2526.02,0.0,3461,3,0.11754124686683119,Prepaid,West,8,2,0
3434,2023-04-17 00:00:00+00:00,Apparel,1,1662.58,0.0,1660,4,0.0824707423203765,Prepaid,South,12,2,0
1349,2023-04-17 00:00:00+00:00,Footwear,1,255.42,0.0,4310,5,0.049665475626471264,Prepaid,West,13,1,0
1971,2023-04-17 00:00:00+00:00,Electronics,0,272.63,0.13195054919122703,3939,1,0.09241006809625095,COD,South,12,5,0
2126,2023-04-17 00:00:00+00:00,Electronics,0,203.04,0.0,1700,2,0.31574971360684523,COD,East,4,1,0
1628,2023-04-17 00:00:00+00:00,Apparel,1,807.62,0.22890720124690578,4159,1,0.19305027555489634,COD,West,7,11,0
4505,2023-04-17 00:00:00+00:00,Apparel,1,3197.48,0.0,3420,4,0.05628549495819836,COD,North,2,0,0
2834,2023-04-17 00:00:00+00:00,Apparel,1,1508.95,0.0,4250,2,0.032264766758309686,Prepaid,West,8,11,0
4493,2023-04-17 00:00:00+00:00,Apparel,1,1204.42,0.06638515734288766,4002,4,0.16901718279995254,COD,West,9,2,0
3981,2023-04-17 00:00:00+00:00,Footwear,1,2539.74,0.0,3476,4,0.31003452670539106,Prepaid,East,14,3,0
3722,2023-04-17 00:00:00+00:00,Beauty,0,384.26,0.24664350670951535,2293,2,0.08147059385321549,Prepaid,East,9,4,0
4488,2023-04-17 00:00:00+00:00,Electronics,0,1251.54,0.0,3752,1,0.3556949879439288,Prepaid,East,10,1,0
1612,2023-04-17 00:00:00+00:00,Apparel,1,319.17,0.2844022650494664,3354,1,0.09804302096552873,Prepaid,North,5,6,0
2983,2023-04-17 00:00:00+00:00,Footwear,1,791.53,0.09196833752090228,2399,3,0.02711901359087061,COD,North,13,0,0
1108,2023-04-17 00:00:00+00:00,Footwear,1,2951.18,0.0,1807,3,0.19905873095351936,COD,East,7,10,0
3259,2023-04-17 00:00:00+00:00,Apparel,1,139.05,0.0,2801,3,0.03643206747180914,Prepaid,East,13,3,0
3363,2023-04-17 00:00:00+00:00,Apparel,1,722.95,0.08290374779059746,2382,2,0.4397024142354254,Prepaid,South,12,2,1
4475,2023-04-17 00:00:00+00:00,Footwear,1,256.71,0.0,4159,1,0.6254162808738082,COD,East,12,2,1
5,2023-04-17 00:00:00+00:00,Apparel,1,2015.63,0.0,3140,2,0.0042820903615342675,Prepaid,South,11,6,0
842,2023-04-17 00:00:00+00:00,Apparel,1,845.61,0.1215175288149846,2131,1,0.45038228295762006,Prepaid,South,9,0,0
2837,2023-04-17 00:00:00+00:00,Beauty,0,1665.01,0.15285838906302635,3258,1,0.17874803690284055,Prepaid,East,12,0,0
2775,2023-04-17 00:00:00+00:00,Footwear,1,1464.91,0.0,2375,0,0.0,Prepaid,West,3,1,0
4717,2023-04-17 00:00:00+00:00,Apparel,1,1177.58,0.0,3613,5,0.4611252782977072,COD,East,12,3,1
4612,2023-04-17 00:00:00+00:00,Apparel,1,1199.21,0.0,3078,1,0.20200228889580776,Prepaid,East,13,8,0
2992,2023-04-17 00:00:00+00:00,Apparel,1,242.41,0.284363167190294,1086,4,0.10583972823672387,Prepaid,South,7,3,0
1529,2023-04-17 00:00:00+00:00,Apparel,1,1771.88,0.0,3974,1,0.012018163183426607,Prepaid,North,7,1,0
870,2023-04-17 00:00:00+00:00,Apparel,1,4176.28,0.0,2639,4,0.07677775590039004,COD,East,14,1,0
1982,2023-04-18 00:00:00+00:00,Electronics,0,843.48,0.2108105401684265,2308,1,0.05198355894319427,Prepaid,North,6,1,0
1453,2023-04-18 00:00:00+00:00,Beauty,0,146.97,0.0,1960,4,0.36849038690859764,Prepaid,South,11,0,0
1292,2023-04-18 00:00:00+00:00,Home,0,1120.07,0.0,2634,3,0.03695961013983897,Prepaid,West,9,2,0
3946,2023-04-18 00:00:00+00:00,Apparel,1,3086.13,0.45896310533835605,2700,3,0.5563485708433388,Prepaid,North,8,0,0
156,2023-04-18 00:00:00+00:00,Beauty,0,2804.88,0.0,1211,1,0.10082392997935222,Prepaid,East,14,1,0
3974,2023-04-18 00:00:00+00:00,Footwear,1,526.7,0.0,3896,2,0.1459477445335603,Prepaid,South,10,3,1
3752,2023-04-18 00:00:00+00:00,Electronics,0,1964.0,0.0,1234,0,0.0,Prepaid,West,4,5,0
616,2023-04-18 00:00:00+00:00,Apparel,1,1117.19,0.0,2558,5,0.2650856633429869,Prepaid,West,1,2,0
1446,2023-04-18 00:00:00+00:00,Electronics,0,3684.72,0.0,3826,0,0.0,Prepaid,North,1,6,0
4348,2023-04-18 00:00:00+00:00,Apparel,1,2996.66,0.0,1537,1,0.0036165472878167135,Prepaid,South,10,5,0
1464,2023-04-18 00:00:00+00:00,Apparel,1,573.14,0.0,1391,0,0.0,COD,West,5,2,0
2818,2023-04-18 00:00:00+00:00,Apparel,1,565.53,0.0,3872,2,0.30398121798486866,COD,West,2,2,0
3037,2023-04-18 00:00:00+00:00,Apparel,1,1308.06,0.3414198091324355,3473,3,0.1255519480655536,Prepaid,South,10,0,0
35,2023-04-18 00:00:00+00:00,Electronics,0,1070.64,0.0,2899,0,0.0,COD,North,6,6,0
3285,2023-04-18 00:00:00+00:00,Home,0,648.4,0.0,1832,4,0.04689827379649333,Prepaid,East,3,3,0
4670,2023-04-18 00:00:00+00:00,Apparel,1,494.2,0.0,2178,4,0.5955631070548323,COD,North,11,0,0
2219,2023-04-18 00:00:00+00:00,Apparel,1,636.39,0.0,4388,3,0.11797414952485849,Prepaid,North,13,3,0
402,2023-04-18 00:00:00+00:00,Beauty,0,722.79,0.5529228061515664,4436,3,0.28908852013760145,Prepaid,East,11,2,0
2121,2023-04-18 00:00:00+00:00,Apparel,1,655.98,0.0,3562,1,0.10841579346818919,Prepaid,North,4,15,0
2661,2023-04-18 00:00:00+00:00,Electronics,0,438.58,0.3135990133106761,3739,2,0.3556272711199997,COD,East,2,4,0
1388,2023-04-18 00:00:00+00:00,Apparel,1,1220.52,0.0,4436,3,0.029270487499712537,Prepaid,West,8,1,0
3038,2023-04-18 00:00:00+00:00,Apparel,1,396.08,0.12949584912455547,2892,2,0.23182022687349893,COD,North,9,3,1
3535,2023-04-18 00:00:00+00:00,Apparel,1,831.06,0.0,3313,3,0.17598250429514048,Prepaid,West,5,10,0
2810,2023-04-18 00:00:00+00:00,Apparel,1,3319.92,0.1702670702131613,3244,3,0.016065386148867405,Prepaid,East,7,0,0
4020,2023-04-18 00:00:00+00:00,Apparel,1,1491.47,0.0,2909,2,0.07788408012235529,Prepaid,West,6,1,0
2319,2023-04-18 00:00:00+00:00,Footwear,1,7446.89,0.3892269274380147,1396,0,0.0,Prepaid,West,6,0,0
4586,2023-04-18 00:00:00+00:00,Apparel,1,444.43,0.0,3692,2,0.07597402274132595,Prepaid,West,9,0,1
3060,2023-04-18 00:00:00+00:00,Apparel,1,253.28,0.0,1088,3,0.4638528963915055,Prepaid,West,3,0,1
2651,2023-04-18 00:00:00+00:00,Electronics,0,537.02,0.0,1947,2,0.059715095748058736,Prepaid,West,2,0,0
4958,2023-04-18 00:00:00+00:00,Home,0,435.5,0.0,3203,0,0.0,COD,West,7,3,0
1887,2023-04-18 00:00:00+00:00,Electronics,0,1991.51,0.0,2090,1,0.006235359028619043,COD,East,4,1,0
2164,2023-04-18 00:00:00+00:00,Home,0,248.11,0.30072712869377727,2000,1,0.18589751369727486,Prepaid,East,5,1,0
3372,2023-04-18 00:00:00+00:00,Electronics,0,410.15,0.0037444775815279885,3617,2,0.07675335113558025,COD,North,11,6,0
1170,2023-04-18 00:00:00+00:00,Footwear,1,941.69,0.0,4106,0,0.0,COD,South,10,8,0
3478,2023-04-19 00:00:00+00:00,Footwear,1,743.39,0.0,2660,5,0.1088092908540408,Prepaid,North,9,3,0
2076,2023-04-19 00:00:00+00:00,Apparel,1,550.33,0.38380276443151484,4174,0,0.0,COD,East,3,1,0
861,2023-04-19 00:00:00+00:00,Apparel,1,388.37,0.0,3642,3,0.2784109975965593,Prepaid,South,8,3,0
700,2023-04-19 00:00:00+00:00,Electronics,0,370.46,0.07675947194824438,1878,1,0.13285025780567258,Prepaid,South,10,5,0
1374,2023-04-19 00:00:00+00:00,Footwear,1,608.16,0.2114849210068355,2704,3,0.45014588813895123,Prepaid,East,13,6,0
889,2023-04-19 00:00:00+00:00,Home,0,1766.69,0.0,3229,3,0.11225082800526685,Prepaid,East,10,0,0
3235,2023-04-19 00:00:00+00:00,Electronics,0,2963.81,0.4147827964791173,1977,1,0.2055187480269082,Prepaid,East,12,0,0
3468,2023-04-19 00:00:00+00:00,Electronics,0,268.65,0.4693409130655837,3380,1,0.18607046161824556,Prepaid,North,11,0,0
1417,2023-04-19 00:00:00+00:00,Beauty,0,5250.63,0.11106316226746035,1523,3,0.4598618209160037,Prepaid,North,7,11,1
2979,2023-04-19 00:00:00+00:00,Footwear,1,3001.57,0.01618705103729534,2579,3,0.25675191741803166,Prepaid,South,13,5,0
4054,2023-04-19 00:00:00+00:00,Footwear,1,406.26,0.0,3903,1,0.10211240281681377,Prepaid,West,10,2,0
4849,2023-04-19 00:00:00+00:00,Home,0,533.85,0.1867929784849399,4008,2,0.3784902867597489,Prepaid,West,2,2,0
4522,2023-04-19 00:00:00+00:00,Electronics,0,632.65,0.0,3662,10,0.4319111030205002,Prepaid,East,4,0,0
2736,2023-04-19 00:00:00+00:00,Apparel,1,1038.98,0.12111862763020814,4083,2,0.04275771706433802,COD,East,7,2,0
3421,2023-04-19 00:00:00+00:00,Apparel,1,1130.65,0.0,3518,2,0.10540928685120385,Prepaid,West,13,1,1
3552,2023-04-19 00:00:00+00:00,Footwear,1,871.24,0.0,3781,3,0.1316518243397012,Prepaid,North,8,5,0
4118,2023-04-19 00:00:00+00:00,Footwear,1,3430.91,0.0,1684,2,0.14664625551137042,Prepaid,North,10,0,0
1077,2023-04-19 00:00:00+00:00,Apparel,1,582.17,0.2025363949469965,3516,3,0.06729999483413444,Prepaid,North,4,1,0
3289,2023-04-19 00:00:00+00:00,Beauty,0,930.34,0.0,3474,4,0.06810126861466939,Prepaid,North,1,2,0
907,2023-04-19 00:00:00+00:00,Footwear,1,190.69,0.0,2918,1,0.06185634023828699,Prepaid,South,7,3,0
4559,2023-04-19 00:00:00+00:00,Electronics,0,3450.47,0.21046825998206792,2071,2,0.4642813506092251,Prepaid,East,11,0,1
2780,2023-04-19 00:00:00+00:00,Home,0,6480.28,0.0,2868,5,0.45767999530293124,Prepaid,North,13,1,1
1646,2023-04-19 00:00:00+00:00,Electronics,0,1005.08,0.006904841796670863,3893,0,0.0,COD,South,8,7,1
4091,2023-04-19 00:00:00+00:00,Footwear,1,733.72,0.0,3838,2,0.5846098924036947,Prepaid,East,6,1,0
4078,2023-04-19 00:00:00+00:00,Footwear,1,527.31,0.0,3543,1,0.08025633420338886,Prepaid,East,13,1,1
3006,2023-04-19 00:00:00+00:00,Footwear,1,755.54,0.0,4393,2,0.11878955645310951,COD,East,2,1,0
577,2023-04-19 00:00:00+00:00,Electronics,0,1416.86,0.026309528965523715,1771,4,0.03364874305101547,Prepaid,East,5,3,0
605,2023-04-19 00:00:00+00:00,Beauty,0,1695.47,0.0,1945,0,0.0,Prepaid,West,10,3,0
4215,2023-04-19 00:00:00+00:00,Footwear,1,8200.76,0.0,1251,3,0.39002926356180645,Prepaid,North,14,2,1
3460,2023-04-19 00:00:00+00:00,Apparel,1,3204.92,0.23534344947006514,1563,1,0.4519783948219833,Prepaid,East,1,4,0
302,2023-04-19 00:00:00+00:00,Apparel,1,686.76,0.0,3725,1,0.5403910510385832,COD,North,5,0,0
3785,2023-04-19 00:00:00+00:00,Apparel,1,348.27,0.0,3991,0,0.0,Prepaid,North,11,0,0
1310,2023-04-19 00:00:00+00:00,Home,0,1411.72,0.0,2773,4,0.004917390043890445,COD,North,12,0,0
2531,2023-04-19 00:00:00+00:00,Apparel,1,1085.88,0.0,3486,4,0.02244694256814115,Prepaid,South,3,2,0
2254,2023-04-19 00:00:00+00:00,Apparel,1,566.7,0.0,1566,4,0.31153253310847023,Prepaid,East,10,2,0
406,2023-04-19 00:00:00+00:00,Home,0,4523.74,0.18696067938459623,4457,2,0.03152870774331493,COD,South,3,0,0
1139,2023-04-20 00:00:00+00:00,Beauty,0,2398.78,0.006815932917685341,3218,3,0.39011008848066675,Prepaid,East,5,1,1
1229,2023-04-20 00:00:00+00:00,Beauty,0,694.48,0.37321322953251024,3408,4,0.07646946742271082,COD,West,9,2,0
4987,2023-04-20 00:00:00+00:00,Home,0,901.29,0.0,2041,3,0.07416459757291861,Prepaid,West,7,3,0
2541,2023-04-20 00:00:00+00:00,Apparel,1,5113.01,0.0,2397,1,0.28410576247385216,COD,East,8,0,0
4831,2023-04-20 00:00:00+00:00,Footwear,1,1778.28,0.17926594731357137,4072,3,0.11762790368445876,Prepaid,North,12,1,1
2995,2023-04-20 00:00:00+00:00,Footwear,1,745.99,0.011116090120909708,1053,3,0.30138689022350257,Prepaid,South,8,0,0
4892,2023-04-20 00:00:00+00:00,Apparel,1,1684.56,0.0,2135,2,0.13835491328320243,Prepaid,West,2,3,0
2097,2023-04-20 00:00:00+00:00,Electronics,0,2995.52,0.10055500996640462,2979,0,0.0,Prepaid,West,1,3,0
735,2023-04-20 00:00:00+00:00,Electronics,0,671.59,0.0,3295,3,0.30977141933854413,Prepaid,West,10,0,0
278,2023-04-20 00:00:00+00:00,Home,0,687.37,0.038672212346845064,3702,1,0.3847898074625786,COD,West,1,2,0
3122,2023-04-20 00:00:00+00:00,Electronics,0,318.29,0.0,2535,2,0.1932879846769122,COD,East,1,2,0
4441,2023-04-20 00:00:00+00:00,Footwear,1,1403.81,0.0,3695,1,0.027305781513890823,Prepaid,North,9,2,0
2385,2023-04-20 00:00:00+00:00,Footwear,1,1442.26,0.12648500853454736,3550,1,0.047596445939399545,COD,West,12,4,0
2733,2023-04-20 00:00:00+00:00,Electronics,0,273.01,0.29873819041859107,2025,2,0.22551036985969047,Prepaid,West,7,1,0
1768,2023-04-20 00:00:00+00:00,Apparel,1,296.47,0.0,1564,3,0.11080651615683082,Prepaid,South,14,5,0
2926,2023-04-20 00:00:00+00:00,Home,0,313.33,0.04211323069577897,3015,0,0.0,Prepaid,South,11,10,0
3159,2023-04-20 00:00:00+00:00,Home,0,742.71,0.059303613629899214,2068,2,0.3616912913316084,Prepaid,North,11,3,0
1527,2023-04-20 00:00:00+00:00,Electronics,0,8180.36,0.0,1677,1,0.16187481158272676,Prepaid,West,11,4,1
4796,2023-04-20 00:00:00+00:00,Footwear,1,6616.67,0.0,4163,3,0.18657944086527037,Prepaid,West,5,4,0
4548,2023-04-20 00:00:00+00:00,Apparel,1,5586.19,0.11432865791418272,1193,3,0.26971882077550086,COD,North,6,3,0
3682,2023-04-20 00:00:00+00:00,Apparel,1,584.31,0.0,2935,2,0.012115094537917304,COD,South,7,0,1
868,2023-04-21 00:00:00+00:00,Apparel,1,143.32,0.0,2299,3,0.2872453842772514,COD,East,2,0,0
563,2023-04-21 00:00:00+00:00,Electronics,0,505.29,0.0,1232,5,0.0855829476378192,Prepaid,North,11,3,0
2655,2023-04-21 00:00:00+00:00,Apparel,1,277.47,0.0,3985,1,0.08839314878285805,COD,West,8,4,1
80,2023-04-21 00:00:00+00:00,Footwear,1,1141.03,0.0,1237,4,0.07323676479715338,Prepaid,South,10,1,0
2652,2023-04-21 00:00:00+00:00,Home,0,1000.58,0.0,2093,2,0.436730518816274,Prepaid,South,10,4,0
55,2023-04-21 00:00:00+00:00,Apparel,1,483.15,0.0,3481,1,0.0676531150181125,Prepaid,West,14,8,1
1112,2023-04-21 00:00:00+00:00,Apparel,1,181.38,0.0,3727,2,0.2041600451737224,Prepaid,North,11,8,1
1932,2023-04-21 00:00:00+00:00,Footwear,1,1447.4,0.0,1929,1,0.021981357657538933,COD,North,4,5,0
1980,2023-04-21 00:00:00+00:00,Home,0,1045.22,0.0,2531,2,0.11939753998939936,Prepaid,West,14,3,0
3646,2023-04-21 00:00:00+00:00,Electronics,0,187.3,0.0,1311,1,0.1453360748478407,Prepaid,North,14,1,0
4437,2023-04-21 00:00:00+00:00,Beauty,0,656.08,0.0,3409,1,0.11411036342923256,Prepaid,West,5,12,0
4176,2023-04-21 00:00:00+00:00,Footwear,1,441.42,0.09418642807023668,2545,3,0.403101180054353,COD,South,1,1,0
2556,2023-04-21 00:00:00+00:00,Apparel,1,1174.69,0.0,2158,0,0.0,Prepaid,North,3,2,0
3493,2023-04-21 00:00:00+00:00,Apparel,1,738.6,0.06944996106511528,2426,0,0.0,Prepaid,East,3,1,0
4417,2023-04-21 00:00:00+00:00,Apparel,1,3116.6,0.33836450436440246,3900,1,0.2075388855904198,Prepaid,North,4,3,0
311,2023-04-21 00:00:00+00:00,Footwear,1,1714.66,0.0,3828,4,0.21908458586982527,COD,North,4,1,0
1833,2023-04-21 00:00:00+00:00,Home,0,4362.29,0.0,3389,4,0.2054599628535201,Prepaid,West,5,0,0
798,2023-04-21 00:00:00+00:00,Apparel,1,623.47,0.0,1461,2,0.013465079292142152,Prepaid,West,4,6,0
1365,2023-04-21 00:00:00+00:00,Electronics,0,1596.48,0.0,2909,0,0.0,Prepaid,North,11,1,0
891,2023-04-21 00:00:00+00:00,Footwear,1,2411.24,0.0,4013,2,0.22906135135912772,Prepaid,East,3,2,0
4351,2023-04-21 00:00:00+00:00,Footwear,1,5037.68,0.0,1429,3,0.07566890056334771,Prepaid,East,3,1,0
1680,2023-04-21 00:00:00+00:00,Apparel,1,1409.51,0.24553289878918005,3713,3,0.021243787610423122,Prepaid,North,6,1,0
894,2023-04-21 00:00:00+00:00,Home,0,238.33,0.10768212924096793,3230,2,0.030967796985488835,COD,North,8,1,0
892,2023-04-21 00:00:00+00:00,Apparel,1,855.69,0.4637595019832901,2549,5,0.03567562667061043,Prepaid,South,3,7,0
3865,2023-04-21 00:00:00+00:00,Beauty,0,434.19,0.0,2068,4,0.4985805254753895,Prepaid,North,4,15,0
2696,2023-04-21 00:00:00+00:00,Apparel,1,1680.41,0.0,3898,2,0.28779252330526783,Prepaid,East,5,1,1
3828,2023-04-21 00:00:00+00:00,Apparel,1,139.69,0.09440678824458912,2370,0,0.0,Prepaid,East,5,0,0
4105,2023-04-21 00:00:00+00:00,Apparel,1,2431.28,0.03860753624476998,3366,1,0.19357545860975933,Prepaid,West,14,4,0
1055,2023-04-21 00:00:00+00:00,Apparel,1,278.47,0.0,3037,1,0.4200558173261297,COD,West,8,3,0
2488,2023-04-22 00:00:00+00:00,Apparel,1,116.9,0.17606751828935316,1810,3,0.14828187067466478,Prepaid,West,9,6,0
4094,2023-04-22 00:00:00+00:00,Apparel,1,880.01,0.0,1517,2,0.004301794759333471,Prepaid,North,9,4,0
4096,2023-04-22 00:00:00+00:00,Beauty,0,840.63,0.0,1304,1,0.09176743851029609,Prepaid,South,1,1,0
4735,2023-04-22 00:00:00+00:00,Home,0,4287.09,0.03620550293935888,3290,2,0.26723999084055133,Prepaid,South,3,0,0
2676,2023-04-22 00:00:00+00:00,Footwear,1,3365.78,0.0,4321,4,0.08359833414979408,Prepaid,West,3,1,0
272,2023-04-22 00:00:00+00:00,Apparel,1,1896.99,0.0,2897,4,0.7549320619284986,Prepaid,East,4,1,1
549,2023-04-22 00:00:00+00:00,Apparel,1,658.4,0.07326710887202456,2999,4,0.236216094351438,Prepaid,East,4,0,0
4151,2023-04-22 00:00:00+00:00,Beauty,0,696.03,0.0,2986,2,0.06316736970720034,Prepaid,North,8,3,0
2557,2023-04-22 00:00:00+00:00,Electronics,0,756.51,0.0,3249,1,0.012279153699716642,COD,West,14,4,0
2899,2023-04-22 00:00:00+00:00,Footwear,1,1880.19,0.0,1247,1,0.024521175927867556,COD,East,11,13,0
4293,2023-04-22 00:00:00+00:00,Apparel,1,2102.48,0.0,3343,1,0.12330581873040906,Prepaid,North,4,2,0
2905,2023-04-22 00:00:00+00:00,Apparel,1,356.12,0.1001940801650639,2869,2,0.1352974227380813,Prepaid,East,7,1,0
1269,2023-04-22 00:00:00+00:00,Electronics,0,692.56,0.0,2461,2,0.3036973436457843,Prepaid,West,2,0,0
3735,2023-04-22 00:00:00+00:00,Beauty,0,408.02,0.0,3105,1,0.3378035643295054,Prepaid,North,6,2,0
245,2023-04-22 00:00:00+00:00,Electronics,0,3709.54,0.0,3090,3,0.039611585099796606,Prepaid,West,6,0,0
4213,2023-04-22 00:00:00+00:00,Beauty,0,704.53,0.0,4235,2,0.21267876373162653,Prepaid,East,13,4,1
913,2023-04-22 00:00:00+00:00,Apparel,1,3604.28,0.0,4474,3,0.43672299294844047,Prepaid,South,5,4,0
4579,2023-04-22 00:00:00+00:00,Footwear,1,1881.36,0.22827669992055444,1456,3,0.0705005090330859,COD,North,11,0,0
758,2023-04-22 00:00:00+00:00,Electronics,0,555.03,0.17581420948087145,1151,0,0.0,Prepaid,East,13,2,1
4936,2023-04-22 00:00:00+00:00,Home,0,1919.16,0.0,1494,1,0.12027908732125864,Prepaid,North,1,3,0
3561,2023-04-23 00:00:00+00:00,Footwear,1,1034.04,0.08309148511000254,4106,2,0.00617182370764218,Prepaid,North,12,0,0
4901,2023-04-23 00:00:00+00:00,Apparel,1,1278.85,0.2910570239306043,2904,3,0.01681978938685529,Prepaid,East,6,2,0
1360,2023-04-23 00:00:00+00:00,Electronics,0,482.88,0.0,2809,3,0.016873962235535913,COD,North,10,0,0
1215,2023-04-23 00:00:00+00:00,Footwear,1,717.22,0.009214156905794219,1979,1,0.1029977820076881,COD,East,5,3,0
3594,2023-04-23 00:00:00+00:00,Apparel,1,838.69,0.0,4286,7,0.2583757084295256,Prepaid,West,8,1,0
4038,2023-04-23 00:00:00+00:00,Apparel,1,1819.95,0.0,4010,4,0.03477393312902228,Prepaid,North,10,0,0
182,2023-04-23 00:00:00+00:00,Home,0,3159.38,0.0,3871,2,0.2590067236438496,Prepaid,West,4,0,0
2747,2023-04-23 00:00:00+00:00,Electronics,0,4711.2,0.0,2008,3,0.5010199760629197,Prepaid,South,9,0,0
3453,2023-04-23 00:00:00+00:00,Apparel,1,2375.12,0.0,1538,3,0.26370565856457484,Prepaid,North,1,2,0
4856,2023-04-23 00:00:00+00:00,Home,0,2267.1,0.0,4119,0,0.0,Prepaid,East,13,5,0
1641,2023-04-23 00:00:00+00:00,Apparel,1,947.79,0.10378126259856184,1861,5,0.09712696898638351,Prepaid,South,6,0,0
2776,2023-04-23 00:00:00+00:00,Home,0,490.25,0.0,2553,2,0.023058105788155783,Prepaid,West,3,0,0
3112,2023-04-23 00:00:00+00:00,Home,0,1449.41,0.0,2491,1,0.21454868409817765,Prepaid,South,14,1,0
3166,2023-04-23 00:00:00+00:00,Apparel,1,6915.7,0.0,3546,2,0.02484230193405316,Prepaid,West,11,1,0
2751,2023-04-23 00:00:00+00:00,Apparel,1,755.29,0.22836978679139341,1236,2,0.03439488657713264,Prepaid,West,8,0,1
4478,2023-04-23 00:00:00+00:00,Footwear,1,876.16,0.0,1440,0,0.0,Prepaid,North,4,3,1
2605,2023-04-23 00:00:00+00:00,Apparel,1,1527.74,0.0,3649,1,0.14862753831527525,COD,North,11,0,0
897,2023-04-23 00:00:00+00:00,Apparel,1,428.46,0.0,3221,2,0.13568827630490476,Prepaid,North,5,3,0
4224,2023-04-23 00:00:00+00:00,Home,0,3559.7,0.05919008879237308,4018,4,0.011626690163931442,Prepaid,East,13,2,0
952,2023-04-23 00:00:00+00:00,Electronics,0,1356.48,0.2518400518706373,2495,1,0.2220106284010157,Prepaid,South,5,0,0
546,2023-04-23 00:00:00+00:00,Beauty,0,229.83,0.06426644686903651,1843,3,0.13050690303326914,Prepaid,North,13,0,0
4271,2023-04-23 00:00:00+00:00,Electronics,0,5275.65,0.18468320879543665,1367,0,0.0,COD,South,13,4,1
2040,2023-04-23 00:00:00+00:00,Electronics,0,335.0,0.29064427378345525,2416,2,0.1922574191203176,Prepaid,North,14,2,0
3316,2023-04-23 00:00:00+00:00,Apparel,1,129.84,0.0,3457,0,0.0,Prepaid,North,13,0,0
851,2023-04-23 00:00:00+00:00,Apparel,1,565.28,0.0199090815580395,1098,5,0.09667389009529896,COD,South,12,2,0
4785,2023-04-23 00:00:00+00:00,Electronics,0,1260.78,0.30809185116278526,1408,1,0.5073704935658424,COD,South,6,1,0
3409,2023-04-23 00:00:00+00:00,Home,0,193.42,0.0,3231,1,0.23158787235529602,Prepaid,South,14,2,0
539,2023-04-23 00:00:00+00:00,Electronics,0,86.03,0.0,3621,3,0.2085629971713926,Prepaid,East,13,2,0
3247,2023-04-23 00:00:00+00:00,Footwear,1,210.24,0.2993395687089384,4125,2,0.13993661748463143,COD,South,3,7,0
247,2023-04-23 00:00:00+00:00,Home,0,565.55,0.0,2116,2,0.09439210286197779,Prepaid,West,13,0,0
3420,2023-04-23 00:00:00+00:00,Electronics,0,1362.03,0.0,1583,3,0.15627954372992292,Prepaid,South,1,0,0
2497,2023-04-23 00:00:00+00:00,Apparel,1,2578.33,0.2738163546531962,2155,2,0.02292310617453546,Prepaid,North,10,1,0
2940,2023-04-23 00:00:00+00:00,Home,0,1221.34,0.18020752117019462,4159,3,0.031465516862487004,Prepaid,West,10,4,0
4435,2023-04-23 00:00:00+00:00,Apparel,1,45.84,0.0,4163,2,0.2126922709423675,Prepaid,South,7,0,0
635,2023-04-23 00:00:00+00:00,Apparel,1,2100.69,0.0,1316,3,0.12091686564236402,Prepaid,West,1,12,0
740,2023-04-23 00:00:00+00:00,Apparel,1,1843.67,0.40660337439556005,4445,0,0.0,COD,South,4,5,0
4387,2023-04-23 00:00:00+00:00,Electronics,0,1061.85,0.0,2945,0,0.0,Prepaid,North,4,0,0
4555,2023-04-23 00:00:00+00:00,Home,0,2977.3,0.0,3286,1,0.1402261991620644,Prepaid,South,1,1,0
935,2023-04-23 00:00:00+00:00,Apparel,1,755.91,0.24372439199252635,4374,0,0.0,COD,North,11,4,1
191,2023-04-23 00:00:00+00:00,Footwear,1,1875.82,0.03143098437819768,4290,1,0.06003464570025781,Prepaid,North,5,0,0
267,2023-04-23 00:00:00+00:00,Apparel,1,463.6,0.0,2140,4,0.14823677993046105,Prepaid,South,4,8,0
193,2023-04-23 00:00:00+00:00,Electronics,0,1433.73,0.07050681940704252,2000,0,0.0,COD,West,3,1,0
189,2023-04-23 00:00:00+00:00,Electronics,0,592.48,0.034771167360776165,1572,3,0.015994142328882514,COD,South,1,3,0
345,2023-04-24 00:00:00+00:00,Electronics,0,4437.41,0.0,4420,2,0.2681233911204979,COD,South,14,0,0
1588,2023-04-24 00:00:00+00:00,Home,0,1678.21,0.0,4047,2,0.09625953807377315,COD,South,14,1,0
3591,2023-04-24 00:00:00+00:00,Electronics,0,2640.53,0.0,1118,1,0.04100027818424378,COD,East,1,3,0
2598,2023-04-24 00:00:00+00:00,Footwear,1,645.49,0.0,4156,0,0.0,COD,North,5,2,0
2982,2023-04-24 00:00:00+00:00,Electronics,0,430.71,0.23831480710840114,2190,4,0.3909343722185181,Prepaid,South,3,2,0
4265,2023-04-24 00:00:00+00:00,Apparel,1,3412.26,0.0,1309,1,0.5603607787697318,Prepaid,North,1,4,0
3919,2023-04-24 00:00:00+00:00,Electronics,0,543.75,0.0,3075,3,0.304143233943336,COD,West,2,3,0
3572,2023-04-24 00:00:00+00:00,Apparel,1,4989.65,0.0,3522,1,0.23013794584185915,Prepaid,West,8,2,1
4408,2023-04-24 00:00:00+00:00,Apparel,1,1736.2,0.0,3664,2,0.3990563266945359,Prepaid,East,9,2,0
2333,2023-04-24 00:00:00+00:00,Footwear,1,2918.2,0.5095087218878532,1670,3,0.3741157306314776,Prepaid,East,2,0,0
2573,2023-04-24 00:00:00+00:00,Apparel,1,536.12,0.3153769861605251,2146,1,0.2484930385075393,Prepaid,South,13,2,0
1825,2023-04-24 00:00:00+00:00,Home,0,1844.88,0.0,3151,0,0.0,COD,West,12,0,0
416,2023-04-24 00:00:00+00:00,Footwear,1,1742.3,0.23779983787251413,1820,1,0.07360260291688617,Prepaid,East,9,1,0
4492,2023-04-24 00:00:00+00:00,Home,0,647.14,0.0,3704,1,0.11791627339778817,COD,West,5,4,0
4866,2023-04-24 00:00:00+00:00,Apparel,1,470.26,0.0,4355,1,0.1710155220040513,Prepaid,North,7,0,0
3678,2023-04-24 00:00:00+00:00,Footwear,1,542.36,0.11929459978698198,1970,2,0.04796373238131383,Prepaid,South,11,3,1
1216,2023-04-24 00:00:00+00:00,Home,0,6789.42,0.0,2190,1,0.5316700469734391,Prepaid,North,5,0,0
1183,2023-04-24 00:00:00+00:00,Apparel,1,1260.3,0.0,2764,0,0.0,Prepaid,North,13,2,0
1299,2023-04-24 00:00:00+00:00,Electronics,0,954.91,0.0,3439,0,0.0,Prepaid,West,7,5,0
4050,2023-04-24 00:00:00+00:00,Beauty,0,919.37,0.0,1321,2,0.029425986548618326,Prepaid,West,7,3,0
521,2023-04-24 00:00:00+00:00,Apparel,1,10412.63,0.3006976334048652,4081,3,0.2426661047043303,COD,West,7,3,0
1984,2023-04-24 00:00:00+00:00,Electronics,0,275.12,0.39384013602538415,1809,0,0.0,COD,North,9,5,0
2035,2023-04-24 00:00:00+00:00,Apparel,1,1211.99,0.0,1405,6,0.5051953766006169,COD,South,11,0,1
377,2023-04-25 00:00:00+00:00,Apparel,1,2992.53,0.2513369221177315,3939,6,0.06925961452232475,COD,North,10,2,1
297,2023-04-25 00:00:00+00:00,Electronics,0,565.72,0.12117451870824988,1738,2,0.13074316241803394,COD,West,3,0,0
1145,2023-04-25 00:00:00+00:00,Electronics,0,5302.72,0.0,1071,2,0.2917404946199632,Prepaid,South,5,3,0
1091,2023-04-25 00:00:00+00:00,Home,0,3413.54,0.3803147621343026,3515,2,0.33345967426101075,Prepaid,East,2,5,0
2866,2023-04-25 00:00:00+00:00,Home,0,3787.27,0.0,3041,1,0.009653197946829404,COD,North,13,0,0
517,2023-04-25 00:00:00+00:00,Electronics,0,711.09,0.0,1337,4,0.29350253070743365,COD,South,9,1,0
694,2023-04-25 00:00:00+00:00,Footwear,1,1436.34,0.0,2476,3,0.07982592442941237,Prepaid,East,14,8,0
4076,2023-04-25 00:00:00+00:00,Footwear,1,2123.56,0.0455823690581049,1412,1,0.02116172970186277,Prepaid,South,4,0,0
4780,2023-04-25 00:00:00+00:00,Footwear,1,747.45,0.0,2188,0,0.0,Prepaid,East,1,4,0
1213,2023-04-25 00:00:00+00:00,Beauty,0,1435.65,0.21988820708055068,3995,1,0.6902740616623475,Prepaid,West,7,1,0
4260,2023-04-25 00:00:00+00:00,Home,0,1218.73,0.0,3753,1,0.4149182295339838,COD,South,7,0,0
2437,2023-04-25 00:00:00+00:00,Apparel,1,548.76,0.0,4003,4,0.03363555769512236,Prepaid,South,1,1,0
1300,2023-04-25 00:00:00+00:00,Apparel,1,233.5,0.0,4387,3,0.04891909877651828,Prepaid,North,8,1,0
4597,2023-04-25 00:00:00+00:00,Electronics,0,1344.81,0.3914520471699473,2713,2,0.2130365458611716,Prepaid,West,1,1,0
1352,2023-04-25 00:00:00+00:00,Home,0,3185.08,0.0,3162,5,0.5004348925923772,Prepaid,South,14,0,0
2314,2023-04-25 00:00:00+00:00,Apparel,1,4493.22,0.0,2028,1,0.0430766638730337,Prepaid,South,13,4,1
3975,2023-04-25 00:00:00+00:00,Home,0,242.44,0.07038832125782166,2562,0,0.0,Prepaid,West,6,0,0
1433,2023-04-25 00:00:00+00:00,Home,0,1046.74,0.0,3063,3,0.041935177706360315,COD,South,10,2,0
873,2023-04-25 00:00:00+00:00,Beauty,0,866.37,0.27211550189601186,1243,0,0.0,COD,North,8,5,0
865,2023-04-25 00:00:00+00:00,Electronics,0,2539.13,0.0,3542,1,0.34531027076325127,Prepaid,West,7,1,0
3531,2023-04-25 00:00:00+00:00,Beauty,0,1263.21,0.3621047686534036,4394,2,0.07064393813683921,Prepaid,West,7,3,1
1906,2023-04-25 00:00:00+00:00,Electronics,0,1058.62,0.0,2440,3,0.46319465055089726,Prepaid,North,6,1,1
797,2023-04-25 00:00:00+00:00,Footwear,1,701.28,0.0,3448,2,0.09557343090924852,COD,South,3,5,0
3096,2023-04-25 00:00:00+00:00,Apparel,1,155.38,0.0,3620,0,0.0,Prepaid,North,1,4,0
1593,2023-04-25 00:00:00+00:00,Footwear,1,249.26,0.281043265813521,2898,1,0.10291997223151435,Prepaid,East,7,5,0
265,2023-04-26 00:00:00+00:00,Footwear,1,979.46,0.2749293359178302,4345,2,0.30250486502667634,Prepaid,North,4,2,0
4578,2023-04-26 00:00:00+00:00,Apparel,1,52.12,0.24888638828634962,1361,2,0.31170307284373444,COD,East,13,0,0
2927,2023-04-26 00:00:00+00:00,Apparel,1,2284.69,0.1556303120721661,2763,1,0.33506370067761626,Prepaid,East,9,10,0
1801,2023-04-26 00:00:00+00:00,Apparel,1,385.97,0.16742908289450598,2459,3,0.6073169432164707,Prepaid,West,12,1,1
1697,2023-04-26 00:00:00+00:00,Electronics,0,1206.16,0.0,2735,1,0.27515448365132145,Prepaid,North,13,1,0
2931,2023-04-26 00:00:00+00:00,Electronics,0,750.85,0.13596710561443773,2300,2,0.20773662311931712,Prepaid,West,7,0,0
4056,2023-04-26 00:00:00+00:00,Home,0,54.06,0.0,4139,0,0.0,COD,East,4,0,0
4090,2023-04-26 00:00:00+00:00,Beauty,0,1591.37,0.10644619317939828,4311,4,0.055573733523772074,Prepaid,East,9,1,0
4045,2023-04-26 00:00:00+00:00,Home,0,1777.43,0.0,1799,1,0.35672092197869343,Prepaid,North,3,12,1
3029,2023-04-26 00:00:00+00:00,Home,0,269.3,0.30229594281230093,3896,1,0.03324238969120837,Prepaid,West,10,0,1
4116,2023-04-26 00:00:00+00:00,Footwear,1,481.49,0.0,3221,1,0.2896781006936922,Prepaid,North,8,2,1
2457,2023-04-26 00:00:00+00:00,Apparel,1,2640.31,0.30230907217091507,2277,3,0.1668024784817768,Prepaid,West,9,3,0
3416,2023-04-26 00:00:00+00:00,Apparel,1,1239.03,0.0,4419,2,0.0036284057656129826,Prepaid,West,14,0,1
212,2023-04-26 00:00:00+00:00,Home,0,1004.78,0.0,3378,1,0.06567394755756709,Prepaid,East,10,1,0
3557,2023-04-26 00:00:00+00:00,Apparel,1,784.28,0.0,1973,2,0.5119044450234896,COD,West,4,1,0
4714,2023-04-26 00:00:00+00:00,Apparel,1,1873.76,0.09494641572506829,2205,1,0.09791140654151069,Prepaid,South,6,0,0
4227,2023-04-26 00:00:00+00:00,Footwear,1,863.78,0.1635079083022627,2143,0,0.0,Prepaid,South,12,5,0
2290,2023-04-26 00:00:00+00:00,Apparel,1,497.95,0.0,1672,1,0.3329386895142642,Prepaid,East,8,0,0
167,2023-04-26 00:00:00+00:00,Electronics,0,903.05,0.0,2163,4,0.032506745226864545,COD,North,14,0,0
2750,2023-04-26 00:00:00+00:00,Footwear,1,2041.08,0.0,4037,2,0.2702196119626044,Prepaid,East,14,1,0
4694,2023-04-26 00:00:00+00:00,Footwear,1,797.75,0.0,3402,1,0.2551973257297608,Prepaid,West,10,0,0
1438,2023-04-26 00:00:00+00:00,Electronics,0,851.11,0.11109587149660324,2839,2,0.27850362550581914,Prepaid,South,6,7,0
407,2023-04-26 00:00:00+00:00,Electronics,0,174.67,0.0,3949,3,0.3786930607574394,Prepaid,West,13,1,0
4969,2023-04-26 00:00:00+00:00,Apparel,1,339.2,0.09933021341925236,3798,1,0.2740104116987107,Prepaid,West,2,3,0
3832,2023-04-26 00:00:00+00:00,Beauty,0,996.41,0.0,3454,3,0.1750220772954757,Prepaid,East,4,2,0
332,2023-04-26 00:00:00+00:00,Beauty,0,1446.21,0.0,3905,1,0.3969122085615812,Prepaid,North,3,0,0
444,2023-04-27 00:00:00+00:00,Apparel,1,722.22,0.0,2394,0,0.0,Prepaid,South,11,1,1
1757,2023-04-27 00:00:00+00:00,Footwear,1,1657.1,0.10535434771646734,3818,1,0.0141015227604659,Prepaid,East,14,2,0
322,2023-04-27 00:00:00+00:00,Apparel,1,753.72,0.40066981286515213,1925,0,0.0,COD,East,6,1,1
2874,2023-04-27 00:00:00+00:00,Home,0,292.54,0.0,2205,0,0.0,COD,West,2,9,1
428,2023-04-27 00:00:00+00:00,Beauty,0,2445.57,0.0,2956,4,0.018363132672226116,Prepaid,West,1,0,0
4654,2023-04-27 00:00:00+00:00,Home,0,584.93,0.0,2509,3,0.15641372491335218,Prepaid,South,1,1,0
1154,2023-04-27 00:00:00+00:00,Apparel,1,241.02,0.24849162956383786,2558,4,0.2971489235841657,Prepaid,North,2,0,0
2395,2023-04-27 00:00:00+00:00,Footwear,1,168.9,0.0,4449,2,0.1366212573336389,COD,West,13,3,0
2129,2023-04-27 00:00:00+00:00,Footwear,1,372.97,0.0,1437,0,0.0,Prepaid,North,4,2,0
2484,2023-04-27 00:00:00+00:00,Electronics,0,4959.75,0.0,2496,3,0.38994326954482794,COD,East,1,3,0
996,2023-04-27 00:00:00+00:00,Apparel,1,1212.26,0.0,3499,2,0.4804508071216878,Prepaid,North,13,4,1
12,2023-04-27 00:00:00+00:00,Apparel,1,268.79,0.0,3974,3,0.06816374154146028,Prepaid,West,12,0,1
1329,2023-04-27 00:00:00+00:00,Apparel,1,926.53,0.0,2603,2,0.1967507026394212,Prepaid,East,4,7,0
3088,2023-04-27 00:00:00+00:00,Electronics,0,505.49,0.26220162070953745,3921,2,0.10340464494449277,COD,East,2,2,0
2107,2023-04-27 00:00:00+00:00,Home,0,642.1,0.0,3059,3,0.12224093845813402,Prepaid,South,13,1,0
1430,2023-04-27 00:00:00+00:00,Apparel,1,2813.19,0.0,3997,0,0.0,Prepaid,East,13,3,0
3863,2023-04-27 00:00:00+00:00,Home,0,355.01,0.0,4238,0,0.0,Prepaid,East,3,11,1
3337,2023-04-27 00:00:00+00:00,Home,0,1523.09,0.0,1229,3,0.08497799464107808,Prepaid,West,3,0,0
4986,2023-04-27 00:00:00+00:00,Footwear,1,799.4,0.0,2719,5,0.187867168957796,Prepaid,North,5,6,1
4034,2023-04-27 00:00:00+00:00,Electronics,0,1693.93,0.0,4051,1,0.4312011599085443,COD,West,6,1,0
640,2023-04-27 00:00:00+00:00,Beauty,0,1022.69,0.0,2719,7,0.29521009042936586,Prepaid,West,5,0,0
673,2023-04-27 00:00:00+00:00,Apparel,1,6608.21,0.28275208043157884,4139,1,0.09505487095206318,Prepaid,North,12,3,0
1897,2023-04-27 00:00:00+00:00,Apparel,1,594.25,0.0,4080,1,0.3458343036551003,Prepaid,North,14,3,0
1526,2023-04-27 00:00:00+00:00,Apparel,1,1336.66,0.0,3057,2,0.004042610353987825,Prepaid,West,7,2,0
662,2023-04-27 00:00:00+00:00,Electronics,0,140.7,0.0,2384,2,0.04670947989959187,COD,West,7,0,0
3515,2023-04-27 00:00:00+00:00,Apparel,1,999.04,0.0,3726,1,0.3722312757498868,COD,North,11,0,0
2143,2023-04-27 00:00:00+00:00,Electronics,0,1098.46,0.0,2839,2,0.016234539724111208,Prepaid,South,14,6,0
565,2023-04-27 00:00:00+00:00,Apparel,1,1598.6,0.0,1557,1,0.23414227844428445,Prepaid,West,6,3,0
2740,2023-04-27 00:00:00+00:00,Footwear,1,1009.22,0.0,2030,1,0.07662849715268333,COD,South,5,0,0
3386,2023-04-28 00:00:00+00:00,Home,0,702.41,0.0,1434,3,0.2398647369449693,Prepaid,East,2,5,0
3330,2023-04-28 00:00:00+00:00,Apparel,1,489.34,0.32505419028467114,4273,5,0.15496176410707685,Prepaid,East,7,3,0
2242,2023-04-28 00:00:00+00:00,Apparel,1,724.65,0.0,1716,2,0.5677767783254473,Prepaid,South,11,6,0
1952,2023-04-28 00:00:00+00:00,Apparel,1,1875.53,0.0005248253914266338,4080,3,0.1244680214450142,Prepaid,East,7,2,0
1968,2023-04-28 00:00:00+00:00,Footwear,1,2845.35,0.1575662656901256,2977,1,0.07241280719472128,Prepaid,North,14,4,0
2778,2023-04-28 00:00:00+00:00,Home,0,1158.45,0.0,3023,3,0.38166078140549375,COD,West,2,1,0
2754,2023-04-28 00:00:00+00:00,Home,0,478.95,0.17895572513789662,4070,1,0.20112816314661847,Prepaid,South,14,5,0
3511,2023-04-28 00:00:00+00:00,Home,0,1652.75,0.0,4303,2,0.728088738412812,Prepaid,North,5,4,1
2175,2023-04-28 00:00:00+00:00,Electronics,0,619.99,0.08591375459092584,3096,0,0.0,Prepaid,North,10,3,0
2188,2023-04-28 00:00:00+00:00,Apparel,1,927.08,0.0,1878,1,0.40430467597374903,Prepaid,North,1,3,0
749,2023-04-28 00:00:00+00:00,Electronics,0,2425.31,0.15768381498180675,2365,0,0.0,Prepaid,West,10,5,0
4157,2023-04-28 00:00:00+00:00,Footwear,1,1846.47,0.23023659452157985,4048,1,0.2650978492938065,Prepaid,East,1,12,1
1190,2023-04-28 00:00:00+00:00,Beauty,0,188.09,0.14558256997061864,1790,1,0.014035875423337603,Prepaid,South,12,3,0
178,2023-04-28 00:00:00+00:00,Apparel,1,2560.09,0.11520555463607884,3965,0,0.0,Prepaid,North,7,0,0
3970,2023-04-28 00:00:00+00:00,Beauty,0,3390.06,0.0724230230318382,2375,3,0.10326159584132559,Prepaid,North,10,0,0
948,2023-04-28 00:00:00+00:00,Beauty,0,661.88,0.0,2084,3,0.33049604156285783,COD,South,11,3,0
934,2023-04-28 00:00:00+00:00,Home,0,3366.66,0.0,2287,2,0.03162914057991134,Prepaid,South,2,1,0
1410,2023-04-28 00:00:00+00:00,Apparel,1,270.57,0.0,1942,1,0.2897454023519266,Prepaid,East,6,6,0
4287,2023-04-28 00:00:00+00:00,Apparel,1,1152.65,0.1743879687987538,1472,0,0.0,Prepaid,North,5,1,0
802,2023-04-28 00:00:00+00:00,Electronics,0,1293.61,0.0,1944,2,0.07606212212824898,Prepaid,West,4,1,0
1072,2023-04-28 00:00:00+00:00,Footwear,1,430.85,0.09063898492260619,3090,3,0.32355592208039813,Prepaid,West,7,1,0
3807,2023-04-28 00:00:00+00:00,Apparel,1,590.48,0.0,4161,2,0.005266114592786605,Prepaid,South,12,1,0
704,2023-04-28 00:00:00+00:00,Home,0,621.87,0.0,4185,6,0.11079908338449541,Prepaid,South,12,0,0
4943,2023-04-28 00:00:00+00:00,Home,0,1007.22,0.0,1997,1,0.47082951424576946,COD,North,6,2,0
2316,2023-04-28 00:00:00+00:00,Footwear,1,2358.22,0.0,2928,4,0.45031509074107523,Prepaid,West,2,8,0
4672,2023-04-28 00:00:00+00:00,Apparel,1,2960.0,0.0,4344,2,0.1617696078486083,Prepaid,North,6,7,1
664,2023-04-28 00:00:00+00:00,Electronics,0,643.52,0.607095883737188,2225,1,0.25859296385797803,COD,North,12,0,0
651,2023-04-28 00:00:00+00:00,Electronics,0,4027.06,0.2365169976754975,1330,5,0.10535873687035126,COD,North,12,1,1
1665,2023-04-28 00:00:00+00:00,Apparel,1,7065.62,0.17418094325317063,4219,0,0.0,Prepaid,South,6,3,0
441,2023-04-28 00:00:00+00:00,Footwear,1,2117.58,0.23626848513095114,2730,3,0.008908712125540074,COD,North,13,0,0
4606,2023-04-28 00:00:00+00:00,Footwear,1,577.01,0.39339017470437143,2510,3,0.10516452976435436,Prepaid,East,13,2,0
4564,2023-04-28 00:00:00+00:00,Apparel,1,231.11,0.0,1154,5,0.02285452238586095,Prepaid,East,13,2,0
2580,2023-04-28 00:00:00+00:00,Electronics,0,1211.5,0.0,2463,1,0.44912548511078143,Prepaid,West,13,4,0
3655,2023-04-28 00:00:00+00:00,Apparel,1,4359.15,0.23106415911066133,1121,0,0.0,Prepaid,North,2,3,0
2645,2023-04-28 00:00:00+00:00,Apparel,1,1083.64,0.2026436401379217,4207,0,0.0,COD,West,5,0,0
702,2023-04-29 00:00:00+00:00,Apparel,1,741.96,0.36560030284342004,2058,3,0.22240703284908206,Prepaid,West,1,0,0
3007,2023-04-29 00:00:00+00:00,Home,0,4788.23,0.0,3641,2,0.03444069710628545,Prepaid,West,12,0,0
3002,2023-04-29 00:00:00+00:00,Electronics,0,343.45,0.0,3483,2,0.06650898477808778,Prepaid,North,1,1,0
4991,2023-04-29 00:00:00+00:00,Apparel,1,199.46,0.0,2564,4,0.029426561811855167,COD,North,4,0,0
4264,2023-04-29 00:00:00+00:00,Home,0,336.34,0.0,1577,2,0.20806574898975652,COD,North,10,2,1
875,2023-04-29 00:00:00+00:00,Electronics,0,3884.14,0.0,3605,1,0.20231330081184892,COD,South,2,2,0
4805,2023-04-29 00:00:00+00:00,Apparel,1,179.29,0.0,2251,1,0.049562142739774266,Prepaid,West,10,1,0
3368,2023-04-29 00:00:00+00:00,Apparel,1,1751.04,0.0,3369,0,0.0,Prepaid,North,10,2,0
2610,2023-04-29 00:00:00+00:00,Home,0,487.98,0.08547093839098148,3412,1,0.04916484455606157,Prepaid,North,11,0,0
2572,2023-04-29 00:00:00+00:00,Home,0,9815.68,0.0,1154,3,0.27414461822397584,Prepaid,West,5,1,0
2221,2023-04-29 00:00:00+00:00,Apparel,1,1808.53,0.0,2124,4,0.012327016009563626,Prepaid,South,13,1,0
1860,2023-04-29 00:00:00+00:00,Beauty,0,1661.68,0.0,2837,0,0.0,Prepaid,North,11,0,0
2032,2023-04-29 00:00:00+00:00,Electronics,0,6111.9,0.03376961244524811,4495,3,0.016593954123912586,Prepaid,East,10,15,0
2019,2023-04-29 00:00:00+00:00,Electronics,0,482.95,0.22934811573953753,3991,1,0.2511611802118621,Prepaid,East,12,5,0
4982,2023-04-29 00:00:00+00:00,Apparel,1,511.95,0.3610573890341875,3179,1,0.5760459010774907,COD,South,2,3,0
1812,2023-04-29 00:00:00+00:00,Apparel,1,170.17,0.0,4487,4,0.0027835200383969022,COD,North,8,1,0
3639,2023-04-29 00:00:00+00:00,Electronics,0,1593.41,0.0,1124,0,0.0,COD,West,13,14,0
1693,2023-04-29 00:00:00+00:00,Home,0,2828.3,0.01146874662417556,1539,1,0.04062310231631429,COD,East,13,3,0
3692,2023-04-29 00:00:00+00:00,Electronics,0,1102.23,0.0,4160,2,0.5783193292755715,Prepaid,East,10,2,0
3133,2023-04-29 00:00:00+00:00,Electronics,0,1519.7,0.0,2622,4,0.026024981104207267,COD,South,2,0,0
1924,2023-04-29 00:00:00+00:00,Apparel,1,491.78,0.0,2546,1,0.038552228468391216,Prepaid,North,1,0,0
2186,2023-04-29 00:00:00+00:00,Beauty,0,657.44,0.19660533181150444,2668,1,0.7977090388275946,Prepaid,South,11,2,0
3841,2023-04-29 00:00:00+00:00,Home,0,5008.02,0.0,1504,1,0.11723569627995119,COD,South,14,0,0
4938,2023-04-29 00:00:00+00:00,Footwear,1,1926.32,0.0,1741,3,0.2246963844468558,COD,West,13,4,0
3885,2023-04-29 00:00:00+00:00,Apparel,1,651.11,0.0,2886,0,0.0,Prepaid,East,10,2,0
298,2023-04-29 00:00:00+00:00,Apparel,1,1101.25,0.0,4200,1,0.11341907039923967,Prepaid,East,8,0,1
1992,2023-04-29 00:00:00+00:00,Electronics,0,152.98,0.0,3693,4,0.16407799372781134,COD,North,4,7,0
2714,2023-04-29 00:00:00+00:00,Electronics,0,1301.92,0.0,2958,4,0.2828904952223914,Prepaid,East,6,0,0
1281,2023-04-29 00:00:00+00:00,Footwear,1,23755.88,0.0,1234,3,0.03233651180696497,COD,East,8,1,0
1119,2023-04-30 00:00:00+00:00,Apparel,1,378.02,0.2312846036155556,3728,1,0.09879262080383766,Prepaid,South,2,2,0
4663,2023-04-30 00:00:00+00:00,Footwear,1,1406.92,0.0,2134,0,0.0,Prepaid,South,11,0,0
422,2023-04-30 00:00:00+00:00,Electronics,0,1229.77,0.03339207875057451,1170,2,0.06841546896904485,Prepaid,North,13,2,0
4825,2023-04-30 00:00:00+00:00,Apparel,1,860.35,0.0,3914,1,0.30952541835707975,Prepaid,East,4,1,0
3425,2023-04-30 00:00:00+00:00,Electronics,0,250.55,0.0,1706,4,0.19437336647260775,Prepaid,South,9,3,0
3651,2023-04-30 00:00:00+00:00,Beauty,0,383.41,0.5425615578891664,1295,0,0.0,Prepaid,East,4,2,0
997,2023-04-30 00:00:00+00:00,Home,0,1004.18,0.0,4361,1,0.03283651677113278,Prepaid,East,9,4,1
2180,2023-04-30 00:00:00+00:00,Footwear,1,1514.18,0.33101193354376784,2857,2,0.09484287178179195,COD,South,11,8,1
1667,2023-04-30 00:00:00+00:00,Apparel,1,212.22,0.0,3675,0,0.0,Prepaid,East,3,0,0
524,2023-04-30 00:00:00+00:00,Home,0,725.83,0.607781674725347,3392,0,0.0,Prepaid,North,3,3,0
4911,2023-04-30 00:00:00+00:00,Apparel,1,534.61,0.0,1108,1,0.029254465948097948,COD,North,12,4,0
1976,2023-04-30 00:00:00+00:00,Electronics,0,3701.0,0.09189227264043057,2466,2,0.00716677966581382,COD,East,2,7,0
4469,2023-04-30 00:00:00+00:00,Apparel,1,206.14,0.0,1688,2,0.5049048116483515,Prepaid,North,8,3,0
3743,2023-04-30 00:00:00+00:00,Beauty,0,3356.91,0.0,1065,1,0.02729025385106163,COD,North,1,3,0
1255,2023-04-30 00:00:00+00:00,Footwear,1,3578.43,0.0,3864,2,0.5847002103486041,Prepaid,East,14,0,1
1554,2023-04-30 00:00:00+00:00,Home,0,2100.51,0.23223684525315652,2110,1,0.07206006802488507,Prepaid,South,5,2,0
1296,2023-04-30 00:00:00+00:00,Apparel,1,941.07,0.3803506884608069,1818,1,0.013017214665848082,Prepaid,South,1,2,0
1493,2023-04-30 00:00:00+00:00,Beauty,0,190.78,0.0,4232,2,0.36212060457141215,Prepaid,West,4,0,0
1456,2023-04-30 00:00:00+00:00,Electronics,0,626.58,0.0,1455,3,0.020499547322309675,Prepaid,North,2,2,0
4258,2023-04-30 00:00:00+00:00,Apparel,1,266.39,0.36210554749628254,4248,2,0.3147515279690181,Prepaid,West,3,1,0
4288,2023-04-30 00:00:00+00:00,Apparel,1,704.25,0.0,2547,2,0.3248549582377683,Prepaid,West,7,2,0
262,2023-04-30 00:00:00+00:00,Home,0,535.19,0.0,1907,0,0.0,Prepaid,West,14,0,0
1533,2023-04-30 00:00:00+00:00,Home,0,841.78,0.0811709417644464,1370,3,0.14080386239370934,Prepaid,West,1,2,0
2500,2023-04-30 00:00:00+00:00,Electronics,0,677.01,0.0,1496,3,0.5441536328544823,Prepaid,North,1,0,1
2472,2023-04-30 00:00:00+00:00,Electronics,0,962.1,0.05540072569931173,1844,3,0.6582573776024047,Prepaid,South,2,0,0
2929,2023-04-30 00:00:00+00:00,Footwear,1,1054.47,0.0,1918,1,0.2379554183686908,Prepaid,West,14,2,0
2606,2023-04-30 00:00:00+00:00,Apparel,1,2743.65,0.0,4062,2,0.4029689548541152,COD,West,2,3,0
2722,2023-04-30 00:00:00+00:00,Apparel,1,2758.99,0.0,2339,4,0.08194631144039688,Prepaid,East,7,0,0
3162,2023-04-30 00:00:00+00:00,Apparel,1,5330.51,0.14064367323226912,4260,1,0.4417502586212509,Prepaid,East,13,5,0
3101,2023-04-30 00:00:00+00:00,Electronics,0,972.03,0.07877269505949416,3925,2,0.16725916347990133,Prepaid,South,12,1,0
2825,2023-04-30 00:00:00+00:00,Home,0,854.52,0.4063813659031513,2369,3,0.34457558949661105,COD,East,1,0,0
3138,2023-04-30 00:00:00+00:00,Electronics,0,1006.98,0.0,2532,4,0.07890028533810726,Prepaid,South,5,8,0
3147,2023-04-30 00:00:00+00:00,Beauty,0,211.33,0.061330810057456,2724,3,0.11362633720951433,Prepaid,South,8,0,1
2852,2023-04-30 00:00:00+00:00,Apparel,1,260.9,0.0,2093,4,0.36690459606883585,Prepaid,East,8,0,0
908,2023-05-01 00:00:00+00:00,Apparel,1,187.38,0.0,1332,3,0.04277847587583651,Prepaid,North,12,11,0
4429,2023-05-01 00:00:00+00:00,Footwear,1,1056.0,0.07801654615940964,4090,2,0.4886338716712223,COD,East,8,2,1
2301,2023-05-01 00:00:00+00:00,Beauty,0,810.94,0.0,3368,3,0.21204387738881408,Prepaid,South,14,0,0
3331,2023-05-01 00:00:00+00:00,Electronics,0,1623.93,0.0,3165,3,0.496204074525861,COD,South,10,2,1
4018,2023-05-01 00:00:00+00:00,Electronics,0,530.06,0.0,1512,2,0.02919462561747624,COD,South,8,1,0
3034,2023-05-01 00:00:00+00:00,Apparel,1,302.73,0.0,3963,0,0.0,COD,South,11,0,1
164,2023-05-01 00:00:00+00:00,Electronics,0,4438.19,0.0,1370,0,0.0,COD,South,4,3,0
166,2023-05-01 00:00:00+00:00,Apparel,1,390.25,0.3559943406666978,4226,3,0.019776926451405424,COD,South,1,15,0
4239,2023-05-01 00:00:00+00:00,Home,0,3380.14,0.0,1181,2,0.4031221464527767,COD,South,11,1,0
3134,2023-05-01 00:00:00+00:00,Apparel,1,2728.51,0.0,2581,0,0.0,Prepaid,North,10,11,0
1970,2023-05-01 00:00:00+00:00,Apparel,1,986.7,0.0,4331,2,0.17215759111657886,Prepaid,East,7,2,0
1503,2023-05-01 00:00:00+00:00,Footwear,1,2074.51,0.19338032049538334,4392,1,0.12862728592726277,COD,South,9,1,0
1784,2023-05-01 00:00:00+00:00,Electronics,0,1898.27,0.12975191158962865,3415,2,0.3683199937299126,COD,South,14,3,0
1481,2023-05-01 00:00:00+00:00,Beauty,0,334.8,0.22394050593259485,3013,1,0.0029217236331916356,COD,South,12,1,0
839,2023-05-01 00:00:00+00:00,Electronics,0,1117.76,0.0,1554,1,0.005531502610769375,Prepaid,West,13,0,0
2321,2023-05-01 00:00:00+00:00,Home,0,308.09,0.0,3627,4,0.29601215436594647,COD,North,7,0,1
2686,2023-05-01 00:00:00+00:00,Electronics,0,1242.58,0.3403673612122427,3105,1,0.4135586113803079,Prepaid,East,9,1,1
2688,2023-05-01 00:00:00+00:00,Beauty,0,2866.32,0.0,1993,2,0.14400981096350413,Prepaid,West,5,0,0
3720,2023-05-01 00:00:00+00:00,Home,0,2254.14,0.5733458607506686,2251,1,0.34557459901221854,Prepaid,South,14,3,0
4513,2023-05-01 00:00:00+00:00,Apparel,1,131.07,0.03355426664937537,3657,1,0.24275411512062778,Prepaid,West,14,5,0
3715,2023-05-01 00:00:00+00:00,Beauty,0,294.08,0.027051918439552736,2468,1,0.0511953924111549,COD,East,12,0,0
2196,2023-05-01 00:00:00+00:00,Home,0,204.35,0.14759297837997762,4477,3,0.6319725591326182,Prepaid,South,1,9,0
1126,2023-05-02 00:00:00+00:00,Beauty,0,1711.0,0.06108116116807291,1860,0,0.0,Prepaid,East,9,2,0
4716,2023-05-02 00:00:00+00:00,Apparel,1,1252.32,0.22298516144738595,1227,1,0.0796917855660166,Prepaid,East,6,0,0
3443,2023-05-02 00:00:00+00:00,Electronics,0,213.84,0.3840710023366798,3578,4,0.06491794508106362,Prepaid,North,4,5,0
4195,2023-05-02 00:00:00+00:00,Electronics,0,8979.65,0.0,2865,1,0.031160524219054568,Prepaid,West,11,0,0
4595,2023-05-02 00:00:00+00:00,Beauty,0,282.07,0.30717865939417854,4159,5,0.2891670729338426,COD,East,1,3,0
3931,2023-05-02 00:00:00+00:00,Apparel,1,654.0,0.0,3313,0,0.0,Prepaid,South,8,3,0
1326,2023-05-02 00:00:00+00:00,Home,0,1012.02,0.0,2915,1,0.6440180974625596,Prepaid,North,9,4,0
581,2023-05-02 00:00:00+00:00,Beauty,0,2097.09,0.0,1310,2,0.21117871197048702,COD,West,1,5,0
4063,2023-05-02 00:00:00+00:00,Home,0,361.01,0.0,2660,1,0.40778782349811443,Prepaid,West,14,1,0
1854,2023-05-02 00:00:00+00:00,Footwear,1,515.11,0.0,3745,0,0.0,Prepaid,West,4,3,1
598,2023-05-02 00:00:00+00:00,Apparel,1,371.64,0.0,3925,0,0.0,Prepaid,West,2,0,0
2195,2023-05-02 00:00:00+00:00,Electronics,0,498.0,0.10781959912008043,4232,1,0.08197203911994806,COD,North,2,4,0
815,2023-05-02 00:00:00+00:00,Apparel,1,4878.34,0.02378997642417993,4153,2,0.07519326116041945,COD,East,10,0,0
4537,2023-05-02 00:00:00+00:00,Home,0,3594.1,0.23325193681931264,1102,2,0.008528704011971278,COD,North,14,1,0
2608,2023-05-02 00:00:00+00:00,Footwear,1,2192.16,0.0,1666,2,0.0333163387589229,Prepaid,South,11,5,0
1809,2023-05-02 00:00:00+00:00,Apparel,1,6067.82,0.032628365159089665,1352,1,0.3494658570783678,Prepaid,North,13,6,1
4795,2023-05-02 00:00:00+00:00,Home,0,365.33,0.0,2514,4,0.227666432007609,Prepaid,North,3,1,0
3318,2023-05-02 00:00:00+00:00,Apparel,1,1137.89,0.03031219895856503,2096,1,0.11823218832192081,Prepaid,East,7,7,0
436,2023-05-02 00:00:00+00:00,Apparel,1,1749.71,0.15122144901414347,2904,2,0.25566785859349916,Prepaid,East,7,7,0
1744,2023-05-02 00:00:00+00:00,Apparel,1,3265.0,0.0,2751,2,0.03293992091684457,Prepaid,East,14,0,0
3370,2023-05-02 00:00:00+00:00,Apparel,1,1348.78,0.0,4498,3,0.377139150366186,COD,South,8,2,0
4101,2023-05-02 00:00:00+00:00,Footwear,1,1305.73,0.0,4019,4,0.25995905782802636,COD,East,3,7,0
1344,2023-05-02 00:00:00+00:00,Home,0,2797.26,0.06619819398777778,2971,3,0.3144140353329502,Prepaid,South,8,0,0
3837,2023-05-02 00:00:00+00:00,Footwear,1,3670.62,0.0,3196,2,0.17472519662196567,Prepaid,North,9,0,0
675,2023-05-02 00:00:00+00:00,Electronics,0,1889.05,0.0,3077,5,0.20126971258885104,COD,North,1,2,0
2571,2023-05-02 00:00:00+00:00,Apparel,1,309.64,0.0,2845,0,0.0,Prepaid,South,6,6,0
9,2023-05-02 00:00:00+00:00,Electronics,0,1460.3,0.0,2337,1,0.19910709113546315,Prepaid,North,12,0,0
1543,2023-05-02 00:00:00+00:00,Apparel,1,1266.17,0.0,4159,2,0.06334634487916249,COD,South,5,1,1
1475,2023-05-03 00:00:00+00:00,Apparel,1,404.05,0.0,1412,1,0.5801127582712554,Prepaid,South,6,1,0
207,2023-05-03 00:00:00+00:00,Footwear,1,217.83,0.19031008525051452,3213,3,0.057449996419489315,Prepaid,South,6,8,0
2122,2023-05-03 00:00:00+00:00,Electronics,0,2527.2,0.0,1832,3,0.03165299959473085,COD,North,10,15,0
3633,2023-05-03 00:00:00+00:00,Apparel,1,606.25,0.20490983681308625,2696,2,0.2603311711235321,Prepaid,North,13,0,1
4295,2023-05-03 00:00:00+00:00,Home,0,2590.87,0.0,3799,3,0.12000764355878063,Prepaid,North,9,0,0
4192,2023-05-03 00:00:00+00:00,Apparel,1,414.66,0.0,2895,4,0.1675770603462399,Prepaid,West,11,3,0
4250,2023-05-03 00:00:00+00:00,Beauty,0,637.95,0.1400557483732356,2326,2,0.36968181471339195,COD,South,7,1,0
1817,2023-05-03 00:00:00+00:00,Electronics,0,394.61,0.07001204404650724,3390,2,0.34478135601163845,Prepaid,South,7,1,0
571,2023-05-03 00:00:00+00:00,Apparel,1,1151.56,0.0,3451,3,0.07535788850460035,Prepaid,North,8,1,1
4489,2023-05-03 00:00:00+00:00,Apparel,1,2728.54,0.0,2752,1,0.10146104115911682,COD,West,8,6,0
3471,2023-05-03 00:00:00+00:00,Beauty,0,758.43,0.0,2353,2,0.13789212747160987,Prepaid,North,9,0,0
2952,2023-05-03 00:00:00+00:00,Footwear,1,2750.32,0.11490569466221873,1604,2,0.4901857808039007,COD,West,1,1,1
751,2023-05-03 00:00:00+00:00,Electronics,0,3443.57,0.0,1549,1,0.39868314108467673,Prepaid,East,11,0,1
1938,2023-05-03 00:00:00+00:00,Apparel,1,395.49,0.0,4323,4,0.11206021656632256,Prepaid,South,6,0,0
1019,2023-05-03 00:00:00+00:00,Electronics,0,872.33,0.0,3131,0,0.0,COD,West,12,0,0
4380,2023-05-03 00:00:00+00:00,Footwear,1,1199.74,0.0,2206,2,0.14129944382292123,Prepaid,East,1,7,0
2184,2023-05-03 00:00:00+00:00,Footwear,1,632.37,0.04535051050547088,2575,0,0.0,COD,South,5,0,0
1069,2023-05-03 00:00:00+00:00,Apparel,1,1816.71,0.0,1209,0,0.0,COD,East,8,4,1
1565,2023-05-03 00:00:00+00:00,Electronics,0,559.01,0.08095052224250593,2606,3,0.2748180015691432,Prepaid,South,6,3,0
4421,2023-05-03 00:00:00+00:00,Footwear,1,813.48,0.0,1475,2,0.028550804395255397,Prepaid,West,9,0,0
1545,2023-05-03 00:00:00+00:00,Apparel,1,1698.49,0.7130949054112437,3131,4,0.003800010905789606,COD,West,12,1,0
103,2023-05-03 00:00:00+00:00,Footwear,1,203.47,0.0,2786,6,0.021456342371701374,Prepaid,East,10,0,0
2262,2023-05-03 00:00:00+00:00,Footwear,1,1050.55,0.36426073984035745,1719,4,0.2977906227875679,Prepaid,North,8,3,0
1199,2023-05-03 00:00:00+00:00,Home,0,622.31,0.3623628366388253,4085,2,0.03820010239903721,Prepaid,West,9,3,0
4704,2023-05-03 00:00:00+00:00,Beauty,0,3629.16,0.020458737772111463,2086,3,0.22942026563194823,COD,South,11,2,0
4178,2023-05-03 00:00:00+00:00,Apparel,1,13218.14,0.275805979825379,2510,0,0.0,Prepaid,South,1,0,0
4155,2023-05-03 00:00:00+00:00,Apparel,1,768.06,0.0,4332,4,0.2976114334128125,Prepaid,South,4,0,0
4657,2023-05-04 00:00:00+00:00,Home,0,861.05,0.27949650013017435,2790,0,0.0,Prepaid,South,5,5,0
217,2023-05-04 00:00:00+00:00,Apparel,1,1096.97,0.0,3040,3,0.37190624765902686,Prepaid,West,4,0,0
3388,2023-05-04 00:00:00+00:00,Beauty,0,4058.47,0.10004578837059251,4118,1,0.1825231535387127,COD,West,10,0,0
325,2023-05-04 00:00:00+00:00,Footwear,1,778.5,0.0,3981,1,0.05663713563463849,Prepaid,West,4,5,0
4727,2023-05-04 00:00:00+00:00,Electronics,0,1919.28,0.08281569463043761,4018,1,0.1642592121211366,COD,South,9,9,0
3232,2023-05-04 00:00:00+00:00,Footwear,1,1772.84,0.07414373731644708,4282,0,0.0,Prepaid,West,8,2,0
2764,2023-05-04 00:00:00+00:00,Beauty,0,549.53,0.3063564051287878,1546,3,0.08870634866392615,Prepaid,West,7,0,0
3447,2023-05-04 00:00:00+00:00,Footwear,1,844.12,0.0,3051,1,0.26350619473796666,Prepaid,South,14,0,0
3773,2023-05-04 00:00:00+00:00,Apparel,1,742.88,0.0,2845,2,0.19433122596390226,COD,West,6,5,0
2990,2023-05-04 00:00:00+00:00,Electronics,0,1526.4,0.0,4439,0,0.0,Prepaid,South,13,0,0
417,2023-05-04 00:00:00+00:00,Electronics,0,1845.76,0.3249186589446318,4421,2,0.3936253838882015,Prepaid,South,8,0,0
4270,2023-05-04 00:00:00+00:00,Footwear,1,3773.16,0.0,2019,2,0.43106161440678387,Prepaid,East,8,0,0
3132,2023-05-04 00:00:00+00:00,Footwear,1,384.41,0.0,4075,2,0.35132595975956127,Prepaid,South,1,1,1
2018,2023-05-04 00:00:00+00:00,Apparel,1,815.78,0.0,4191,5,0.05276634726009149,COD,South,9,0,0
4989,2023-05-04 00:00:00+00:00,Beauty,0,788.11,0.0,2748,2,0.5863082993502112,Prepaid,East,7,0,1
489,2023-05-04 00:00:00+00:00,Apparel,1,1158.75,0.0,2748,2,0.018944201315695162,COD,East,9,2,0
1576,2023-05-04 00:00:00+00:00,Apparel,1,3265.54,0.0,4103,0,0.0,Prepaid,East,5,1,0
2453,2023-05-04 00:00:00+00:00,Beauty,0,894.84,0.20679648120643113,4101,2,0.5042519166295961,Prepaid,South,8,4,1
4336,2023-05-04 00:00:00+00:00,Beauty,0,1317.81,0.0790199490812255,3714,1,0.2827540857873137,COD,South,3,1,1
2449,2023-05-04 00:00:00+00:00,Home,0,1724.89,0.0,2890,1,0.24872080793250026,Prepaid,North,11,0,1
84,2023-05-04 00:00:00+00:00,Apparel,1,3345.97,0.0,1186,1,0.1365876572656517,COD,East,1,4,1
2587,2023-05-04 00:00:00+00:00,Apparel,1,567.39,0.08371745061766575,4490,4,0.25837921125690266,Prepaid,West,12,2,0
3251,2023-05-04 00:00:00+00:00,Home,0,918.87,0.0,1466,1,0.04212663280784767,Prepaid,East,10,1,0
132,2023-05-04 00:00:00+00:00,Home,0,1121.12,0.0,4111,1,0.21815242493934917,COD,East,5,1,0
2597,2023-05-04 00:00:00+00:00,Apparel,1,757.59,0.0,3548,0,0.0,COD,West,1,3,0
1716,2023-05-04 00:00:00+00:00,Apparel,1,1141.45,0.3562806420944882,2339,1,0.15583295386129667,Prepaid,East,7,1,0
2130,2023-05-04 00:00:00+00:00,Electronics,0,2769.08,0.0,2723,2,0.0032047905664918464,Prepaid,East,14,5,0
3641,2023-05-04 00:00:00+00:00,Home,0,318.19,0.12478638374072164,4478,1,0.24909830386523543,COD,North,14,7,0
1231,2023-05-04 00:00:00+00:00,Home,0,1135.6,0.06656789859001336,2089,1,0.3976939137333428,Prepaid,North,2,8,1
3879,2023-05-04 00:00:00+00:00,Beauty,0,914.3,0.0,2919,5,0.11015688786451058,Prepaid,North,7,0,0
3076,2023-05-04 00:00:00+00:00,Home,0,4504.01,0.0,1730,3,0.013954140814805237,Prepaid,North,14,1,0
1509,2023-05-04 00:00:00+00:00,Apparel,1,243.26,0.0,2396,2,0.40150358788683205,Prepaid,South,1,2,0
1931,2023-05-05 00:00:00+00:00,Apparel,1,1722.07,0.0,4374,2,0.1750096535814189,Prepaid,East,13,0,0
2142,2023-05-05 00:00:00+00:00,Apparel,1,1819.88,0.0,1959,0,0.0,COD,East,7,3,0
2067,2023-05-05 00:00:00+00:00,Electronics,0,899.21,0.0,2416,2,0.4470087573729619,Prepaid,East,9,14,0
3439,2023-05-05 00:00:00+00:00,Home,0,73.22,0.29189840108402443,4063,3,0.12936157335884158,Prepaid,East,12,0,0
3444,2023-05-05 00:00:00+00:00,Apparel,1,392.25,0.0,3213,3,0.006806904450724221,COD,North,14,0,0
2388,2023-05-05 00:00:00+00:00,Footwear,1,571.2,0.0,1787,3,0.07219668293535808,Prepaid,South,14,14,0
4818,2023-05-05 00:00:00+00:00,Apparel,1,1437.05,0.0,1501,2,0.08138640497540459,Prepaid,East,2,4,0
4873,2023-05-05 00:00:00+00:00,Footwear,1,2008.25,0.0,1739,2,0.08682040221493849,Prepaid,South,4,0,0
2278,2023-05-05 00:00:00+00:00,Beauty,0,837.44,0.0,2617,3,0.17205570895011152,Prepaid,North,1,1,0
2197,2023-05-05 00:00:00+00:00,Apparel,1,485.88,0.0,4028,2,0.1575544104086797,COD,West,1,6,0
1555,2023-05-05 00:00:00+00:00,Apparel,1,1158.02,0.537139577817636,2715,3,0.07625658666759848,COD,West,4,0,0
2697,2023-05-05 00:00:00+00:00,Footwear,1,603.99,0.1318330769622125,2760,3,0.12538978659495037,COD,West,2,3,0
2243,2023-05-05 00:00:00+00:00,Electronics,0,986.15,0.0,1506,1,0.09130643841837731,Prepaid,East,9,0,0
3158,2023-05-05 00:00:00+00:00,Electronics,0,2912.7,0.0,2767,1,0.31070715881722566,Prepaid,West,7,1,0
1035,2023-05-05 00:00:00+00:00,Apparel,1,2273.41,0.0,3220,3,0.038725330458560345,Prepaid,East,7,4,0
2907,2023-05-05 00:00:00+00:00,Electronics,0,129.88,0.08917493882994659,2188,2,0.17271209573382482,Prepaid,South,10,2,0
3978,2023-05-05 00:00:00+00:00,Apparel,1,3936.43,0.39676675599473,2598,2,0.2768999483553025,Prepaid,North,11,1,0
2935,2023-05-05 00:00:00+00:00,Apparel,1,1981.72,0.0152897475603785,2537,3,0.1792958662626161,COD,South,14,2,0
1674,2023-05-05 00:00:00+00:00,Apparel,1,2394.61,0.09485699191377706,3232,1,0.31383889753140587,COD,North,10,2,0
4839,2023-05-05 00:00:00+00:00,Apparel,1,4225.52,0.0,1887,4,0.3395556601832436,Prepaid,West,14,8,0
3067,2023-05-05 00:00:00+00:00,Electronics,0,3757.01,0.0,4185,3,0.49291001548086943,Prepaid,North,2,3,0
3491,2023-05-05 00:00:00+00:00,Apparel,1,298.78,0.0,3754,3,0.31996959152841176,Prepaid,South,10,6,0
1907,2023-05-05 00:00:00+00:00,Beauty,0,83.38,0.0,2893,2,0.11660644557914861,Prepaid,East,5,0,0
1270,2023-05-05 00:00:00+00:00,Footwear,1,1324.57,0.0,3135,0,0.0,Prepaid,South,12,0,0
387,2023-05-05 00:00:00+00:00,Electronics,0,1952.16,0.18759130136979135,3990,2,0.6189360089697636,Prepaid,South,12,0,0
795,2023-05-06 00:00:00+00:00,Home,0,690.53,0.0,4231,0,0.0,COD,North,8,5,1
4608,2023-05-06 00:00:00+00:00,Apparel,1,453.48,0.0,2948,5,0.014607081962653683,Prepaid,West,1,0,0
622,2023-05-06 00:00:00+00:00,Beauty,0,5376.95,0.0,3143,2,0.09471647078967413,Prepaid,South,3,1,0
2001,2023-05-06 00:00:00+00:00,Home,0,124.64,0.0,4076,1,0.35537223327426004,Prepaid,North,9,0,1
3859,2023-05-06 00:00:00+00:00,Apparel,1,1196.09,0.0,4183,2,0.10343049353376539,Prepaid,East,8,2,0
4592,2023-05-06 00:00:00+00:00,Home,0,1427.3,0.0,1576,1,0.6270590760279431,Prepaid,North,4,13,0
2566,2023-05-06 00:00:00+00:00,Apparel,1,2184.47,0.0,1164,4,0.022544355002991533,Prepaid,West,14,3,0
1465,2023-05-06 00:00:00+00:00,Apparel,1,496.22,0.0,3621,2,0.11013730096097508,Prepaid,West,5,0,0
4197,2023-05-06 00:00:00+00:00,Electronics,0,2194.9,0.0,2664,5,0.13336782476436038,COD,East,11,0,0
4273,2023-05-06 00:00:00+00:00,Apparel,1,882.15,0.2310964547822139,3652,6,4.068731183389594e-05,COD,West,10,0,0
3458,2023-05-06 00:00:00+00:00,Apparel,1,2428.11,0.0,2067,0,0.0,Prepaid,West,9,8,0
1888,2023-05-06 00:00:00+00:00,Home,0,3187.19,0.14253480322835688,1249,0,0.0,COD,West,9,0,1
961,2023-05-06 00:00:00+00:00,Footwear,1,273.83,0.12448438494344896,2210,3,0.38074851245447555,COD,East,14,3,0
1705,2023-05-06 00:00:00+00:00,Apparel,1,208.25,0.0,1614,0,0.0,Prepaid,East,11,4,0
4154,2023-05-06 00:00:00+00:00,Apparel,1,1271.71,0.0,1174,1,0.21109435821648007,Prepaid,West,11,0,1
2799,2023-05-06 00:00:00+00:00,Apparel,1,1189.5,0.1569121702651082,4177,4,0.020799895778384262,COD,North,9,12,0
2426,2023-05-06 00:00:00+00:00,Apparel,1,6072.7,0.24218136195597684,2177,3,0.14168016341949563,Prepaid,South,6,3,0
880,2023-05-06 00:00:00+00:00,Electronics,0,1441.4,0.06508240200055812,1086,1,0.05953157555778656,Prepaid,North,9,0,0
440,2023-05-06 00:00:00+00:00,Apparel,1,2579.99,0.0,1903,1,0.023146155592246528,Prepaid,North,10,0,0
3652,2023-05-06 00:00:00+00:00,Apparel,1,3177.83,0.0,1401,3,0.076059028272035,Prepaid,West,13,1,0
625,2023-05-06 00:00:00+00:00,Beauty,0,470.75,0.31019281103327323,4452,2,0.21226999877922123,Prepaid,West,11,5,0
3026,2023-05-06 00:00:00+00:00,Apparel,1,1922.69,0.0,1420,1,0.03445435499119832,Prepaid,South,13,4,0
200,2023-05-06 00:00:00+00:00,Apparel,1,798.54,0.0,1136,1,0.39226544259302637,Prepaid,North,6,5,0
1751,2023-05-06 00:00:00+00:00,Beauty,0,1615.73,0.11890490996241616,1485,1,0.20875907868600616,COD,South,6,2,0
2618,2023-05-06 00:00:00+00:00,Home,0,1961.9,0.0,1107,0,0.0,Prepaid,East,4,1,0
3581,2023-05-06 00:00:00+00:00,Home,0,1255.47,0.2568939035048112,1164,1,0.4263892776734937,COD,East,7,2,0
2013,2023-05-06 00:00:00+00:00,Apparel,1,141.0,0.014523192868587234,3954,3,0.2952780356895916,Prepaid,East,14,2,1
3406,2023-05-06 00:00:00+00:00,Footwear,1,1586.13,0.1163014082160854,2196,3,0.0848231619057214,Prepaid,North,3,0,1
3261,2023-05-06 00:00:00+00:00,Apparel,1,1614.83,0.0,2977,2,0.08837006849714633,COD,East,4,1,0
350,2023-05-07 00:00:00+00:00,Electronics,0,301.56,0.06350570389929885,4178,1,0.14186257418532447,Prepaid,South,14,11,0
2924,2023-05-07 00:00:00+00:00,Home,0,3625.57,0.17488413030340474,2653,6,0.011340459133884017,Prepaid,North,6,3,0
3482,2023-05-07 00:00:00+00:00,Beauty,0,524.45,0.025267171542208117,3569,0,0.0,Prepaid,North,3,4,0
431,2023-05-07 00:00:00+00:00,Apparel,1,710.67,0.0,1397,1,0.007407802540786631,COD,East,5,4,0
3309,2023-05-07 00:00:00+00:00,Apparel,1,6978.69,0.38880753284717684,2211,4,0.10406594988813353,Prepaid,West,9,3,0
3356,2023-05-07 00:00:00+00:00,Apparel,1,352.7,0.14907525235581692,3137,2,0.27386294630000935,Prepaid,East,10,0,0
3610,2023-05-07 00:00:00+00:00,Apparel,1,853.16,0.1412259936462148,3061,2,0.25710601962183816,COD,West,8,0,0
4186,2023-05-07 00:00:00+00:00,Electronics,0,175.86,0.094509640596806,1995,1,0.1942148284416508,Prepaid,East,11,2,0
2875,2023-05-07 00:00:00+00:00,Home,0,4368.1,0.4343582779429236,3216,3,0.796994219735165,Prepaid,South,14,0,1
855,2023-05-07 00:00:00+00:00,Electronics,0,591.59,0.0,2187,4,0.10074448203111495,Prepaid,East,10,1,0
1834,2023-05-07 00:00:00+00:00,Apparel,1,654.07,0.17556951792322076,3680,2,0.21056148013694945,Prepaid,South,8,2,1
4414,2023-05-07 00:00:00+00:00,Home,0,1508.02,0.0,2467,3,0.16114829127041025,Prepaid,West,7,6,0
4571,2023-05-07 00:00:00+00:00,Footwear,1,678.41,0.0,3498,3,0.6344659461069394,COD,South,3,1,1
1122,2023-05-07 00:00:00+00:00,Footwear,1,2598.19,0.0,2449,3,0.4060232019358157,Prepaid,East,9,19,0
3163,2023-05-07 00:00:00+00:00,Apparel,1,397.64,0.0,3099,2,0.08604125113277802,COD,South,1,0,0
4747,2023-05-07 00:00:00+00:00,Apparel,1,1476.9,0.17715988355551873,3427,0,0.0,Prepaid,North,3,0,0
3280,2023-05-07 00:00:00+00:00,Footwear,1,1567.99,0.0,2479,1,0.32796001804461944,COD,North,9,4,0
4880,2023-05-07 00:00:00+00:00,Apparel,1,671.45,0.0,2290,1,0.04529668797555044,Prepaid,West,8,0,0
1842,2023-05-07 00:00:00+00:00,Apparel,1,486.71,0.18689412000547093,3604,0,0.0,COD,North,11,0,1
4604,2023-05-07 00:00:00+00:00,Footwear,1,636.62,0.23457632426101652,3152,1,0.2853714357124169,Prepaid,East,1,3,0
3697,2023-05-07 00:00:00+00:00,Footwear,1,1626.01,0.0,1053,2,0.4214658433249033,Prepaid,West,2,0,0
2843,2023-05-07 00:00:00+00:00,Apparel,1,368.94,0.0,3261,2,0.3399598031574249,Prepaid,West,3,2,1
4460,2023-05-07 00:00:00+00:00,Electronics,0,3811.28,0.27745189891229916,1795,3,0.017531825804372538,Prepaid,West,12,1,0
1844,2023-05-07 00:00:00+00:00,Apparel,1,6983.74,0.0,3243,3,0.12313869802403798,Prepaid,South,10,3,0
629,2023-05-07 00:00:00+00:00,Apparel,1,1351.48,0.0,1849,0,0.0,COD,South,2,1,0
4136,2023-05-08 00:00:00+00:00,Electronics,0,425.4,0.0,2391,1,0.14096878208762112,Prepaid,East,13,0,0
3619,2023-05-08 00:00:00+00:00,Footwear,1,113.55,0.0,3917,2,0.0627102465718417,Prepaid,East,11,27,0
2404,2023-05-08 00:00:00+00:00,Electronics,0,5430.08,0.0,2365,4,0.10354342795567133,COD,North,6,0,0
4222,2023-05-08 00:00:00+00:00,Electronics,0,410.2,0.41297487958643475,1599,1,0.1151613415488034,Prepaid,East,12,0,0
4686,2023-05-08 00:00:00+00:00,Apparel,1,713.17,0.0,1836,3,0.017380612869554394,COD,North,1,7,0
2671,2023-05-08 00:00:00+00:00,Apparel,1,418.14,0.0,3038,3,0.0173341583120602,Prepaid,East,6,13,0
1168,2023-05-08 00:00:00+00:00,Footwear,1,924.38,0.0,3936,1,0.023558789165075575,Prepaid,North,2,3,0
4786,2023-05-08 00:00:00+00:00,Apparel,1,150.16,0.06085327979272989,3485,1,0.10329250053566734,Prepaid,South,14,2,0
2869,2023-05-08 00:00:00+00:00,Electronics,0,3571.01,0.0,2847,1,0.08742179521598481,Prepaid,South,2,1,1
231,2023-05-08 00:00:00+00:00,Home,0,3075.31,0.0,4197,3,0.061899392422065366,Prepaid,East,14,1,0
560,2023-05-08 00:00:00+00:00,Apparel,1,1404.01,0.0,3880,1,0.6008346419718383,Prepaid,North,9,7,1
1316,2023-05-08 00:00:00+00:00,Home,0,1370.35,0.32675946505241527,3036,5,0.20457494168153476,COD,North,4,8,0
2654,2023-05-08 00:00:00+00:00,Electronics,0,2291.99,0.0,1843,5,0.3901933883646924,Prepaid,West,10,2,1
4634,2023-05-08 00:00:00+00:00,Home,0,1289.94,0.0,1682,1,0.44278717757712,COD,West,7,0,1
294,2023-05-08 00:00:00+00:00,Electronics,0,815.51,0.0,4131,0,0.0,COD,North,13,1,0
3079,2023-05-08 00:00:00+00:00,Footwear,1,2051.13,0.0,1195,3,0.04019649737867635,Prepaid,North,2,1,0
1298,2023-05-08 00:00:00+00:00,Beauty,0,1062.27,0.11670210998019441,3115,3,0.09961572192043937,Prepaid,North,12,8,0
4305,2023-05-08 00:00:00+00:00,Electronics,0,2187.69,0.0,1971,1,0.11279599646299825,COD,West,7,1,0
290,2023-05-08 00:00:00+00:00,Apparel,1,279.78,0.0,3264,1,0.38407704905206325,Prepaid,West,4,0,0
3016,2023-05-08 00:00:00+00:00,Apparel,1,8448.22,0.1480653665719574,1269,3,0.48969067140934397,Prepaid,West,9,0,0
482,2023-05-08 00:00:00+00:00,Electronics,0,3540.72,0.0,2540,2,0.10869426917474992,Prepaid,North,9,11,0
3609,2023-05-08 00:00:00+00:00,Beauty,0,563.62,0.0,2737,3,0.2732599567611231,Prepaid,South,4,2,0
4967,2023-05-08 00:00:00+00:00,Apparel,1,1102.64,0.45149798672355634,3965,1,0.29285189419096674,COD,East,11,0,0
2012,2023-05-08 00:00:00+00:00,Electronics,0,529.69,0.0,2102,2,0.1222695700699645,COD,North,10,4,0
277,2023-05-08 00:00:00+00:00,Home,0,7106.36,0.0,3523,1,0.05839725340872307,COD,West,11,0,0
3056,2023-05-08 00:00:00+00:00,Apparel,1,1865.67,0.37981994896151494,3647,3,0.00449362018948284,COD,West,12,0,1
2853,2023-05-08 00:00:00+00:00,Footwear,1,2262.19,0.050043802963476276,3099,4,0.10793941949659187,Prepaid,East,8,0,1
336,2023-05-08 00:00:00+00:00,Beauty,0,573.22,0.0,2516,2,0.3704418026975213,Prepaid,West,13,0,0
161,2023-05-08 00:00:00+00:00,Home,0,349.58,0.0,3588,4,0.07906394441735273,Prepaid,East,6,0,1
2660,2023-05-09 00:00:00+00:00,Footwear,1,3874.66,0.0,1298,2,0.1918702251826255,Prepaid,West,4,3,0
4514,2023-05-09 00:00:00+00:00,Home,0,1910.96,0.0,3213,2,0.401535023446435,COD,East,9,0,0
4395,2023-05-09 00:00:00+00:00,Home,0,395.82,0.0,4262,1,0.1337384173078572,Prepaid,East,8,0,1
434,2023-05-09 00:00:00+00:00,Beauty,0,1137.02,0.0,1791,2,0.02737182251364606,Prepaid,West,1,3,0
4528,2023-05-09 00:00:00+00:00,Home,0,1229.32,0.0,2153,1,0.24524269915147195,Prepaid,North,5,0,0
4104,2023-05-09 00:00:00+00:00,Home,0,136.18,0.0,3234,3,0.06370742116143319,Prepaid,North,12,1,0
445,2023-05-09 00:00:00+00:00,Footwear,1,3009.12,0.44447263721036523,2966,1,0.013321063510607726,Prepaid,North,7,1,0
3004,2023-05-09 00:00:00+00:00,Home,0,481.75,0.0,4359,1,0.2002726238672152,Prepaid,West,4,6,0
720,2023-05-09 00:00:00+00:00,Footwear,1,912.77,0.10640328352704759,2025,2,0.3274810280327691,Prepaid,South,3,0,0
4509,2023-05-09 00:00:00+00:00,Apparel,1,463.84,0.0,1575,5,0.20420725617338237,Prepaid,South,6,1,0
2503,2023-05-09 00:00:00+00:00,Apparel,1,512.95,0.0,3263,1,0.18270259888348273,Prepaid,North,6,6,0
4624,2023-05-09 00:00:00+00:00,Electronics,0,989.35,0.0,1808,2,0.04352398692567217,Prepaid,West,10,3,0
1379,2023-05-09 00:00:00+00:00,Electronics,0,938.89,0.0,4127,0,0.0,Prepaid,West,1,1,0
2078,2023-05-09 00:00:00+00:00,Footwear,1,527.85,0.5481968105288363,1352,0,0.0,Prepaid,East,11,0,1
2530,2023-05-09 00:00:00+00:00,Electronics,0,1687.28,0.0,3137,4,0.607072824795487,Prepaid,North,13,2,1
163,2023-05-09 00:00:00+00:00,Apparel,1,1149.12,0.0,3219,1,0.11665340535109936,COD,East,5,2,0
1276,2023-05-09 00:00:00+00:00,Home,0,1267.95,0.22181106924883054,3258,3,0.13443143992632317,COD,South,3,1,1
94,2023-05-09 00:00:00+00:00,Apparel,1,1110.69,0.0,4485,0,0.0,Prepaid,East,6,0,0
198,2023-05-09 00:00:00+00:00,Beauty,0,1507.05,0.12845110151158268,1079,4,0.2113026470528584,COD,West,11,4,0
1221,2023-05-09 00:00:00+00:00,Apparel,1,473.69,0.17590195655507618,2773,2,0.2812702736101464,Prepaid,East,5,0,0
2802,2023-05-09 00:00:00+00:00,Apparel,1,2211.86,0.10586040562355613,3015,2,0.028148934409049874,Prepaid,North,2,0,0
4027,2023-05-09 00:00:00+00:00,Home,0,8526.81,0.0,3101,2,0.0008908993994405276,Prepaid,East,8,5,0
3488,2023-05-09 00:00:00+00:00,Apparel,1,906.67,0.0,3617,2,0.3641665618892562,Prepaid,South,2,7,0
2178,2023-05-09 00:00:00+00:00,Electronics,0,509.74,0.21030224797004415,1358,0,0.0,Prepaid,West,5,2,0
4791,2023-05-09 00:00:00+00:00,Beauty,0,513.99,0.11705151120029486,3581,1,0.11105646080702357,Prepaid,East,14,2,0
249,2023-05-09 00:00:00+00:00,Apparel,1,2141.96,0.0,2644,2,0.09326010065972629,Prepaid,North,6,0,0
2986,2023-05-09 00:00:00+00:00,Beauty,0,2056.26,0.09567666262086802,3279,1,0.11985127252811896,Prepaid,East,9,1,0
235,2023-05-09 00:00:00+00:00,Apparel,1,1292.47,0.3800880169596651,2263,3,0.276661608064494,Prepaid,East,13,7,1
2022,2023-05-09 00:00:00+00:00,Home,0,59.61,0.0,3117,2,0.20935222156709563,Prepaid,West,7,0,0
2417,2023-05-10 00:00:00+00:00,Apparel,1,480.25,0.0,3885,1,0.11257867387883838,Prepaid,East,11,0,0
2465,2023-05-10 00:00:00+00:00,Footwear,1,215.4,0.11884612946083685,2346,5,0.011218024665514656,Prepaid,North,6,0,0
2268,2023-05-10 00:00:00+00:00,Electronics,0,1047.54,0.0,3686,3,0.2841168280671995,COD,North,12,0,0
1986,2023-05-10 00:00:00+00:00,Electronics,0,1156.23,0.0,3438,4,0.24532348114889416,Prepaid,East,9,0,0
4770,2023-05-10 00:00:00+00:00,Footwear,1,1040.13,0.16092918246821286,1221,6,0.06334427367837826,Prepaid,West,4,3,0
1163,2023-05-10 00:00:00+00:00,Apparel,1,226.94,0.0,3672,3,0.047320592833564094,Prepaid,East,8,1,0
1758,2023-05-10 00:00:00+00:00,Apparel,1,1549.43,0.0,4417,1,0.4657462881402085,Prepaid,North,14,1,0
187,2023-05-10 00:00:00+00:00,Home,0,642.24,0.310941431508729,3792,2,0.3554829463254023,COD,South,1,0,0
195,2023-05-10 00:00:00+00:00,Electronics,0,630.13,0.0,1292,4,0.13415919184111347,COD,West,10,0,0
860,2023-05-10 00:00:00+00:00,Apparel,1,122.97,0.0,2865,4,0.23023688641282092,Prepaid,East,8,1,0
1088,2023-05-10 00:00:00+00:00,Apparel,1,522.54,0.0,3642,3,0.1474226300457883,Prepaid,West,3,7,0
201,2023-05-10 00:00:00+00:00,Apparel,1,2763.34,0.0,1212,2,0.5381429473321031,Prepaid,South,12,7,0
2373,2023-05-10 00:00:00+00:00,Apparel,1,3669.16,0.37733224052878866,4369,3,0.3715663837124436,COD,North,8,0,1
1280,2023-05-10 00:00:00+00:00,Beauty,0,36.27,0.0,1768,3,0.0899045117397117,COD,East,3,1,0
2425,2023-05-10 00:00:00+00:00,Footwear,1,1178.32,0.0641183212670282,1501,3,0.1399280603912516,Prepaid,East,9,0,0
508,2023-05-10 00:00:00+00:00,Electronics,0,1260.12,0.0,3611,0,0.0,COD,North,14,0,0
3778,2023-05-10 00:00:00+00:00,Electronics,0,1514.56,0.0,3097,2,0.08581684328172524,Prepaid,South,5,13,0
974,2023-05-10 00:00:00+00:00,Apparel,1,2977.79,0.0,3281,5,0.00017778828483636566,COD,East,9,8,0
23,2023-05-10 00:00:00+00:00,Footwear,1,1818.99,0.12117757351861434,4044,1,0.06366345312597108,COD,North,2,0,0
352,2023-05-10 00:00:00+00:00,Apparel,1,1868.34,0.0,1382,0,0.0,Prepaid,East,8,0,1
2975,2023-05-10 00:00:00+00:00,Home,0,609.04,0.0,2069,0,0.0,Prepaid,West,1,3,0
977,2023-05-10 00:00:00+00:00,Apparel,1,1429.99,0.0,2639,1,0.020059484016116208,Prepaid,East,2,1,0
2283,2023-05-10 00:00:00+00:00,Home,0,595.7,0.038745998238595564,1162,0,0.0,Prepaid,East,13,2,0
1347,2023-05-10 00:00:00+00:00,Electronics,0,268.12,0.07781474897041657,1983,3,0.29521326765338324,COD,East,8,1,0
4721,2023-05-10 00:00:00+00:00,Apparel,1,6819.65,0.05273482277302952,2765,0,0.0,Prepaid,North,5,0,0
1935,2023-05-10 00:00:00+00:00,Apparel,1,1424.9,0.08120868798098514,3838,0,0.0,Prepaid,East,5,1,0
2504,2023-05-10 00:00:00+00:00,Apparel,1,1889.55,0.0798366476606114,3803,0,0.0,Prepaid,West,11,1,0
1699,2023-05-10 00:00:00+00:00,Apparel,1,595.44,0.2033634069446979,3431,2,0.5353791898244863,Prepaid,East,2,8,0
52,2023-05-10 00:00:00+00:00,Home,0,673.93,0.0,2030,0,0.0,Prepaid,West,2,0,0
1226,2023-05-11 00:00:00+00:00,Footwear,1,1826.6,0.0,2344,2,0.060490212188886075,Prepaid,North,10,6,0
3827,2023-05-11 00:00:00+00:00,Electronics,0,1595.28,0.3043793603769878,2908,0,0.0,COD,East,9,1,1
16,2023-05-11 00:00:00+00:00,Home,0,1410.35,0.0,1360,0,0.0,Prepaid,East,10,3,0
3020,2023-05-11 00:00:00+00:00,Electronics,0,1152.32,0.0,2101,1,0.35009072309494144,COD,East,9,3,0
38,2023-05-11 00:00:00+00:00,Apparel,1,584.73,0.2186074547859497,3329,2,0.3101420718207008,COD,East,5,7,0
2943,2023-05-11 00:00:00+00:00,Footwear,1,333.8,0.2712996244499525,2106,5,0.20488756641939979,COD,East,5,8,0
2390,2023-05-11 00:00:00+00:00,Apparel,1,288.02,0.22191849124128457,1951,1,0.04329025254843093,Prepaid,South,4,0,0
4466,2023-05-11 00:00:00+00:00,Electronics,0,3091.47,0.0,2011,4,0.4330131479046208,Prepaid,East,3,2,0
633,2023-05-11 00:00:00+00:00,Apparel,1,941.94,0.4404784070295882,3931,1,0.21611498638207743,Prepaid,East,9,0,0
4330,2023-05-11 00:00:00+00:00,Footwear,1,154.2,0.012752579326527083,4411,1,0.13812711474538328,COD,South,12,1,0
188,2023-05-11 00:00:00+00:00,Electronics,0,1521.81,0.05237503233100508,3355,2,0.10961186131101545,Prepaid,South,3,2,0
122,2023-05-11 00:00:00+00:00,Home,0,1087.78,0.28215638338922583,3941,2,0.1719781302485184,Prepaid,South,5,0,0
1449,2023-05-11 00:00:00+00:00,Apparel,1,2025.45,0.0,4418,2,0.1659067904956942,COD,North,2,5,0
3124,2023-05-11 00:00:00+00:00,Apparel,1,1285.39,0.226824360248363,3227,1,0.054522164047351634,Prepaid,South,14,1,0
3341,2023-05-11 00:00:00+00:00,Footwear,1,369.77,0.27561747701574,3255,1,0.2093770139450096,Prepaid,South,1,0,0
1745,2023-05-11 00:00:00+00:00,Apparel,1,953.46,0.0,3485,3,0.25907300436434644,Prepaid,West,12,3,1
1713,2023-05-11 00:00:00+00:00,Apparel,1,2002.58,0.0,1300,3,0.3694554096592918,Prepaid,South,7,1,1
1739,2023-05-11 00:00:00+00:00,Electronics,0,852.72,0.0,1794,2,0.023252230191087034,COD,North,8,0,0
258,2023-05-11 00:00:00+00:00,Electronics,0,1122.79,0.049102250813356486,3284,1,0.7022040682009068,COD,South,13,6,1
923,2023-05-11 00:00:00+00:00,Home,0,1157.35,0.0,1641,2,0.09059506784168118,Prepaid,North,9,0,0
4946,2023-05-11 00:00:00+00:00,Electronics,0,2651.39,0.0,2753,3,0.1471393623439722,Prepaid,West,7,1,0
2861,2023-05-11 00:00:00+00:00,Footwear,1,1889.19,0.05126215541164443,1517,1,0.07783217824290353,Prepaid,North,5,0,0
3039,2023-05-11 00:00:00+00:00,Apparel,1,545.65,0.0,3481,2,0.25249241429384955,Prepaid,West,1,8,1
1873,2023-05-11 00:00:00+00:00,Home,0,1688.44,0.0,2197,1,0.21181821809843834,COD,West,11,0,0
4679,2023-05-11 00:00:00+00:00,Beauty,0,2899.41,0.0,1143,4,0.017561905915253723,COD,North,3,0,0
2258,2023-05-11 00:00:00+00:00,Home,0,1638.82,0.0,1475,0,0.0,Prepaid,West,9,8,0
4752,2023-05-11 00:00:00+00:00,Beauty,0,3322.84,0.23320209878098858,2739,4,0.018024475375783586,Prepaid,East,11,0,0
1387,2023-05-11 00:00:00+00:00,Apparel,1,618.08,0.0,3072,0,0.0,Prepaid,South,3,0,0
2978,2023-05-11 00:00:00+00:00,Electronics,0,217.52,0.0,2294,0,0.0,Prepaid,East,7,0,0
3474,2023-05-11 00:00:00+00:00,Beauty,0,1299.92,0.28735335636585446,1010,1,0.09774207497738105,COD,North,13,0,0
4652,2023-05-11 00:00:00+00:00,Footwear,1,3423.54,0.1500090880927275,1164,1,0.05906478075875694,COD,South,3,4,0
1909,2023-05-11 00:00:00+00:00,Home,0,601.71,0.44953251112617976,4250,5,0.2959374679777783,Prepaid,South,5,4,0
807,2023-05-12 00:00:00+00:00,Apparel,1,3913.81,0.0,3668,2,0.051835889658857257,Prepaid,West,10,2,0
45,2023-05-12 00:00:00+00:00,Home,0,305.61,0.10463134721412179,1964,4,0.5543048631146344,Prepaid,North,12,5,0
2069,2023-05-12 00:00:00+00:00,Footwear,1,718.23,0.23886663473681136,2794,3,0.10589904318656512,Prepaid,East,1,6,0
64,2023-05-12 00:00:00+00:00,Home,0,1896.11,0.16927872406989347,2705,2,0.133221115134663,Prepaid,East,3,0,0
4085,2023-05-12 00:00:00+00:00,Beauty,0,269.9,0.0,1514,4,0.20932675723624042,Prepaid,West,14,0,0
3872,2023-05-12 00:00:00+00:00,Apparel,1,397.13,0.0,2474,4,0.4251815399225435,Prepaid,South,9,3,0
3207,2023-05-12 00:00:00+00:00,Apparel,1,819.67,0.0,1386,4,0.11196269814246443,Prepaid,North,2,0,0
611,2023-05-12 00:00:00+00:00,Electronics,0,12957.21,0.0,1817,2,0.3199866350910518,Prepaid,West,7,0,0
1220,2023-05-12 00:00:00+00:00,Apparel,1,1433.2,0.0,3535,2,0.5578419358220729,Prepaid,East,12,2,0
138,2023-05-12 00:00:00+00:00,Beauty,0,624.58,0.20752396070391785,4226,1,0.13761007428982622,Prepaid,North,4,0,0
2158,2023-05-12 00:00:00+00:00,Apparel,1,3026.44,0.35413097553848116,1772,0,0.0,Prepaid,South,5,12,0
4419,2023-05-12 00:00:00+00:00,Apparel,1,5232.62,0.0,3698,5,0.3369828616581505,Prepaid,East,14,1,0
805,2023-05-12 00:00:00+00:00,Apparel,1,265.84,0.0,2439,1,0.10888816662901359,Prepaid,South,3,3,0
4900,2023-05-12 00:00:00+00:00,Apparel,1,2996.42,0.0,1628,5,0.12364158369339795,Prepaid,South,1,4,0
4712,2023-05-12 00:00:00+00:00,Electronics,0,1454.31,0.0,1531,6,0.46771220914806566,Prepaid,West,13,2,0
2721,2023-05-12 00:00:00+00:00,Electronics,0,800.91,0.025387242607241386,3388,2,0.08261858560876682,Prepaid,North,4,6,0
2664,2023-05-12 00:00:00+00:00,Electronics,0,984.08,0.0018557749048688787,1444,2,0.017153163946089157,Prepaid,North,8,1,0
4803,2023-05-12 00:00:00+00:00,Apparel,1,97.01,0.0,2369,5,0.2205488321587668,Prepaid,East,5,2,0
4234,2023-05-12 00:00:00+00:00,Electronics,0,1013.0,0.008497019495148528,1399,0,0.0,Prepaid,East,2,0,0
3419,2023-05-12 00:00:00+00:00,Apparel,1,313.02,0.18547562090278227,2675,3,0.5465727735392811,COD,West,10,2,0
2695,2023-05-12 00:00:00+00:00,Home,0,872.96,0.43544541520739677,1898,1,0.01919796853748396,Prepaid,South,6,2,0
1023,2023-05-12 00:00:00+00:00,Home,0,2160.91,0.0,3597,0,0.0,COD,North,8,0,0
785,2023-05-12 00:00:00+00:00,Apparel,1,2222.54,0.0,1593,3,0.08605622042981888,Prepaid,East,1,2,0
1837,2023-05-12 00:00:00+00:00,Apparel,1,1221.94,0.34547643767259095,2439,0,0.0,Prepaid,South,9,6,0
2698,2023-05-12 00:00:00+00:00,Apparel,1,502.79,0.10386716371692567,1505,3,0.18990418283904104,COD,North,6,2,0
4062,2023-05-13 00:00:00+00:00,Home,0,1076.83,0.0,2284,1,0.06126508189660162,COD,West,9,1,0
945,2023-05-13 00:00:00+00:00,Electronics,0,5019.0,0.0,4313,4,0.2227585404046188,COD,South,1,1,0
755,2023-05-13 00:00:00+00:00,Apparel,1,337.95,0.0,1586,2,0.03952199501027557,Prepaid,South,2,2,0
1487,2023-05-13 00:00:00+00:00,Apparel,1,437.71,0.39755515908344063,3732,3,0.1281039597989861,COD,South,7,6,0
2111,2023-05-13 00:00:00+00:00,Electronics,0,5449.94,0.17291770089333794,3306,1,0.0043769367951297855,Prepaid,South,8,0,0
4895,2023-05-13 00:00:00+00:00,Footwear,1,1346.88,0.27630900392511293,4420,3,0.059460388579212965,Prepaid,West,9,1,0
1118,2023-05-13 00:00:00+00:00,Electronics,0,2012.78,0.3334936409095175,3796,3,0.12575830213386552,Prepaid,North,10,1,0
4546,2023-05-13 00:00:00+00:00,Apparel,1,1782.73,0.42748896317654284,3925,3,0.16983144837164232,Prepaid,South,12,5,0
783,2023-05-13 00:00:00+00:00,Home,0,652.88,0.0,1977,0,0.0,Prepaid,South,1,7,0
1579,2023-05-13 00:00:00+00:00,Footwear,1,1198.51,0.0,2505,2,0.05069480661774228,Prepaid,East,14,5,0
2536,2023-05-13 00:00:00+00:00,Electronics,0,763.15,0.07488531371890972,1611,1,0.0035380438160069376,COD,North,9,7,0
3027,2023-05-13 00:00:00+00:00,Electronics,0,7912.29,0.0,2259,0,0.0,Prepaid,West,7,3,0
4083,2023-05-13 00:00:00+00:00,Apparel,1,1143.02,0.0,2475,0,0.0,Prepaid,North,12,1,0
2464,2023-05-13 00:00:00+00:00,Apparel,1,202.38,0.0,2179,2,0.06012213804705932,COD,West,3,1,0
4519,2023-05-13 00:00:00+00:00,Beauty,0,3050.76,0.0,1273,1,0.17844949339832392,Prepaid,North,7,1,0
1961,2023-05-13 00:00:00+00:00,Footwear,1,1621.85,0.40279964369130195,3113,1,0.34433119000001355,COD,South,14,0,0
4915,2023-05-13 00:00:00+00:00,Apparel,1,2401.82,0.3424364311280542,2080,1,0.15585660234921983,COD,North,5,0,0
827,2023-05-13 00:00:00+00:00,Apparel,1,727.12,0.13065880037620511,3485,3,0.17154636434345555,Prepaid,East,8,0,0
1620,2023-05-13 00:00:00+00:00,Home,0,2301.82,0.0,3469,3,0.1481328931975154,COD,East,6,3,0
725,2023-05-13 00:00:00+00:00,Footwear,1,857.12,0.3140459549494062,2167,1,0.01940101604164745,Prepaid,North,14,7,0
582,2023-05-13 00:00:00+00:00,Beauty,0,1593.09,0.47908420135743934,2594,3,0.23263280508565412,Prepaid,West,7,0,0
3886,2023-05-13 00:00:00+00:00,Electronics,0,316.74,0.212443677079457,1267,2,0.6547148755317544,Prepaid,South,3,3,0
4276,2023-05-13 00:00:00+00:00,Home,0,1791.95,0.0,1479,7,0.195034640819813,Prepaid,North,8,1,0
2474,2023-05-13 00:00:00+00:00,Footwear,1,1110.18,0.0,2594,2,0.19185509865131609,Prepaid,East,8,3,0
3608,2023-05-13 00:00:00+00:00,Apparel,1,149.62,0.3753248187951491,2317,2,0.11601398859592041,Prepaid,West,1,3,0
692,2023-05-14 00:00:00+00:00,Home,0,532.61,0.0,1121,0,0.0,Prepaid,West,3,0,0
4280,2023-05-14 00:00:00+00:00,Footwear,1,462.53,0.039405083156171854,4351,1,0.16779104997530603,Prepaid,West,12,4,0
3451,2023-05-14 00:00:00+00:00,Footwear,1,6498.67,0.2711379233556387,3953,2,0.22359038010981655,Prepaid,South,2,5,0
2413,2023-05-14 00:00:00+00:00,Apparel,1,1216.29,0.23963873997599128,3379,2,0.04307980359737611,Prepaid,North,12,0,0
66,2023-05-14 00:00:00+00:00,Apparel,1,3131.34,0.10134378959943895,1957,3,0.43239569653726195,Prepaid,North,14,7,0
1049,2023-05-14 00:00:00+00:00,Apparel,1,430.41,0.0,4366,0,0.0,Prepaid,East,9,0,0
3031,2023-05-14 00:00:00+00:00,Apparel,1,282.04,0.048082736232188374,3509,2,0.19523111020821832,Prepaid,East,8,0,1
2361,2023-05-14 00:00:00+00:00,Electronics,0,986.98,0.09032966330453236,2253,1,0.2585431446945151,Prepaid,South,2,0,0
3852,2023-05-14 00:00:00+00:00,Apparel,1,2332.9,0.0,1694,1,0.2528955205423734,Prepaid,West,7,4,0
3972,2023-05-14 00:00:00+00:00,Footwear,1,1022.79,0.0,2305,2,0.18764558862340833,COD,South,1,0,0
641,2023-05-14 00:00:00+00:00,Footwear,1,341.95,0.09525066754457891,3677,2,0.19240674686159018,Prepaid,West,5,0,0
3712,2023-05-14 00:00:00+00:00,Apparel,1,543.92,0.0,2160,4,0.495931701407126,Prepaid,North,13,9,1
1679,2023-05-14 00:00:00+00:00,Apparel,1,174.18,0.0,1684,3,0.024516687712999884,COD,West,2,7,1
1981,2023-05-14 00:00:00+00:00,Apparel,1,1048.97,0.0,1303,2,0.1243625061896206,Prepaid,West,5,2,0
4358,2023-05-14 00:00:00+00:00,Footwear,1,5662.02,0.06915084539515721,4487,8,0.009919611237688414,Prepaid,West,14,1,0
967,2023-05-14 00:00:00+00:00,Apparel,1,1770.77,0.0,1056,0,0.0,Prepaid,North,10,18,0
4474,2023-05-14 00:00:00+00:00,Home,0,1426.03,0.15558483899535458,3366,1,0.410853815861238,Prepaid,South,13,10,1
3934,2023-05-14 00:00:00+00:00,Footwear,1,8275.86,0.3051335763431908,4276,2,0.316144549510323,COD,South,5,1,1
4829,2023-05-14 00:00:00+00:00,Apparel,1,3264.44,0.0,3704,1,0.4401454463014456,Prepaid,North,3,1,0
4245,2023-05-14 00:00:00+00:00,Electronics,0,945.47,0.0,3945,1,0.028489040838148925,COD,South,13,4,0
933,2023-05-14 00:00:00+00:00,Apparel,1,1096.56,0.0,2495,2,0.26464877112226504,COD,South,13,2,0
1335,2023-05-14 00:00:00+00:00,Electronics,0,1121.02,0.143471967427683,4027,3,0.21379919535160416,COD,West,14,7,0
4238,2023-05-14 00:00:00+00:00,Electronics,0,747.9,0.0,2517,0,0.0,COD,West,4,7,0
4585,2023-05-14 00:00:00+00:00,Beauty,0,2991.1,0.0,1349,5,0.5533071778955942,Prepaid,East,5,3,0
3097,2023-05-14 00:00:00+00:00,Home,0,1023.21,0.12565348804386844,1534,0,0.0,Prepaid,South,4,1,0
4748,2023-05-14 00:00:00+00:00,Apparel,1,481.13,0.0,1095,3,0.06552565305232058,COD,West,14,2,1
153,2023-05-14 00:00:00+00:00,Apparel,1,1873.33,0.0,3202,3,0.044664899340243015,Prepaid,South,2,0,1
1838,2023-05-14 00:00:00+00:00,Footwear,1,4562.62,0.0,3150,1,0.5395088407212907,Prepaid,West,9,0,1
1818,2023-05-14 00:00:00+00:00,Home,0,1639.84,0.0,4396,1,0.018686797817468105,Prepaid,West,1,2,0
1103,2023-05-14 00:00:00+00:00,Footwear,1,1117.0,0.0,2510,6,0.3593335724950605,Prepaid,North,9,1,0
2392,2023-05-14 00:00:00+00:00,Apparel,1,1503.96,0.0,1276,4,0.09283764741973709,Prepaid,North,2,3,0
4301,2023-05-15 00:00:00+00:00,Home,0,6571.28,0.0,4139,1,0.02386237407458458,COD,East,7,0,0
368,2023-05-15 00:00:00+00:00,Apparel,1,1824.65,0.08112357013889973,4136,2,0.29880100311624147,Prepaid,North,3,4,0
1236,2023-05-15 00:00:00+00:00,Beauty,0,125.09,0.14004928518784143,1170,4,0.15216281094536446,COD,North,2,4,0
2545,2023-05-15 00:00:00+00:00,Footwear,1,747.91,0.47260556943675514,4074,2,0.37071534844162135,Prepaid,North,12,5,1
2822,2023-05-15 00:00:00+00:00,Footwear,1,1029.7,0.0,3780,1,0.0951096532554893,Prepaid,West,12,3,0
4130,2023-05-15 00:00:00+00:00,Apparel,1,389.1,0.0,2921,0,0.0,COD,North,12,1,1
519,2023-05-15 00:00:00+00:00,Apparel,1,4320.64,0.13152948537369807,3865,0,0.0,Prepaid,East,2,1,1
2622,2023-05-15 00:00:00+00:00,Beauty,0,1265.68,0.005702833443912203,1320,3,0.06688425775922473,Prepaid,East,12,3,0
40,2023-05-15 00:00:00+00:00,Apparel,1,2001.67,0.0,2056,1,0.011743353217017936,Prepaid,East,7,2,0
107,2023-05-15 00:00:00+00:00,Electronics,0,1096.02,0.2665944360668109,2454,2,0.21302414900705427,Prepaid,South,1,0,0
3853,2023-05-15 00:00:00+00:00,Home,0,824.42,0.31385691003347016,1025,2,0.015504488540138766,Prepaid,West,4,3,0
1164,2023-05-15 00:00:00+00:00,Home,0,729.93,0.0,2362,5,0.05684218490646878,Prepaid,East,13,3,0
3597,2023-05-15 00:00:00+00:00,Apparel,1,430.04,0.0,3828,2,0.019973933397772967,Prepaid,East,12,0,1
4800,2023-05-15 00:00:00+00:00,Apparel,1,489.73,0.0,2583,1,0.07992889068483572,COD,West,4,4,0
4503,2023-05-15 00:00:00+00:00,Apparel,1,2077.94,0.0,1899,1,0.6776551716353404,Prepaid,West,6,1,1
292,2023-05-15 00:00:00+00:00,Apparel,1,325.68,0.2571408112526718,1019,2,0.07302252504182119,Prepaid,West,1,0,0
3551,2023-05-15 00:00:00+00:00,Apparel,1,165.72,0.0,3346,2,0.018959364034790576,Prepaid,East,12,0,0
3864,2023-05-15 00:00:00+00:00,Electronics,0,409.5,0.0,3454,2,0.30459367631590095,Prepaid,South,14,4,0
2920,2023-05-15 00:00:00+00:00,Apparel,1,571.0,0.20595978664595982,2925,1,0.19807410583504473,Prepaid,South,1,3,0
1878,2023-05-15 00:00:00+00:00,Home,0,449.6,0.2569581308606841,4216,1,0.35821795591931016,Prepaid,West,9,2,1
1427,2023-05-15 00:00:00+00:00,Footwear,1,282.67,0.13029685094897153,3788,2,0.18771615972427327,Prepaid,West,13,0,0
1051,2023-05-15 00:00:00+00:00,Footwear,1,204.38,0.0,3891,3,0.08733777030348365,Prepaid,West,1,0,0
2149,2023-05-16 00:00:00+00:00,Apparel,1,1251.38,0.0,1674,2,0.23729410070634616,Prepaid,West,4,1,0
2038,2023-05-16 00:00:00+00:00,Electronics,0,726.7,0.7368613137218901,4162,1,0.29300482350430856,Prepaid,East,3,5,0
2656,2023-05-16 00:00:00+00:00,Apparel,1,66.74,0.32207009879236603,4474,6,0.4425983196050615,Prepaid,South,7,1,0
1081,2023-05-16 00:00:00+00:00,Apparel,1,1176.72,0.1350095366537703,3249,2,0.4117111625406454,Prepaid,West,9,0,0
2308,2023-05-16 00:00:00+00:00,Apparel,1,820.93,0.10375450476777724,1052,0,0.0,COD,South,14,0,0
2559,2023-05-16 00:00:00+00:00,Home,0,542.71,0.16958647163505286,3987,1,0.33509292923100253,Prepaid,West,12,5,0
2396,2023-05-16 00:00:00+00:00,Footwear,1,768.25,0.1282839497143387,1432,0,0.0,Prepaid,West,4,7,0
940,2023-05-16 00:00:00+00:00,Footwear,1,338.99,0.0,2159,0,0.0,COD,North,3,0,0
4092,2023-05-16 00:00:00+00:00,Beauty,0,792.97,0.0,3882,2,0.017513014867290795,Prepaid,West,3,1,0
4732,2023-05-16 00:00:00+00:00,Apparel,1,357.43,0.0,4244,3,0.051465203344224775,COD,West,11,4,1
2619,2023-05-16 00:00:00+00:00,Home,0,2020.12,0.1730740108868004,4085,1,0.03146595830818408,Prepaid,North,5,4,0
3248,2023-05-16 00:00:00+00:00,Electronics,0,1134.97,0.0,2246,2,0.1018081120023869,COD,South,9,1,0
3650,2023-05-16 00:00:00+00:00,Apparel,1,293.01,0.05804683111042416,4279,2,0.3134748159530298,Prepaid,West,6,0,0
2260,2023-05-16 00:00:00+00:00,Electronics,0,419.89,0.10815433830527504,2508,1,0.1212067867819394,Prepaid,East,5,6,0
604,2023-05-16 00:00:00+00:00,Home,0,2916.95,0.0,2778,5,0.1528819583591352,Prepaid,South,1,1,0
291,2023-05-16 00:00:00+00:00,Apparel,1,733.28,0.0,3758,3,0.04260864987463181,COD,North,7,1,0
1859,2023-05-16 00:00:00+00:00,Electronics,0,2941.01,0.07995682339631738,4314,4,0.25520805156767,Prepaid,East,4,1,0
3231,2023-05-16 00:00:00+00:00,Home,0,201.45,0.0,2822,3,0.42701227582926654,COD,North,14,1,0
4812,2023-05-16 00:00:00+00:00,Footwear,1,859.36,0.0,2268,1,0.160427521537454,Prepaid,South,1,0,1
4314,2023-05-16 00:00:00+00:00,Apparel,1,492.88,0.020376342653635263,2087,5,0.1014379585611499,Prepaid,East,6,1,0
3607,2023-05-16 00:00:00+00:00,Electronics,0,3117.08,0.0,1112,2,0.30935589593933605,COD,East,9,3,0
4688,2023-05-16 00:00:00+00:00,Beauty,0,249.55,0.6319991876197675,1389,1,0.09544422164890493,Prepaid,South,13,8,0
1777,2023-05-16 00:00:00+00:00,Apparel,1,469.69,0.0,2517,0,0.0,COD,South,1,0,1
99,2023-05-16 00:00:00+00:00,Apparel,1,897.18,0.424154816681789,4283,3,0.05982467743962131,Prepaid,West,3,0,1
3413,2023-05-16 00:00:00+00:00,Footwear,1,5032.15,0.0,1180,0,0.0,Prepaid,North,8,2,1
679,2023-05-16 00:00:00+00:00,Home,0,8512.31,0.0,4046,4,0.15562035365881594,COD,East,1,4,0
95,2023-05-16 00:00:00+00:00,Beauty,0,301.72,0.0,3225,1,0.12621393701684794,Prepaid,East,14,4,0
2998,2023-05-17 00:00:00+00:00,Footwear,1,4752.7,0.0,4420,0,0.0,Prepaid,West,12,0,0
998,2023-05-17 00:00:00+00:00,Apparel,1,694.7,0.0,3008,1,0.1142059204884671,COD,East,6,0,0
1567,2023-05-17 00:00:00+00:00,Apparel,1,2025.85,0.0,3858,2,0.23586304417228407,COD,East,14,4,1
3724,2023-05-17 00:00:00+00:00,Beauty,0,420.85,0.0,2783,2,0.19775510049886585,Prepaid,East,1,0,0
922,2023-05-17 00:00:00+00:00,Apparel,1,2097.66,0.0,1681,2,0.3702973307810031,Prepaid,North,10,4,0
2967,2023-05-17 00:00:00+00:00,Footwear,1,6695.39,0.0,3715,3,0.09185702801213633,COD,North,2,1,0
3780,2023-05-17 00:00:00+00:00,Home,0,900.14,0.0,2587,1,0.4314540769736877,Prepaid,South,8,5,1
3789,2023-05-17 00:00:00+00:00,Apparel,1,293.35,0.0,4301,7,0.10713694302198312,COD,West,10,1,0
2767,2023-05-17 00:00:00+00:00,Apparel,1,1878.94,0.22301779682987288,3036,3,0.2673567396441804,COD,East,2,3,0
595,2023-05-17 00:00:00+00:00,Apparel,1,999.22,0.0,1837,2,0.2373792521001628,Prepaid,East,1,3,0
3181,2023-05-17 00:00:00+00:00,Home,0,314.11,0.0,3689,2,0.05719135787786039,Prepaid,South,9,0,0
432,2023-05-17 00:00:00+00:00,Apparel,1,2129.63,0.5170248922554065,2856,1,0.012335274917170515,Prepaid,South,2,6,0
3093,2023-05-17 00:00:00+00:00,Apparel,1,1811.56,0.3456601327488152,2678,2,0.22615622389534681,Prepaid,West,12,0,1
1127,2023-05-17 00:00:00+00:00,Footwear,1,839.09,0.0,1741,3,0.09759207031943895,Prepaid,West,4,0,0
4557,2023-05-17 00:00:00+00:00,Apparel,1,5467.67,0.0,4147,2,0.5455954466274756,COD,South,12,6,0
2432,2023-05-17 00:00:00+00:00,Footwear,1,1134.93,0.0,2192,0,0.0,Prepaid,West,13,2,0
356,2023-05-17 00:00:00+00:00,Apparel,1,648.15,0.0,1831,0,0.0,Prepaid,South,13,2,1
4724,2023-05-17 00:00:00+00:00,Apparel,1,431.66,0.0,3272,3,0.05048503745354407,Prepaid,South,1,5,0
2678,2023-05-17 00:00:00+00:00,Home,0,641.52,0.0,2393,5,0.1682639415844213,Prepaid,West,9,6,0
1151,2023-05-17 00:00:00+00:00,Electronics,0,1240.72,0.04537708739239962,2112,3,0.06577999877862432,Prepaid,East,9,0,0
3884,2023-05-17 00:00:00+00:00,Home,0,548.49,0.0,1553,1,0.5101824361418851,Prepaid,East,5,1,0
4482,2023-05-17 00:00:00+00:00,Home,0,295.26,0.0,2027,0,0.0,Prepaid,West,13,1,0
4613,2023-05-17 00:00:00+00:00,Electronics,0,1703.18,0.5065607877939109,3455,0,0.0,Prepaid,North,12,5,0
171,2023-05-17 00:00:00+00:00,Apparel,1,425.89,0.0,3303,1,0.6657891321173052,Prepaid,East,7,1,1
2190,2023-05-17 00:00:00+00:00,Apparel,1,955.24,0.19018582390909244,1004,1,0.08873891672889588,Prepaid,South,7,7,0
4392,2023-05-17 00:00:00+00:00,Apparel,1,476.07,0.046183738332499204,1618,2,0.12985098306178638,COD,West,7,8,0
4001,2023-05-17 00:00:00+00:00,Home,0,776.67,0.0,1550,3,0.15919604892660857,COD,North,14,5,0
1432,2023-05-17 00:00:00+00:00,Apparel,1,594.31,0.3901565556406442,2563,3,0.13269514197636115,Prepaid,West,2,0,0
128,2023-05-17 00:00:00+00:00,Home,0,396.95,0.0,3254,2,0.015457245222925464,Prepaid,North,9,1,0
1287,2023-05-17 00:00:00+00:00,Apparel,1,4237.86,0.21265373050898548,2519,2,0.00026617857295854877,COD,West,12,0,0
2501,2023-05-17 00:00:00+00:00,Home,0,972.66,0.0,3935,0,0.0,Prepaid,South,13,0,0
3901,2023-05-18 00:00:00+00:00,Apparel,1,1215.26,0.0,2217,1,0.09492144747996162,Prepaid,West,12,0,0
2772,2023-05-18 00:00:00+00:00,Apparel,1,814.78,0.006209260717636916,2507,3,0.4245793677398715,Prepaid,East,11,0,0
3809,2023-05-18 00:00:00+00:00,Home,0,361.08,0.0,1313,5,0.21171612050367444,Prepaid,South,2,0,0
1340,2023-05-18 00:00:00+00:00,Electronics,0,408.67,0.0,1360,3,0.2196485901278774,Prepaid,East,1,0,1
972,2023-05-18 00:00:00+00:00,Apparel,1,1332.85,0.0,1360,1,0.2313084257813501,Prepaid,East,7,14,0
2230,2023-05-18 00:00:00+00:00,Electronics,0,1191.52,0.2745975971816602,1135,2,0.001608239074430281,Prepaid,South,12,5,0
4874,2023-05-18 00:00:00+00:00,Beauty,0,713.62,0.21871573173492537,3425,3,0.10885605639332456,Prepaid,West,4,11,0
4772,2023-05-18 00:00:00+00:00,Footwear,1,333.3,0.0,3397,1,0.22938522861033803,Prepaid,East,10,0,0
2826,2023-05-18 00:00:00+00:00,Home,0,1594.74,0.035413345087070836,2948,2,0.3578926729074136,Prepaid,East,9,2,0
472,2023-05-18 00:00:00+00:00,Home,0,256.1,0.0,2125,0,0.0,Prepaid,South,7,0,0
2470,2023-05-18 00:00:00+00:00,Apparel,1,1781.24,0.0,3995,1,0.013094417730206231,Prepaid,North,14,2,0
2700,2023-05-18 00:00:00+00:00,Electronics,0,4190.11,0.04248803871519738,1182,0,0.0,Prepaid,East,13,1,0
887,2023-05-18 00:00:00+00:00,Apparel,1,1065.34,0.0,3129,0,0.0,Prepaid,South,9,0,0
1626,2023-05-18 00:00:00+00:00,Home,0,440.64,0.0,1337,2,0.19052378995300145,Prepaid,West,8,0,0
3824,2023-05-18 00:00:00+00:00,Electronics,0,1883.17,0.32091821978061563,2737,1,0.32314961736233727,Prepaid,East,6,1,0
4457,2023-05-18 00:00:00+00:00,Apparel,1,2936.83,0.1553764082780836,1754,0,0.0,Prepaid,South,14,0,0
528,2023-05-18 00:00:00+00:00,Electronics,0,3901.95,0.15246362749647852,3245,1,0.6199788824136304,Prepaid,West,14,7,1
4396,2023-05-18 00:00:00+00:00,Electronics,0,749.79,0.2714521173823621,4303,6,0.2967634164519213,Prepaid,East,8,0,1
3744,2023-05-18 00:00:00+00:00,Apparel,1,845.54,0.07054369492407102,1814,2,0.4658984059253385,Prepaid,North,1,5,0
1664,2023-05-18 00:00:00+00:00,Home,0,552.59,0.21203032213498718,3189,1,0.025139796265294435,Prepaid,North,8,2,0
3578,2023-05-18 00:00:00+00:00,Apparel,1,495.43,0.0,2230,1,0.1808574586598983,Prepaid,East,9,0,0
4128,2023-05-18 00:00:00+00:00,Beauty,0,2121.61,0.0,1538,2,0.12268649746261429,Prepaid,North,3,5,0
2554,2023-05-18 00:00:00+00:00,Apparel,1,2952.51,0.0,3114,3,0.35107112351679093,Prepaid,South,1,3,0
4596,2023-05-18 00:00:00+00:00,Apparel,1,3005.97,0.1306888100554305,4470,0,0.0,Prepaid,West,7,0,0
2915,2023-05-18 00:00:00+00:00,Apparel,1,5461.89,0.0,4164,1,0.04506015278103333,Prepaid,North,11,3,0
786,2023-05-18 00:00:00+00:00,Electronics,0,306.17,0.04303657314320675,1642,1,0.22281580489915354,Prepaid,West,4,0,0
4170,2023-05-19 00:00:00+00:00,Apparel,1,856.14,0.15762847287595075,3954,2,0.17268304021782432,Prepaid,North,4,2,0
4501,2023-05-19 00:00:00+00:00,Apparel,1,1012.05,0.2269223839302287,1953,2,0.5322790939726652,Prepaid,West,2,14,0
4774,2023-05-19 00:00:00+00:00,Electronics,0,199.67,0.0,2381,0,0.0,COD,North,12,6,0
4069,2023-05-19 00:00:00+00:00,Apparel,1,4900.45,0.0,1636,3,0.15361899359842532,COD,West,10,8,0
962,2023-05-19 00:00:00+00:00,Apparel,1,5525.49,0.3168147954500238,2235,0,0.0,COD,West,11,3,1
2481,2023-05-19 00:00:00+00:00,Apparel,1,2082.43,0.0,1110,3,0.4226542480019751,COD,South,11,10,1
4891,2023-05-19 00:00:00+00:00,Apparel,1,21326.35,0.0,1121,4,0.14635427862085937,COD,North,7,3,0
3061,2023-05-19 00:00:00+00:00,Apparel,1,595.31,0.0,3392,3,0.13035695728212937,Prepaid,North,9,2,0
3407,2023-05-19 00:00:00+00:00,Footwear,1,298.18,0.0,1444,1,0.025184620710177023,Prepaid,North,14,5,0
1950,2023-05-19 00:00:00+00:00,Apparel,1,1728.34,0.0,4173,7,0.15760702018102493,COD,North,4,1,0
3485,2023-05-19 00:00:00+00:00,Apparel,1,2054.1,0.26452960433953243,3814,2,0.5127537421947659,Prepaid,West,2,11,0
3963,2023-05-19 00:00:00+00:00,Apparel,1,1462.99,0.0,3141,2,0.09236135128788595,Prepaid,West,5,6,0
1677,2023-05-19 00:00:00+00:00,Footwear,1,202.34,0.0,1685,2,0.1850988381264066,Prepaid,South,1,1,0
3495,2023-05-19 00:00:00+00:00,Apparel,1,767.63,0.0,2889,2,0.4393724500646671,Prepaid,East,6,0,0
3035,2023-05-19 00:00:00+00:00,Electronics,0,524.52,0.0,3085,3,0.006030984306496493,Prepaid,South,12,2,0
3719,2023-05-19 00:00:00+00:00,Apparel,1,1150.69,0.1738122764434865,1440,1,0.03882736714570272,COD,West,10,1,0
4907,2023-05-19 00:00:00+00:00,Electronics,0,15182.64,0.18450912986100915,4029,3,0.47407018346609203,Prepaid,North,9,4,0
97,2023-05-19 00:00:00+00:00,Footwear,1,3939.02,0.0,3327,0,0.0,Prepaid,West,2,1,1
3278,2023-05-19 00:00:00+00:00,Apparel,1,1433.45,0.0,1357,0,0.0,Prepaid,East,7,0,0
3523,2023-05-19 00:00:00+00:00,Apparel,1,1085.5,0.0,1073,5,0.04223497299485625,Prepaid,South,10,0,0
214,2023-05-19 00:00:00+00:00,Apparel,1,1297.78,0.0,2722,1,0.0480466512616504,COD,West,6,0,0
3000,2023-05-19 00:00:00+00:00,Home,0,4576.32,0.0,1741,1,0.08979602413516884,COD,South,3,1,0
2542,2023-05-19 00:00:00+00:00,Apparel,1,715.08,0.09028540100558373,4118,2,0.3780553040555331,Prepaid,West,5,0,0
1575,2023-05-19 00:00:00+00:00,Electronics,0,931.54,0.0,3267,1,0.2646750221565567,COD,North,11,4,0
1761,2023-05-19 00:00:00+00:00,Apparel,1,1068.36,0.020090748462679414,2108,0,0.0,COD,East,11,1,1
4680,2023-05-19 00:00:00+00:00,Electronics,0,358.55,0.0,1618,1,0.014387500807568952,Prepaid,South,7,0,0
4779,2023-05-20 00:00:00+00:00,Beauty,0,1247.84,0.0,1711,2,0.04740943233672426,Prepaid,East,1,0,0
953,2023-05-20 00:00:00+00:00,Electronics,0,199.01,0.0,1393,0,0.0,COD,South,9,5,0
2577,2023-05-20 00:00:00+00:00,Footwear,1,1311.57,0.0,4141,1,0.03079909028977381,Prepaid,East,13,1,0
1282,2023-05-20 00:00:00+00:00,Home,0,493.41,0.10496286626330169,3234,1,0.4890225739264797,Prepaid,North,7,6,0
4844,2023-05-20 00:00:00+00:00,Beauty,0,727.24,0.274903534908274,3770,1,0.2969782111997098,Prepaid,North,10,1,0
4278,2023-05-20 00:00:00+00:00,Apparel,1,1765.79,0.0,2821,3,0.05091791786749935,Prepaid,South,4,2,0
1109,2023-05-20 00:00:00+00:00,Apparel,1,3145.57,0.10947258804280696,3659,5,0.06772611635995592,COD,South,4,0,0
3760,2023-05-20 00:00:00+00:00,Electronics,0,651.17,0.0,1226,2,0.3076053126835246,COD,South,1,0,0
486,2023-05-20 00:00:00+00:00,Footwear,1,4621.74,0.0,2137,1,0.3039508735968008,COD,East,1,3,0
2307,2023-05-20 00:00:00+00:00,Footwear,1,2190.39,0.0,3106,1,0.10149222892457412,COD,East,11,1,1
433,2023-05-20 00:00:00+00:00,Apparel,1,412.09,0.1451204983438495,1922,0,0.0,Prepaid,West,4,1,0
251,2023-05-20 00:00:00+00:00,Home,0,360.53,0.20198559696407464,2238,1,0.1170396557723721,COD,South,2,1,0
568,2023-05-20 00:00:00+00:00,Apparel,1,765.05,0.0,2949,1,0.03792108836414147,Prepaid,West,5,3,0
4529,2023-05-20 00:00:00+00:00,Beauty,0,2553.32,0.0,4370,2,0.01248818967692491,COD,South,4,0,0
555,2023-05-20 00:00:00+00:00,Footwear,1,233.62,0.09986949158059606,4009,5,0.1414236942097071,Prepaid,South,4,9,0
1505,2023-05-20 00:00:00+00:00,Apparel,1,545.13,0.0,1023,0,0.0,Prepaid,South,5,3,0
3521,2023-05-20 00:00:00+00:00,Apparel,1,1383.4,0.0,2434,2,0.09328925673153085,Prepaid,South,8,2,1
2870,2023-05-20 00:00:00+00:00,Footwear,1,228.54,0.07986418812458705,2733,3,0.0028897147030703214,Prepaid,West,13,0,0
3986,2023-05-21 00:00:00+00:00,Apparel,1,1388.79,0.0,1638,0,0.0,Prepaid,South,9,5,1
4203,2023-05-21 00:00:00+00:00,Apparel,1,3442.44,0.2770798752591712,1084,2,0.6397803730401035,Prepaid,North,11,1,1
4144,2023-05-21 00:00:00+00:00,Home,0,2107.75,0.0,1810,5,0.19283273420000313,Prepaid,East,8,2,0
1460,2023-05-21 00:00:00+00:00,Electronics,0,396.61,0.0,2475,1,0.09418897360175933,COD,East,8,1,0
1074,2023-05-21 00:00:00+00:00,Home,0,478.79,0.30998223280207965,2644,0,0.0,COD,East,10,5,0
4021,2023-05-21 00:00:00+00:00,Beauty,0,678.7,0.0,1064,5,0.048353173246704545,COD,South,11,1,0
2407,2023-05-21 00:00:00+00:00,Footwear,1,148.36,0.0,1935,3,0.03771509597288153,Prepaid,North,5,2,0
3940,2023-05-21 00:00:00+00:00,Footwear,1,775.0,0.0,3259,3,0.1650913282941279,Prepaid,North,3,0,1
2496,2023-05-21 00:00:00+00:00,Footwear,1,509.86,0.0,2564,1,0.1599556099216589,Prepaid,North,10,0,0
1197,2023-05-21 00:00:00+00:00,Footwear,1,1375.84,0.0,3960,3,0.32360159114313897,COD,West,6,1,0
1110,2023-05-21 00:00:00+00:00,Apparel,1,2236.07,0.0,4249,2,0.40162808190065225,Prepaid,East,2,1,0
2394,2023-05-21 00:00:00+00:00,Footwear,1,148.11,0.12155203482253038,3345,5,0.12029904971548827,COD,North,12,6,0
592,2023-05-21 00:00:00+00:00,Electronics,0,567.78,0.3496325622536785,4056,1,0.2554606727821563,Prepaid,West,8,3,0
4623,2023-05-21 00:00:00+00:00,Footwear,1,131.31,0.0,1905,1,0.23961111147698455,Prepaid,South,6,3,1
3606,2023-05-21 00:00:00+00:00,Beauty,0,2095.59,0.19027818527121176,3305,2,0.2828099266532485,COD,North,10,5,0
689,2023-05-21 00:00:00+00:00,Apparel,1,320.52,0.0,1324,1,0.6811345633781095,COD,East,5,3,1
551,2023-05-21 00:00:00+00:00,Apparel,1,2371.11,0.16216899435430474,3581,1,0.21473543488761426,COD,West,6,1,0
2616,2023-05-21 00:00:00+00:00,Apparel,1,1196.57,0.0,2980,2,0.2719100271553824,COD,South,12,7,0
504,2023-05-21 00:00:00+00:00,Home,0,2026.77,0.0,4421,1,0.22906808810490298,Prepaid,East,8,3,0
4575,2023-05-21 00:00:00+00:00,Apparel,1,1233.02,0.0,4167,4,0.17237789259482308,Prepaid,East,9,2,0
1851,2023-05-21 00:00:00+00:00,Footwear,1,385.92,0.0,3376,1,0.5789920339358622,Prepaid,West,3,2,1
3492,2023-05-21 00:00:00+00:00,Home,0,1501.35,0.0,1928,0,0.0,COD,East,6,3,0
3732,2023-05-21 00:00:00+00:00,Apparel,1,692.38,0.0,3066,4,0.08698057407413644,COD,North,8,7,0
624,2023-05-21 00:00:00+00:00,Apparel,1,2810.23,0.0,2800,1,0.15259457818275074,Prepaid,South,9,2,0
4299,2023-05-21 00:00:00+00:00,Electronics,0,529.72,0.0,3424,0,0.0,COD,North,9,1,0
3466,2023-05-21 00:00:00+00:00,Apparel,1,1380.18,0.0,4298,1,0.028533271324362498,COD,West,4,0,0
1690,2023-05-21 00:00:00+00:00,Home,0,1009.24,0.0,3954,2,0.04206225775939044,COD,East,9,8,0
3244,2023-05-21 00:00:00+00:00,Electronics,0,715.95,0.1021683488573973,3615,6,0.1555367121911421,Prepaid,South,9,10,0
2138,2023-05-21 00:00:00+00:00,Home,0,1162.99,0.08600456593087524,3914,2,0.03392078011555677,Prepaid,East,1,0,0
1471,2023-05-21 00:00:00+00:00,Electronics,0,1076.5,0.21154780393293687,2945,1,0.008305790735405742,Prepaid,West,6,0,0
3775,2023-05-21 00:00:00+00:00,Electronics,0,1666.79,0.0,2324,1,0.05330666602639635,Prepaid,West,8,1,0
3275,2023-05-21 00:00:00+00:00,Apparel,1,427.19,0.1467903997297651,1123,2,0.26835664712833757,COD,West,7,1,0
2185,2023-05-21 00:00:00+00:00,Apparel,1,1245.67,0.19607330482415528,2719,1,0.49709033257037205,Prepaid,North,5,2,0
2073,2023-05-21 00:00:00+00:00,Apparel,1,2056.92,0.0,1108,0,0.0,Prepaid,South,5,0,0
2167,2023-05-21 00:00:00+00:00,Apparel,1,2599.86,0.0,1073,1,0.21542769242996132,Prepaid,East,6,1,0
2049,2023-05-22 00:00:00+00:00,Footwear,1,4259.51,0.0,2285,0,0.0,COD,South,5,2,1
3104,2023-05-22 00:00:00+00:00,Electronics,0,1054.9,0.49191529851226623,2413,0,0.0,Prepaid,West,4,5,1
3627,2023-05-22 00:00:00+00:00,Apparel,1,725.17,0.32121408818621583,2128,2,0.11820109842783875,Prepaid,South,8,5,0
1259,2023-05-22 00:00:00+00:00,Apparel,1,1342.45,0.0,1370,4,0.00221235369617712,Prepaid,South,2,1,0
580,2023-05-22 00:00:00+00:00,Home,0,3499.22,0.47665231337334857,4311,4,0.19476632666684995,COD,South,5,2,1
4932,2023-05-22 00:00:00+00:00,Apparel,1,2224.96,0.0,1099,1,0.15687013875099043,Prepaid,East,6,0,0
125,2023-05-22 00:00:00+00:00,Electronics,0,5449.24,0.06192738733638839,3221,0,0.0,COD,East,3,0,0
3823,2023-05-22 00:00:00+00:00,Apparel,1,731.54,0.006385844212674935,2483,1,0.1222836591261891,COD,East,14,3,0
3090,2023-05-22 00:00:00+00:00,Beauty,0,869.43,0.518068729747207,1101,4,0.0677858435816974,Prepaid,South,8,4,0
3328,2023-05-22 00:00:00+00:00,Apparel,1,8792.45,0.0,2613,1,0.093109133060651,Prepaid,West,4,3,1
376,2023-05-22 00:00:00+00:00,Beauty,0,1398.48,0.0,1410,1,0.7347870423907392,Prepaid,North,13,0,0
3238,2023-05-22 00:00:00+00:00,Footwear,1,1157.67,0.16395890698663157,1154,2,0.0740604547218361,COD,North,6,15,0
286,2023-05-22 00:00:00+00:00,Electronics,0,681.98,0.0,1989,4,0.03495169987527457,Prepaid,East,10,8,0
2330,2023-05-22 00:00:00+00:00,Apparel,1,933.35,0.2547652171931803,2028,1,0.14224114485215464,COD,North,11,1,0
2854,2023-05-22 00:00:00+00:00,Home,0,2572.43,0.0,1436,2,0.10505924644922099,COD,West,10,7,0
957,2023-05-22 00:00:00+00:00,Apparel,1,853.82,0.0,3707,4,0.23813125717125194,COD,South,9,7,0
3150,2023-05-22 00:00:00+00:00,Footwear,1,276.41,0.0,3981,3,0.04299785345912245,Prepaid,East,4,7,0
3137,2023-05-22 00:00:00+00:00,Electronics,0,2842.64,0.15333633555923357,1505,1,0.20479743330949082,Prepaid,North,10,4,0
1559,2023-05-22 00:00:00+00:00,Apparel,1,610.16,0.0,2375,0,0.0,Prepaid,North,3,0,0
762,2023-05-22 00:00:00+00:00,Apparel,1,1448.76,0.3532474875244833,3212,7,0.23921536309279573,Prepaid,North,9,0,0
1492,2023-05-22 00:00:00+00:00,Apparel,1,400.48,0.055390108143084746,1803,2,0.07667681913667068,Prepaid,West,14,1,0
1414,2023-05-23 00:00:00+00:00,Home,0,551.59,0.19128157027084888,3514,4,0.0365445262925281,Prepaid,South,10,3,0
1810,2023-05-23 00:00:00+00:00,Electronics,0,3076.49,0.0,3561,1,0.2989554796774138,Prepaid,East,2,1,0
985,2023-05-23 00:00:00+00:00,Apparel,1,482.71,0.0,1984,1,0.04922786050310365,COD,East,5,14,0
3891,2023-05-23 00:00:00+00:00,Apparel,1,1051.83,0.0,3489,2,0.3238384008842143,Prepaid,West,7,0,0
2368,2023-05-23 00:00:00+00:00,Electronics,0,25.54,0.4958354535418138,3136,4,0.07326897126481217,Prepaid,West,6,4,0
2131,2023-05-23 00:00:00+00:00,Apparel,1,2494.69,0.0,3084,2,0.16043854549524939,Prepaid,East,9,7,1
140,2023-05-23 00:00:00+00:00,Home,0,1924.61,0.002293859660063069,4177,0,0.0,Prepaid,East,7,1,1
4089,2023-05-23 00:00:00+00:00,Beauty,0,223.46,0.0,3184,0,0.0,COD,North,7,4,0
1913,2023-05-23 00:00:00+00:00,Beauty,0,1700.15,0.0,2482,1,0.10673602505151474,Prepaid,North,6,3,0
3543,2023-05-23 00:00:00+00:00,Electronics,0,1618.58,0.0,4320,4,0.12132435760032692,COD,West,4,0,0
3730,2023-05-23 00:00:00+00:00,Electronics,0,1314.03,0.0,3984,1,0.30055971363282824,Prepaid,East,4,0,0
378,2023-05-23 00:00:00+00:00,Electronics,0,146.22,0.4654629412281337,3654,5,0.009656980358818368,Prepaid,South,1,0,0
2082,2023-05-23 00:00:00+00:00,Home,0,1668.56,0.0,4395,4,0.6224127198703003,Prepaid,East,9,3,0
2085,2023-05-23 00:00:00+00:00,Apparel,1,6805.84,0.0,3962,3,0.06448628368344368,Prepaid,West,5,1,0
4607,2023-05-23 00:00:00+00:00,Apparel,1,1406.41,0.2731017254371181,1095,2,0.07894449909534486,Prepaid,South,6,0,0
2847,2023-05-23 00:00:00+00:00,Home,0,1328.99,0.3426539961973808,2152,2,0.032319118091475606,Prepaid,South,10,2,0
4853,2023-05-23 00:00:00+00:00,Apparel,1,324.05,0.0,2656,2,0.23163494774396357,Prepaid,South,1,0,1
3604,2023-05-23 00:00:00+00:00,Beauty,0,163.88,0.0,2857,0,0.0,Prepaid,South,1,1,0
2928,2023-05-23 00:00:00+00:00,Apparel,1,178.01,0.0,1520,3,0.554074508275854,Prepaid,West,2,1,0
659,2023-05-23 00:00:00+00:00,Footwear,1,417.75,0.0,1746,2,0.27358679160975147,Prepaid,East,14,8,0
2348,2023-05-23 00:00:00+00:00,Apparel,1,956.38,0.0,2688,1,0.09982369839024095,Prepaid,West,8,1,0
2761,2023-05-23 00:00:00+00:00,Home,0,4844.79,0.0,2867,1,0.03468920759884564,Prepaid,South,12,0,0
3085,2023-05-23 00:00:00+00:00,Footwear,1,196.37,0.008664780417930368,1607,0,0.0,Prepaid,North,7,2,0
2544,2023-05-23 00:00:00+00:00,Electronics,0,1248.17,0.23657822153460176,3193,0,0.0,Prepaid,North,7,1,0
1147,2023-05-23 00:00:00+00:00,Footwear,1,1356.4,0.0,1531,1,0.36197033547262697,Prepaid,West,14,2,0
1501,2023-05-23 00:00:00+00:00,Beauty,0,756.59,0.0,1902,1,0.004036408085728371,Prepaid,North,13,9,0
2969,2023-05-23 00:00:00+00:00,Apparel,1,558.76,0.0,3594,5,0.3962559825444831,Prepaid,West,12,3,0
3440,2023-05-23 00:00:00+00:00,Electronics,0,684.94,0.0,3305,2,0.35578709010103055,COD,North,12,1,0
3319,2023-05-23 00:00:00+00:00,Apparel,1,1165.83,0.0,2256,2,0.24412356068220548,Prepaid,West,11,7,0
2226,2023-05-23 00:00:00+00:00,Electronics,0,962.18,0.0,3654,0,0.0,Prepaid,South,10,9,0
1040,2023-05-23 00:00:00+00:00,Footwear,1,800.06,0.08232003760128186,1939,2,0.13738757400391965,Prepaid,North,10,2,0
2844,2023-05-23 00:00:00+00:00,Beauty,0,522.55,0.10382107505840081,3576,6,0.3700060879825811,COD,West,10,0,1
4926,2023-05-23 00:00:00+00:00,Electronics,0,461.71,0.021907101335004703,2008,3,0.5223989139915373,Prepaid,North,12,7,0
375,2023-05-24 00:00:00+00:00,Apparel,1,500.17,0.0,1784,3,0.11200388305411002,Prepaid,East,3,3,0
666,2023-05-24 00:00:00+00:00,Electronics,0,386.78,0.0,3791,5,0.28288669598440735,COD,South,4,4,0
2440,2023-05-24 00:00:00+00:00,Footwear,1,2612.66,0.0,3099,2,0.09831657186127048,Prepaid,East,9,0,0
803,2023-05-24 00:00:00+00:00,Electronics,0,2819.2,0.0,1083,5,0.34248108178289965,Prepaid,North,10,0,0
215,2023-05-24 00:00:00+00:00,Electronics,0,276.87,0.13374810193505676,2161,3,0.20447745108846466,COD,South,9,1,0
243,2023-05-24 00:00:00+00:00,Beauty,0,178.28,0.0,2812,1,0.2758525079873292,Prepaid,South,2,0,0
4751,2023-05-24 00:00:00+00:00,Electronics,0,1473.81,0.0,3044,2,0.1769592557320885,COD,North,11,1,0
4658,2023-05-24 00:00:00+00:00,Footwear,1,375.32,0.0,2384,0,0.0,Prepaid,North,4,9,0
1257,2023-05-24 00:00:00+00:00,Apparel,1,3228.32,0.18145115630949749,3054,1,0.222172957308351,COD,West,12,0,1
459,2023-05-24 00:00:00+00:00,Apparel,1,820.58,0.0,1529,3,0.39903849910554995,Prepaid,East,8,0,0
414,2023-05-24 00:00:00+00:00,Apparel,1,1071.28,0.0,3294,2,0.10796109995491311,Prepaid,West,8,4,0
2769,2023-05-24 00:00:00+00:00,Apparel,1,4613.58,0.0,3434,1,0.19108306692497082,Prepaid,South,12,1,0
3642,2023-05-24 00:00:00+00:00,Apparel,1,1139.32,0.0,3988,5,0.2861631777306597,Prepaid,South,4,0,0
4970,2023-05-24 00:00:00+00:00,Beauty,0,1976.23,0.0,3454,3,0.21278920723318584,Prepaid,West,1,4,0
2150,2023-05-24 00:00:00+00:00,Home,0,1040.97,0.0,1714,3,0.38170642144264677,Prepaid,East,7,0,0
574,2023-05-24 00:00:00+00:00,Footwear,1,636.79,0.0,2089,3,0.26497795576725425,COD,West,13,0,0
2904,2023-05-24 00:00:00+00:00,Footwear,1,1014.43,0.0,1567,1,0.12563392732478373,Prepaid,East,11,2,0
2303,2023-05-24 00:00:00+00:00,Apparel,1,1219.88,0.0,3619,2,0.011320573274152264,Prepaid,South,10,3,0
564,2023-05-24 00:00:00+00:00,Footwear,1,2256.53,0.0,4116,1,0.699208331429876,Prepaid,East,7,1,1
2584,2023-05-24 00:00:00+00:00,Beauty,0,5137.74,0.0,3401,0,0.0,Prepaid,North,11,1,0
2828,2023-05-24 00:00:00+00:00,Beauty,0,515.89,0.0,3847,0,0.0,Prepaid,North,6,0,0
1207,2023-05-24 00:00:00+00:00,Footwear,1,354.34,0.40562065254259805,2112,2,0.06716349039353746,Prepaid,East,12,1,1
2658,2023-05-24 00:00:00+00:00,Footwear,1,1404.55,0.0,4098,1,0.36372931711117684,Prepaid,South,5,0,0
2691,2023-05-24 00:00:00+00:00,Apparel,1,1215.08,0.28866057340377116,1189,2,0.3489060014843999,Prepaid,South,4,6,0
2310,2023-05-24 00:00:00+00:00,Electronics,0,8677.04,0.0,3680,0,0.0,Prepaid,West,11,0,0
452,2023-05-24 00:00:00+00:00,Apparel,1,989.45,0.0,2579,6,0.09264170342980123,Prepaid,East,10,0,1
2306,2023-05-24 00:00:00+00:00,Home,0,2862.9,0.0,1401,2,0.18521207059148018,Prepaid,South,13,10,1
3342,2023-05-24 00:00:00+00:00,Home,0,628.05,0.0,2084,1,0.018666322669661454,Prepaid,South,9,2,0
4854,2023-05-24 00:00:00+00:00,Electronics,0,251.51,0.0,3955,1,0.18759574514036792,Prepaid,West,12,4,0
4279,2023-05-25 00:00:00+00:00,Apparel,1,1596.05,0.0,4134,1,0.03575686115073112,COD,East,4,5,0
1550,2023-05-25 00:00:00+00:00,Apparel,1,1169.49,0.0,3068,1,0.2684908299981435,COD,South,10,9,0
883,2023-05-25 00:00:00+00:00,Beauty,0,3602.17,0.1335977334913312,2172,2,0.30065883358541357,COD,South,8,2,0
2757,2023-05-25 00:00:00+00:00,Beauty,0,3048.02,0.0,4294,3,0.5525640274327821,COD,East,4,2,0
2517,2023-05-25 00:00:00+00:00,Apparel,1,11949.53,0.0,3738,2,0.5410377340356594,COD,West,3,0,0
2036,2023-05-25 00:00:00+00:00,Beauty,0,1839.85,0.0,1985,3,0.02824318571501346,Prepaid,East,14,1,0
3763,2023-05-25 00:00:00+00:00,Home,0,670.98,0.0,3610,2,0.5132530586891844,Prepaid,South,5,13,0
208,2023-05-25 00:00:00+00:00,Electronics,0,124.89,0.06185398271919623,3477,4,0.45304574846326046,Prepaid,North,14,4,0
1342,2023-05-25 00:00:00+00:00,Home,0,779.37,0.04724539501980643,2858,1,0.09668107518617565,COD,West,6,1,0
3226,2023-05-25 00:00:00+00:00,Home,0,618.19,0.0,2231,3,0.058271111571864154,COD,East,1,3,0
686,2023-05-25 00:00:00+00:00,Electronics,0,1246.05,0.0,3707,1,0.22108458471377174,Prepaid,West,13,0,0
3638,2023-05-25 00:00:00+00:00,Electronics,0,965.34,0.0,3508,3,0.40029846329125307,COD,East,8,0,0
1423,2023-05-25 00:00:00+00:00,Apparel,1,1746.0,0.3073631307720075,3233,0,0.0,COD,South,13,3,1
1782,2023-05-25 00:00:00+00:00,Electronics,0,1155.9,0.0,1427,0,0.0,Prepaid,West,2,4,1
589,2023-05-25 00:00:00+00:00,Beauty,0,167.55,0.0,1789,1,0.015446431153261806,Prepaid,South,13,4,0
1042,2023-05-25 00:00:00+00:00,Apparel,1,778.58,0.0,3376,3,0.6407866576153941,COD,North,10,6,1
1663,2023-05-25 00:00:00+00:00,Home,0,1077.74,0.3511922471275646,2827,1,0.09415405638148136,Prepaid,East,4,1,0
4406,2023-05-25 00:00:00+00:00,Apparel,1,1251.26,0.08249768271942784,1092,3,0.48374452618357283,Prepaid,South,10,1,0
732,2023-05-25 00:00:00+00:00,Electronics,0,8413.1,0.06934366412662178,1544,1,0.16501279751339373,Prepaid,West,1,1,0
4582,2023-05-25 00:00:00+00:00,Apparel,1,1404.97,0.0,4110,3,0.24690584373771984,Prepaid,North,13,1,0
757,2023-05-25 00:00:00+00:00,Apparel,1,894.41,0.28261201883686327,2864,1,0.022395157329599184,Prepaid,West,9,1,0
2305,2023-05-25 00:00:00+00:00,Apparel,1,913.28,0.0,4393,2,0.5644889888823965,Prepaid,North,11,0,0
421,2023-05-25 00:00:00+00:00,Apparel,1,2055.04,0.0,3342,1,0.07769518731663569,Prepaid,West,14,0,1
1731,2023-05-25 00:00:00+00:00,Electronics,0,668.16,0.0,3146,1,0.042178808034171913,Prepaid,South,9,7,0
3091,2023-05-25 00:00:00+00:00,Footwear,1,1642.22,0.0,1139,1,0.17337175403827695,Prepaid,South,1,11,0
787,2023-05-25 00:00:00+00:00,Electronics,0,447.45,0.03036857588810568,3176,0,0.0,COD,South,14,3,0
1937,2023-05-25 00:00:00+00:00,Home,0,801.27,0.0,2982,4,0.09040292573745705,Prepaid,West,2,6,0
3659,2023-05-25 00:00:00+00:00,Footwear,1,1245.14,0.32577351059001414,2059,3,0.4224119338143986,Prepaid,East,8,0,1
3739,2023-05-25 00:00:00+00:00,Apparel,1,1489.36,0.4887933647550259,2683,0,0.0,Prepaid,West,13,2,0
3459,2023-05-25 00:00:00+00:00,Apparel,1,740.39,0.22504677369341441,3771,0,0.0,Prepaid,North,12,0,0
293,2023-05-25 00:00:00+00:00,Apparel,1,1506.48,0.0,2781,0,0.0,Prepaid,West,6,6,0
4064,2023-05-25 00:00:00+00:00,Apparel,1,222.05,0.6098140411375014,3178,2,0.4330962936245143,Prepaid,South,14,5,0
4750,2023-05-25 00:00:00+00:00,Home,0,624.56,0.21632440261598151,3816,4,0.34475110468313197,Prepaid,West,13,1,0
3508,2023-05-25 00:00:00+00:00,Electronics,0,7696.18,0.4758821614643052,2625,3,0.26793952319939346,Prepaid,South,5,8,0
608,2023-05-25 00:00:00+00:00,Apparel,1,5467.48,0.0,1034,3,0.11806938155184449,COD,South,2,1,0
2748,2023-05-26 00:00:00+00:00,Footwear,1,1247.92,0.3198457291387523,3328,5,0.27902440320851923,Prepaid,South,2,1,0
4223,2023-05-26 00:00:00+00:00,Apparel,1,516.27,0.28745731099305366,2006,0,0.0,Prepaid,North,2,2,1
655,2023-05-26 00:00:00+00:00,Footwear,1,270.65,0.04480996692152694,1568,2,0.31481178355971456,Prepaid,South,9,6,0
1027,2023-05-26 00:00:00+00:00,Apparel,1,4089.87,0.0,2548,1,0.4782385320741138,COD,North,4,1,0
890,2023-05-26 00:00:00+00:00,Apparel,1,1373.48,0.0,3917,2,0.09125346862308524,Prepaid,South,6,0,0
4908,2023-05-26 00:00:00+00:00,Beauty,0,5884.55,0.08267269986895821,3861,0,0.0,Prepaid,West,1,1,0
585,2023-05-26 00:00:00+00:00,Home,0,540.82,0.0,2581,3,0.01828613639412899,Prepaid,South,12,6,0
4783,2023-05-26 00:00:00+00:00,Apparel,1,2482.41,0.0,4012,5,0.3017684134907821,COD,North,10,0,0
706,2023-05-26 00:00:00+00:00,Footwear,1,606.29,0.162125450871433,3099,2,0.2949890109092483,Prepaid,South,13,10,0
4835,2023-05-26 00:00:00+00:00,Beauty,0,1444.05,0.0,2072,2,0.011188851332499096,Prepaid,North,7,0,0
4684,2023-05-26 00:00:00+00:00,Apparel,1,782.16,0.0,2345,1,0.283693973615134,Prepaid,South,10,6,1
276,2023-05-26 00:00:00+00:00,Beauty,0,1800.33,0.09271607531821,4303,1,0.16000585689975197,COD,North,11,1,0
71,2023-05-26 00:00:00+00:00,Electronics,0,254.39,0.26373930776546817,3256,1,0.40178177977025875,Prepaid,South,11,2,0
2593,2023-05-26 00:00:00+00:00,Electronics,0,2502.2,0.12999097751392819,2318,0,0.0,Prepaid,North,4,2,0
2213,2023-05-26 00:00:00+00:00,Apparel,1,1547.0,0.007202543053765789,2138,1,0.1647594834701905,COD,West,4,4,0
3771,2023-05-26 00:00:00+00:00,Footwear,1,455.95,0.01818151156870182,3301,3,0.3122728737522248,COD,North,1,4,0
2154,2023-05-26 00:00:00+00:00,Footwear,1,1187.04,0.2137529592499518,2347,2,0.07104819618414507,COD,East,3,3,0
2411,2023-05-26 00:00:00+00:00,Apparel,1,3085.04,0.061419014795430216,3935,0,0.0,Prepaid,East,8,1,0
1866,2023-05-26 00:00:00+00:00,Apparel,1,658.62,0.0,2038,4,0.5946816025689194,Prepaid,North,2,1,1
1440,2023-05-26 00:00:00+00:00,Home,0,1272.89,0.0992764098862252,4229,3,0.1729712287822508,COD,East,13,9,0
3306,2023-05-26 00:00:00+00:00,Beauty,0,363.51,0.25779550388975503,3924,2,0.23339978511531018,Prepaid,South,1,7,0
3403,2023-05-26 00:00:00+00:00,Beauty,0,4524.01,0.0,4091,2,0.016264946261985512,Prepaid,South,7,2,0
1582,2023-05-26 00:00:00+00:00,Apparel,1,3180.11,0.0,3262,1,0.15104250426237492,COD,North,12,3,0
1496,2023-05-26 00:00:00+00:00,Apparel,1,955.31,0.0,3930,2,0.43279182789645126,Prepaid,West,1,8,0
3364,2023-05-26 00:00:00+00:00,Apparel,1,235.55,0.0,2757,0,0.0,Prepaid,North,7,1,1
2239,2023-05-26 00:00:00+00:00,Electronics,0,999.01,0.30838286508415785,3279,1,0.10587519303007192,Prepaid,South,13,0,0
1315,2023-05-26 00:00:00+00:00,Electronics,0,8129.11,0.6424518214098178,1930,1,0.22485486142370273,Prepaid,West,1,0,0
4304,2023-05-27 00:00:00+00:00,Footwear,1,2004.42,0.0,1731,1,0.0344134033432362,Prepaid,South,8,6,0
3512,2023-05-27 00:00:00+00:00,Apparel,1,384.26,0.0,1435,2,0.3298491416224634,COD,East,3,4,0
1712,2023-05-27 00:00:00+00:00,Apparel,1,640.0,0.0,1848,1,0.39653456887763694,Prepaid,North,6,0,0
2727,2023-05-27 00:00:00+00:00,Electronics,0,2836.0,0.36724544992492136,2102,1,0.002303559237459703,Prepaid,South,8,4,0
556,2023-05-27 00:00:00+00:00,Footwear,1,494.42,0.0,3860,2,0.01841900719838624,COD,South,1,2,0
4248,2023-05-27 00:00:00+00:00,Footwear,1,2419.93,0.0,2880,3,0.17281110684504375,Prepaid,West,13,0,0
4095,2023-05-27 00:00:00+00:00,Footwear,1,361.7,0.22698813469701268,2484,4,0.1572103554987827,COD,West,14,7,0
817,2023-05-27 00:00:00+00:00,Apparel,1,240.38,0.2773511825925575,3476,1,0.0025403893147034314,COD,West,11,0,0
1602,2023-05-27 00:00:00+00:00,Apparel,1,467.41,0.15792051320929767,2794,2,0.18006460539376468,Prepaid,South,12,7,0
3532,2023-05-27 00:00:00+00:00,Apparel,1,1295.66,0.0,2203,3,0.05721741028208763,COD,West,11,0,0
4077,2023-05-27 00:00:00+00:00,Footwear,1,381.39,0.12353870691293685,4085,1,0.05374952883708831,Prepaid,East,10,1,0
4425,2023-05-27 00:00:00+00:00,Home,0,1331.97,0.1587879696572462,3925,0,0.0,COD,South,13,4,0
4675,2023-05-27 00:00:00+00:00,Home,0,4042.21,0.2784021413803903,1636,0,0.0,Prepaid,West,11,1,0
223,2023-05-27 00:00:00+00:00,Apparel,1,438.74,0.1933589548512271,4222,1,0.17772475883673533,Prepaid,East,7,1,1
225,2023-05-27 00:00:00+00:00,Apparel,1,5391.7,0.0,2688,1,0.09827229164381224,Prepaid,North,4,7,0
2047,2023-05-27 00:00:00+00:00,Home,0,4604.81,0.0,4243,2,0.37035811996153867,Prepaid,East,4,0,0
314,2023-05-27 00:00:00+00:00,Apparel,1,1117.15,0.0,2183,0,0.0,Prepaid,South,7,0,0
3312,2023-05-27 00:00:00+00:00,Footwear,1,1781.9,0.0,3792,1,0.05433629780812848,COD,South,13,0,0
473,2023-05-27 00:00:00+00:00,Apparel,1,2965.36,0.0,1478,1,0.1913440740573225,Prepaid,North,10,1,0
3663,2023-05-27 00:00:00+00:00,Apparel,1,1847.9,0.368465291896638,4238,1,0.0002620595864848909,Prepaid,North,1,1,0
4605,2023-05-27 00:00:00+00:00,Home,0,5243.92,0.0,1097,2,0.4379533033772315,COD,East,14,4,0
1855,2023-05-27 00:00:00+00:00,Apparel,1,3979.45,0.0,1742,1,0.17448750343737457,Prepaid,East,10,6,0
3723,2023-05-27 00:00:00+00:00,Footwear,1,8051.68,0.0,2843,4,0.01430341975596556,COD,West,6,5,0
2955,2023-05-27 00:00:00+00:00,Electronics,0,1057.27,0.0,4047,0,0.0,Prepaid,North,11,4,0
3196,2023-05-27 00:00:00+00:00,Apparel,1,890.78,0.34160388757480115,3872,1,0.0024062730013956358,COD,South,1,0,0
653,2023-05-27 00:00:00+00:00,Apparel,1,1018.48,0.0,2944,3,0.1472344713491403,Prepaid,South,2,0,1
2782,2023-05-27 00:00:00+00:00,Apparel,1,216.76,0.09807033340984224,4480,2,0.16534721473229694,COD,West,14,3,1
1268,2023-05-27 00:00:00+00:00,Apparel,1,1678.78,0.39285369111100577,2508,3,0.1564499384829956,Prepaid,South,7,2,0
3277,2023-05-27 00:00:00+00:00,Home,0,1133.33,0.0,1474,5,0.28903038356762817,Prepaid,South,2,4,0
256,2023-05-27 00:00:00+00:00,Apparel,1,408.58,0.0,2148,1,0.21203237895354946,Prepaid,East,7,2,0
2865,2023-05-27 00:00:00+00:00,Home,0,1734.0,0.0,1862,1,0.5436843473711006,Prepaid,South,1,4,0
199,2023-05-27 00:00:00+00:00,Apparel,1,509.24,0.0,2408,2,0.25605252756942776,COD,West,5,0,0
4349,2023-05-27 00:00:00+00:00,Apparel,1,323.73,0.0,1480,3,0.502597470863587,Prepaid,North,12,2,1
4999,2023-05-27 00:00:00+00:00,Electronics,0,1809.05,0.34725034911536745,2549,0,0.0,COD,South,8,18,1
2214,2023-05-27 00:00:00+00:00,Apparel,1,442.22,0.4534772665318969,3416,1,0.05990729180520767,COD,South,3,2,0
3564,2023-05-27 00:00:00+00:00,Apparel,1,759.39,0.051482963199646736,3964,0,0.0,Prepaid,West,14,3,0
1271,2023-05-27 00:00:00+00:00,Beauty,0,363.18,0.1526426460723861,1462,1,0.22913326478057425,Prepaid,East,11,1,0
3108,2023-05-27 00:00:00+00:00,Footwear,1,3507.63,0.12588658745097778,4113,0,0.0,COD,South,5,1,0
420,2023-05-27 00:00:00+00:00,Beauty,0,3126.78,0.0,4284,1,0.007593373024304283,Prepaid,North,14,0,0
2730,2023-05-27 00:00:00+00:00,Apparel,1,1692.65,0.0,1472,1,0.4212976789727319,COD,North,14,1,0
2087,2023-05-27 00:00:00+00:00,Apparel,1,587.37,0.0,2116,0,0.0,Prepaid,North,4,17,0
226,2023-05-28 00:00:00+00:00,Footwear,1,1523.23,0.32729907145806286,4387,5,0.32802500593625145,COD,North,13,0,0
4934,2023-05-28 00:00:00+00:00,Footwear,1,1089.22,0.0,3851,1,0.013155665473952015,Prepaid,West,6,2,0
221,2023-05-28 00:00:00+00:00,Home,0,1049.19,0.0,2553,5,0.08577043326862813,Prepaid,North,6,0,0
4055,2023-05-28 00:00:00+00:00,Home,0,326.1,0.0,4142,3,0.08336670514307756,Prepaid,West,7,1,0
1522,2023-05-28 00:00:00+00:00,Apparel,1,1472.2,0.0,3078,0,0.0,Prepaid,North,2,4,0
4253,2023-05-28 00:00:00+00:00,Apparel,1,741.77,0.0,3831,2,0.4353104755945222,Prepaid,West,2,0,0
1884,2023-05-28 00:00:00+00:00,Apparel,1,212.54,0.020941444627909866,3973,0,0.0,Prepaid,South,3,4,0
2537,2023-05-28 00:00:00+00:00,Electronics,0,5133.68,0.05026780855081898,4420,1,0.20317448193668117,COD,West,8,7,0
3676,2023-05-28 00:00:00+00:00,Beauty,0,1886.32,0.0,3838,0,0.0,Prepaid,West,2,7,0
1189,2023-05-28 00:00:00+00:00,Electronics,0,1136.39,0.07121266777017923,4481,2,0.5245910129798813,Prepaid,West,9,4,0
3400,2023-05-28 00:00:00+00:00,Home,0,4733.11,0.2405340383463599,3249,1,0.1451846937275702,Prepaid,South,2,2,0
1791,2023-05-28 00:00:00+00:00,Electronics,0,149.43,0.0,1011,1,0.0901461388408683,Prepaid,South,2,1,0
2759,2023-05-28 00:00:00+00:00,Beauty,0,1205.08,0.427222448363055,1336,4,0.7218297992536448,Prepaid,North,7,3,0
2846,2023-05-28 00:00:00+00:00,Electronics,0,3730.43,0.054169868194071595,4244,0,0.0,Prepaid,North,8,0,0
4307,2023-05-28 00:00:00+00:00,Electronics,0,1548.87,0.0,3994,3,0.5272096092474294,Prepaid,South,13,1,0
1098,2023-05-28 00:00:00+00:00,Apparel,1,996.0,0.0,1046,2,0.04378491886985725,COD,North,2,0,0
289,2023-05-28 00:00:00+00:00,Beauty,0,158.78,0.0,1951,2,0.04544815650189742,Prepaid,South,7,1,0
3075,2023-05-28 00:00:00+00:00,Home,0,1465.43,0.0,1557,6,0.15859398688504037,Prepaid,West,10,4,0
1278,2023-05-28 00:00:00+00:00,Apparel,1,1011.58,0.31392188249131087,1238,2,0.16800048127728553,Prepaid,East,14,0,0
3023,2023-05-28 00:00:00+00:00,Home,0,810.7,0.0,4399,5,0.1331012626334836,COD,West,5,2,0
4962,2023-05-28 00:00:00+00:00,Apparel,1,281.54,0.0,3539,2,0.24293199248835365,Prepaid,West,8,7,0
3250,2023-05-28 00:00:00+00:00,Electronics,0,542.42,0.17072232074501292,3612,4,0.13043381854268224,COD,West,11,0,0
1657,2023-05-28 00:00:00+00:00,Apparel,1,1308.59,0.17449613263895014,1444,0,0.0,COD,West,5,1,1
1746,2023-05-28 00:00:00+00:00,Apparel,1,1584.47,0.0,2349,0,0.0,COD,West,5,0,1
4033,2023-05-28 00:00:00+00:00,Apparel,1,6035.25,0.18679232850452823,1437,4,0.01430169013791797,COD,South,6,3,0
4347,2023-05-28 00:00:00+00:00,Electronics,0,1474.39,0.0,3241,0,0.0,COD,North,11,1,0
1372,2023-05-28 00:00:00+00:00,Apparel,1,851.8,0.0,2348,3,0.04346647884993035,Prepaid,North,12,2,0
627,2023-05-28 00:00:00+00:00,Electronics,0,1726.51,0.0,1206,1,0.3028590620028344,Prepaid,North,10,7,0
1983,2023-05-28 00:00:00+00:00,Home,0,2381.11,0.25743943610094744,4056,4,0.13608632153551914,COD,South,12,3,0
259,2023-05-28 00:00:00+00:00,Apparel,1,1155.09,0.0,3700,0,0.0,Prepaid,North,11,1,0
1137,2023-05-29 00:00:00+00:00,Apparel,1,631.83,0.1800928911098687,4167,1,0.04536164984741779,Prepaid,North,10,0,0
4084,2023-05-29 00:00:00+00:00,Apparel,1,303.59,0.0,2564,2,0.45236949914306007,Prepaid,West,1,2,1
4897,2023-05-29 00:00:00+00:00,Beauty,0,968.31,0.0,1001,4,0.2880558099131221,Prepaid,West,13,4,1
4858,2023-05-29 00:00:00+00:00,Electronics,0,1753.33,0.0,2817,2,0.18615383322573867,Prepaid,North,5,8,0
649,2023-05-29 00:00:00+00:00,Apparel,1,5810.29,0.27018889718301264,1347,1,0.4008314281095399,Prepaid,South,1,5,0
2607,2023-05-29 00:00:00+00:00,Beauty,0,677.59,0.04480072853655497,2185,0,0.0,Prepaid,West,11,0,0
4162,2023-05-29 00:00:00+00:00,Apparel,1,2429.08,0.1643721409592206,3014,0,0.0,COD,West,5,1,0
1355,2023-05-29 00:00:00+00:00,Electronics,0,863.33,0.0,1178,2,0.1507421031812404,COD,South,5,2,0
1408,2023-05-29 00:00:00+00:00,Apparel,1,2036.44,0.0,2570,3,0.09300295919791668,Prepaid,South,11,0,0
2397,2023-05-29 00:00:00+00:00,Apparel,1,680.59,0.0,2009,3,0.40760158296860016,Prepaid,East,11,9,0
4179,2023-05-29 00:00:00+00:00,Electronics,0,1960.24,0.34492705778645255,1986,5,0.08797169839592152,Prepaid,North,7,3,0
2706,2023-05-29 00:00:00+00:00,Beauty,0,1374.44,0.0,4411,0,0.0,Prepaid,West,11,0,0
3522,2023-05-29 00:00:00+00:00,Footwear,1,4898.94,0.0,2106,2,0.03241306597693726,Prepaid,North,3,1,0
2482,2023-05-29 00:00:00+00:00,Apparel,1,1098.1,0.0,2841,3,0.1869975919778539,COD,South,11,0,0
2086,2023-05-29 00:00:00+00:00,Home,0,317.57,0.07494341641783722,4203,1,0.20437353720514753,Prepaid,North,3,2,0
2670,2023-05-29 00:00:00+00:00,Apparel,1,1551.37,0.009132280056870792,2308,4,0.1353061960191292,Prepaid,North,11,0,0
3174,2023-05-29 00:00:00+00:00,Beauty,0,3338.53,0.0,2367,1,0.03464780951786015,Prepaid,East,7,1,0
2222,2023-05-29 00:00:00+00:00,Apparel,1,1370.58,0.07957768657666012,2219,1,0.14934549520361418,Prepaid,North,12,0,0
2323,2023-05-29 00:00:00+00:00,Footwear,1,13783.77,0.0,1533,1,0.28309262798183943,COD,East,9,1,0
824,2023-05-29 00:00:00+00:00,Beauty,0,3734.05,0.0,1362,2,0.006208697888222602,Prepaid,North,4,4,0
4819,2023-05-29 00:00:00+00:00,Apparel,1,662.28,0.17386326004245659,3808,4,0.008401388895686727,COD,West,2,1,0
2467,2023-05-29 00:00:00+00:00,Electronics,0,1697.62,0.20434604343932058,2214,1,0.24865223475751524,COD,North,6,0,0
2792,2023-05-29 00:00:00+00:00,Home,0,673.91,0.0,3729,2,0.010235424351214394,Prepaid,East,6,2,1
4794,2023-05-29 00:00:00+00:00,Footwear,1,6823.63,0.11431870956712702,1365,1,0.4679391477617309,Prepaid,South,9,1,0
3798,2023-05-29 00:00:00+00:00,Home,0,1219.95,0.05646831695349544,4026,2,0.09850108120014256,Prepaid,East,5,0,0
4379,2023-05-29 00:00:00+00:00,Footwear,1,939.92,0.0,3366,1,0.2149491072227186,Prepaid,South,5,5,0
3747,2023-05-29 00:00:00+00:00,Apparel,1,680.25,0.0,2809,3,3.3548325971937605e-06,Prepaid,West,13,1,0
2369,2023-05-29 00:00:00+00:00,Apparel,1,904.53,0.0,4405,4,0.1384315611492322,COD,South,3,0,0
2469,2023-05-29 00:00:00+00:00,Home,0,2014.08,0.0,2961,0,0.0,Prepaid,East,12,2,0
2849,2023-05-29 00:00:00+00:00,Beauty,0,4946.41,0.2799698468314318,1894,8,0.12617269751720417,Prepaid,North,8,3,0
721,2023-05-29 00:00:00+00:00,Beauty,0,4249.69,0.37890630039255524,2515,0,0.0,Prepaid,East,7,2,0
1148,2023-05-29 00:00:00+00:00,Footwear,1,401.45,0.0,3286,3,0.16334016532432355,Prepaid,West,5,5,0
2575,2023-05-29 00:00:00+00:00,Apparel,1,2755.14,0.0,2063,2,0.1746813184568598,COD,South,9,5,0
4072,2023-05-29 00:00:00+00:00,Home,0,799.87,0.3079844975143989,3100,1,0.21055401801144402,Prepaid,South,3,0,0
2615,2023-05-29 00:00:00+00:00,Footwear,1,792.53,0.0,2598,1,0.48176576535410137,Prepaid,East,4,1,0
2617,2023-05-29 00:00:00+00:00,Apparel,1,915.62,0.0,1363,1,0.04512379554950846,COD,West,13,0,0
2273,2023-05-29 00:00:00+00:00,Apparel,1,1601.23,0.0,3937,1,0.3143905162055036,Prepaid,West,10,0,0
2434,2023-05-29 00:00:00+00:00,Footwear,1,147.39,0.0,1710,2,0.14226984715173124,COD,South,11,2,0
2346,2023-05-30 00:00:00+00:00,Beauty,0,421.08,0.0,3006,1,0.2777588462420059,Prepaid,West,2,1,1
388,2023-05-30 00:00:00+00:00,Apparel,1,4168.39,0.0,1018,4,0.23452961523407892,COD,South,7,2,0
2187,2023-05-30 00:00:00+00:00,Electronics,0,1404.83,0.04527345203131725,3103,3,0.026116748463557046,Prepaid,East,12,0,0
3200,2023-05-30 00:00:00+00:00,Home,0,187.1,0.2447385770921805,2004,2,0.0021968995673109135,Prepaid,South,3,5,0
1867,2023-05-30 00:00:00+00:00,Apparel,1,1760.6,0.0,1146,2,0.24445264835551567,Prepaid,North,2,4,0
3057,2023-05-30 00:00:00+00:00,Home,0,974.44,0.043970353675259255,1101,2,0.012257495650761502,Prepaid,East,11,0,0
17,2023-05-30 00:00:00+00:00,Apparel,1,628.48,0.0,3730,5,0.13943199726658387,Prepaid,East,6,1,1
4376,2023-05-30 00:00:00+00:00,Apparel,1,160.57,0.0,4285,4,0.1742397782029234,Prepaid,East,1,11,0
4589,2023-05-30 00:00:00+00:00,Footwear,1,891.9,0.13510769258358662,2403,2,0.3268647316453153,Prepaid,West,12,3,0
4356,2023-05-30 00:00:00+00:00,Apparel,1,2547.35,0.0,2823,1,0.08250441395605788,Prepaid,East,10,12,0
4562,2023-05-30 00:00:00+00:00,Footwear,1,2304.28,0.0018981059541857276,3035,2,0.2111742675401263,Prepaid,East,2,6,0
1005,2023-05-30 00:00:00+00:00,Electronics,0,669.79,0.0,2588,4,0.38292576293198216,Prepaid,East,6,0,1
1803,2023-05-30 00:00:00+00:00,Apparel,1,340.11,0.19371195981638842,3701,2,0.07081229508329503,COD,North,7,0,0
4928,2023-05-30 00:00:00+00:00,Electronics,0,1465.17,0.0,1616,1,0.3992207275378557,Prepaid,North,7,0,0
2734,2023-05-30 00:00:00+00:00,Footwear,1,158.95,0.11771432356289835,3064,1,0.22380951507527888,COD,South,9,2,0
4920,2023-05-30 00:00:00+00:00,Apparel,1,1894.36,0.0,3251,1,0.09160632069664733,Prepaid,West,7,4,0
3212,2023-05-30 00:00:00+00:00,Footwear,1,797.3,0.34385266262354997,1700,0,0.0,Prepaid,East,14,10,0
910,2023-05-30 00:00:00+00:00,Apparel,1,347.89,0.0,1846,2,0.4616835487360514,Prepaid,North,6,0,0
4961,2023-05-30 00:00:00+00:00,Beauty,0,1716.06,0.0,1470,2,0.14471195124215258,Prepaid,South,7,1,0
2625,2023-05-30 00:00:00+00:00,Footwear,1,560.86,0.3587801587074494,2064,1,0.18096887594549357,Prepaid,East,4,5,0
2223,2023-05-30 00:00:00+00:00,Electronics,0,1139.73,0.0,1801,1,0.3989256509125436,Prepaid,North,12,3,0
3119,2023-05-30 00:00:00+00:00,Electronics,0,415.07,0.08922552416261005,1036,4,0.0006062539453250666,Prepaid,South,4,3,0
1180,2023-05-30 00:00:00+00:00,Apparel,1,1019.64,0.03943091456795764,4274,2,0.14033841576333259,Prepaid,West,11,2,0
2292,2023-05-30 00:00:00+00:00,Electronics,0,214.79,0.0,1398,3,0.16453521061986645,Prepaid,West,1,2,0
1662,2023-05-30 00:00:00+00:00,Electronics,0,405.42,0.1197787918189129,3989,2,0.13450666281883203,COD,South,4,1,0
1367,2023-05-30 00:00:00+00:00,Apparel,1,897.53,0.0,4134,1,0.39015776812613095,Prepaid,North,8,4,1
2325,2023-05-30 00:00:00+00:00,Home,0,1310.6,0.0,3958,2,0.06840608240925686,Prepaid,East,7,0,0
4500,2023-05-30 00:00:00+00:00,Beauty,0,134.18,0.0,4296,0,0.0,COD,West,6,1,0
4256,2023-05-31 00:00:00+00:00,Apparel,1,1526.75,0.0,3511,0,0.0,Prepaid,East,4,1,0
139,2023-05-31 00:00:00+00:00,Apparel,1,3845.41,0.0,3614,2,0.3326833602682908,Prepaid,West,10,0,1
238,2023-05-31 00:00:00+00:00,Electronics,0,160.62,0.01900637248398354,3043,4,0.2241639422064898,COD,South,8,4,0
2007,2023-05-31 00:00:00+00:00,Beauty,0,2801.27,0.1867345161164592,3297,3,0.4048604033622365,Prepaid,South,12,1,0
349,2023-05-31 00:00:00+00:00,Beauty,0,806.89,0.5142374920932293,2595,0,0.0,Prepaid,East,6,6,0
971,2023-05-31 00:00:00+00:00,Electronics,0,1978.99,0.13583938964546835,2748,2,0.07505233283530596,Prepaid,West,1,2,0
799,2023-05-31 00:00:00+00:00,Apparel,1,5623.26,0.45036509039716643,3136,2,0.05365755436724678,Prepaid,North,5,3,1
4436,2023-05-31 00:00:00+00:00,Home,0,798.43,0.019950172669410515,2566,2,0.17582119893031406,Prepaid,South,7,3,0
2125,2023-05-31 00:00:00+00:00,Footwear,1,617.77,0.0,4458,2,0.1768994338748354,Prepaid,North,7,0,0
760,2023-05-31 00:00:00+00:00,Footwear,1,3704.75,0.044366268980411176,4498,1,0.12975382668823146,Prepaid,West,10,4,0
4194,2023-05-31 00:00:00+00:00,Apparel,1,848.54,0.0,2776,0,0.0,Prepaid,West,14,0,0
1947,2023-05-31 00:00:00+00:00,Apparel,1,5590.19,0.05132634060849185,4011,2,0.2239695134133923,COD,North,1,5,0
869,2023-05-31 00:00:00+00:00,Apparel,1,795.04,0.03977367484441098,1232,2,0.26160073316851673,Prepaid,South,14,0,0
2011,2023-05-31 00:00:00+00:00,Footwear,1,400.78,0.046762753537927026,3679,2,0.006508202833740497,Prepaid,North,14,0,0
573,2023-05-31 00:00:00+00:00,Apparel,1,737.89,0.10938196163297131,1255,2,0.009726938444469115,COD,South,13,0,0
2623,2023-05-31 00:00:00+00:00,Electronics,0,4410.67,0.0,1509,1,0.18373297079557016,COD,East,4,9,0
2419,2023-05-31 00:00:00+00:00,Footwear,1,188.63,0.0,3584,1,0.11338636827003658,Prepaid,East,12,1,0
2332,2023-05-31 00:00:00+00:00,Home,0,2625.96,0.0,1955,4,0.23314609601984068,COD,East,13,3,0
3542,2023-05-31 00:00:00+00:00,Electronics,0,1435.06,0.22925838073834048,2403,3,0.0006645788050585565,Prepaid,West,4,1,0
2637,2023-05-31 00:00:00+00:00,Electronics,0,755.61,0.0,2974,1,0.27083684268094743,Prepaid,West,14,5,0
2341,2023-05-31 00:00:00+00:00,Footwear,1,1285.21,0.0,4429,2,0.32791124151802425,Prepaid,North,12,1,0
4580,2023-05-31 00:00:00+00:00,Electronics,0,382.94,0.0,4249,3,0.13558899423367676,COD,East,5,0,0
1133,2023-05-31 00:00:00+00:00,Apparel,1,1861.59,0.028141832086996416,1413,2,0.029667811025451296,Prepaid,South,6,0,0
1424,2023-05-31 00:00:00+00:00,Home,0,176.49,0.0,3391,3,0.06857667533720664,COD,North,14,2,0
113,2023-05-31 00:00:00+00:00,Apparel,1,1848.16,0.12051671376863939,4406,3,0.12944040771479026,COD,North,6,1,0
3098,2023-05-31 00:00:00+00:00,Electronics,0,555.48,0.14488530556416002,3570,2,0.005219530823806316,Prepaid,North,13,5,0
1266,2023-05-31 00:00:00+00:00,Apparel,1,379.03,0.12085186180307758,3728,1,0.23564750672147894,Prepaid,East,3,1,0
536,2023-05-31 00:00:00+00:00,Apparel,1,327.47,0.0,3797,3,0.0890166532532906,Prepaid,North,11,6,1
2814,2023-06-01 00:00:00+00:00,Footwear,1,314.16,0.0,2766,6,0.3190596208109987,Prepaid,West,7,8,0
927,2023-06-01 00:00:00+00:00,Home,0,602.7,0.0,4474,1,0.022977241872475834,Prepaid,South,6,0,0
3359,2023-06-01 00:00:00+00:00,Electronics,0,472.24,0.0,2213,2,0.04535449306700494,COD,North,8,3,0
1366,2023-06-01 00:00:00+00:00,Electronics,0,628.89,0.19828005590895248,3811,1,0.0898758247956187,COD,South,8,4,0
986,2023-06-01 00:00:00+00:00,Apparel,1,4098.31,0.06323118826583721,2357,1,0.12485389883933952,Prepaid,East,4,2,0
3584,2023-06-01 00:00:00+00:00,Apparel,1,193.86,0.1817821311705593,4442,2,0.09750509443655694,Prepaid,North,5,3,0
365,2023-06-01 00:00:00+00:00,Apparel,1,230.31,0.11390595687436036,1296,2,0.012582205648980535,COD,East,1,2,0
2817,2023-06-01 00:00:00+00:00,Electronics,0,6639.2,0.0,1366,1,0.02764671852913238,Prepaid,North,2,5,0
2735,2023-06-01 00:00:00+00:00,Apparel,1,816.95,0.44246846499553527,1343,0,0.0,Prepaid,South,13,0,0
176,2023-06-01 00:00:00+00:00,Apparel,1,1059.84,0.22928877827930177,3376,1,0.13376398878347587,Prepaid,West,1,0,0
2533,2023-06-01 00:00:00+00:00,Electronics,0,5683.86,0.21821152048963832,3590,2,0.08061366571013283,COD,West,6,0,0
530,2023-06-01 00:00:00+00:00,Home,0,1325.5,0.25975012224695415,2703,1,0.13129493298720848,Prepaid,East,6,0,0
2207,2023-06-01 00:00:00+00:00,Electronics,0,805.02,0.0,2465,3,0.05098066363196132,Prepaid,West,10,6,0
2200,2023-06-01 00:00:00+00:00,Apparel,1,2678.83,0.0,1576,2,0.2078393381514579,Prepaid,West,9,2,1
264,2023-06-01 00:00:00+00:00,Electronics,0,1084.64,0.02617558583223177,4008,2,0.47016939879092645,COD,East,7,2,0
15,2023-06-01 00:00:00+00:00,Apparel,1,351.79,0.17903519184496242,1377,2,0.07029817379117222,COD,South,6,0,0
2880,2023-06-01 00:00:00+00:00,Beauty,0,1700.59,0.0,2599,3,0.23557159377967044,Prepaid,East,7,4,0
260,2023-06-01 00:00:00+00:00,Footwear,1,281.65,0.0,2828,1,0.07848769890038781,Prepaid,South,2,4,0
485,2023-06-01 00:00:00+00:00,Apparel,1,971.51,0.35770646780969784,3916,3,0.13005492404275681,Prepaid,East,7,1,0
2961,2023-06-01 00:00:00+00:00,Electronics,0,362.47,0.29022091196686417,1155,2,0.3072588791470624,Prepaid,West,3,0,1
4610,2023-06-01 00:00:00+00:00,Apparel,1,1005.92,0.0,3093,2,0.24094036584787512,Prepaid,North,13,0,0
3390,2023-06-01 00:00:00+00:00,Apparel,1,553.14,0.0,2022,2,0.09154573749375976,Prepaid,South,1,15,0
1172,2023-06-01 00:00:00+00:00,Apparel,1,3011.49,0.0,1670,3,0.3921057524505354,Prepaid,North,7,0,0
3684,2023-06-01 00:00:00+00:00,Home,0,210.31,0.2685042282140975,4296,5,0.050679953497850504,COD,North,2,3,0
2534,2023-06-01 00:00:00+00:00,Apparel,1,509.56,0.0,3240,4,0.13329848177342984,Prepaid,South,5,5,0
1890,2023-06-01 00:00:00+00:00,Apparel,1,1324.14,0.018609916834547352,1266,3,0.038568840181591534,COD,South,10,2,0
671,2023-06-01 00:00:00+00:00,Apparel,1,959.7,0.0,4185,2,0.01886511070212559,Prepaid,South,4,1,0
535,2023-06-01 00:00:00+00:00,Apparel,1,1118.18,0.0,2549,1,0.1410320846770882,COD,West,11,1,0
4865,2023-06-01 00:00:00+00:00,Electronics,0,694.02,0.0,1228,2,0.36038254979321604,Prepaid,North,10,0,0
920,2023-06-01 00:00:00+00:00,Home,0,3394.29,0.3614920238282744,1542,2,0.24774315041941602,COD,East,8,3,0
3501,2023-06-01 00:00:00+00:00,Apparel,1,3604.04,0.0,3061,2,0.07253388651868838,Prepaid,East,4,0,0
4890,2023-06-01 00:00:00+00:00,Electronics,0,1029.34,0.3333600258436322,1589,2,0.3999323232070122,Prepaid,East,13,9,1
1445,2023-06-01 00:00:00+00:00,Electronics,0,4963.02,0.06154912155711332,3472,5,0.06253913051094365,Prepaid,East,11,0,1
4415,2023-06-02 00:00:00+00:00,Apparel,1,3708.49,0.0,3024,2,0.3365345351180265,Prepaid,West,8,11,0
4177,2023-06-02 00:00:00+00:00,Electronics,0,18533.29,0.0,1267,4,0.37945330690396106,COD,East,1,4,0
1484,2023-06-02 00:00:00+00:00,Apparel,1,3959.83,0.3813939363866161,2848,2,0.036382523904872316,Prepaid,South,14,9,1
3225,2023-06-02 00:00:00+00:00,Beauty,0,1068.34,0.0,4459,2,0.24875460930862558,COD,South,8,0,0
385,2023-06-02 00:00:00+00:00,Beauty,0,8419.7,0.0,3397,3,0.3709065239809865,COD,South,14,6,0
2594,2023-06-02 00:00:00+00:00,Home,0,1305.72,0.0,4359,1,0.03415158416033651,Prepaid,West,10,0,0
1749,2023-06-02 00:00:00+00:00,Electronics,0,1839.29,0.0,1290,0,0.0,COD,East,14,1,0
2561,2023-06-02 00:00:00+00:00,Apparel,1,646.71,0.0,3386,0,0.0,COD,West,7,8,0
4540,2023-06-02 00:00:00+00:00,Apparel,1,1670.69,0.14464988376160837,3407,1,0.07817899688881705,Prepaid,South,5,1,0
1325,2023-06-02 00:00:00+00:00,Footwear,1,1828.06,0.0,4242,3,0.10843893715973099,Prepaid,South,9,1,0
1498,2023-06-02 00:00:00+00:00,Apparel,1,429.63,0.24883718374835476,2094,4,0.43770295820918537,COD,West,12,12,0
4904,2023-06-02 00:00:00+00:00,Electronics,0,5056.46,0.0,2973,2,0.04197829690081562,COD,East,13,0,0
2942,2023-06-02 00:00:00+00:00,Home,0,1270.7,0.19583459564461778,1895,2,0.3951288392434873,COD,South,5,4,0
696,2023-06-02 00:00:00+00:00,Apparel,1,2639.74,0.0,1027,3,0.363480258797628,Prepaid,West,3,3,0
1517,2023-06-02 00:00:00+00:00,Apparel,1,328.55,0.0,2878,1,0.2212353618466635,Prepaid,North,2,4,1
1041,2023-06-02 00:00:00+00:00,Beauty,0,3690.94,0.23311151658788426,3552,2,0.10467093438083319,Prepaid,South,5,1,0
4730,2023-06-02 00:00:00+00:00,Home,0,647.09,0.0,3157,3,0.02256608338628104,Prepaid,North,9,0,0
3082,2023-06-02 00:00:00+00:00,Footwear,1,3499.09,0.26080095876436776,2614,4,0.21580025360590846,Prepaid,North,10,1,1
1568,2023-06-02 00:00:00+00:00,Apparel,1,166.2,0.0,4308,4,0.19774377911328742,Prepaid,South,12,1,0
4886,2023-06-02 00:00:00+00:00,Beauty,0,340.09,0.0,3034,3,0.08222579364346358,Prepaid,West,3,1,0
3826,2023-06-02 00:00:00+00:00,Apparel,1,1770.89,0.0,3984,2,0.2752005228421928,Prepaid,East,10,8,1
3854,2023-06-02 00:00:00+00:00,Electronics,0,2382.55,0.0,3697,1,0.25997134385474746,Prepaid,West,13,3,0
4533,2023-06-02 00:00:00+00:00,Electronics,0,3091.85,0.0,3847,3,0.16190306895027737,Prepaid,North,10,0,0
3296,2023-06-02 00:00:00+00:00,Home,0,7925.76,0.17054824591738618,2474,1,0.20045542398156613,COD,East,11,0,0
1459,2023-06-02 00:00:00+00:00,Home,0,1411.44,0.0,2103,0,0.0,COD,East,6,1,0
3357,2023-06-02 00:00:00+00:00,Apparel,1,269.76,0.24763228968161946,3547,3,0.0923862347236361,Prepaid,South,1,0,0
2109,2023-06-02 00:00:00+00:00,Home,0,337.13,0.0,2548,4,0.1188960145032994,Prepaid,North,3,11,0
3836,2023-06-02 00:00:00+00:00,Apparel,1,4291.56,0.0,2236,2,0.04178996066679338,COD,East,5,2,0
274,2023-06-02 00:00:00+00:00,Apparel,1,2451.3,0.0845155270065506,2800,5,0.2396557528493074,COD,East,11,2,0
364,2023-06-02 00:00:00+00:00,Footwear,1,4994.72,0.0,3571,2,0.18998808431811526,Prepaid,North,7,2,1
636,2023-06-02 00:00:00+00:00,Apparel,1,270.7,0.1980027498826219,3692,0,0.0,Prepaid,East,13,5,0
2233,2023-06-02 00:00:00+00:00,Apparel,1,935.22,0.18316539662296213,1260,1,0.06522081131309973,Prepaid,West,6,1,0
1181,2023-06-03 00:00:00+00:00,Electronics,0,4666.59,0.2878612927256041,4172,4,0.2996934052780804,Prepaid,South,3,0,0
4341,2023-06-03 00:00:00+00:00,Home,0,443.87,0.027315162379999355,2544,1,0.0019468814847633305,Prepaid,East,9,2,0
2108,2023-06-03 00:00:00+00:00,Electronics,0,914.46,0.12014709002079829,3584,3,0.25063876215710623,Prepaid,West,10,1,0
1416,2023-06-03 00:00:00+00:00,Home,0,942.55,0.0,1293,4,0.015182382128872473,Prepaid,West,5,1,0
3431,2023-06-03 00:00:00+00:00,Home,0,766.26,0.0,2594,2,0.03070548034865852,COD,East,6,1,1
1802,2023-06-03 00:00:00+00:00,Electronics,0,1978.36,0.0,4110,1,0.03065519196294391,COD,North,14,0,0
3117,2023-06-03 00:00:00+00:00,Footwear,1,1151.47,0.02665174538412589,2233,2,0.14560996268182483,Prepaid,South,3,0,0
1308,2023-06-03 00:00:00+00:00,Electronics,0,300.65,0.0,3947,2,0.35480512809484044,Prepaid,West,10,3,0
2202,2023-06-03 00:00:00+00:00,Apparel,1,972.22,0.057174616346237495,3290,2,0.09020407140684635,Prepaid,West,11,1,0
83,2023-06-03 00:00:00+00:00,Apparel,1,617.03,0.3416695803761871,2049,3,0.09535533490311027,COD,South,14,1,0
3025,2023-06-03 00:00:00+00:00,Electronics,0,5204.32,0.0,2927,5,0.0643573777297028,Prepaid,West,14,0,0
1375,2023-06-03 00:00:00+00:00,Home,0,434.73,0.07491689534693552,1309,2,0.4305353768787694,Prepaid,North,11,1,1
4053,2023-06-03 00:00:00+00:00,Apparel,1,374.5,0.0,3831,3,0.23176543460381824,Prepaid,East,1,0,0
2786,2023-06-03 00:00:00+00:00,Home,0,829.19,0.006082856379323681,2476,5,0.16085164221456716,Prepaid,West,9,1,0
4424,2023-06-03 00:00:00+00:00,Electronics,0,762.61,0.0,1230,1,0.3188269077133154,COD,West,4,1,0
862,2023-06-03 00:00:00+00:00,Electronics,0,3048.59,0.0,1832,0,0.0,Prepaid,West,13,1,0
1155,2023-06-03 00:00:00+00:00,Apparel,1,335.32,0.0,1641,0,0.0,Prepaid,South,1,0,0
514,2023-06-03 00:00:00+00:00,Apparel,1,188.26,0.0,2078,1,0.08539109405809911,COD,West,8,2,1
747,2023-06-03 00:00:00+00:00,Home,0,2963.26,0.35854952632886583,2117,4,0.3859728397173253,Prepaid,North,4,2,0
1021,2023-06-03 00:00:00+00:00,Beauty,0,2499.14,0.0,2244,2,0.26571204205116267,Prepaid,East,8,0,0
2702,2023-06-03 00:00:00+00:00,Apparel,1,735.99,0.06653567813576988,2292,1,0.10004222503112083,COD,South,1,1,0
451,2023-06-03 00:00:00+00:00,Home,0,2601.94,0.0,1812,0,0.0,Prepaid,North,3,0,0
1343,2023-06-03 00:00:00+00:00,Beauty,0,1530.41,0.0,3703,2,0.36166781260454034,Prepaid,North,10,0,0
2923,2023-06-03 00:00:00+00:00,Home,0,2105.6,0.16932457849511928,2270,2,0.3949157444846906,Prepaid,South,11,12,0
2851,2023-06-03 00:00:00+00:00,Electronics,0,870.27,0.20978086679588556,2783,1,0.0030293356614087465,Prepaid,South,7,14,0
947,2023-06-03 00:00:00+00:00,Home,0,538.59,0.1426131537402655,1790,3,0.24302403555325217,COD,South,2,5,0
3533,2023-06-03 00:00:00+00:00,Electronics,0,468.83,0.0,1773,2,0.002243112984696106,Prepaid,West,3,2,1
2342,2023-06-03 00:00:00+00:00,Home,0,1064.02,0.09155722839520397,3697,4,0.09378051741358924,Prepaid,West,3,6,0
4371,2023-06-03 00:00:00+00:00,Footwear,1,3923.09,0.1344415943971371,1665,2,0.014830346081582004,Prepaid,South,9,5,0
3703,2023-06-03 00:00:00+00:00,Electronics,0,386.32,0.0,3584,5,0.2840452672776902,COD,South,12,3,0
3971,2023-06-03 00:00:00+00:00,Footwear,1,4273.41,0.0,4352,2,0.15588860161764623,Prepaid,West,9,1,0
1841,2023-06-03 00:00:00+00:00,Apparel,1,1621.43,0.07949156029332868,1713,4,0.1663607269141596,COD,South,3,1,0
4081,2023-06-03 00:00:00+00:00,Apparel,1,822.8,0.25225009993588443,3586,1,0.33420540150790806,COD,North,6,6,1
4025,2023-06-04 00:00:00+00:00,Beauty,0,280.76,0.0,3882,1,0.036523399099881414,Prepaid,South,11,1,0
1058,2023-06-04 00:00:00+00:00,Electronics,0,2081.72,0.5512788775559951,2875,1,0.5437168135659001,Prepaid,South,8,1,1
1640,2023-06-04 00:00:00+00:00,Apparel,1,1497.4,0.29782614223038684,2656,2,0.15888603771354487,COD,West,9,4,0
2934,2023-06-04 00:00:00+00:00,Apparel,1,5667.72,0.0,1573,3,0.19180373656450295,Prepaid,West,5,1,0
4152,2023-06-04 00:00:00+00:00,Electronics,0,2554.6,0.0,2491,3,0.04234710846982881,Prepaid,East,9,1,0
685,2023-06-04 00:00:00+00:00,Apparel,1,662.03,0.0,2702,2,0.0633803386016726,COD,North,13,2,0
835,2023-06-04 00:00:00+00:00,Apparel,1,978.6,0.0,2991,3,0.023992023158088682,Prepaid,West,11,4,0
810,2023-06-04 00:00:00+00:00,Apparel,1,617.55,0.05855011035374478,1698,1,0.038046261843359984,Prepaid,East,11,1,0
2460,2023-06-04 00:00:00+00:00,Electronics,0,7423.04,0.0,4102,0,0.0,Prepaid,South,7,5,0
1063,2023-06-04 00:00:00+00:00,Apparel,1,74.51,0.0,2129,3,0.12131967852416907,Prepaid,East,3,3,0
4976,2023-06-04 00:00:00+00:00,Footwear,1,697.41,0.0,3846,5,0.019515969028351825,Prepaid,East,6,0,0
4017,2023-06-04 00:00:00+00:00,Electronics,0,464.43,0.0,1573,0,0.0,COD,East,10,2,0
3725,2023-06-04 00:00:00+00:00,Apparel,1,763.69,0.04943613693443181,2875,4,0.13706570396064288,COD,East,13,0,0
3544,2023-06-04 00:00:00+00:00,Apparel,1,5435.17,0.0,4143,1,0.023170698166971523,Prepaid,North,13,4,0
3432,2023-06-04 00:00:00+00:00,Footwear,1,899.79,0.0,3611,5,0.4518215167945332,Prepaid,North,11,2,0
4798,2023-06-04 00:00:00+00:00,Footwear,1,999.35,0.2775143205600091,3934,3,0.0824162770735091,Prepaid,East,5,5,1
1617,2023-06-04 00:00:00+00:00,Home,0,8270.7,0.17176997798875315,3685,2,0.21608807306219013,Prepaid,South,14,1,0
4909,2023-06-04 00:00:00+00:00,Apparel,1,700.82,0.29232794016737995,1053,0,0.0,Prepaid,West,3,1,0
351,2023-06-04 00:00:00+00:00,Electronics,0,7486.63,0.0,1116,1,0.15241256239827747,Prepaid,West,4,1,0
2673,2023-06-04 00:00:00+00:00,Apparel,1,235.41,0.0,4098,0,0.0,COD,North,10,0,0
170,2023-06-04 00:00:00+00:00,Footwear,1,665.7,0.0,1801,1,0.013723810251992855,COD,West,2,1,0
3928,2023-06-04 00:00:00+00:00,Beauty,0,695.96,0.1977955485426677,1245,0,0.0,Prepaid,South,12,6,0
1089,2023-06-04 00:00:00+00:00,Beauty,0,894.46,0.0,3548,3,0.20334239165381784,Prepaid,South,14,0,0
4423,2023-06-04 00:00:00+00:00,Apparel,1,452.36,0.0,2870,4,0.019148850469461062,COD,South,4,1,0
3336,2023-06-04 00:00:00+00:00,Home,0,669.58,0.0,2535,5,0.16217932241647032,Prepaid,South,3,4,0
4793,2023-06-05 00:00:00+00:00,Home,0,1029.61,0.0,1075,3,0.00213571351484777,Prepaid,North,13,0,0
3313,2023-06-05 00:00:00+00:00,Apparel,1,5037.14,0.0,4201,2,0.07177107562441504,Prepaid,East,7,0,0
1652,2023-06-05 00:00:00+00:00,Apparel,1,1644.49,0.0,2065,2,0.09363045243121688,COD,South,13,0,0
2147,2023-06-05 00:00:00+00:00,Apparel,1,351.82,0.0,4491,1,0.19256418624527785,Prepaid,South,9,0,1
2106,2023-06-05 00:00:00+00:00,Apparel,1,1830.13,0.0,1018,1,0.12629426998726842,Prepaid,East,3,0,0
4609,2023-06-05 00:00:00+00:00,Apparel,1,559.41,0.0,2495,4,0.16684236626138327,COD,South,2,0,0
3908,2023-06-05 00:00:00+00:00,Electronics,0,851.19,0.0,1838,4,0.2236536582630557,Prepaid,East,13,5,0
4099,2023-06-05 00:00:00+00:00,Home,0,7433.5,0.0,1180,3,0.026149523554448852,Prepaid,West,11,0,0
3072,2023-06-05 00:00:00+00:00,Apparel,1,903.69,0.2747056944139433,1054,1,0.14523511724332633,Prepaid,North,12,0,0
3681,2023-06-05 00:00:00+00:00,Electronics,0,186.01,0.4538927657472186,3278,1,0.07490161151548921,COD,East,7,2,0
4006,2023-06-05 00:00:00+00:00,Footwear,1,3263.38,0.1365873495641911,1126,2,0.2535002922445855,COD,North,8,3,0
3043,2023-06-05 00:00:00+00:00,Footwear,1,2943.79,0.25447596703332165,3752,0,0.0,Prepaid,North,6,2,0
3877,2023-06-05 00:00:00+00:00,Electronics,0,285.53,0.23062492300960608,1424,2,0.3392064420241144,Prepaid,West,2,1,0
4322,2023-06-05 00:00:00+00:00,Electronics,0,222.44,0.0,3733,3,0.33603151032086387,Prepaid,West,8,1,0
1979,2023-06-05 00:00:00+00:00,Electronics,0,274.37,0.0,3453,1,0.0825384490556646,Prepaid,West,4,0,0
3953,2023-06-05 00:00:00+00:00,Apparel,1,263.98,0.0,1128,3,0.006688284025484336,Prepaid,North,3,10,0
4947,2023-06-05 00:00:00+00:00,Home,0,5590.44,0.0,4262,2,0.05556353394255754,Prepaid,West,13,12,0
1874,2023-06-05 00:00:00+00:00,Footwear,1,286.23,0.0,2798,1,0.08143552825454455,Prepaid,North,6,2,0
3718,2023-06-05 00:00:00+00:00,Apparel,1,536.59,0.0,3318,1,0.3542023701358966,Prepaid,West,10,1,0
2436,2023-06-05 00:00:00+00:00,Home,0,2220.17,0.0,3797,1,0.15840625089646518,Prepaid,West,14,3,1
3393,2023-06-05 00:00:00+00:00,Footwear,1,2150.55,0.0,4367,1,0.543615425481804,Prepaid,South,8,1,0
3375,2023-06-05 00:00:00+00:00,Electronics,0,880.32,0.0,3137,0,0.0,Prepaid,South,2,0,0
4416,2023-06-05 00:00:00+00:00,Footwear,1,3763.76,0.0,1773,3,0.01698335853552493,Prepaid,East,14,0,0
1182,2023-06-05 00:00:00+00:00,Apparel,1,2008.06,0.0,2384,1,0.016965427905059977,Prepaid,West,12,5,0
4661,2023-06-05 00:00:00+00:00,Apparel,1,664.83,0.0,2200,3,0.30267667787651326,COD,East,4,6,0
672,2023-06-05 00:00:00+00:00,Electronics,0,984.91,0.0,3024,3,0.2980259781766886,Prepaid,East,4,5,0
3842,2023-06-05 00:00:00+00:00,Home,0,1460.28,0.0930488251907074,1524,2,0.22355817580528564,Prepaid,South,1,6,0
4284,2023-06-05 00:00:00+00:00,Beauty,0,476.67,0.20371174040140416,1141,2,0.15479969082454575,Prepaid,West,5,1,0
3013,2023-06-05 00:00:00+00:00,Footwear,1,867.08,0.269060996111026,1072,2,0.1648397680083578,COD,North,4,5,0
3875,2023-06-06 00:00:00+00:00,Apparel,1,831.11,0.05507755350610008,4427,4,0.012162066073572148,COD,South,8,6,0
4749,2023-06-06 00:00:00+00:00,Electronics,0,996.93,0.0,2359,2,0.8121058462447844,Prepaid,North,11,4,1
3717,2023-06-06 00:00:00+00:00,Footwear,1,4647.63,0.0,1940,1,0.19602463688094404,Prepaid,West,11,0,0
4998,2023-06-06 00:00:00+00:00,Apparel,1,568.58,0.0,4270,5,0.01850300545963806,COD,North,8,0,1
1223,2023-06-06 00:00:00+00:00,Home,0,10451.87,0.0,3007,2,0.03146082358521771,COD,North,14,1,0
3874,2023-06-06 00:00:00+00:00,Apparel,1,1455.18,0.0,3435,2,0.10858979163973696,Prepaid,West,3,3,0
4632,2023-06-06 00:00:00+00:00,Apparel,1,218.3,0.0,1327,3,0.12601091054306074,Prepaid,North,3,0,0
1056,2023-06-06 00:00:00+00:00,Footwear,1,3622.17,0.0,3504,2,0.19667775311440897,Prepaid,West,6,2,0
3205,2023-06-06 00:00:00+00:00,Footwear,1,164.58,0.043422317143404165,3600,2,0.37018164109888047,COD,South,9,9,0
2648,2023-06-06 00:00:00+00:00,Apparel,1,490.3,0.19110023021837086,3446,0,0.0,Prepaid,South,2,0,0
4368,2023-06-06 00:00:00+00:00,Electronics,0,314.63,0.1374486044672275,4338,2,0.3653178673500466,Prepaid,South,1,4,0
4344,2023-06-06 00:00:00+00:00,Apparel,1,784.91,0.19194252650779964,2204,6,0.22582576468377527,Prepaid,West,11,1,0
4673,2023-06-06 00:00:00+00:00,Apparel,1,1571.16,0.4729931287130793,3603,1,0.011756921184476285,Prepaid,North,10,0,1
4518,2023-06-06 00:00:00+00:00,Footwear,1,238.46,0.0,2930,0,0.0,Prepaid,South,3,4,0
1060,2023-06-06 00:00:00+00:00,Footwear,1,5796.39,0.042915832744506166,2876,1,0.26740464496464517,COD,South,8,8,0
4236,2023-06-06 00:00:00+00:00,Footwear,1,407.93,0.0,1153,1,0.45302969095930645,Prepaid,North,6,3,0
1695,2023-06-06 00:00:00+00:00,Home,0,1852.72,0.33474928386139735,2732,1,0.1810430115510372,Prepaid,North,12,1,0
523,2023-06-06 00:00:00+00:00,Electronics,0,738.45,0.0,2127,0,0.0,Prepaid,East,8,1,0
4620,2023-06-06 00:00:00+00:00,Home,0,1763.31,0.060082373788640134,3748,2,0.08122491738892232,Prepaid,North,10,1,1
1083,2023-06-06 00:00:00+00:00,Electronics,0,1755.99,0.0,1106,0,0.0,Prepaid,North,3,3,0
688,2023-06-06 00:00:00+00:00,Apparel,1,1342.64,0.0,4120,1,0.005728788941778077,Prepaid,North,4,1,0
1080,2023-06-06 00:00:00+00:00,Home,0,2121.96,0.1637233280398918,2221,3,0.031032475478984425,Prepaid,East,3,0,0
2024,2023-06-06 00:00:00+00:00,Footwear,1,140.74,0.0,3936,3,0.28864384441470486,COD,East,1,0,0
86,2023-06-06 00:00:00+00:00,Apparel,1,221.74,0.0,1629,0,0.0,COD,West,5,7,1
2146,2023-06-06 00:00:00+00:00,Home,0,2960.8,0.0,1124,2,0.017065338191660458,Prepaid,South,10,3,0
3402,2023-06-06 00:00:00+00:00,Apparel,1,232.07,0.21030317379601549,1013,3,0.3562631350516302,Prepaid,South,13,0,1
2491,2023-06-06 00:00:00+00:00,Electronics,0,256.69,0.0,1516,2,0.24643292088211238,COD,East,14,1,0
4832,2023-06-06 00:00:00+00:00,Apparel,1,3599.95,0.0,4191,1,0.11060754438155403,Prepaid,North,12,0,0
4316,2023-06-06 00:00:00+00:00,Apparel,1,86.23,0.2734594729651799,2651,4,0.003531824050046465,COD,North,8,7,0
3740,2023-06-06 00:00:00+00:00,Footwear,1,1126.8,0.0,4173,3,0.03138135453525494,COD,East,2,0,0
1798,2023-06-07 00:00:00+00:00,Apparel,1,1606.49,0.0,4207,2,0.048285574212297185,Prepaid,South,9,0,0
2360,2023-06-07 00:00:00+00:00,Apparel,1,1875.46,0.0,4013,2,0.21589152765822528,COD,West,2,2,0
2359,2023-06-07 00:00:00+00:00,Home,0,1083.69,0.0,4226,3,0.3054775673880225,Prepaid,South,3,1,0
300,2023-06-07 00:00:00+00:00,Footwear,1,2195.22,0.0,3244,1,0.032730071565455855,Prepaid,North,8,0,0
4720,2023-06-07 00:00:00+00:00,Footwear,1,1477.02,0.0,4215,3,0.0440925281192853,COD,West,14,1,0
3168,2023-06-07 00:00:00+00:00,Electronics,0,2866.38,0.0,2341,1,0.4309173804743124,Prepaid,South,5,5,0
320,2023-06-07 00:00:00+00:00,Apparel,1,1498.66,0.0,2336,5,0.4533167920257393,Prepaid,West,7,4,0
1629,2023-06-07 00:00:00+00:00,Electronics,0,16966.47,0.3102861512324973,1268,5,0.02113756816409098,Prepaid,East,4,4,0
2300,2023-06-07 00:00:00+00:00,Home,0,610.98,0.0,3358,2,0.4535461741709631,COD,East,9,6,0
2600,2023-06-07 00:00:00+00:00,Electronics,0,781.02,0.0,1561,2,0.015871444762880743,Prepaid,North,4,3,0
4384,2023-06-07 00:00:00+00:00,Apparel,1,61.09,0.0,4198,1,0.3346452178830377,Prepaid,North,6,1,1
3621,2023-06-07 00:00:00+00:00,Footwear,1,1310.47,0.0,3129,0,0.0,Prepaid,North,2,1,0
1649,2023-06-07 00:00:00+00:00,Beauty,0,1314.28,0.0,4009,3,0.3033660636964866,Prepaid,East,10,0,0
3660,2023-06-07 00:00:00+00:00,Home,0,581.19,0.0,2573,2,0.19530763458194922,Prepaid,North,6,0,0
4569,2023-06-07 00:00:00+00:00,Electronics,0,2589.56,0.0077465845962607915,3701,0,0.0,Prepaid,South,2,2,0
419,2023-06-07 00:00:00+00:00,Footwear,1,397.75,0.0,4367,4,0.08076704513339521,Prepaid,West,11,3,1
4591,2023-06-07 00:00:00+00:00,Apparel,1,737.89,0.0,2231,2,0.3644432898643307,Prepaid,South,11,0,0
4353,2023-06-07 00:00:00+00:00,Electronics,0,8528.9,0.0,1944,3,0.32107133646939945,COD,North,6,2,0
2725,2023-06-07 00:00:00+00:00,Apparel,1,752.9,0.0,3308,4,0.12510975017794368,Prepaid,East,1,2,0
4859,2023-06-07 00:00:00+00:00,Apparel,1,1196.01,0.0,1591,2,0.4357872296889654,COD,West,9,1,0
2153,2023-06-07 00:00:00+00:00,Electronics,0,1619.6,0.0,3714,0,0.0,Prepaid,East,2,5,1
1469,2023-06-07 00:00:00+00:00,Footwear,1,2097.21,0.0,1920,3,0.05793846013751303,Prepaid,West,7,9,0
2816,2023-06-07 00:00:00+00:00,Apparel,1,791.25,0.0,1263,2,0.09607041338326151,Prepaid,West,13,2,0
1483,2023-06-07 00:00:00+00:00,Apparel,1,1442.44,0.0,1958,3,0.0997944101040649,Prepaid,South,8,0,1
1494,2023-06-07 00:00:00+00:00,Home,0,1453.62,0.0,3437,1,0.0001469230248525063,COD,North,1,5,1
2820,2023-06-07 00:00:00+00:00,Electronics,0,689.0,0.0,3316,3,0.16560806747964232,Prepaid,North,8,0,0
3300,2023-06-07 00:00:00+00:00,Electronics,0,3316.03,0.0,3695,2,0.1533855608175662,Prepaid,North,12,0,0
1295,2023-06-07 00:00:00+00:00,Electronics,0,3129.13,0.0,3360,7,0.043014455601587516,COD,East,10,0,0
4966,2023-06-07 00:00:00+00:00,Electronics,0,4258.72,0.0,2229,3,0.27829534600237527,Prepaid,East,6,7,0
2034,2023-06-07 00:00:00+00:00,Apparel,1,254.65,0.1131618626833091,2982,4,0.09538030593114231,Prepaid,North,12,0,0
1202,2023-06-07 00:00:00+00:00,Apparel,1,461.69,0.0,3372,0,0.0,Prepaid,West,3,3,0
21,2023-06-07 00:00:00+00:00,Apparel,1,199.4,0.2561680020947428,1572,1,0.5643322323773969,Prepaid,South,14,2,1
3009,2023-06-07 00:00:00+00:00,Home,0,1199.59,0.0,3214,2,0.36380226267884264,Prepaid,South,14,16,0
3424,2023-06-07 00:00:00+00:00,Electronics,0,1231.04,0.19343778875088902,3190,2,0.02168925440817843,Prepaid,East,3,0,0
3916,2023-06-08 00:00:00+00:00,Electronics,0,1494.14,0.15660422962078568,2431,1,0.0028958495341910033,Prepaid,West,14,5,0
1882,2023-06-08 00:00:00+00:00,Electronics,0,1770.4,0.0,4137,3,0.12150220774686704,COD,West,11,2,0
2168,2023-06-08 00:00:00+00:00,Footwear,1,1493.52,0.0,2108,1,0.40680625993651004,COD,East,6,1,0
2741,2023-06-08 00:00:00+00:00,Home,0,513.51,0.39325763446784723,3293,1,0.14557123642061687,COD,South,7,0,0
2540,2023-06-08 00:00:00+00:00,Beauty,0,2465.14,0.26723458529352917,4194,2,0.26098914651713434,Prepaid,West,7,0,0
3693,2023-06-08 00:00:00+00:00,Footwear,1,246.99,0.04048400011730157,1225,4,0.030525093045371054,Prepaid,East,6,0,0
614,2023-06-08 00:00:00+00:00,Apparel,1,581.75,0.0,2737,4,0.0006709338870612955,Prepaid,South,6,2,0
1075,2023-06-08 00:00:00+00:00,Home,0,1357.8,0.0,2583,2,0.4918121773511922,Prepaid,South,3,3,0
239,2023-06-08 00:00:00+00:00,Home,0,2075.59,0.17041952486437162,4078,1,0.04183717299861131,Prepaid,South,14,14,0
2728,2023-06-08 00:00:00+00:00,Electronics,0,2004.98,0.1441593373889401,1696,2,0.4890626867035139,COD,South,11,3,0
2064,2023-06-08 00:00:00+00:00,Apparel,1,825.93,0.06857335075562382,2876,3,0.059803195633327144,Prepaid,North,4,2,0
4726,2023-06-08 00:00:00+00:00,Home,0,952.53,0.0,2942,2,0.03503906895423386,Prepaid,North,4,0,0
1631,2023-06-08 00:00:00+00:00,Home,0,6208.85,0.0,3725,1,0.18686719517659803,COD,North,7,5,0
1444,2023-06-08 00:00:00+00:00,Apparel,1,796.68,0.35139484818075795,2180,1,0.6690504969895205,Prepaid,North,9,19,1
660,2023-06-08 00:00:00+00:00,Electronics,0,214.69,0.0,3184,2,0.355038486743462,COD,South,2,1,1
2429,2023-06-08 00:00:00+00:00,Apparel,1,1186.93,0.4536140002920783,2515,0,0.0,COD,South,3,0,1
3647,2023-06-08 00:00:00+00:00,Electronics,0,10278.91,0.0012563015757272172,3429,2,0.4106629968032391,COD,West,11,3,1
4864,2023-06-08 00:00:00+00:00,Apparel,1,1793.69,0.0,2481,0,0.0,COD,East,3,4,0
2989,2023-06-09 00:00:00+00:00,Apparel,1,475.43,0.0,2177,1,0.2148207096388476,COD,East,14,0,1
333,2023-06-09 00:00:00+00:00,Apparel,1,542.35,0.08001782860578595,2387,2,0.7631424850372084,Prepaid,South,12,0,0
1823,2023-06-09 00:00:00+00:00,Home,0,445.91,0.0,1884,2,0.15601292097424105,COD,East,5,2,0
2479,2023-06-09 00:00:00+00:00,Apparel,1,562.04,0.19132083571056674,2362,3,0.0722073319560731,Prepaid,West,14,3,1
645,2023-06-09 00:00:00+00:00,Beauty,0,774.88,0.2639070729624913,1599,0,0.0,COD,East,4,1,0
2522,2023-06-09 00:00:00+00:00,Apparel,1,1590.3,0.0,2616,2,0.2443431626420144,COD,West,11,0,0
204,2023-06-09 00:00:00+00:00,Footwear,1,649.98,0.0,1959,6,0.013644923565784114,COD,North,13,0,0
1473,2023-06-09 00:00:00+00:00,Footwear,1,962.2,0.0,4070,1,0.316525257741792,Prepaid,West,7,3,0
1682,2023-06-09 00:00:00+00:00,Apparel,1,7661.1,0.0,3937,2,0.2357202297226818,Prepaid,East,4,2,0
4593,2023-06-09 00:00:00+00:00,Home,0,1414.75,0.0,1240,2,0.30411263566733326,Prepaid,North,2,1,0
205,2023-06-09 00:00:00+00:00,Electronics,0,439.08,0.0,4278,2,0.13194919753985826,COD,East,6,0,0
1552,2023-06-09 00:00:00+00:00,Apparel,1,465.25,0.23593692928412344,4014,2,0.218322662214698,Prepaid,East,14,4,0
4576,2023-06-09 00:00:00+00:00,Electronics,0,928.54,0.0,2943,3,0.38474367833476647,Prepaid,North,5,3,0
2272,2023-06-09 00:00:00+00:00,Beauty,0,472.04,0.0,1934,4,0.11024677611863248,COD,West,7,13,0
3677,2023-06-09 00:00:00+00:00,Beauty,0,965.38,0.0,2940,3,0.4680777708328628,COD,South,13,2,0
3384,2023-06-09 00:00:00+00:00,Home,0,424.66,0.19808888966853372,3546,0,0.0,Prepaid,North,13,1,1
2845,2023-06-09 00:00:00+00:00,Footwear,1,1744.75,0.0,2871,1,0.05356489444075632,Prepaid,North,9,0,0
4655,2023-06-09 00:00:00+00:00,Apparel,1,7707.56,0.08097612430917826,3811,2,0.18952545740599183,COD,East,4,3,0
2414,2023-06-09 00:00:00+00:00,Electronics,0,1009.05,0.24990687645287823,1712,1,0.18919811501028017,Prepaid,East,10,0,0
2582,2023-06-09 00:00:00+00:00,Home,0,3156.57,0.0,2516,0,0.0,Prepaid,East,7,1,0
145,2023-06-09 00:00:00+00:00,Apparel,1,1212.2,0.26335129478473557,4288,1,0.2060687069594416,Prepaid,East,9,0,1
3477,2023-06-09 00:00:00+00:00,Apparel,1,902.05,0.2999850831602824,2760,0,0.0,COD,East,8,6,0
1786,2023-06-09 00:00:00+00:00,Home,0,1950.06,0.024202920563111213,3256,1,0.41043888416362906,COD,East,4,0,0
4869,2023-06-09 00:00:00+00:00,Home,0,167.89,0.31448504738443317,2368,1,0.15278521807653303,Prepaid,West,3,1,0
3867,2023-06-09 00:00:00+00:00,Electronics,0,490.07,0.5277795714326793,3764,0,0.0,Prepaid,East,7,0,0
4028,2023-06-09 00:00:00+00:00,Footwear,1,1087.22,0.015538094890478804,2244,1,0.0712811962760743,COD,North,11,0,0
179,2023-06-09 00:00:00+00:00,Apparel,1,1995.28,0.0,4337,4,0.009128655280211445,Prepaid,East,10,4,0
812,2023-06-09 00:00:00+00:00,Apparel,1,371.93,0.0,3320,0,0.0,Prepaid,North,2,0,0
4401,2023-06-09 00:00:00+00:00,Electronics,0,250.43,0.18245742677528404,2484,2,0.1761679371483254,Prepaid,North,10,3,1
253,2023-06-09 00:00:00+00:00,Apparel,1,2014.94,0.13054919285953076,3161,1,0.008333847976040807,Prepaid,East,13,2,0
1627,2023-06-09 00:00:00+00:00,Beauty,0,1669.42,0.0,3895,3,0.145471766886924,Prepaid,East,3,0,0
483,2023-06-09 00:00:00+00:00,Apparel,1,1864.17,0.0,3963,2,0.1006298670841609,Prepaid,East,9,2,0
1794,2023-06-09 00:00:00+00:00,Electronics,0,346.03,0.0,4266,1,0.15767561525455676,Prepaid,East,8,2,0
2228,2023-06-09 00:00:00+00:00,Apparel,1,1928.85,0.0,2638,2,0.17610161754856507,Prepaid,North,12,0,0
3308,2023-06-10 00:00:00+00:00,Apparel,1,291.64,0.0,2578,2,0.13473924990396616,Prepaid,East,2,1,1
283,2023-06-10 00:00:00+00:00,Home,0,1234.48,0.060694573189059235,1648,2,0.11425431866135022,COD,West,1,0,0
1799,2023-06-10 00:00:00+00:00,Electronics,0,4762.41,0.0,1883,2,0.2462198676452886,COD,South,9,0,0
1792,2023-06-10 00:00:00+00:00,Footwear,1,898.47,0.0,3513,0,0.0,COD,West,14,5,0
2840,2023-06-10 00:00:00+00:00,Footwear,1,1582.03,0.0,4438,2,0.1038442904716983,COD,South,12,3,1
4451,2023-06-10 00:00:00+00:00,Home,0,5550.13,0.0,3250,0,0.0,Prepaid,South,7,0,0
355,2023-06-10 00:00:00+00:00,Electronics,0,521.43,0.0,2850,5,0.2548811664054929,COD,West,12,5,0
966,2023-06-10 00:00:00+00:00,Apparel,1,63.31,0.0001968329764830551,2272,3,0.1550420679314874,COD,East,5,1,1
1461,2023-06-10 00:00:00+00:00,Electronics,0,661.13,0.4393314606486439,2618,1,0.12403002557306743,Prepaid,West,6,4,0
638,2023-06-10 00:00:00+00:00,Apparel,1,1095.89,0.0,3417,1,0.10520854066238412,Prepaid,North,7,1,0
334,2023-06-10 00:00:00+00:00,Apparel,1,234.95,0.16129035468583597,1641,1,0.039934590934702176,COD,West,11,1,1
2872,2023-06-10 00:00:00+00:00,Beauty,0,1646.66,0.0,1403,2,0.059178258371880496,Prepaid,West,2,0,0
263,2023-06-10 00:00:00+00:00,Electronics,0,341.61,0.2341244120169602,2528,1,0.6841017508494336,Prepaid,South,14,1,1
3389,2023-06-10 00:00:00+00:00,Apparel,1,1343.89,0.20625551801936204,4239,4,0.020018500650226412,Prepaid,West,7,2,0
491,2023-06-10 00:00:00+00:00,Apparel,1,726.22,0.0,1033,2,0.04387471031058513,COD,South,8,1,0
3741,2023-06-10 00:00:00+00:00,Footwear,1,7648.5,0.0,4147,4,0.12571767667757117,COD,East,11,8,1
3291,2023-06-10 00:00:00+00:00,Beauty,0,1250.26,0.0,1442,1,0.025435191236969346,Prepaid,South,7,4,0
716,2023-06-10 00:00:00+00:00,Footwear,1,4507.73,0.031689333596740726,4048,4,0.1397891812195354,COD,East,6,0,0
3750,2023-06-10 00:00:00+00:00,Apparel,1,133.45,0.0,3020,4,0.0737285375728697,COD,West,3,3,0
3146,2023-06-10 00:00:00+00:00,Apparel,1,166.17,0.13398838491037907,2305,3,0.30969244258021683,Prepaid,North,14,0,0
2220,2023-06-10 00:00:00+00:00,Apparel,1,2312.52,0.10608831188562944,3954,0,0.0,Prepaid,East,1,4,0
3947,2023-06-10 00:00:00+00:00,Footwear,1,927.52,0.0,1808,2,0.2044784562683923,COD,West,13,1,1
1176,2023-06-10 00:00:00+00:00,Apparel,1,775.14,0.045370956117926214,1846,1,0.594603785855819,Prepaid,South,1,4,0
2090,2023-06-10 00:00:00+00:00,Home,0,4239.68,0.11343379924687538,2217,0,0.0,COD,West,10,5,1
3541,2023-06-10 00:00:00+00:00,Electronics,0,4095.99,0.0,4325,2,0.3156645080492862,Prepaid,North,7,21,1
25,2023-06-10 00:00:00+00:00,Footwear,1,619.88,0.0,1922,2,0.2753525683421917,COD,South,4,0,0
687,2023-06-10 00:00:00+00:00,Electronics,0,1295.91,0.46688183370028946,2433,3,0.13563046541998064,Prepaid,South,3,1,1
2756,2023-06-10 00:00:00+00:00,Electronics,0,398.39,0.0,1337,0,0.0,COD,South,12,0,0
1996,2023-06-10 00:00:00+00:00,Apparel,1,2484.58,0.0,4412,4,0.3015151600593827,Prepaid,West,4,4,0
229,2023-06-10 00:00:00+00:00,Footwear,1,325.66,0.08591303408451459,1844,0,0.0,COD,North,3,1,1
4810,2023-06-10 00:00:00+00:00,Home,0,657.41,0.05121665685365348,3565,1,0.16696942843407314,Prepaid,South,3,0,0
4937,2023-06-10 00:00:00+00:00,Footwear,1,663.75,0.0,3518,4,0.1183084024413354,COD,South,5,6,0
498,2023-06-10 00:00:00+00:00,Footwear,1,1889.15,0.2691367741389652,1647,2,0.29018407343697467,Prepaid,West,11,1,1
3180,2023-06-10 00:00:00+00:00,Apparel,1,1037.0,0.0,1533,0,0.0,Prepaid,West,3,0,0
2985,2023-06-10 00:00:00+00:00,Footwear,1,412.31,0.0,3793,1,0.12440620932839966,Prepaid,West,3,2,0
3044,2023-06-10 00:00:00+00:00,Electronics,0,3341.69,0.0,1741,1,0.16970765611551036,Prepaid,East,11,1,0
2057,2023-06-10 00:00:00+00:00,Footwear,1,215.18,0.1577708297869272,3320,1,0.20122892990046773,COD,North,13,6,0
3925,2023-06-10 00:00:00+00:00,Electronics,0,3907.33,0.07679079061706767,3373,2,0.39615047250588226,COD,East,9,3,1
1265,2023-06-10 00:00:00+00:00,Electronics,0,1055.51,0.0,3621,2,0.19667515362378143,Prepaid,West,3,11,1
2327,2023-06-10 00:00:00+00:00,Home,0,423.39,0.16286231908265797,3508,3,0.05137985441569791,Prepaid,South,8,7,0
3011,2023-06-11 00:00:00+00:00,Apparel,1,2853.54,0.0,3613,0,0.0,COD,East,4,1,1
4599,2023-06-11 00:00:00+00:00,Home,0,560.93,0.0,2285,1,0.0011737604751971857,COD,West,13,0,0
4168,2023-06-11 00:00:00+00:00,Electronics,0,1315.71,0.0,4135,0,0.0,Prepaid,West,9,0,0
2724,2023-06-11 00:00:00+00:00,Apparel,1,3562.57,0.1046648193982652,3272,3,0.037750093128281495,COD,West,8,2,0
3984,2023-06-11 00:00:00+00:00,Electronics,0,731.4,0.4476266837898032,2442,0,0.0,Prepaid,West,13,5,0
1901,2023-06-11 00:00:00+00:00,Apparel,1,541.86,0.27056530250359506,1843,2,0.24054938675581403,Prepaid,East,3,3,0
516,2023-06-11 00:00:00+00:00,Apparel,1,762.11,0.39000834100633097,2471,2,0.13517655772044668,COD,West,7,0,1
73,2023-06-11 00:00:00+00:00,Footwear,1,6059.92,0.0,1007,1,0.1315174887660858,COD,South,9,9,0
1165,2023-06-11 00:00:00+00:00,Home,0,3324.41,0.4279861312712724,3021,0,0.0,COD,East,12,1,0
3024,2023-06-11 00:00:00+00:00,Footwear,1,424.03,0.0,2968,1,0.064167941604402,COD,North,8,0,0
2422,2023-06-11 00:00:00+00:00,Home,0,19.03,0.0,4227,4,0.19224122601076615,Prepaid,North,4,2,0
1249,2023-06-11 00:00:00+00:00,Apparel,1,3284.43,0.10967787904645818,1794,2,0.0018784730437935199,Prepaid,North,5,4,0
110,2023-06-11 00:00:00+00:00,Home,0,414.36,0.15029516379955646,2058,2,0.05301174615282735,Prepaid,North,6,0,0
1230,2023-06-11 00:00:00+00:00,Apparel,1,4692.74,0.0,2854,4,0.28654707212894587,Prepaid,West,3,1,0
4625,2023-06-11 00:00:00+00:00,Electronics,0,140.68,0.0,4380,3,0.2921208868072652,Prepaid,West,8,1,0
999,2023-06-11 00:00:00+00:00,Apparel,1,1011.53,0.0,2142,0,0.0,COD,West,5,4,0
3069,2023-06-11 00:00:00+00:00,Apparel,1,998.41,0.0,3210,3,0.0035858796700011233,COD,East,6,7,0
3640,2023-06-11 00:00:00+00:00,Apparel,1,7148.86,0.0,2034,5,0.372761263983556,Prepaid,South,14,5,0
748,2023-06-11 00:00:00+00:00,Home,0,2884.38,0.0,4486,4,0.0828492405553517,COD,East,13,1,0
3850,2023-06-11 00:00:00+00:00,Footwear,1,258.96,0.27053496872301636,1049,2,0.22683332314947904,Prepaid,North,3,7,0
2687,2023-06-11 00:00:00+00:00,Apparel,1,1932.35,0.21578386131728608,2080,0,0.0,COD,East,3,3,1
3467,2023-06-11 00:00:00+00:00,Apparel,1,2066.0,0.0,3680,1,0.18296682486423907,COD,South,2,4,0
3726,2023-06-11 00:00:00+00:00,Electronics,0,600.08,0.0,3534,0,0.0,Prepaid,South,11,7,0
1719,2023-06-11 00:00:00+00:00,Footwear,1,287.22,0.0,1268,3,0.18092083181948862,Prepaid,East,14,2,0
3414,2023-06-11 00:00:00+00:00,Home,0,565.12,0.3345264121032346,2417,1,0.3127972680590683,Prepaid,North,12,2,0
3788,2023-06-11 00:00:00+00:00,Apparel,1,1356.44,0.09244429035888127,3149,2,0.24189432559238916,Prepaid,West,11,2,1
4233,2023-06-11 00:00:00+00:00,Apparel,1,1124.46,0.0,2026,3,0.2783241637750914,Prepaid,North,2,0,0
3217,2023-06-11 00:00:00+00:00,Apparel,1,3033.78,0.0,3999,5,0.1846736506360404,Prepaid,South,1,1,0
4200,2023-06-11 00:00:00+00:00,Home,0,343.43,0.0,4456,1,0.2841838983992842,Prepaid,North,6,0,0
4228,2023-06-12 00:00:00+00:00,Apparel,1,922.54,0.0,4456,3,0.03884713156242832,Prepaid,North,12,1,0
101,2023-06-12 00:00:00+00:00,Electronics,0,1735.82,0.0,1066,1,0.28397208378772665,Prepaid,South,4,0,0
3589,2023-06-12 00:00:00+00:00,Electronics,0,356.39,0.06754669218256128,1516,1,0.42163362016363853,Prepaid,North,3,0,0
3825,2023-06-12 00:00:00+00:00,Beauty,0,663.63,0.0,1124,0,0.0,COD,East,2,5,1
100,2023-06-12 00:00:00+00:00,Home,0,21629.07,0.0,2077,0,0.0,Prepaid,North,1,0,0
3045,2023-06-12 00:00:00+00:00,Home,0,6859.82,0.19435221595411628,2204,2,0.08641494989891756,COD,North,7,2,0
3553,2023-06-12 00:00:00+00:00,Electronics,0,344.2,0.14321375081075746,2083,1,0.12783168502895156,COD,West,4,1,0
1546,2023-06-12 00:00:00+00:00,Apparel,1,4008.83,0.0,4314,2,0.3047125194103854,Prepaid,West,8,1,0
2823,2023-06-12 00:00:00+00:00,Home,0,1309.01,0.0,2729,5,0.08423724729038254,COD,East,5,6,0
2374,2023-06-12 00:00:00+00:00,Electronics,0,675.76,0.0,4045,2,0.13803593380332196,COD,South,9,15,0
4036,2023-06-12 00:00:00+00:00,Footwear,1,402.43,0.07077095092026563,2459,2,0.016208308341307907,Prepaid,North,1,2,0
1647,2023-06-12 00:00:00+00:00,Apparel,1,2306.47,0.2962793129794246,2667,2,0.3795765895252857,Prepaid,West,1,3,0
3404,2023-06-12 00:00:00+00:00,Footwear,1,1055.87,0.0,3803,3,0.17900876170314853,COD,South,7,2,0
4979,2023-06-12 00:00:00+00:00,Apparel,1,1284.46,0.0,3266,1,0.4232137879974969,Prepaid,South,3,7,0
2370,2023-06-12 00:00:00+00:00,Apparel,1,1996.75,0.0,3087,1,0.3870485085406886,COD,East,9,0,1
3065,2023-06-12 00:00:00+00:00,Footwear,1,376.86,0.029218055150992947,1607,3,0.4195846466101244,Prepaid,East,11,8,0
488,2023-06-12 00:00:00+00:00,Home,0,3584.07,0.0,4255,2,0.31628083060854245,Prepaid,North,2,0,0
4412,2023-06-12 00:00:00+00:00,Apparel,1,3279.47,0.0,3628,2,0.13947661180598137,Prepaid,North,4,3,0
2345,2023-06-12 00:00:00+00:00,Apparel,1,893.89,0.0,3890,1,0.2920310414517243,Prepaid,South,6,0,0
3349,2023-06-12 00:00:00+00:00,Home,0,3326.92,0.20034438653276457,2491,2,0.08034663468315703,COD,East,2,2,0
4821,2023-06-12 00:00:00+00:00,Apparel,1,345.76,0.0,2030,2,0.037793290160893486,Prepaid,South,10,0,0
2227,2023-06-12 00:00:00+00:00,Apparel,1,5010.96,0.0,1472,0,0.0,COD,East,10,4,1
988,2023-06-12 00:00:00+00:00,Footwear,1,2691.32,0.0,2886,3,0.34710963611718726,Prepaid,North,14,0,0
583,2023-06-12 00:00:00+00:00,Electronics,0,2041.03,0.0,3729,2,0.2511710900341863,Prepaid,South,2,12,0
281,2023-06-12 00:00:00+00:00,Footwear,1,840.23,0.0,2268,2,0.22563261508057386,Prepaid,East,10,2,0
4851,2023-06-12 00:00:00+00:00,Footwear,1,1383.57,0.4469049425976278,3636,2,0.20702200134657006,Prepaid,South,8,13,0
1720,2023-06-12 00:00:00+00:00,Apparel,1,633.16,0.3827745545860016,2524,3,0.16835336130944673,COD,West,7,2,0
1942,2023-06-12 00:00:00+00:00,Footwear,1,389.88,0.0,2363,4,0.02510896584967354,Prepaid,East,9,0,0
2801,2023-06-12 00:00:00+00:00,Apparel,1,148.3,0.05621275268034443,1719,2,0.2413124650856346,COD,North,9,0,0
1059,2023-06-13 00:00:00+00:00,Home,0,2050.86,0.0,1787,0,0.0,Prepaid,East,9,0,0
2215,2023-06-13 00:00:00+00:00,Apparel,1,1823.3,0.0,2356,2,0.3439781148802835,COD,East,11,0,0
3510,2023-06-13 00:00:00+00:00,Home,0,2548.63,0.495687384027225,1571,4,0.1783682257928827,Prepaid,East,10,2,1
527,2023-06-13 00:00:00+00:00,Electronics,0,976.97,0.0,1882,1,0.0977644119754857,COD,South,7,3,0
2381,2023-06-13 00:00:00+00:00,Electronics,0,328.17,0.0,1805,2,0.37275276230950966,Prepaid,North,11,9,0
1672,2023-06-13 00:00:00+00:00,Electronics,0,1327.23,0.14022115199840954,1093,1,0.2689070847695117,Prepaid,West,3,1,0
4393,2023-06-13 00:00:00+00:00,Beauty,0,685.5,0.0,1304,0,0.0,Prepaid,North,14,5,0
525,2023-06-13 00:00:00+00:00,Footwear,1,686.84,0.0,4441,0,0.0,COD,West,1,6,0
2452,2023-06-13 00:00:00+00:00,Apparel,1,603.54,0.0493895837336282,1120,1,0.07043957097927803,Prepaid,East,2,1,0
677,2023-06-13 00:00:00+00:00,Apparel,1,2056.19,0.0,2931,1,0.03959757027721489,COD,West,3,1,0
1945,2023-06-13 00:00:00+00:00,Apparel,1,183.72,0.0,3740,2,0.006152408493682534,Prepaid,North,11,0,0
4731,2023-06-13 00:00:00+00:00,Apparel,1,4121.95,0.0,2796,0,0.0,Prepaid,South,4,5,0
4397,2023-06-13 00:00:00+00:00,Home,0,561.44,0.4218266373641494,2597,0,0.0,Prepaid,North,11,3,0
61,2023-06-13 00:00:00+00:00,Electronics,0,1095.97,0.0,1793,1,0.06582788929298682,COD,North,13,1,1
2963,2023-06-13 00:00:00+00:00,Home,0,1452.37,0.0,4353,3,0.08599478188580989,Prepaid,North,3,0,0
2257,2023-06-13 00:00:00+00:00,Beauty,0,2234.14,0.12039033577983965,2652,2,0.13229142382181538,Prepaid,North,4,0,0
4142,2023-06-13 00:00:00+00:00,Apparel,1,4687.49,0.0,2438,0,0.0,COD,North,11,0,1
4598,2023-06-13 00:00:00+00:00,Apparel,1,2617.14,0.0,3041,3,0.1456890096044183,Prepaid,West,14,2,0
2576,2023-06-13 00:00:00+00:00,Home,0,322.46,0.0,3216,1,0.23778833438355634,Prepaid,South,13,0,0
2679,2023-06-13 00:00:00+00:00,Apparel,1,1456.9,0.0,2989,1,0.16071310494743432,Prepaid,North,6,2,0
1092,2023-06-13 00:00:00+00:00,Home,0,7021.5,0.0,1507,3,0.03462495222477921,Prepaid,South,8,2,0
4109,2023-06-13 00:00:00+00:00,Apparel,1,468.94,0.0,3371,1,0.6952116195198058,Prepaid,North,11,1,1
3310,2023-06-13 00:00:00+00:00,Electronics,0,1991.32,0.3608878077364236,1025,3,0.09200482888367684,Prepaid,East,13,3,0
1896,2023-06-13 00:00:00+00:00,Apparel,1,305.81,0.13493018357956016,1000,4,0.07560165139595565,Prepaid,North,6,6,1
652,2023-06-13 00:00:00+00:00,Apparel,1,384.67,0.0,1609,2,0.5113771904402521,COD,South,3,3,0
1359,2023-06-13 00:00:00+00:00,Footwear,1,277.42,0.0,3307,3,0.7905767474526539,Prepaid,North,1,0,1
2152,2023-06-13 00:00:00+00:00,Home,0,302.16,0.0,2505,1,0.2870921047890722,Prepaid,North,14,3,0
268,2023-06-13 00:00:00+00:00,Beauty,0,1387.38,0.0,3933,2,0.14889970902342906,Prepaid,North,5,0,1
4491,2023-06-13 00:00:00+00:00,Apparel,1,2408.66,0.17248490492271373,1533,1,0.16432703729314307,Prepaid,East,6,0,0
4462,2023-06-13 00:00:00+00:00,Apparel,1,1538.4,0.0,4409,5,0.20453079100136828,Prepaid,East,7,3,0
222,2023-06-13 00:00:00+00:00,Apparel,1,5408.32,0.0,2099,2,0.13853961806542547,COD,North,10,4,0
3141,2023-06-13 00:00:00+00:00,Apparel,1,356.8,0.0,1838,0,0.0,COD,South,14,2,0
3365,2023-06-13 00:00:00+00:00,Apparel,1,5860.58,0.0,2679,3,0.1720370195963146,Prepaid,East,7,0,0
1902,2023-06-13 00:00:00+00:00,Footwear,1,1161.06,0.0,4215,2,0.1250378736670098,Prepaid,North,9,1,0
1140,2023-06-13 00:00:00+00:00,Home,0,166.77,0.0,2340,1,0.4213908461939822,Prepaid,West,4,6,1
3612,2023-06-13 00:00:00+00:00,Apparel,1,935.24,0.0,3958,1,0.14970650868675628,Prepaid,North,6,1,0
2480,2023-06-13 00:00:00+00:00,Beauty,0,271.68,0.0,3366,3,0.2141248376161928,Prepaid,North,3,2,0
2863,2023-06-14 00:00:00+00:00,Apparel,1,187.47,0.0,3024,4,0.020410922957338564,COD,East,5,2,0
4573,2023-06-14 00:00:00+00:00,Apparel,1,649.23,0.0,2688,1,0.18189901026291638,COD,North,14,0,0
1016,2023-06-14 00:00:00+00:00,Apparel,1,187.84,0.2479829289470047,3646,2,0.4392879494372129,COD,West,13,2,0
730,2023-06-14 00:00:00+00:00,Beauty,0,1307.8,0.305590309964696,1915,1,0.24383309351161234,Prepaid,North,13,1,0
1258,2023-06-14 00:00:00+00:00,Footwear,1,4345.2,0.0,3596,0,0.0,Prepaid,East,10,7,0
601,2023-06-14 00:00:00+00:00,Apparel,1,1137.93,0.0,3896,2,0.1698278079183442,Prepaid,East,2,1,0
3851,2023-06-14 00:00:00+00:00,Electronics,0,3106.72,0.0,4005,1,0.07908204917165737,Prepaid,West,11,1,0
4002,2023-06-14 00:00:00+00:00,Beauty,0,2120.98,0.0,1059,5,0.09470203656209367,Prepaid,North,14,11,1
1972,2023-06-14 00:00:00+00:00,Electronics,0,1210.87,0.18639255275647373,2012,2,0.11851645346293901,Prepaid,East,6,6,0
3738,2023-06-14 00:00:00+00:00,Apparel,1,1945.76,0.12496451708356647,3891,4,0.19215974697828564,Prepaid,North,4,0,0
3464,2023-06-14 00:00:00+00:00,Electronics,0,4291.6,0.0,1463,1,0.13815917210289383,Prepaid,West,10,2,0
4103,2023-06-14 00:00:00+00:00,Apparel,1,504.82,0.21851483081461381,1039,7,0.0953099229583283,Prepaid,South,7,0,0
3817,2023-06-14 00:00:00+00:00,Apparel,1,3922.42,0.0,3182,4,0.15722782810402566,Prepaid,South,14,1,0
1974,2023-06-14 00:00:00+00:00,Apparel,1,1353.44,0.046779117218897805,4106,2,0.042327689659913716,Prepaid,East,11,0,0
4814,2023-06-14 00:00:00+00:00,Apparel,1,318.2,0.0,4197,0,0.0,Prepaid,South,11,5,0
2856,2023-06-14 00:00:00+00:00,Home,0,6318.31,0.2884601445404817,2021,1,0.10440260252505278,COD,West,8,4,0
1324,2023-06-14 00:00:00+00:00,Apparel,1,740.18,0.0,1585,2,0.2699953753319464,Prepaid,South,8,6,1
173,2023-06-14 00:00:00+00:00,Home,0,4286.53,0.0,1675,4,0.10090181912224877,COD,North,5,1,0
3394,2023-06-14 00:00:00+00:00,Apparel,1,392.78,0.0,2536,2,0.5617565892089759,Prepaid,South,4,1,0
3396,2023-06-14 00:00:00+00:00,Footwear,1,1925.81,0.0,2418,1,0.10897563844978081,Prepaid,South,5,3,0
2642,2023-06-14 00:00:00+00:00,Home,0,718.12,0.48407028042341915,1149,3,0.5258959505251389,COD,East,7,0,1
3503,2023-06-14 00:00:00+00:00,Apparel,1,1657.6,0.0,1001,0,0.0,Prepaid,North,13,1,0
2790,2023-06-14 00:00:00+00:00,Apparel,1,2694.33,0.0,3425,1,0.015509268918995376,Prepaid,West,13,0,0
4945,2023-06-15 00:00:00+00:00,Beauty,0,329.73,0.0,4265,4,0.2535536034885926,Prepaid,North,9,3,0
1927,2023-06-15 00:00:00+00:00,Apparel,1,3567.95,0.0,2852,4,0.012662671945101955,COD,West,6,1,0
4789,2023-06-15 00:00:00+00:00,Beauty,0,366.71,0.04569584865519663,3548,2,0.0832422150686869,Prepaid,South,6,4,0
3223,2023-06-15 00:00:00+00:00,Apparel,1,461.03,0.0,1101,3,0.12080911684714979,Prepaid,East,2,3,0
3340,2023-06-15 00:00:00+00:00,Home,0,1657.71,0.0,2878,3,0.05239626667416474,Prepaid,East,2,1,0
269,2023-06-15 00:00:00+00:00,Apparel,1,228.45,0.0,2559,4,0.1382351360869268,Prepaid,West,9,1,0
4903,2023-06-15 00:00:00+00:00,Apparel,1,269.76,0.0,3999,1,0.5042186720500429,Prepaid,East,8,5,0
4863,2023-06-15 00:00:00+00:00,Apparel,1,1185.22,0.5582254492988662,3487,0,0.0,COD,East,9,3,1
4132,2023-06-15 00:00:00+00:00,Home,0,4812.23,0.0,3325,0,0.0,Prepaid,East,2,2,1
4405,2023-06-15 00:00:00+00:00,Footwear,1,577.17,0.4226563837683208,1082,2,0.2324639694635129,Prepaid,West,8,1,0
4512,2023-06-15 00:00:00+00:00,Beauty,0,1763.22,0.2782290921238761,1288,5,0.06156344718363901,Prepaid,North,12,0,1
1770,2023-06-15 00:00:00+00:00,Home,0,421.92,0.0018147838664009236,1301,2,0.14591216859322145,COD,North,5,1,1
602,2023-06-15 00:00:00+00:00,Footwear,1,1238.63,0.0,1738,2,0.5029678912759236,COD,South,11,2,0
1754,2023-06-15 00:00:00+00:00,Apparel,1,1149.4,0.0,2884,3,0.09362818644834957,Prepaid,West,10,3,0
1217,2023-06-15 00:00:00+00:00,Apparel,1,1806.89,0.2619975492194703,2772,2,0.011594781685834806,Prepaid,West,5,0,0
1717,2023-06-15 00:00:00+00:00,Electronics,0,428.25,0.0,1704,3,0.051203695373997896,Prepaid,East,14,1,0
639,2023-06-15 00:00:00+00:00,Apparel,1,497.94,0.0,3796,2,0.15703594074515112,Prepaid,East,13,8,0
2355,2023-06-15 00:00:00+00:00,Electronics,0,2830.61,0.0,3418,0,0.0,Prepaid,East,5,0,0
1321,2023-06-15 00:00:00+00:00,Apparel,1,2232.1,0.0,3334,2,0.09070369954283339,Prepaid,North,2,0,0
1805,2023-06-15 00:00:00+00:00,Beauty,0,368.96,0.0,2894,5,0.11923533776100366,COD,East,8,2,0
767,2023-06-15 00:00:00+00:00,Apparel,1,476.94,0.0,1741,1,0.006202938681668356,Prepaid,North,1,1,0
777,2023-06-15 00:00:00+00:00,Apparel,1,2058.37,0.0,3655,4,0.12464131402014701,Prepaid,West,2,5,0
4339,2023-06-15 00:00:00+00:00,Electronics,0,2804.53,0.0,1225,3,0.1290201073936649,Prepaid,North,2,1,0
3927,2023-06-15 00:00:00+00:00,Footwear,1,4244.29,0.0,3796,1,0.04685286743101603,Prepaid,South,14,1,0
3139,2023-06-15 00:00:00+00:00,Electronics,0,1649.2,0.3792524986276269,1817,2,0.07486793413239032,Prepaid,East,7,0,0
1036,2023-06-15 00:00:00+00:00,Electronics,0,5111.68,0.0,4393,1,0.2226265274005429,COD,South,1,1,0
1618,2023-06-15 00:00:00+00:00,Electronics,0,560.66,0.0,1665,1,0.19963898408831968,Prepaid,East,7,0,0
3782,2023-06-15 00:00:00+00:00,Footwear,1,912.41,0.0,1542,4,0.1493421691436758,Prepaid,South,14,1,0
2492,2023-06-15 00:00:00+00:00,Apparel,1,183.96,0.04674105728521144,4200,2,0.1979228382890791,Prepaid,East,5,0,0
2454,2023-06-15 00:00:00+00:00,Apparel,1,1722.99,0.0,3018,0,0.0,COD,South,12,1,1
1286,2023-06-15 00:00:00+00:00,Beauty,0,908.08,0.15242016730355626,1496,1,0.021078122600049782,Prepaid,West,12,0,0
2473,2023-06-16 00:00:00+00:00,Apparel,1,3039.95,0.03133636707571613,2547,3,0.22951047428327936,Prepaid,West,5,4,0
3391,2023-06-16 00:00:00+00:00,Beauty,0,5114.91,0.0,3395,1,0.06570883389687605,Prepaid,West,5,10,0
2948,2023-06-16 00:00:00+00:00,Home,0,1765.93,0.3081681681544322,1464,1,0.5266899349441555,Prepaid,South,7,4,0
4297,2023-06-16 00:00:00+00:00,Electronics,0,2663.17,0.2793564861117876,3310,1,0.24696182089570284,COD,East,8,9,0
617,2023-06-16 00:00:00+00:00,Apparel,1,460.83,0.0,3142,5,0.6018920380107864,Prepaid,South,8,0,1
43,2023-06-16 00:00:00+00:00,Footwear,1,454.34,0.21804543635548998,3195,1,0.03627627334188493,Prepaid,East,6,2,0
3321,2023-06-16 00:00:00+00:00,Home,0,1725.02,0.0,2129,2,0.05945668458745213,Prepaid,West,9,3,0
1439,2023-06-16 00:00:00+00:00,Electronics,0,265.12,0.22046834318345343,4352,4,0.09057269322332744,Prepaid,West,5,0,0
2253,2023-06-16 00:00:00+00:00,Apparel,1,726.75,0.09352310524704649,3770,1,0.4194350233725857,Prepaid,South,2,2,0
2908,2023-06-16 00:00:00+00:00,Apparel,1,121.82,0.0,3595,2,0.12589346244059324,Prepaid,West,13,6,0
579,2023-06-16 00:00:00+00:00,Apparel,1,778.66,0.0,2111,3,0.07634304808770347,Prepaid,West,4,0,0
4196,2023-06-16 00:00:00+00:00,Apparel,1,1203.11,0.2402845005842144,1672,1,0.30457590527359196,COD,East,13,0,0
2244,2023-06-16 00:00:00+00:00,Apparel,1,770.29,0.4872779211807329,3605,3,0.4182679818868066,COD,West,12,1,1
631,2023-06-16 00:00:00+00:00,Home,0,4890.86,0.0,2734,1,0.22846070082180506,Prepaid,South,1,2,0
4191,2023-06-16 00:00:00+00:00,Electronics,0,444.77,0.0,1155,2,0.11886540299262721,Prepaid,West,13,2,0
2887,2023-06-16 00:00:00+00:00,Footwear,1,1099.65,0.0,1877,1,0.5513408824574062,Prepaid,West,14,0,0
2211,2023-06-16 00:00:00+00:00,Electronics,0,2623.64,0.0,3380,3,0.13242350866225636,COD,North,1,0,0
3272,2023-06-16 00:00:00+00:00,Electronics,0,3163.63,0.08649371497547662,2584,0,0.0,COD,West,2,5,0
4602,2023-06-16 00:00:00+00:00,Electronics,0,915.29,0.23465459643149422,1370,5,0.3487616916628387,Prepaid,North,1,5,0
3074,2023-06-16 00:00:00+00:00,Apparel,1,335.95,0.0,3080,1,0.29035296918207,Prepaid,South,12,5,0
896,2023-06-17 00:00:00+00:00,Apparel,1,2701.15,0.0,2579,3,0.4800080672867771,COD,West,13,9,0
593,2023-06-17 00:00:00+00:00,Apparel,1,1525.49,0.09385186532784415,1341,1,0.04605221698905146,COD,South,1,15,0
1146,2023-06-17 00:00:00+00:00,Beauty,0,255.4,0.0,2022,2,0.0280284211787653,Prepaid,South,7,4,0
4618,2023-06-17 00:00:00+00:00,Apparel,1,172.75,0.441712940205193,3745,4,0.046597948368352266,Prepaid,South,12,0,0
3189,2023-06-17 00:00:00+00:00,Beauty,0,4585.35,0.2156399466400314,2608,1,0.01309644081352378,Prepaid,East,11,2,0
2912,2023-06-17 00:00:00+00:00,Electronics,0,567.32,0.0,1980,3,0.06452506077058018,Prepaid,West,4,1,0
4490,2023-06-17 00:00:00+00:00,Beauty,0,577.09,0.0,1346,2,0.048376771853939966,Prepaid,South,7,5,0
1604,2023-06-17 00:00:00+00:00,Apparel,1,776.82,0.11969939893243395,3859,0,0.0,Prepaid,North,9,0,0
4959,2023-06-17 00:00:00+00:00,Home,0,793.92,0.0,1722,0,0.0,Prepaid,East,5,6,0
4129,2023-06-17 00:00:00+00:00,Home,0,463.73,0.0,3423,2,0.041330784290260755,Prepaid,North,10,1,0
3637,2023-06-17 00:00:00+00:00,Beauty,0,1578.5,0.0,1569,2,0.3608369297707789,COD,West,6,11,0
499,2023-06-17 00:00:00+00:00,Apparel,1,3361.9,0.0,3175,5,0.09974599256443284,Prepaid,South,14,1,0
1944,2023-06-17 00:00:00+00:00,Electronics,0,493.27,0.0,2037,1,0.02625148926552735,COD,North,7,6,0
3314,2023-06-17 00:00:00+00:00,Footwear,1,1583.61,0.0,3580,3,0.38761723209343807,Prepaid,South,4,9,0
230,2023-06-17 00:00:00+00:00,Apparel,1,1184.73,0.0,2681,2,0.25913075290672655,Prepaid,North,1,2,0
3284,2023-06-17 00:00:00+00:00,Electronics,0,506.66,0.0,2906,0,0.0,Prepaid,South,11,1,0
412,2023-06-17 00:00:00+00:00,Electronics,0,180.22,0.0,4385,2,0.054390253224394905,Prepaid,West,12,1,0
3142,2023-06-17 00:00:00+00:00,Home,0,519.69,0.0,1622,2,0.3435629492176739,COD,South,6,1,1
3237,2023-06-17 00:00:00+00:00,Apparel,1,1604.99,0.0,3546,0,0.0,COD,South,2,0,0
1208,2023-06-17 00:00:00+00:00,Apparel,1,1138.47,0.0,2068,1,0.3346629172090246,Prepaid,South,3,2,0
1793,2023-06-17 00:00:00+00:00,Beauty,0,4458.75,0.0,1648,0,0.0,Prepaid,West,8,1,0
4433,2023-06-17 00:00:00+00:00,Apparel,1,572.34,0.34400911175667237,1742,4,0.4672900723877977,Prepaid,West,9,3,0
4241,2023-06-17 00:00:00+00:00,Home,0,1721.01,0.0,3236,4,0.05881810623309255,Prepaid,North,7,3,0
1452,2023-06-17 00:00:00+00:00,Home,0,376.6,0.46976649975297236,1349,1,0.07393253901442842,Prepaid,North,2,3,0
2592,2023-06-17 00:00:00+00:00,Apparel,1,464.48,0.15429551678631542,3424,3,0.059940136045846235,Prepaid,South,13,14,0
3071,2023-06-17 00:00:00+00:00,Apparel,1,4656.87,0.0,1864,0,0.0,COD,East,1,8,0
976,2023-06-17 00:00:00+00:00,Electronics,0,569.21,0.053713681750601094,1222,4,0.1376159922125696,COD,North,6,16,0
1336,2023-06-17 00:00:00+00:00,Electronics,0,7428.99,0.1804146853494696,3053,0,0.0,Prepaid,North,7,2,0
2936,2023-06-17 00:00:00+00:00,Apparel,1,3504.19,0.0,2383,0,0.0,Prepaid,East,5,0,0
3114,2023-06-17 00:00:00+00:00,Beauty,0,1353.2,0.0,3254,2,0.09050599265990072,COD,North,8,12,0
3711,2023-06-18 00:00:00+00:00,Electronics,0,1716.75,0.0,3927,3,0.16306224463514934,Prepaid,North,4,1,0
4324,2023-06-18 00:00:00+00:00,Apparel,1,1330.3,0.0,3935,3,0.17270398250668015,Prepaid,South,9,7,0
4326,2023-06-18 00:00:00+00:00,Apparel,1,3357.7,0.0,2772,4,0.007904224536707914,COD,West,12,0,0
4067,2023-06-18 00:00:00+00:00,Home,0,893.92,0.0,2177,1,0.44150435962230256,COD,West,8,1,0
4563,2023-06-18 00:00:00+00:00,Footwear,1,1863.96,0.08994313490356334,1507,2,0.05901808324829616,Prepaid,South,6,3,0
2264,2023-06-18 00:00:00+00:00,Footwear,1,4039.9,0.0,1994,1,0.3224617051307957,COD,West,11,3,0
4917,2023-06-18 00:00:00+00:00,Electronics,0,573.24,0.12947906153766417,3884,0,0.0,Prepaid,West,1,17,0
282,2023-06-18 00:00:00+00:00,Beauty,0,913.35,0.3054448871509028,1637,4,0.0572181626365374,COD,West,7,0,0
2675,2023-06-18 00:00:00+00:00,Apparel,1,2673.43,0.23488991828323674,3722,1,0.0917611133634953,Prepaid,North,14,6,0
2570,2023-06-18 00:00:00+00:00,Home,0,2632.79,0.23618938831339398,3984,3,0.3665847461254685,Prepaid,East,4,2,0
1156,2023-06-18 00:00:00+00:00,Apparel,1,3563.26,0.12092918921617504,4225,3,0.0687450862884489,COD,East,3,0,0
1610,2023-06-18 00:00:00+00:00,Apparel,1,445.8,0.0,1488,1,0.2979311806718469,Prepaid,East,1,1,0
4122,2023-06-18 00:00:00+00:00,Electronics,0,1759.3,0.24077063278978694,2346,1,0.21933566741660748,Prepaid,North,8,4,0
2245,2023-06-18 00:00:00+00:00,Electronics,0,1234.9,0.2053170725778807,3151,3,0.2611707421978055,COD,North,13,4,0
2391,2023-06-18 00:00:00+00:00,Apparel,1,5678.64,0.0,2332,2,0.07656463800048553,Prepaid,South,13,6,0
2058,2023-06-18 00:00:00+00:00,Electronics,0,769.85,0.0,4330,2,0.16985586457305887,Prepaid,East,7,1,0
900,2023-06-18 00:00:00+00:00,Home,0,589.5,0.1916961247602767,2960,2,0.15283327465406218,Prepaid,South,5,2,0
4676,2023-06-18 00:00:00+00:00,Apparel,1,2248.12,0.11878766928874626,4387,4,0.0648092494143484,COD,South,3,3,0
4143,2023-06-18 00:00:00+00:00,Beauty,0,786.86,0.0,1499,5,0.41371451001821336,COD,West,1,0,0
1776,2023-06-18 00:00:00+00:00,Apparel,1,1094.61,0.21072993280441724,3725,3,0.03532311196083856,Prepaid,South,6,0,0
1531,2023-06-18 00:00:00+00:00,Apparel,1,907.46,0.4987006551809815,3200,1,0.15916585877944409,COD,North,6,0,0
3583,2023-06-18 00:00:00+00:00,Footwear,1,1368.73,0.0,3467,2,0.0032197587633878266,COD,East,11,2,1
2502,2023-06-18 00:00:00+00:00,Beauty,0,442.22,0.0,3429,3,0.2967766451074133,COD,North,8,13,1
3347,2023-06-18 00:00:00+00:00,Apparel,1,1044.86,0.09431296900951014,2471,1,0.17260674665155085,Prepaid,West,5,0,0
2871,2023-06-18 00:00:00+00:00,Apparel,1,749.11,0.0,4441,1,0.2970776910937583,Prepaid,North,12,3,0
2886,2023-06-18 00:00:00+00:00,Electronics,0,1054.7,0.2850945266843193,4373,2,0.468323081063506,COD,East,7,0,0
3161,2023-06-18 00:00:00+00:00,Footwear,1,628.19,0.0,2339,1,0.13107754580041958,Prepaid,South,1,2,0
4669,2023-06-18 00:00:00+00:00,Electronics,0,507.67,0.0,1858,1,0.01192530037657047,Prepaid,South,7,0,0
3955,2023-06-18 00:00:00+00:00,Apparel,1,2380.92,0.2009757444534953,3267,2,0.12470037782206897,Prepaid,West,2,8,0
4201,2023-06-18 00:00:00+00:00,Apparel,1,221.69,0.3181967595845272,3420,2,0.316428617976662,Prepaid,North,6,6,0
3526,2023-06-18 00:00:00+00:00,Apparel,1,3653.51,0.0,4497,2,0.02714035180656159,Prepaid,East,12,3,0
1467,2023-06-19 00:00:00+00:00,Apparel,1,833.78,0.0,3080,0,0.0,COD,West,6,2,0
3442,2023-06-19 00:00:00+00:00,Apparel,1,892.0,0.0,4496,2,0.6516414103472646,COD,East,6,2,0
3848,2023-06-19 00:00:00+00:00,Home,0,2768.11,0.20652714866046937,4204,0,0.0,Prepaid,West,9,6,0
1463,2023-06-19 00:00:00+00:00,Apparel,1,2312.27,0.0,1642,1,0.03126243971407441,COD,South,6,2,1
4594,2023-06-19 00:00:00+00:00,Apparel,1,435.33,0.0,3638,2,0.08373834384924166,Prepaid,East,7,4,0
3446,2023-06-19 00:00:00+00:00,Footwear,1,616.9,0.0,2958,2,0.014578392772458844,COD,South,14,0,0
3125,2023-06-19 00:00:00+00:00,Home,0,919.32,0.0,2540,1,0.02125749334892163,COD,South,9,0,0
150,2023-06-19 00:00:00+00:00,Footwear,1,1752.58,0.0,3933,1,0.5053608852521801,Prepaid,East,5,0,1
4566,2023-06-19 00:00:00+00:00,Home,0,1047.63,0.14120402802886944,2396,0,0.0,Prepaid,East,9,0,1
4758,2023-06-19 00:00:00+00:00,Home,0,778.56,0.0,2148,1,0.12691878321050454,Prepaid,North,8,16,1
4760,2023-06-19 00:00:00+00:00,Apparel,1,591.61,0.0,3667,0,0.0,COD,South,1,4,1
1625,2023-06-19 00:00:00+00:00,Apparel,1,677.6,0.012860424010136123,2471,0,0.0,Prepaid,North,8,1,0
1570,2023-06-19 00:00:00+00:00,Apparel,1,1789.51,0.0,4314,1,0.5000742757660551,Prepaid,South,11,1,0
1615,2023-06-19 00:00:00+00:00,Beauty,0,523.38,0.32208729381393636,1920,3,0.14290657757664135,Prepaid,West,11,3,0
4902,2023-06-19 00:00:00+00:00,Home,0,1191.67,0.16182900549503876,1460,2,0.06647484259725046,Prepaid,North,7,0,0
2198,2023-06-19 00:00:00+00:00,Electronics,0,793.72,0.38130862943533506,2002,3,0.24716426929848404,Prepaid,East,8,0,1
821,2023-06-19 00:00:00+00:00,Electronics,0,1065.15,0.0,1386,1,0.10744978780714004,Prepaid,North,6,6,0
4166,2023-06-19 00:00:00+00:00,Electronics,0,2240.16,0.2881119768030507,1223,0,0.0,Prepaid,West,2,1,0
4431,2023-06-19 00:00:00+00:00,Beauty,0,5513.77,0.0,3256,2,0.30181397141406746,COD,South,3,3,0
31,2023-06-19 00:00:00+00:00,Beauty,0,452.98,0.0,4246,2,0.06256972502393304,COD,North,11,0,0
360,2023-06-19 00:00:00+00:00,Electronics,0,4774.24,0.0,4481,2,0.41583544420888935,COD,North,9,2,0
394,2023-06-19 00:00:00+00:00,Electronics,0,403.26,0.0,2945,1,0.44097948795985875,COD,South,1,4,0
4007,2023-06-19 00:00:00+00:00,Footwear,1,1465.88,0.0,1082,2,0.009744513475927337,Prepaid,South,13,2,0
2783,2023-06-19 00:00:00+00:00,Apparel,1,271.51,0.0,2299,1,0.1686741570240637,Prepaid,South,1,4,0
4009,2023-06-19 00:00:00+00:00,Home,0,2995.67,0.19666583621330008,4479,1,0.045601460298429077,COD,East,7,0,0
594,2023-06-19 00:00:00+00:00,Apparel,1,4535.86,0.0,2002,3,0.4450187276374822,Prepaid,South,1,1,0
2171,2023-06-19 00:00:00+00:00,Apparel,1,2280.71,0.13546322909468309,3887,2,0.3623792904794071,COD,East,6,10,1
2850,2023-06-19 00:00:00+00:00,Home,0,843.56,0.0,3943,4,0.685112363232594,Prepaid,East,11,6,0
1905,2023-06-19 00:00:00+00:00,Beauty,0,1765.97,0.0,1649,2,0.3176609391992891,Prepaid,West,1,4,0
4885,2023-06-20 00:00:00+00:00,Beauty,0,2761.9,0.0,1897,1,0.6586766968676578,Prepaid,West,9,0,0
3992,2023-06-20 00:00:00+00:00,Electronics,0,930.15,0.16945256456682223,1173,6,0.10594568580844008,Prepaid,West,11,4,0
141,2023-06-20 00:00:00+00:00,Apparel,1,3909.98,0.3175209129228823,4331,5,0.5235941763509472,Prepaid,South,6,6,0
1508,2023-06-20 00:00:00+00:00,Apparel,1,888.66,0.0,3450,0,0.0,Prepaid,West,11,4,0
3575,2023-06-20 00:00:00+00:00,Beauty,0,334.63,0.0,2372,1,0.39897336115303844,Prepaid,South,4,0,0
2954,2023-06-20 00:00:00+00:00,Apparel,1,1442.31,0.0,1620,2,0.43695393168698876,Prepaid,West,2,5,1
4650,2023-06-20 00:00:00+00:00,Beauty,0,3028.68,0.0,2302,3,0.19524692072233626,Prepaid,North,8,1,0
1964,2023-06-20 00:00:00+00:00,Footwear,1,245.24,0.3347745399651757,3668,3,0.07225260822617059,Prepaid,South,11,0,0
2005,2023-06-20 00:00:00+00:00,Beauty,0,818.17,0.0,3313,3,0.10869154497597842,Prepaid,South,3,1,0
4342,2023-06-20 00:00:00+00:00,Footwear,1,620.93,0.0,4410,3,0.4869172753084104,Prepaid,South,11,21,0
1451,2023-06-20 00:00:00+00:00,Apparel,1,232.62,0.0,2011,3,0.2364512034403836,Prepaid,South,1,2,0
4882,2023-06-20 00:00:00+00:00,Beauty,0,852.67,0.0,3999,2,0.02638160260704655,Prepaid,East,8,3,0
4008,2023-06-20 00:00:00+00:00,Beauty,0,1595.09,0.2851505127407238,2243,2,0.19646782792336578,COD,East,6,0,0
1381,2023-06-20 00:00:00+00:00,Electronics,0,1683.92,0.0,3472,2,0.14593356259656157,COD,West,6,5,0
3405,2023-06-20 00:00:00+00:00,Apparel,1,488.54,0.0,1888,2,0.48975011365994303,COD,East,9,4,0
2033,2023-06-20 00:00:00+00:00,Footwear,1,1319.91,0.16598456135685447,1664,4,0.14590900541029977,Prepaid,East,2,0,0
1115,2023-06-20 00:00:00+00:00,Apparel,1,1865.72,0.0,3266,3,0.10902289365342886,Prepaid,North,10,0,0
1169,2023-06-20 00:00:00+00:00,Electronics,0,654.1,0.29881778890205923,2861,3,0.18342772801477644,COD,West,13,0,1
2123,2023-06-20 00:00:00+00:00,Apparel,1,2249.29,0.0,2806,1,0.0026588781393364065,COD,West,7,1,0
2641,2023-06-20 00:00:00+00:00,Footwear,1,555.45,0.0,3486,3,0.1324576482896713,COD,West,10,4,0
2347,2023-06-20 00:00:00+00:00,Home,0,855.98,0.0,2309,3,0.06916737306220073,Prepaid,South,13,5,0
3835,2023-06-20 00:00:00+00:00,Apparel,1,501.48,0.0,3287,1,0.05454697336162563,Prepaid,East,5,1,0
493,2023-06-20 00:00:00+00:00,Beauty,0,1697.17,0.045060592067078464,3500,2,0.3764086131225496,Prepaid,South,10,1,1
2601,2023-06-21 00:00:00+00:00,Apparel,1,1983.12,0.0,1512,3,0.2411090749090876,Prepaid,North,2,3,0
3727,2023-06-21 00:00:00+00:00,Home,0,149.19,0.07330118398643104,1547,1,0.4188874501999848,Prepaid,South,10,2,0
4914,2023-06-21 00:00:00+00:00,Home,0,284.45,0.1503319069399854,2698,5,0.007996829369143773,Prepaid,West,13,1,0
117,2023-06-21 00:00:00+00:00,Apparel,1,999.69,0.0,1792,1,0.04703759909455099,Prepaid,North,3,0,1
3033,2023-06-21 00:00:00+00:00,Beauty,0,1502.27,0.04210187390081116,2562,0,0.0,Prepaid,East,2,0,0
1813,2023-06-21 00:00:00+00:00,Apparel,1,543.76,0.04949117555698307,3851,0,0.0,Prepaid,West,2,2,0
203,2023-06-21 00:00:00+00:00,Apparel,1,3284.53,0.37950294638149185,1618,1,0.35169127802508443,Prepaid,South,5,0,0
3797,2023-06-21 00:00:00+00:00,Apparel,1,793.4,0.0,1055,2,0.09424209421193773,Prepaid,South,3,7,0
1920,2023-06-21 00:00:00+00:00,Apparel,1,1051.08,0.2132322712403601,2195,2,0.0668807582416878,COD,East,6,2,0
2008,2023-06-21 00:00:00+00:00,Apparel,1,416.07,0.30859619249430204,1954,0,0.0,Prepaid,North,2,0,1
973,2023-06-21 00:00:00+00:00,Home,0,1688.18,0.1972590697011431,4308,5,0.18218729117040097,Prepaid,South,1,0,0
3880,2023-06-21 00:00:00+00:00,Apparel,1,95.83,0.0,3488,4,0.2940915393523688,COD,West,5,7,0
175,2023-06-21 00:00:00+00:00,Apparel,1,2354.17,0.0,1415,1,0.04793503586094306,Prepaid,North,1,2,0
319,2023-06-21 00:00:00+00:00,Apparel,1,639.02,0.0,3038,0,0.0,COD,South,7,0,0
3179,2023-06-21 00:00:00+00:00,Home,0,152.78,0.0,1218,2,0.05903095516429185,Prepaid,South,12,3,0
2270,2023-06-21 00:00:00+00:00,Apparel,1,228.18,0.19369328340223346,2203,3,0.09040927945675072,Prepaid,South,1,5,0
2179,2023-06-21 00:00:00+00:00,Footwear,1,2105.17,0.0,3289,1,0.3036329448489063,Prepaid,West,7,1,0
3376,2023-06-21 00:00:00+00:00,Beauty,0,469.29,0.10921515756717638,1852,2,0.18692689114229055,Prepaid,North,6,0,0
1289,2023-06-21 00:00:00+00:00,Apparel,1,793.49,0.0,4373,5,0.0022570147792171126,Prepaid,West,5,1,0
2093,2023-06-21 00:00:00+00:00,Electronics,0,496.88,0.0,3988,3,0.06619289721487116,Prepaid,North,10,1,0
1389,2023-06-21 00:00:00+00:00,Electronics,0,3915.08,0.0,3142,1,0.03063535044356614,Prepaid,East,13,6,0
3714,2023-06-21 00:00:00+00:00,Apparel,1,272.37,0.40946380434072827,1278,0,0.0,Prepaid,North,9,2,0
3945,2023-06-21 00:00:00+00:00,Home,0,3707.17,0.0,2175,1,0.057018238199133486,COD,South,2,3,1
2284,2023-06-21 00:00:00+00:00,Electronics,0,1421.97,0.0,2528,3,0.03244820556525194,Prepaid,North,2,0,0
1741,2023-06-21 00:00:00+00:00,Apparel,1,1708.62,0.0,1890,2,0.13561524177309942,Prepaid,East,8,4,0
2523,2023-06-21 00:00:00+00:00,Electronics,0,5282.79,0.0,3288,1,0.39691616822611575,Prepaid,South,7,1,1
4255,2023-06-21 00:00:00+00:00,Footwear,1,1328.21,0.0,3235,1,0.12187685021736731,COD,East,5,2,1
56,2023-06-21 00:00:00+00:00,Electronics,0,706.65,0.02325216152690615,2057,1,0.1138544872324906,Prepaid,South,14,3,0
4022,2023-06-22 00:00:00+00:00,Beauty,0,52.21,0.0,2964,3,0.11774406153953589,Prepaid,West,10,6,0
3787,2023-06-22 00:00:00+00:00,Home,0,1850.77,0.26803013162072864,1601,2,0.15567871226819283,Prepaid,North,5,0,0
623,2023-06-22 00:00:00+00:00,Apparel,1,850.63,0.0,1864,0,0.0,Prepaid,West,11,1,0
1205,2023-06-22 00:00:00+00:00,Electronics,0,795.12,0.0,2726,4,0.2044510126237973,Prepaid,South,7,0,0
1087,2023-06-22 00:00:00+00:00,Beauty,0,91.0,0.0,1356,2,0.03062911493432023,Prepaid,East,9,2,0
3628,2023-06-22 00:00:00+00:00,Home,0,1169.88,0.11557315716515512,3428,2,0.1360317843036016,COD,West,10,0,0
4677,2023-06-22 00:00:00+00:00,Apparel,1,497.89,0.0,1214,1,0.22986337919624283,Prepaid,North,6,0,0
1858,2023-06-22 00:00:00+00:00,Apparel,1,610.79,0.09093366828231177,3533,5,0.015106374839179492,Prepaid,West,3,3,0
2181,2023-06-22 00:00:00+00:00,Apparel,1,313.15,0.0,2076,2,0.4238432573872298,COD,South,13,0,1
3128,2023-06-22 00:00:00+00:00,Electronics,0,937.96,0.04724245366325078,2771,1,0.0513694605006601,Prepaid,East,2,10,0
4792,2023-06-22 00:00:00+00:00,Beauty,0,267.51,0.05962741051341108,1860,3,0.06501763178247418,Prepaid,West,12,0,0
2745,2023-06-22 00:00:00+00:00,Electronics,0,3509.84,0.0,1845,3,0.17426724494959375,Prepaid,East,3,11,0
3558,2023-06-22 00:00:00+00:00,Beauty,0,6169.21,0.0,3941,1,0.13657755012173223,Prepaid,East,6,0,0
4044,2023-06-22 00:00:00+00:00,Apparel,1,889.02,0.0,3390,2,0.34707581813837,COD,West,8,1,0
2357,2023-06-22 00:00:00+00:00,Electronics,0,751.87,0.19484202249646088,1313,2,0.2361018822333004,COD,North,8,3,0
3214,2023-06-22 00:00:00+00:00,Apparel,1,690.93,0.4721013450672715,4047,3,0.23409361933509418,Prepaid,South,8,0,0
2478,2023-06-22 00:00:00+00:00,Home,0,2922.59,0.0,1761,1,0.09356607684679855,Prepaid,West,14,1,0
2711,2023-06-22 00:00:00+00:00,Apparel,1,1418.84,0.0,3926,0,0.0,Prepaid,West,13,0,0
4736,2023-06-22 00:00:00+00:00,Apparel,1,613.24,0.0018210527867701526,3256,2,0.05414501528792777,COD,North,12,2,0
3367,2023-06-22 00:00:00+00:00,Footwear,1,600.16,0.0,2885,2,0.2319049275034323,Prepaid,West,3,1,1
738,2023-06-22 00:00:00+00:00,Apparel,1,892.92,0.0,2599,2,0.1369914060934181,Prepaid,West,3,1,0
646,2023-06-22 00:00:00+00:00,Apparel,1,419.59,0.0,2106,1,0.5053284133455931,Prepaid,North,1,0,0
2520,2023-06-22 00:00:00+00:00,Beauty,0,529.51,0.0,4049,3,0.04925011877834694,COD,North,3,0,0
644,2023-06-22 00:00:00+00:00,Electronics,0,2702.89,0.0,3649,1,0.1366803576925885,COD,East,13,0,0
3519,2023-06-22 00:00:00+00:00,Footwear,1,768.91,0.0,2949,1,0.024138067913862978,Prepaid,North,6,7,0
4697,2023-06-22 00:00:00+00:00,Home,0,1596.81,0.0,1849,1,0.029611249744908086,COD,East,4,3,0
943,2023-06-22 00:00:00+00:00,Home,0,742.78,0.23157650150007147,2879,1,0.17664126608434194,COD,South,9,0,0
1491,2023-06-22 00:00:00+00:00,Home,0,1668.31,0.0,3779,0,0.0,COD,East,7,1,0
1341,2023-06-22 00:00:00+00:00,Electronics,0,1789.17,0.1633041556066524,2208,1,0.3318752166202088,Prepaid,North,7,2,0
2401,2023-06-22 00:00:00+00:00,Apparel,1,964.21,0.21351148208228043,4092,4,0.5035769970635443,Prepaid,East,5,10,0
371,2023-06-22 00:00:00+00:00,Apparel,1,9117.25,0.0,2966,1,0.25478018256969964,COD,West,8,2,1
2708,2023-06-23 00:00:00+00:00,Apparel,1,846.59,0.11416183377073044,3573,2,0.05699683191369025,Prepaid,South,7,7,0
2099,2023-06-23 00:00:00+00:00,Footwear,1,234.07,0.0,1531,2,0.20820078307613715,Prepaid,East,12,3,0
4971,2023-06-23 00:00:00+00:00,Apparel,1,3170.64,0.0,3986,2,0.6808260013847003,Prepaid,West,1,2,0
2808,2023-06-23 00:00:00+00:00,Electronics,0,4176.93,0.05391199775862874,2056,1,0.2872008569892425,Prepaid,North,5,4,1
3192,2023-06-23 00:00:00+00:00,Apparel,1,1654.67,0.0772726295435805,3205,5,0.21181763208736848,COD,North,9,11,0
1808,2023-06-23 00:00:00+00:00,Beauty,0,1139.16,0.0,2579,1,0.5851194981113198,COD,East,7,0,0
3618,2023-06-23 00:00:00+00:00,Apparel,1,1426.01,0.43798239898639924,2365,1,0.10869960408618011,COD,South,9,0,1
1686,2023-06-23 00:00:00+00:00,Apparel,1,310.34,0.0,2806,3,0.07742617840486737,Prepaid,North,10,1,0
3433,2023-06-23 00:00:00+00:00,Beauty,0,604.7,0.2865506464632519,3464,4,0.05983445907626843,COD,West,13,0,0
3481,2023-06-23 00:00:00+00:00,Home,0,1154.23,0.0,2529,1,0.21207080860947583,Prepaid,West,13,0,0
2604,2023-06-23 00:00:00+00:00,Apparel,1,2216.71,0.0,3544,1,0.6006421681227228,Prepaid,West,8,5,0
4931,2023-06-23 00:00:00+00:00,Apparel,1,500.21,0.1603374046483123,3078,0,0.0,Prepaid,West,14,5,0
1730,2023-06-23 00:00:00+00:00,Home,0,606.28,0.0,1491,1,0.013637598917916155,COD,West,5,0,0
4465,2023-06-23 00:00:00+00:00,Beauty,0,3387.82,0.28350585373822357,1221,3,0.09849230759924228,Prepaid,West,14,1,0
3298,2023-06-23 00:00:00+00:00,Electronics,0,1154.06,0.0,1486,2,0.055627731315609504,Prepaid,South,11,2,0
4681,2023-06-23 00:00:00+00:00,Home,0,2704.79,0.24622182884418164,2007,1,0.04326586019718623,Prepaid,East,2,3,0
343,2023-06-23 00:00:00+00:00,Apparel,1,593.03,0.1332961489431441,4076,0,0.0,COD,West,5,3,0
1737,2023-06-23 00:00:00+00:00,Footwear,1,612.17,0.15197566929640433,3342,1,0.1631879998696555,Prepaid,South,14,10,0
591,2023-06-23 00:00:00+00:00,Beauty,0,1888.49,0.0,3746,1,0.3503200179369131,Prepaid,South,2,6,0
3917,2023-06-23 00:00:00+00:00,Beauty,0,427.45,0.0,3112,1,0.03391576773826076,Prepaid,South,6,2,0
1973,2023-06-24 00:00:00+00:00,Electronics,0,636.9,0.0,1019,9,0.08659260985347264,Prepaid,North,12,2,0
4214,2023-06-24 00:00:00+00:00,Apparel,1,6776.16,0.08911582495437932,3672,3,0.14399740628619964,Prepaid,North,4,5,0
3849,2023-06-24 00:00:00+00:00,Apparel,1,11186.48,0.0,2017,1,0.21840671055974895,Prepaid,North,1,0,0
33,2023-06-24 00:00:00+00:00,Home,0,561.88,0.5814127300870595,3418,1,0.1507080306923621,Prepaid,East,9,3,1
1214,2023-06-24 00:00:00+00:00,Home,0,428.6,0.0,1081,3,0.010718851286247697,Prepaid,East,12,0,0
347,2023-06-24 00:00:00+00:00,Footwear,1,1268.29,0.0,1594,0,0.0,Prepaid,West,11,0,0
3844,2023-06-24 00:00:00+00:00,Apparel,1,502.31,0.0632551088639099,2767,2,0.4666951442139362,COD,West,1,0,0
1700,2023-06-24 00:00:00+00:00,Apparel,1,5857.86,0.0,3629,5,0.23790640399759944,COD,East,3,0,1
1670,2023-06-24 00:00:00+00:00,Beauty,0,1732.43,0.3337168354081588,3072,1,0.2441895740468747,COD,East,13,2,0
4614,2023-06-24 00:00:00+00:00,Electronics,0,3272.71,0.0,4446,3,0.48967959799129057,Prepaid,South,8,14,0
2613,2023-06-24 00:00:00+00:00,Home,0,120.5,0.0,1966,2,0.5463603087341654,Prepaid,North,10,0,0
3050,2023-06-24 00:00:00+00:00,Apparel,1,217.78,0.0,4228,1,0.03602724122685726,Prepaid,West,14,3,0
3457,2023-06-24 00:00:00+00:00,Beauty,0,508.24,0.4130851327489635,1896,1,0.10312679645589684,Prepaid,West,2,5,0
1149,2023-06-24 00:00:00+00:00,Footwear,1,539.72,0.09575218848459885,3758,4,0.5578985285079769,COD,South,4,0,0
3301,2023-06-24 00:00:00+00:00,Footwear,1,1105.47,0.0,3943,4,0.38068930536270923,Prepaid,East,12,1,0
58,2023-06-24 00:00:00+00:00,Footwear,1,4901.5,0.0,3185,0,0.0,Prepaid,North,9,3,0
2217,2023-06-24 00:00:00+00:00,Apparel,1,406.65,0.0,4249,1,0.2889643882913309,Prepaid,East,6,4,0
3303,2023-06-24 00:00:00+00:00,Beauty,0,616.13,0.0,1631,0,0.0,Prepaid,East,8,3,0
3755,2023-06-24 00:00:00+00:00,Apparel,1,2111.65,0.06542538492405497,3145,4,0.04864756384374347,COD,West,12,3,0
3136,2023-06-24 00:00:00+00:00,Electronics,0,2359.7,0.0,2177,4,0.34248154340699005,Prepaid,West,9,2,0
3188,2023-06-24 00:00:00+00:00,Footwear,1,755.41,0.0,1986,0,0.0,COD,West,1,0,0
3036,2023-06-24 00:00:00+00:00,Apparel,1,1572.39,0.038380788395262405,2789,1,0.004591139697833851,Prepaid,West,2,1,0
3570,2023-06-24 00:00:00+00:00,Electronics,0,412.94,0.0,2307,3,0.2743426712848981,Prepaid,East,13,1,0
3549,2023-06-24 00:00:00+00:00,Apparel,1,348.94,0.09274530274017938,4043,4,0.10705298781451349,COD,South,4,1,0
3911,2023-06-24 00:00:00+00:00,Apparel,1,1184.72,0.0,4369,1,0.3205109080976533,Prepaid,North,5,1,0
4929,2023-06-24 00:00:00+00:00,Apparel,1,830.83,0.23543136095055303,2612,0,0.0,Prepaid,East,13,10,1
2029,2023-06-24 00:00:00+00:00,Apparel,1,3303.36,0.061080612719885616,1566,1,0.08971415592205617,Prepaid,West,2,1,0
4619,2023-06-24 00:00:00+00:00,Apparel,1,354.68,0.0,1972,2,0.21251301645203952,COD,North,6,6,1
121,2023-06-24 00:00:00+00:00,Footwear,1,14560.36,0.3338947239833756,1554,0,0.0,Prepaid,East,10,3,0
3745,2023-06-24 00:00:00+00:00,Beauty,0,1283.27,0.0,2174,3,0.2713461761278447,Prepaid,East,5,2,0
1434,2023-06-25 00:00:00+00:00,Electronics,0,1789.9,0.40281410241098703,1524,1,0.15945738669711743,Prepaid,South,6,3,0
2744,2023-06-25 00:00:00+00:00,Electronics,0,1213.35,0.0,1173,2,0.45995727299152545,Prepaid,North,3,1,0
4975,2023-06-25 00:00:00+00:00,Footwear,1,460.33,0.0,3629,1,0.19875193673378408,Prepaid,South,5,1,0
1261,2023-06-25 00:00:00+00:00,Footwear,1,279.17,0.0,1756,1,0.2053896876124098,COD,West,14,0,1
2117,2023-06-25 00:00:00+00:00,Apparel,1,1909.26,0.0,2113,6,0.07429626354854482,Prepaid,East,13,1,0
2224,2023-06-25 00:00:00+00:00,Electronics,0,129.88,0.0,3042,1,0.28798481805404946,Prepaid,West,12,2,0
4013,2023-06-25 00:00:00+00:00,Apparel,1,1209.62,0.0,2995,0,0.0,Prepaid,South,11,1,0
3055,2023-06-25 00:00:00+00:00,Electronics,0,368.89,0.0,2823,1,0.39435368754631006,Prepaid,North,2,2,1
1585,2023-06-25 00:00:00+00:00,Apparel,1,1211.87,0.47318424812253523,3067,1,0.1697658256058606,Prepaid,East,1,0,1
2991,2023-06-25 00:00:00+00:00,Apparel,1,1420.94,0.0,1724,2,0.10536755663291417,COD,East,12,1,0
4444,2023-06-25 00:00:00+00:00,Electronics,0,731.76,0.22533764506693102,3147,3,0.36519085865538314,Prepaid,South,13,2,1
1580,2023-06-25 00:00:00+00:00,Apparel,1,633.45,0.17925726214846283,2256,2,0.08400440610760625,Prepaid,East,8,2,0
2970,2023-06-25 00:00:00+00:00,Electronics,0,119.46,0.0,1449,1,0.13368287831604778,COD,South,8,5,0
3167,2023-06-25 00:00:00+00:00,Electronics,0,547.41,0.0,1976,3,0.21035938835483464,Prepaid,East,14,3,0
2060,2023-06-25 00:00:00+00:00,Apparel,1,4553.17,0.015846740117455932,3238,0,0.0,Prepaid,West,12,1,0
2848,2023-06-25 00:00:00+00:00,Apparel,1,455.78,0.0750487283221793,3050,2,0.7906644488275673,Prepaid,West,12,2,1
4627,2023-06-25 00:00:00+00:00,Electronics,0,707.87,0.0,1966,1,0.1294910452734387,COD,North,6,2,0
4828,2023-06-25 00:00:00+00:00,Footwear,1,2116.68,0.6094678419597346,4235,2,0.2546363355524933,Prepaid,East,12,1,1
1499,2023-06-25 00:00:00+00:00,Electronics,0,3825.13,0.3736089866446548,1940,2,0.0694359132063453,COD,East,5,0,0
358,2023-06-25 00:00:00+00:00,Apparel,1,4279.99,0.0,3700,3,0.1650954567106119,Prepaid,South,4,2,0
4404,2023-06-25 00:00:00+00:00,Electronics,0,5137.0,0.0,3654,1,0.0769434217287233,Prepaid,South,13,1,0
1755,2023-06-25 00:00:00+00:00,Electronics,0,381.77,0.024519050815389756,2790,1,0.12999098866466788,Prepaid,West,7,0,0
3415,2023-06-25 00:00:00+00:00,Electronics,0,3956.0,0.150984363058473,4464,2,0.4424200553785419,COD,West,9,1,0
460,2023-06-25 00:00:00+00:00,Electronics,0,65.71,0.2562593285363425,2418,2,0.46280403765022365,Prepaid,East,5,3,0
296,2023-06-25 00:00:00+00:00,Footwear,1,219.7,0.38309320001689684,3761,2,0.09060994092651255,Prepaid,West,12,0,0
3240,2023-06-25 00:00:00+00:00,Apparel,1,670.12,0.20848284235564862,4371,3,0.0857762305901916,Prepaid,North,13,0,0
4841,2023-06-25 00:00:00+00:00,Electronics,0,261.91,0.08339440051503769,3415,0,0.0,COD,North,7,3,0
3120,2023-06-25 00:00:00+00:00,Home,0,3363.01,0.09620022654470453,3265,1,0.14946058883699528,Prepaid,South,10,2,0
2515,2023-06-26 00:00:00+00:00,Footwear,1,989.91,0.21999644051511175,1806,4,0.686851135112194,Prepaid,East,14,2,0
4953,2023-06-26 00:00:00+00:00,Apparel,1,1521.27,0.0,2113,2,0.05847954213396494,COD,North,10,2,1
2156,2023-06-26 00:00:00+00:00,Apparel,1,1459.78,0.09413247894272818,2989,0,0.0,COD,West,10,3,0
707,2023-06-26 00:00:00+00:00,Electronics,0,1414.04,0.4999231633016419,3163,1,0.01748325174257358,Prepaid,North,5,0,0
3734,2023-06-26 00:00:00+00:00,Electronics,0,665.02,0.1811026238643442,3983,1,0.539872216291315,COD,South,11,6,0
4115,2023-06-26 00:00:00+00:00,Electronics,0,259.05,0.0,4390,1,0.1539125488719157,Prepaid,East,7,1,0
832,2023-06-26 00:00:00+00:00,Footwear,1,1790.55,0.0,4366,1,0.20987282725477524,Prepaid,South,13,2,0
4328,2023-06-26 00:00:00+00:00,Beauty,0,2649.08,0.0,4114,4,0.3537053564112867,Prepaid,North,6,4,1
4327,2023-06-26 00:00:00+00:00,Home,0,347.05,0.0,1006,3,0.16340068210120096,COD,South,6,8,0
715,2023-06-26 00:00:00+00:00,Apparel,1,240.08,0.0,4106,1,0.05047435116412525,Prepaid,South,7,9,0
1177,2023-06-26 00:00:00+00:00,Apparel,1,4796.63,0.2081967644403936,2241,2,0.091909653317248,COD,North,1,7,0
1539,2023-06-26 00:00:00+00:00,Footwear,1,649.58,0.0,4123,4,0.11097243823940438,Prepaid,West,1,3,1
3302,2023-06-26 00:00:00+00:00,Electronics,0,658.32,0.11113749561631216,3052,3,0.002905644100086445,Prepaid,South,5,2,0
553,2023-06-26 00:00:00+00:00,Apparel,1,1873.28,0.0,3993,1,0.21491626591598456,COD,South,1,3,1
3243,2023-06-26 00:00:00+00:00,Apparel,1,1985.11,0.08059465580182355,4318,1,0.08523261275208079,Prepaid,East,9,3,1
1188,2023-06-26 00:00:00+00:00,Electronics,0,1569.48,0.0,2665,1,0.1358689314266259,Prepaid,West,4,0,0
4549,2023-06-26 00:00:00+00:00,Apparel,1,1216.26,0.19304323153621994,4240,2,0.12386415163784853,Prepaid,South,5,5,0
531,2023-06-26 00:00:00+00:00,Electronics,0,256.82,0.026815037416973345,1871,4,0.28811741901987714,Prepaid,West,13,0,0
4240,2023-06-26 00:00:00+00:00,Footwear,1,236.58,0.28398144511492784,1524,2,0.08216661892669606,Prepaid,West,12,4,1
4993,2023-06-26 00:00:00+00:00,Footwear,1,758.62,0.0,4224,2,0.06730654059135864,Prepaid,South,2,0,0
1489,2023-06-26 00:00:00+00:00,Apparel,1,132.22,0.0,3887,1,0.19542762139581948,COD,North,14,3,0
1892,2023-06-26 00:00:00+00:00,Apparel,1,1042.99,0.0,1488,3,0.011493222825464538,COD,South,9,0,0
2889,2023-06-26 00:00:00+00:00,Electronics,0,1810.33,0.12509319569170765,2303,3,0.13475583445141212,Prepaid,North,8,0,0
3256,2023-06-26 00:00:00+00:00,Apparel,1,318.76,0.0,1904,1,0.2556967700380173,COD,North,12,8,0
4867,2023-06-26 00:00:00+00:00,Beauty,0,1223.99,0.0,2596,1,0.07318208649412958,Prepaid,South,12,0,0
4629,2023-06-26 00:00:00+00:00,Apparel,1,851.88,0.0,2867,1,0.044116282370625544,Prepaid,East,10,2,0
4935,2023-06-27 00:00:00+00:00,Home,0,1845.72,0.18044036282986176,2338,1,0.47607083888970064,Prepaid,East,13,2,0
1235,2023-06-27 00:00:00+00:00,Home,0,908.26,0.12056335745083907,4472,2,0.024034096883693214,Prepaid,North,4,2,0
2455,2023-06-27 00:00:00+00:00,Electronics,0,5417.68,0.0,3277,1,0.21955347436496675,Prepaid,West,12,4,0
2006,2023-06-27 00:00:00+00:00,Apparel,1,690.84,0.0,2262,2,0.22635449920313835,Prepaid,East,3,1,0
681,2023-06-27 00:00:00+00:00,Apparel,1,1055.32,0.5871985352932799,3069,2,0.1291578787058821,Prepaid,West,14,6,1
4621,2023-06-27 00:00:00+00:00,Home,0,283.54,0.0,2512,2,0.33462978197223653,Prepaid,South,1,7,0
4411,2023-06-27 00:00:00+00:00,Home,0,528.04,0.0,4279,2,0.2209498108852693,COD,North,10,1,0
3680,2023-06-27 00:00:00+00:00,Apparel,1,1066.35,0.08152622605283662,3423,3,0.15211013336058155,Prepaid,North,2,5,1
4432,2023-06-27 00:00:00+00:00,Home,0,838.3,0.3407208789563806,1130,0,0.0,Prepaid,East,6,6,0
2873,2023-06-27 00:00:00+00:00,Electronics,0,164.91,0.0,2326,1,0.023424132968885663,Prepaid,North,7,5,0
596,2023-06-27 00:00:00+00:00,Electronics,0,1385.7,0.03926766609568482,1627,1,0.3960582112935105,Prepaid,West,11,1,0
4448,2023-06-27 00:00:00+00:00,Apparel,1,313.67,0.17779958909688254,1608,0,0.0,Prepaid,East,12,0,0
1828,2023-06-27 00:00:00+00:00,Footwear,1,1210.31,0.057183010674874024,2688,7,0.2300689623020033,Prepaid,South,4,13,0
994,2023-06-27 00:00:00+00:00,Electronics,0,7821.68,0.233965029085247,4224,2,0.533886123271148,Prepaid,West,1,1,0
4933,2023-06-27 00:00:00+00:00,Apparel,1,4082.42,0.0,3714,1,0.236284153704442,Prepaid,South,9,1,1
487,2023-06-27 00:00:00+00:00,Electronics,0,622.81,0.0,2539,2,0.24853036060557326,Prepaid,East,3,6,0
1547,2023-06-27 00:00:00+00:00,Home,0,398.82,0.0,2129,1,0.11409747984414445,COD,East,8,5,1
3889,2023-06-27 00:00:00+00:00,Electronics,0,4447.67,0.0,2240,5,0.12945562979300504,Prepaid,North,11,5,0
237,2023-06-27 00:00:00+00:00,Apparel,1,722.46,0.055361409414759276,3267,5,0.12976847161859692,Prepaid,East,5,0,0
4827,2023-06-27 00:00:00+00:00,Apparel,1,3209.99,0.1866937797847917,2354,1,0.06292419522841504,Prepaid,West,13,4,0
2563,2023-06-27 00:00:00+00:00,Apparel,1,2735.38,0.0,2620,1,0.3429692471350138,Prepaid,East,6,1,0
3030,2023-06-27 00:00:00+00:00,Home,0,2937.25,0.28402755975959415,3933,1,0.04564558242148725,Prepaid,North,13,1,0
4778,2023-06-27 00:00:00+00:00,Beauty,0,593.27,0.0,1213,2,0.10726508603990653,Prepaid,East,10,0,1
2428,2023-06-27 00:00:00+00:00,Home,0,335.46,0.15506311134935463,4139,2,0.2887792149159067,COD,North,11,1,1
813,2023-06-27 00:00:00+00:00,Apparel,1,286.85,0.2531412208927703,1529,3,0.1439946708933526,COD,North,11,2,0
2953,2023-06-27 00:00:00+00:00,Home,0,2578.69,0.35526460339785226,2654,0,0.0,COD,South,10,12,0
3422,2023-06-27 00:00:00+00:00,Beauty,0,1858.36,0.14167053443222322,2777,1,0.3209859394135716,COD,South,5,1,0
3926,2023-06-27 00:00:00+00:00,Beauty,0,3257.02,0.2857211036131134,1084,2,0.034185051408531376,Prepaid,North,1,6,0
968,2023-06-27 00:00:00+00:00,Apparel,1,2973.87,0.0,2892,5,0.3295128049014105,COD,North,8,2,1
2017,2023-06-27 00:00:00+00:00,Apparel,1,1128.97,0.18541849215244727,1143,1,0.25911512228707295,Prepaid,East,6,3,0
2839,2023-06-27 00:00:00+00:00,Electronics,0,280.09,0.319865322292169,1583,2,0.1782784244691533,Prepaid,North,10,0,1
942,2023-06-28 00:00:00+00:00,Electronics,0,572.46,0.13546684843365886,1204,3,0.058260120874633066,Prepaid,South,8,5,0
492,2023-06-28 00:00:00+00:00,Apparel,1,1193.18,0.48315011293930954,1295,4,0.1327404330644172,COD,East,3,1,0
4137,2023-06-28 00:00:00+00:00,Beauty,0,578.21,0.0,3172,4,0.02240555362749879,Prepaid,South,5,0,0
133,2023-06-28 00:00:00+00:00,Footwear,1,603.36,0.0,2046,2,0.10271034833066732,Prepaid,West,1,0,0
4268,2023-06-28 00:00:00+00:00,Apparel,1,488.79,0.0,2806,2,0.6406920998577563,COD,East,8,2,1
1779,2023-06-28 00:00:00+00:00,Apparel,1,475.16,0.36386370372832666,3140,1,0.1672436018451586,Prepaid,South,10,2,0
2906,2023-06-28 00:00:00+00:00,Apparel,1,238.39,0.0,2862,1,0.011583813218021238,Prepaid,East,3,1,0
1893,2023-06-28 00:00:00+00:00,Apparel,1,1697.29,0.0,1495,3,0.4136851743458458,Prepaid,North,2,3,0
3548,2023-06-28 00:00:00+00:00,Electronics,0,707.93,0.3648726493032648,4324,0,0.0,Prepaid,South,14,0,0
3545,2023-06-28 00:00:00+00:00,Apparel,1,293.66,0.0,3494,1,0.02596966407790553,Prepaid,East,2,2,0
1052,2023-06-28 00:00:00+00:00,Apparel,1,312.83,0.14633603655763056,1039,3,0.1432217767576118,Prepaid,North,8,0,0
4153,2023-06-28 00:00:00+00:00,Beauty,0,919.44,0.03217585742950785,4205,1,0.6216929754311086,Prepaid,South,13,3,0
1048,2023-06-28 00:00:00+00:00,Apparel,1,3286.81,0.0,3944,3,0.5370756291253693,Prepaid,West,1,1,1
1046,2023-06-28 00:00:00+00:00,Home,0,1339.78,0.0,1561,3,0.3136247610231382,COD,West,13,0,0
453,2023-06-28 00:00:00+00:00,Electronics,0,1193.84,0.0,4368,0,0.0,Prepaid,East,12,7,0
2532,2023-06-28 00:00:00+00:00,Apparel,1,366.06,0.0,2738,1,0.34986246336653276,Prepaid,West,12,6,0
937,2023-06-28 00:00:00+00:00,Apparel,1,411.47,0.011659858853811156,2798,0,0.0,COD,South,1,3,1
3496,2023-06-28 00:00:00+00:00,Home,0,532.32,0.0,3640,7,0.22479916928541807,Prepaid,East,2,0,0
1218,2023-06-28 00:00:00+00:00,Home,0,780.77,0.0,4176,1,0.1126634726593057,COD,North,11,0,0
3123,2023-06-28 00:00:00+00:00,Home,0,1537.45,0.20902863333601585,4349,0,0.0,Prepaid,West,14,0,0
1034,2023-06-28 00:00:00+00:00,Apparel,1,314.29,0.24354599293849766,3358,3,0.2183460594642147,Prepaid,South,13,1,0
4980,2023-06-28 00:00:00+00:00,Electronics,0,1447.78,0.0,3565,2,0.31176803051137203,Prepaid,South,6,0,0
775,2023-06-28 00:00:00+00:00,Home,0,494.33,0.5622152681650285,2039,2,0.07083238470376646,Prepaid,South,3,3,0
2603,2023-06-28 00:00:00+00:00,Electronics,0,1803.53,0.0,2539,1,0.008175804843846201,Prepaid,North,12,0,0
765,2023-06-28 00:00:00+00:00,Home,0,271.55,0.1404980502018119,1211,4,0.47029725825845764,Prepaid,North,12,1,0
4377,2023-06-28 00:00:00+00:00,Home,0,437.74,0.05792244725782884,1250,2,0.03807482029365071,Prepaid,West,13,0,0
1997,2023-06-28 00:00:00+00:00,Apparel,1,3298.35,0.0,3292,1,0.12961616539762202,COD,West,5,0,0
4071,2023-06-28 00:00:00+00:00,Beauty,0,1856.53,0.0,2914,6,0.23868746214335226,Prepaid,South,9,2,0
3737,2023-06-28 00:00:00+00:00,Home,0,414.92,0.024803535799078694,2798,3,0.08227888733239955,Prepaid,East,10,1,0
1171,2023-06-28 00:00:00+00:00,Footwear,1,2396.52,0.0,1783,1,0.3777354220289391,Prepaid,South,14,14,0
4671,2023-06-28 00:00:00+00:00,Apparel,1,234.59,0.0,2686,3,0.3421051823281102,Prepaid,North,6,7,0
1390,2023-06-28 00:00:00+00:00,Electronics,0,1701.74,0.008670555315460793,3555,1,0.05747474207081852,Prepaid,East,8,0,0
1683,2023-06-28 00:00:00+00:00,Apparel,1,1545.54,0.0,3863,3,0.08215584512940999,Prepaid,West,12,5,0
1198,2023-06-28 00:00:00+00:00,Home,0,1106.37,0.0,3469,0,0.0,Prepaid,West,7,0,0
4472,2023-06-28 00:00:00+00:00,Home,0,541.76,0.0,2242,5,0.21014327958033174,Prepaid,North,7,10,1
4685,2023-06-28 00:00:00+00:00,Footwear,1,643.34,0.0,4377,2,0.17386533779087382,Prepaid,North,2,1,0
3473,2023-06-28 00:00:00+00:00,Footwear,1,2975.14,0.0,3277,3,0.3562349922981005,COD,North,1,0,0
3206,2023-06-28 00:00:00+00:00,Home,0,3825.55,0.002662150850615594,2326,0,0.0,Prepaid,East,7,0,0
2,2023-06-29 00:00:00+00:00,Electronics,0,294.29,0.0,3030,2,0.07336767869045026,COD,South,13,0,0
2949,2023-06-29 00:00:00+00:00,Footwear,1,349.73,0.2816712110684444,2610,1,0.16956799214407214,Prepaid,North,6,3,0
181,2023-06-29 00:00:00+00:00,Apparel,1,704.83,0.0,1961,2,0.05264094120036714,Prepaid,East,2,0,0
393,2023-06-29 00:00:00+00:00,Footwear,1,1195.86,0.14230748905834228,3492,1,0.6680893112935812,COD,West,6,8,0
4175,2023-06-29 00:00:00+00:00,Apparel,1,554.07,0.0,1499,2,0.05064928306724482,COD,North,5,3,0
1152,2023-06-29 00:00:00+00:00,Home,0,1838.95,0.3913956572392656,2945,2,0.6649920286723046,COD,South,5,2,1
2633,2023-06-29 00:00:00+00:00,Apparel,1,4153.83,0.0,4068,4,0.21785396301088952,Prepaid,East,7,3,0
471,2023-06-29 00:00:00+00:00,Apparel,1,604.03,0.033706574670351194,2222,1,0.0905771886631042,Prepaid,West,11,3,0
4438,2023-06-29 00:00:00+00:00,Beauty,0,1423.57,0.0,1760,2,0.39850847155647356,Prepaid,North,2,9,0
3046,2023-06-29 00:00:00+00:00,Electronics,0,1676.17,0.0,3087,3,0.3759507461064004,Prepaid,South,3,3,0
1673,2023-06-29 00:00:00+00:00,Home,0,2838.98,0.484768099073128,3352,2,0.27801832387791425,Prepaid,West,9,7,0
1078,2023-06-29 00:00:00+00:00,Apparel,1,601.07,0.0,1725,1,0.007406846345758912,COD,East,3,0,1
570,2023-06-29 00:00:00+00:00,Apparel,1,1051.33,0.26806863008008186,1334,2,0.011508629136452841,COD,West,6,1,0
2490,2023-06-29 00:00:00+00:00,Beauty,0,369.97,0.0,4376,1,0.16437527272138833,COD,East,10,1,0
853,2023-06-29 00:00:00+00:00,Home,0,116.95,0.0,2798,2,0.05201102870872128,Prepaid,West,8,0,0
903,2023-06-29 00:00:00+00:00,Footwear,1,1839.39,0.0,2745,1,0.38881076269523757,Prepaid,East,12,2,0
1174,2023-06-29 00:00:00+00:00,Apparel,1,13852.64,0.2558012623398374,3573,1,0.13029047323360654,COD,East,10,0,0
2340,2023-06-29 00:00:00+00:00,Home,0,1365.46,0.0,4052,4,0.031629759791461716,Prepaid,West,12,2,0
2543,2023-06-29 00:00:00+00:00,Electronics,0,2162.21,0.19862681413112734,2456,2,0.04047647725165874,COD,East,4,5,0
2389,2023-06-29 00:00:00+00:00,Electronics,0,4106.8,0.0,4054,2,0.3368179596391349,Prepaid,East,6,2,1
2365,2023-06-29 00:00:00+00:00,Footwear,1,792.77,0.12039713779255123,2341,4,0.3153844557263056,Prepaid,South,6,1,0
