order_id,order_date,category,is_size_sensitive,price,discount_pct,customer_id,customer_past_orders,customer_past_return_rate,payment_method,region,delivery_days,days_to_purchase,returned
2029,2023-01-01 00:00:00+00:00,Apparel,1,166.37,0.10275299419157383,2636,1,0.15212469387152627,Prepaid,West,1,12,0
1831,2023-01-01 00:00:00+00:00,Apparel,1,404.91,0.529355808358613,3838,2,0.04129077383272784,Prepaid,West,3,0,1
4640,2023-01-01 00:00:00+00:00,Beauty,0,994.63,0.0,3683,2,0.40013624722506963,COD,South,3,0,0
449,2023-01-01 00:00:00+00:00,Apparel,1,592.08,0.0,3754,2,0.06866551034439654,Prepaid,South,12,2,0
2307,2023-01-01 00:00:00+00:00,Home,0,5051.04,0.11031489392947777,3744,1,0.26894632679383235,Prepaid,South,2,0,0
2309,2023-01-01 00:00:00+00:00,Apparel,1,335.87,0.0533118849168744,1574,2,0.014896153656972347,Prepaid,South,7,6,0
4561,2023-01-01 00:00:00+00:00,Apparel,1,1488.75,0.0,2574,3,0.017167301711933664,Prepaid,North,3,3,0
1742,2023-01-01 00:00:00+00:00,Apparel,1,2852.05,0.13726102227049283,3925,4,0.21417733445264556,Prepaid,West,9,4,0
3339,2023-01-01 00:00:00+00:00,Home,0,459.39,0.0,3409,4,0.04546475494318919,Prepaid,East,12,0,0
3299,2023-01-01 00:00:00+00:00,Beauty,0,1153.14,0.0,3775,1,0.0827915396993151,COD,West,13,2,0
2767,2023-01-01 00:00:00+00:00,Footwear,1,523.85,0.231619335764767,4102,1,0.2461568177088447,Prepaid,West,5,1,0
2960,2023-01-01 00:00:00+00:00,Footwear,1,443.86,0.0,2503,2,0.07226124059918976,Prepaid,North,11,2,0
1849,2023-01-01 00:00:00+00:00,Apparel,1,1722.91,0.0,2642,2,0.6248858049874548,COD,West,2,7,0
2765,2023-01-01 00:00:00+00:00,Footwear,1,1256.05,0.0,3049,1,0.024857518457298316,Prepaid,East,11,6,0
612,2023-01-01 00:00:00+00:00,Apparel,1,2962.07,0.1500179379067408,1280,2,0.11541900754176702,Prepaid,East,6,5,0
642,2023-01-01 00:00:00+00:00,Apparel,1,4317.44,0.0,3114,0,0.0,Prepaid,South,2,1,0
3822,2023-01-01 00:00:00+00:00,Apparel,1,2000.68,0.0,4493,2,0.30224394382435454,Prepaid,East,14,2,0
4471,2023-01-01 00:00:00+00:00,Home,0,1109.24,0.0,1125,2,0.09509351898174803,COD,South,10,3,0
2761,2023-01-01 00:00:00+00:00,Apparel,1,347.41,0.16841676339658201,2290,3,0.12436633855407393,Prepaid,North,10,0,0
1528,2023-01-01 00:00:00+00:00,Home,0,1055.44,0.0,2746,2,0.31091982997367934,Prepaid,West,13,0,1
765,2023-01-01 00:00:00+00:00,Apparel,1,607.7,0.0,3409,2,0.02883985328089552,Prepaid,West,14,2,0
1545,2023-01-01 00:00:00+00:00,Apparel,1,595.86,0.0,2484,3,0.09503263607020558,Prepaid,West,11,3,0
3317,2023-01-01 00:00:00+00:00,Footwear,1,848.46,0.0,2751,4,0.007439059196952208,Prepaid,North,3,8,0
3744,2023-01-01 00:00:00+00:00,Apparel,1,1010.74,0.0,1978,0,0.0,COD,North,7,0,0
2601,2023-01-01 00:00:00+00:00,Footwear,1,715.91,0.0,3209,1,0.7314319800515273,Prepaid,West,9,2,0
595,2023-01-01 00:00:00+00:00,Beauty,0,951.64,0.0,2042,1,0.37650459864572117,Prepaid,West,14,1,0
4859,2023-01-01 00:00:00+00:00,Footwear,1,2693.57,0.0,4321,3,0.07167554205610807,Prepaid,West,14,2,0
736,2023-01-01 00:00:00+00:00,Electronics,0,831.07,0.0,2664,4,0.10358408566891933,Prepaid,West,3,3,0
1864,2023-01-01 00:00:00+00:00,Apparel,1,1974.57,0.1637887444866664,1684,2,0.0507724330397682,Prepaid,East,11,2,0
3387,2023-01-01 00:00:00+00:00,Apparel,1,802.9,0.0,2963,1,0.0614035769443148,Prepaid,North,4,0,0
1223,2023-01-01 00:00:00+00:00,Electronics,0,2199.16,0.08184891901375774,2439,4,0.28478399090190315,Prepaid,South,14,1,1
3218,2023-01-01 00:00:00+00:00,Apparel,1,1416.2,0.0,2039,2,0.01830413915310085,Prepaid,West,5,0,0
9,2023-01-01 00:00:00+00:00,Home,0,1006.34,0.45293558541327095,1783,1,0.6081902807732502,Prepaid,South,10,6,1
1215,2023-01-01 00:00:00+00:00,Apparel,1,1773.34,0.0,1732,4,0.09738420794719158,Prepaid,West,4,1,1
4029,2023-01-01 00:00:00+00:00,Apparel,1,4356.89,0.0,2408,3,0.22318695669690494,Prepaid,North,5,1,0
2231,2023-01-01 00:00:00+00:00,Apparel,1,969.97,0.2925136412175215,3869,2,0.004454120934219328,Prepaid,West,13,1,0
1893,2023-01-01 00:00:00+00:00,Beauty,0,609.33,0.2864667754750359,2816,1,0.012124633764593497,COD,South,10,10,0
2781,2023-01-01 00:00:00+00:00,Electronics,0,10914.82,0.0955166819159654,1071,2,0.16071294749690412,Prepaid,West,12,4,0
4105,2023-01-01 00:00:00+00:00,Apparel,1,538.96,0.0,1503,1,0.3928278433132867,Prepaid,West,11,0,1
4142,2023-01-01 00:00:00+00:00,Footwear,1,736.96,0.28412958782860764,1474,1,0.19207396944859834,Prepaid,South,5,3,0
4405,2023-01-02 00:00:00+00:00,Apparel,1,307.59,0.0,2547,1,0.07280712037319939,Prepaid,North,7,1,0
2922,2023-01-02 00:00:00+00:00,Beauty,0,2227.26,0.0,2474,2,0.128955229758462,Prepaid,West,1,6,0
4387,2023-01-02 00:00:00+00:00,Beauty,0,253.47,0.0,3277,0,0.0,Prepaid,East,14,2,0
88,2023-01-02 00:00:00+00:00,Apparel,1,801.62,0.0,1231,5,0.7386643688372223,COD,North,9,3,0
2022,2023-01-02 00:00:00+00:00,Apparel,1,2223.6,0.06307018879603818,1385,0,0.0,Prepaid,South,11,4,0
4359,2023-01-02 00:00:00+00:00,Home,0,3027.16,0.0,1797,4,0.009439993713350915,COD,South,9,0,0
4084,2023-01-02 00:00:00+00:00,Footwear,1,319.1,0.0,4127,2,0.012321854868826485,COD,East,2,0,0
2949,2023-01-02 00:00:00+00:00,Footwear,1,409.07,0.0,3729,2,0.20208842736679025,COD,North,2,6,0
1673,2023-01-02 00:00:00+00:00,Home,0,2635.9,0.0,4335,0,0.0,Prepaid,South,8,1,0
714,2023-01-02 00:00:00+00:00,Apparel,1,113.69,0.0,1687,0,0.0,COD,West,2,0,1
4203,2023-01-02 00:00:00+00:00,Apparel,1,2886.94,0.005259028251098641,1641,1,0.23605344205630238,Prepaid,North,12,3,0
875,2023-01-02 00:00:00+00:00,Apparel,1,1611.84,0.0,2487,1,0.08253700452854827,Prepaid,South,2,2,0
4787,2023-01-02 00:00:00+00:00,Home,0,5013.53,0.2852435079365322,1215,5,0.0606873531691903,Prepaid,South,5,0,0
2656,2023-01-02 00:00:00+00:00,Footwear,1,347.93,0.25475737142334354,1797,3,0.06855675702499901,Prepaid,West,6,0,0
4628,2023-01-02 00:00:00+00:00,Electronics,0,774.52,0.14395614094209327,1836,1,0.24853661784652967,COD,South,1,7,0
2807,2023-01-02 00:00:00+00:00,Footwear,1,642.25,0.0,1701,1,0.10878805449165413,Prepaid,East,1,7,0
2074,2023-01-02 00:00:00+00:00,Apparel,1,485.11,0.0,2263,2,0.08775769081241161,Prepaid,North,3,11,0
369,2023-01-02 00:00:00+00:00,Beauty,0,455.93,0.31156251478876296,1806,3,0.14699060338850153,Prepaid,North,5,1,1
3942,2023-01-02 00:00:00+00:00,Beauty,0,200.73,0.0,4442,4,0.3683457672622614,COD,West,1,5,0
2705,2023-01-02 00:00:00+00:00,Apparel,1,3942.78,0.0,3541,1,0.06753651738438979,Prepaid,North,4,7,0
4963,2023-01-02 00:00:00+00:00,Home,0,2452.08,0.0,2964,1,0.21558321957664378,Prepaid,East,14,10,0
2649,2023-01-02 00:00:00+00:00,Beauty,0,900.79,0.0,1080,2,0.1447557086592775,Prepaid,West,3,9,0
4839,2023-01-02 00:00:00+00:00,Apparel,1,1052.17,0.0,2429,3,0.1001902134234345,Prepaid,North,2,0,0
3180,2023-01-02 00:00:00+00:00,Apparel,1,211.5,0.0,3514,5,0.04822333037486756,Prepaid,East,14,5,0
4764,2023-01-02 00:00:00+00:00,Apparel,1,1133.59,0.0,2131,0,0.0,COD,South,14,3,1
2886,2023-01-02 00:00:00+00:00,Beauty,0,338.89,0.0,3611,1,0.11435517362988948,Prepaid,North,9,1,0
3542,2023-01-03 00:00:00+00:00,Footwear,1,1273.98,0.0,3134,4,0.06921943286002567,Prepaid,North,12,0,0
199,2023-01-03 00:00:00+00:00,Electronics,0,4507.78,0.011581861265034521,2780,1,0.33229543151340657,Prepaid,South,13,3,0
4449,2023-01-03 00:00:00+00:00,Apparel,1,131.53,0.0,3820,4,0.07119563015527657,Prepaid,East,12,0,0
1886,2023-01-03 00:00:00+00:00,Home,0,1488.65,0.30325690521710136,1002,1,0.2200127472912784,Prepaid,West,1,9,0
252,2023-01-03 00:00:00+00:00,Electronics,0,4069.44,0.0,4330,3,0.06458882615939854,COD,East,7,5,0
1904,2023-01-03 00:00:00+00:00,Footwear,1,760.74,0.0,3844,0,0.0,COD,North,12,1,0
555,2023-01-03 00:00:00+00:00,Electronics,0,3518.92,0.0,1866,5,0.009777531778635048,Prepaid,South,12,0,0
4920,2023-01-03 00:00:00+00:00,Beauty,0,4111.98,0.364155245522632,3038,2,0.023850394293748974,Prepaid,North,14,2,0
1780,2023-01-03 00:00:00+00:00,Apparel,1,4850.87,0.0,1744,1,0.05916174991694456,Prepaid,North,11,0,0
4479,2023-01-03 00:00:00+00:00,Apparel,1,467.57,0.0,2546,2,0.04483855580733401,COD,North,3,0,1
3249,2023-01-03 00:00:00+00:00,Electronics,0,1362.4,0.0,4209,4,0.13256093535731095,Prepaid,North,10,0,0
2712,2023-01-03 00:00:00+00:00,Apparel,1,997.11,0.0,1723,0,0.0,Prepaid,South,2,1,0
4530,2023-01-03 00:00:00+00:00,Electronics,0,282.39,0.0,2762,4,0.0622477685001156,Prepaid,North,1,3,0
1971,2023-01-03 00:00:00+00:00,Apparel,1,945.25,0.0,2647,1,0.05349832570327191,Prepaid,East,14,0,0
92,2023-01-03 00:00:00+00:00,Apparel,1,3648.13,0.03812425419569043,2043,3,0.21587381986291626,COD,South,1,6,1
477,2023-01-03 00:00:00+00:00,Electronics,0,791.34,0.0,2700,3,0.024067537385987468,Prepaid,South,1,3,0
1392,2023-01-03 00:00:00+00:00,Footwear,1,977.5,0.0,1793,3,0.39339774894736845,COD,East,5,0,0
1028,2023-01-03 00:00:00+00:00,Footwear,1,10472.71,0.0,1346,1,0.025944538855901374,Prepaid,East,3,0,0
860,2023-01-03 00:00:00+00:00,Beauty,0,732.57,0.2456542875091573,2131,1,0.5157408662659905,COD,West,6,0,0
901,2023-01-03 00:00:00+00:00,Home,0,776.82,0.10646554620173052,2231,1,0.11116443619995411,Prepaid,West,9,2,1
4946,2023-01-03 00:00:00+00:00,Apparel,1,1120.46,0.0,2955,2,0.06982218114893611,COD,East,10,7,0
1089,2023-01-03 00:00:00+00:00,Apparel,1,22531.28,0.0,3885,2,0.02799169325022455,Prepaid,West,9,8,1
823,2023-01-03 00:00:00+00:00,Apparel,1,4199.73,0.005508513943852933,1836,1,0.7483733185051662,Prepaid,North,8,11,0
2585,2023-01-03 00:00:00+00:00,Apparel,1,440.0,0.30362777458088,1686,1,0.12056652726198266,COD,East,1,1,0
996,2023-01-03 00:00:00+00:00,Footwear,1,4805.83,0.0,1828,0,0.0,Prepaid,North,13,0,0
2456,2023-01-03 00:00:00+00:00,Home,0,1108.71,0.16416575620638,1991,1,0.08857787436032953,COD,North,1,2,0
4210,2023-01-03 00:00:00+00:00,Electronics,0,609.35,0.14241428540533307,3950,3,0.025324612785320166,Prepaid,East,11,2,0
3992,2023-01-03 00:00:00+00:00,Home,0,67.56,0.0,3118,1,0.10429520456583877,Prepaid,South,1,8,0
4281,2023-01-03 00:00:00+00:00,Electronics,0,2914.98,0.0,1568,0,0.0,COD,East,10,1,0
3770,2023-01-03 00:00:00+00:00,Home,0,5200.77,0.15905209892560834,4251,2,0.3806589337894663,Prepaid,East,4,8,0
2658,2023-01-04 00:00:00+00:00,Apparel,1,1451.0,0.0,2645,2,0.037795864921021056,Prepaid,North,6,1,0
2310,2023-01-04 00:00:00+00:00,Apparel,1,251.46,0.0,2641,3,0.03403807244956597,COD,North,9,2,0
936,2023-01-04 00:00:00+00:00,Electronics,0,697.82,0.24460761469454695,2719,1,0.06845562328892374,Prepaid,South,6,1,0
3028,2023-01-04 00:00:00+00:00,Apparel,1,2838.48,0.3527466586484599,1234,5,0.012820664914920794,Prepaid,North,10,1,0
4559,2023-01-04 00:00:00+00:00,Footwear,1,720.48,0.0,4231,2,0.13330612239054349,COD,East,5,2,0
507,2023-01-04 00:00:00+00:00,Home,0,6327.04,0.0,2697,0,0.0,Prepaid,West,5,1,0
3916,2023-01-04 00:00:00+00:00,Footwear,1,296.62,0.29996882137715863,1290,6,0.44916706388229144,COD,North,8,1,0
313,2023-01-04 00:00:00+00:00,Apparel,1,1664.91,0.008050969153195892,2137,2,0.33045119521231625,Prepaid,West,14,2,0
4619,2023-01-04 00:00:00+00:00,Apparel,1,4477.02,0.0,3228,2,0.14352643623870523,Prepaid,South,5,1,0
570,2023-01-04 00:00:00+00:00,Apparel,1,362.65,0.0,1542,2,0.08502080891982247,COD,East,3,25,0
3477,2023-01-04 00:00:00+00:00,Home,0,695.99,0.0,2056,0,0.0,Prepaid,West,11,7,0
2305,2023-01-04 00:00:00+00:00,Electronics,0,346.02,0.23736421978222824,2314,3,0.11367595506684283,Prepaid,South,8,3,0
57,2023-01-04 00:00:00+00:00,Apparel,1,3591.68,0.0,3280,2,0.26213554105565906,Prepaid,West,10,3,0
1785,2023-01-04 00:00:00+00:00,Apparel,1,423.78,0.0,3086,1,0.2735293282530985,Prepaid,West,8,0,0
3779,2023-01-04 00:00:00+00:00,Home,0,1127.15,0.15235822874152732,2931,2,0.39173161491194236,Prepaid,South,11,4,0
2125,2023-01-04 00:00:00+00:00,Apparel,1,833.37,0.0,2475,4,0.08470774228310106,COD,North,13,10,0
4063,2023-01-04 00:00:00+00:00,Apparel,1,1149.13,0.11638550676179009,1861,3,0.2250150522095038,COD,East,7,0,0
4467,2023-01-04 00:00:00+00:00,Apparel,1,1342.51,0.0,2291,3,0.10720825091551474,Prepaid,South,3,5,0
4112,2023-01-04 00:00:00+00:00,Apparel,1,282.86,0.18865457861329998,3312,3,0.1715981809419378,Prepaid,East,12,0,1
1983,2023-01-04 00:00:00+00:00,Home,0,2298.31,0.09365434110394014,3957,1,0.06716145023160909,Prepaid,West,6,2,0
2031,2023-01-04 00:00:00+00:00,Electronics,0,11081.94,0.0,1091,0,0.0,Prepaid,South,10,12,0
4349,2023-01-04 00:00:00+00:00,Home,0,2143.48,0.23324157998344075,1509,1,0.12898654340167712,Prepaid,West,4,5,0
3050,2023-01-04 00:00:00+00:00,Apparel,1,626.83,0.42478771250592773,4211,3,0.015808149065655433,Prepaid,South,12,0,1
2626,2023-01-04 00:00:00+00:00,Home,0,3233.8,0.0,2824,5,0.05716827068981479,Prepaid,North,12,4,0
4716,2023-01-04 00:00:00+00:00,Home,0,294.74,0.0,3488,2,0.13263475050789902,Prepaid,East,4,7,0
1135,2023-01-04 00:00:00+00:00,Footwear,1,1791.06,0.0,3283,0,0.0,COD,North,2,3,1
4270,2023-01-04 00:00:00+00:00,Apparel,1,906.83,0.0,4030,0,0.0,Prepaid,North,1,0,1
2518,2023-01-05 00:00:00+00:00,Footwear,1,505.28,0.0,3688,2,0.052739374372027366,Prepaid,West,10,6,1
2433,2023-01-05 00:00:00+00:00,Beauty,0,5915.43,0.0,3872,0,0.0,Prepaid,East,3,1,0
4180,2023-01-05 00:00:00+00:00,Electronics,0,1683.51,0.0,3303,2,0.2213044227262833,COD,South,10,1,0
4621,2023-01-05 00:00:00+00:00,Footwear,1,626.25,0.0,1621,0,0.0,COD,North,5,1,0
4217,2023-01-05 00:00:00+00:00,Beauty,0,564.6,0.0,1302,0,0.0,Prepaid,West,13,1,0
3365,2023-01-05 00:00:00+00:00,Apparel,1,283.45,0.0,4199,0,0.0,COD,East,11,7,0
1581,2023-01-05 00:00:00+00:00,Apparel,1,1240.33,0.5018872955198604,1130,2,0.5815798467981086,COD,East,7,9,0
4856,2023-01-05 00:00:00+00:00,Home,0,7012.28,0.0,3873,2,0.06360017374014883,Prepaid,East,13,0,0
4977,2023-01-05 00:00:00+00:00,Beauty,0,2249.8,0.0,4334,2,0.02778238402931235,COD,North,14,7,0
2375,2023-01-05 00:00:00+00:00,Home,0,3889.48,0.08255139949807452,4299,1,0.08971560103740034,Prepaid,West,9,3,0
2140,2023-01-05 00:00:00+00:00,Apparel,1,134.81,0.0,3553,3,0.2980029133614095,Prepaid,West,9,5,1
284,2023-01-05 00:00:00+00:00,Electronics,0,617.22,0.0,1355,2,0.1594693099923977,COD,West,13,3,0
1301,2023-01-05 00:00:00+00:00,Apparel,1,549.34,0.0,2228,3,0.17763746508417325,COD,South,13,0,0
4155,2023-01-05 00:00:00+00:00,Home,0,992.04,0.4291638059726218,1679,1,0.14505893698338668,Prepaid,South,5,0,0
587,2023-01-05 00:00:00+00:00,Home,0,40069.78,0.0,3400,2,0.2291304730212712,COD,East,3,0,0
4540,2023-01-05 00:00:00+00:00,Home,0,2355.22,0.0,3051,6,0.027400546438045563,Prepaid,West,14,0,0
2190,2023-01-05 00:00:00+00:00,Apparel,1,4623.61,0.02516931253043328,3366,1,0.1580545371039415,COD,North,5,2,0
777,2023-01-05 00:00:00+00:00,Electronics,0,3485.69,0.0,3479,4,0.18894779521526814,Prepaid,West,6,1,0
2567,2023-01-05 00:00:00+00:00,Apparel,1,701.36,0.0,1703,0,0.0,Prepaid,West,11,5,0
702,2023-01-05 00:00:00+00:00,Electronics,0,216.95,0.0,3941,1,0.013504376423380964,Prepaid,South,14,2,0
96,2023-01-05 00:00:00+00:00,Footwear,1,2515.8,0.0,3905,0,0.0,Prepaid,West,1,5,0
2382,2023-01-05 00:00:00+00:00,Footwear,1,9122.32,0.1958648892084055,1277,2,0.1783692427862571,Prepaid,East,4,2,0
3234,2023-01-05 00:00:00+00:00,Apparel,1,228.86,0.0,3155,3,0.8232741480752748,Prepaid,South,4,0,1
3498,2023-01-06 00:00:00+00:00,Apparel,1,1418.84,0.0,2164,1,0.10264414950610234,Prepaid,South,13,3,0
4699,2023-01-06 00:00:00+00:00,Footwear,1,246.96,0.0,3801,0,0.0,Prepaid,West,11,4,0
330,2023-01-06 00:00:00+00:00,Beauty,0,6236.29,0.0,3525,0,0.0,Prepaid,North,1,1,0
1272,2023-01-06 00:00:00+00:00,Electronics,0,267.89,0.0,4008,0,0.0,COD,North,12,0,0
2276,2023-01-06 00:00:00+00:00,Apparel,1,8799.16,0.010191661952950903,2474,0,0.0,Prepaid,West,5,2,0
4133,2023-01-06 00:00:00+00:00,Beauty,0,336.42,0.0,3936,3,0.033062838718455244,Prepaid,East,12,0,0
259,2023-01-06 00:00:00+00:00,Home,0,6603.77,0.16129968395022024,3946,1,0.29284800972864194,COD,North,9,9,0
1227,2023-01-06 00:00:00+00:00,Apparel,1,1862.84,0.14716254027051226,3716,3,0.13548624502028386,Prepaid,South,10,4,1
233,2023-01-06 00:00:00+00:00,Electronics,0,2129.94,0.0,1775,3,0.13195289588226145,COD,North,12,0,0
2426,2023-01-06 00:00:00+00:00,Electronics,0,1658.86,0.013092020046462718,3394,1,0.0020793949922411634,Prepaid,South,14,1,0
384,2023-01-06 00:00:00+00:00,Apparel,1,781.34,0.0,3524,2,0.2236251273799557,Prepaid,South,12,0,0
3316,2023-01-06 00:00:00+00:00,Footwear,1,420.87,0.17170626118901627,1886,1,0.02957144738110629,COD,South,10,3,0
4455,2023-01-06 00:00:00+00:00,Footwear,1,2346.44,0.0,3495,1,0.02501572954954273,COD,North,4,1,0
1674,2023-01-06 00:00:00+00:00,Footwear,1,1364.92,0.013775775775094132,1466,1,0.15898652242980366,Prepaid,West,4,0,0
4542,2023-01-06 00:00:00+00:00,Apparel,1,705.77,0.0,2842,2,0.18546276479847215,Prepaid,South,14,0,1
574,2023-01-06 00:00:00+00:00,Apparel,1,1023.62,0.349321134405636,2132,1,0.005271246137254407,Prepaid,West,13,4,0
1717,2023-01-06 00:00:00+00:00,Beauty,0,2101.58,0.2645717744234878,2025,3,0.09862513007609798,Prepaid,North,11,0,0
1402,2023-01-06 00:00:00+00:00,Apparel,1,1257.45,0.04092823999142408,3559,2,0.0018204053327723641,Prepaid,East,6,7,0
3909,2023-01-06 00:00:00+00:00,Home,0,520.96,0.0,1769,2,0.764172364071267,Prepaid,East,8,1,0
2145,2023-01-06 00:00:00+00:00,Apparel,1,415.01,0.0,2168,4,0.061278459941019846,Prepaid,South,7,4,1
392,2023-01-06 00:00:00+00:00,Apparel,1,1910.53,0.22634737166692961,3018,0,0.0,Prepaid,North,7,1,0
142,2023-01-06 00:00:00+00:00,Electronics,0,1143.51,0.0,2099,0,0.0,COD,East,4,2,0
3925,2023-01-07 00:00:00+00:00,Footwear,1,941.81,0.0,3970,2,0.023348999721258482,COD,East,2,14,1
386,2023-01-07 00:00:00+00:00,Footwear,1,183.39,0.0,1457,2,0.23318174733793198,Prepaid,West,11,2,0
1612,2023-01-07 00:00:00+00:00,Apparel,1,800.05,0.0,1569,3,0.06457520454222801,Prepaid,West,11,5,0
389,2023-01-07 00:00:00+00:00,Electronics,0,944.38,0.0,2719,2,0.01961422425317105,Prepaid,East,4,13,0
676,2023-01-07 00:00:00+00:00,Electronics,0,3203.94,0.0,2219,2,0.4346906626344397,COD,West,9,7,0
1641,2023-01-07 00:00:00+00:00,Electronics,0,1179.61,0.18930734412655673,1329,0,0.0,Prepaid,South,7,0,0
1658,2023-01-07 00:00:00+00:00,Home,0,1513.11,0.0,3242,2,0.1490348446701103,Prepaid,East,9,5,0
2854,2023-01-07 00:00:00+00:00,Apparel,1,284.78,0.0,4014,2,0.41369538701355324,Prepaid,North,13,2,0
1697,2023-01-07 00:00:00+00:00,Beauty,0,562.08,0.0,3831,0,0.0,Prepaid,East,6,2,0
3843,2023-01-07 00:00:00+00:00,Apparel,1,204.83,0.0,1912,0,0.0,Prepaid,South,10,4,0
1326,2023-01-07 00:00:00+00:00,Footwear,1,1083.18,0.0,3360,1,0.20078881053847072,COD,North,11,13,0
2300,2023-01-07 00:00:00+00:00,Home,0,1333.56,0.0,2199,2,0.3782871622159589,Prepaid,North,10,0,0
3441,2023-01-07 00:00:00+00:00,Apparel,1,722.42,0.0,1657,3,0.05715628845884454,COD,South,8,2,1
904,2023-01-07 00:00:00+00:00,Apparel,1,5441.24,0.5179057387789422,2120,4,0.038192586835253214,Prepaid,South,3,1,0
4631,2023-01-07 00:00:00+00:00,Electronics,0,2315.96,0.0,3015,1,0.3733575100008718,Prepaid,West,10,1,0
1399,2023-01-07 00:00:00+00:00,Home,0,80.28,0.0,1396,3,0.3307399403854348,Prepaid,West,2,0,0
2856,2023-01-07 00:00:00+00:00,Apparel,1,3609.55,0.0,3751,2,0.3504808073503768,Prepaid,North,8,4,1
1081,2023-01-07 00:00:00+00:00,Footwear,1,220.09,0.012805397529941642,2998,1,0.3192989843513258,Prepaid,East,1,0,0
512,2023-01-07 00:00:00+00:00,Apparel,1,935.74,0.06958300132819895,2335,1,0.26801986660585825,Prepaid,West,14,0,0
2883,2023-01-07 00:00:00+00:00,Footwear,1,2897.99,0.0,3170,1,0.36466544053097066,Prepaid,North,13,0,0
4718,2023-01-07 00:00:00+00:00,Footwear,1,1411.29,0.0,1446,2,0.44041869119057775,Prepaid,West,13,2,0
2704,2023-01-07 00:00:00+00:00,Footwear,1,206.69,0.29665777154549267,1039,0,0.0,Prepaid,East,7,2,0
1797,2023-01-07 00:00:00+00:00,Electronics,0,7751.16,0.0,1012,0,0.0,COD,North,5,0,0
3062,2023-01-07 00:00:00+00:00,Apparel,1,980.23,0.1553792375380176,3652,2,0.37730615909186227,Prepaid,South,10,11,0
2252,2023-01-07 00:00:00+00:00,Footwear,1,700.52,0.0,3952,0,0.0,COD,West,1,11,0
1628,2023-01-07 00:00:00+00:00,Apparel,1,4720.6,0.0,2062,2,0.3996317742796556,Prepaid,West,5,0,0
593,2023-01-07 00:00:00+00:00,Home,0,719.62,0.0,3721,2,0.12879714139070753,Prepaid,East,13,3,1
2063,2023-01-07 00:00:00+00:00,Apparel,1,498.87,0.68866683607549,3598,0,0.0,Prepaid,North,6,5,0
4833,2023-01-07 00:00:00+00:00,Electronics,0,5143.18,0.030666449855714886,1996,1,0.3689269868739038,Prepaid,East,6,0,0
2117,2023-01-07 00:00:00+00:00,Apparel,1,3676.56,0.0,2630,4,0.047027117017323435,Prepaid,East,9,2,0
4882,2023-01-07 00:00:00+00:00,Beauty,0,916.84,0.0,2339,3,0.26034415039915587,Prepaid,East,7,0,0
2154,2023-01-07 00:00:00+00:00,Electronics,0,182.24,0.13471885951125587,2029,2,0.1440771430410041,Prepaid,East,11,4,0
4949,2023-01-07 00:00:00+00:00,Electronics,0,2677.59,0.0,4411,3,0.09433705333166356,COD,South,2,5,0
4256,2023-01-08 00:00:00+00:00,Apparel,1,1114.58,0.0,3265,1,0.16603970819800026,Prepaid,North,6,0,0
511,2023-01-08 00:00:00+00:00,Beauty,0,1133.16,0.0,4367,3,0.3501149686047662,Prepaid,West,4,3,0
178,2023-01-08 00:00:00+00:00,Home,0,1177.23,0.0,4335,2,0.04579657683422189,Prepaid,North,5,0,0
2990,2023-01-08 00:00:00+00:00,Apparel,1,5824.69,0.7454121696778228,2024,1,0.4287369820143179,Prepaid,North,13,3,0
1751,2023-01-08 00:00:00+00:00,Beauty,0,5009.32,0.26990642496228867,1380,2,0.005641850303487675,COD,North,13,0,0
3150,2023-01-08 00:00:00+00:00,Electronics,0,795.3,0.0,1292,1,0.059656110904613986,COD,West,14,1,0
3900,2023-01-08 00:00:00+00:00,Apparel,1,517.58,0.2465656646433444,3712,5,0.18581623807664283,COD,East,2,6,0
2335,2023-01-08 00:00:00+00:00,Electronics,0,786.4,0.0,1672,1,0.32568954634305586,COD,North,3,2,0
1712,2023-01-08 00:00:00+00:00,Apparel,1,690.51,0.07788859711314411,3433,1,0.4011000147831285,Prepaid,West,6,6,0
2973,2023-01-08 00:00:00+00:00,Apparel,1,423.23,0.0,2540,4,0.24957923210898766,Prepaid,West,5,3,1
4539,2023-01-08 00:00:00+00:00,Apparel,1,447.3,0.17447718009140195,4039,1,0.1903596518658149,Prepaid,South,14,3,1
1692,2023-01-08 00:00:00+00:00,Apparel,1,2573.85,0.0,2362,2,0.34332111577027064,Prepaid,West,12,1,0
2089,2023-01-08 00:00:00+00:00,Electronics,0,2144.99,0.0,2351,1,0.08280448502096413,Prepaid,East,8,2,0
345,2023-01-08 00:00:00+00:00,Beauty,0,1162.31,0.0,2895,1,0.1170789348521453,Prepaid,West,14,3,0
3149,2023-01-08 00:00:00+00:00,Apparel,1,1207.38,0.0,3905,1,0.10499544678581908,Prepaid,East,13,1,0
3196,2023-01-08 00:00:00+00:00,Electronics,0,474.99,0.0,2780,1,0.04545016939662715,Prepaid,West,1,0,0
28,2023-01-08 00:00:00+00:00,Footwear,1,661.63,0.1287304698415254,1245,3,0.2839538397576226,Prepaid,North,8,1,0
3284,2023-01-08 00:00:00+00:00,Apparel,1,2924.5,0.0,1944,2,0.22552727091816754,COD,South,1,1,0
3183,2023-01-08 00:00:00+00:00,Apparel,1,3290.47,0.0,2662,2,0.018914541830008073,Prepaid,North,10,0,0
1277,2023-01-08 00:00:00+00:00,Home,0,411.66,0.0,2865,0,0.0,Prepaid,North,14,1,0
376,2023-01-08 00:00:00+00:00,Electronics,0,518.05,0.0,1444,2,0.015663510722288852,COD,South,12,6,0
153,2023-01-08 00:00:00+00:00,Home,0,399.8,0.0,4023,1,0.2569135852582248,Prepaid,South,13,0,0
4686,2023-01-08 00:00:00+00:00,Electronics,0,2711.22,0.137153250360317,3542,2,0.11729534000527564,Prepaid,West,7,0,0
4970,2023-01-08 00:00:00+00:00,Apparel,1,527.9,0.0,3730,4,0.07954855199379622,Prepaid,South,8,0,0
1063,2023-01-08 00:00:00+00:00,Home,0,3498.5,0.0,1327,4,0.7352383813563489,Prepaid,East,3,1,1
149,2023-01-08 00:00:00+00:00,Beauty,0,350.83,0.38665404714642904,1185,1,0.3075657722479263,Prepaid,North,3,2,0
3963,2023-01-08 00:00:00+00:00,Apparel,1,8285.79,0.0,2526,1,0.14010418397713686,Prepaid,South,12,2,1
2857,2023-01-08 00:00:00+00:00,Beauty,0,378.33,0.0,3648,1,0.15863024474498028,Prepaid,North,9,2,0
1302,2023-01-08 00:00:00+00:00,Home,0,2059.61,0.0,1196,0,0.0,COD,East,3,1,0
1034,2023-01-08 00:00:00+00:00,Electronics,0,730.69,0.0,2143,1,0.00012581230356388027,COD,East,11,3,0
434,2023-01-08 00:00:00+00:00,Home,0,2198.52,0.0,4368,4,0.7074027929065387,Prepaid,South,12,9,0
3969,2023-01-08 00:00:00+00:00,Apparel,1,744.06,0.0,1916,1,0.07071340102395413,COD,East,5,0,0
2907,2023-01-08 00:00:00+00:00,Home,0,480.61,0.0,1095,4,0.3645990413982826,Prepaid,North,13,2,0
4010,2023-01-08 00:00:00+00:00,Electronics,0,690.15,0.03592625392323033,4001,5,0.35015496682025654,Prepaid,South,1,3,0
668,2023-01-08 00:00:00+00:00,Apparel,1,155.32,0.0,2260,0,0.0,Prepaid,West,4,0,0
4390,2023-01-08 00:00:00+00:00,Electronics,0,2049.37,0.0,2230,2,0.13976898428324355,Prepaid,West,11,1,1
1985,2023-01-08 00:00:00+00:00,Home,0,3295.6,0.15033759879529515,2056,3,0.6920077638460569,COD,West,11,1,0
2924,2023-01-08 00:00:00+00:00,Home,0,1064.23,0.0,4320,4,0.47019199886881285,Prepaid,East,11,0,0
857,2023-01-08 00:00:00+00:00,Electronics,0,415.35,0.04548652994266447,4248,2,0.5573372494187352,Prepaid,North,7,2,0
4893,2023-01-09 00:00:00+00:00,Footwear,1,4396.72,0.0,3878,2,0.0015255420883196105,Prepaid,East,11,0,0
179,2023-01-09 00:00:00+00:00,Beauty,0,641.69,0.1312168712337891,2402,1,0.016087255133535816,Prepaid,East,10,7,0
4443,2023-01-09 00:00:00+00:00,Home,0,391.63,0.3343019870717721,4169,2,0.015558106315420633,Prepaid,North,5,2,0
85,2023-01-09 00:00:00+00:00,Footwear,1,72507.78,0.0,2792,5,0.0723230417780407,Prepaid,East,8,2,0
3598,2023-01-09 00:00:00+00:00,Apparel,1,7072.93,0.0,3762,6,0.7208867255236374,Prepaid,East,1,0,0
3591,2023-01-09 00:00:00+00:00,Apparel,1,478.17,0.0,2772,8,0.11601894444268747,Prepaid,East,10,7,0
12,2023-01-09 00:00:00+00:00,Footwear,1,368.87,0.0,2043,1,0.0023763646947089962,Prepaid,North,4,1,0
4990,2023-01-09 00:00:00+00:00,Apparel,1,930.71,0.0,2128,0,0.0,COD,South,10,5,0
2437,2023-01-09 00:00:00+00:00,Electronics,0,3144.31,0.09080694789139496,1600,4,0.008934697587481272,Prepaid,South,13,1,0
4505,2023-01-09 00:00:00+00:00,Apparel,1,1033.14,0.07261953205867921,2923,2,0.04995345667045943,Prepaid,South,8,0,0
440,2023-01-09 00:00:00+00:00,Apparel,1,1551.53,0.0,2613,3,0.5026757611556557,Prepaid,East,8,7,0
3535,2023-01-09 00:00:00+00:00,Footwear,1,154.13,0.0,2729,3,0.18486183087608118,Prepaid,South,7,6,0
785,2023-01-09 00:00:00+00:00,Electronics,0,471.96,0.015785362710274503,2583,0,0.0,COD,North,11,3,0
3480,2023-01-09 00:00:00+00:00,Footwear,1,2329.72,0.15161006299984917,1859,3,0.39102324513523173,Prepaid,South,14,2,0
3518,2023-01-09 00:00:00+00:00,Home,0,973.72,0.0,1283,1,0.30384712816389536,COD,North,9,1,0
328,2023-01-09 00:00:00+00:00,Apparel,1,3011.03,0.16126419906531553,3123,1,0.09452170715456422,COD,East,9,0,0
4857,2023-01-09 00:00:00+00:00,Electronics,0,1123.05,0.15124782163963177,2293,3,0.02548730159109726,Prepaid,West,10,7,0
3358,2023-01-09 00:00:00+00:00,Electronics,0,332.89,0.0,2313,1,0.2079235417153906,Prepaid,East,8,1,0
4707,2023-01-09 00:00:00+00:00,Home,0,2525.17,0.28969959521584054,2876,2,0.47535411332414873,Prepaid,South,12,2,0
766,2023-01-09 00:00:00+00:00,Home,0,15819.99,0.0,4145,4,0.40960118084868175,Prepaid,South,11,1,0
31,2023-01-09 00:00:00+00:00,Apparel,1,1247.19,0.0,4450,2,0.2702587684401107,Prepaid,West,1,0,0
2673,2023-01-09 00:00:00+00:00,Apparel,1,2853.22,0.23856294449913687,4398,5,0.048667913113740795,Prepaid,West,4,0,0
3814,2023-01-09 00:00:00+00:00,Apparel,1,346.1,0.07777556115008871,4001,2,0.15660084232880211,COD,East,6,5,0
3733,2023-01-09 00:00:00+00:00,Footwear,1,786.2,0.0,1868,3,0.09232758282068587,Prepaid,West,3,0,0
1662,2023-01-09 00:00:00+00:00,Electronics,0,6035.63,0.0,1443,2,0.2361763933118878,Prepaid,East,4,6,0
628,2023-01-09 00:00:00+00:00,Electronics,0,287.17,0.0,4039,1,0.2568519326169794,Prepaid,South,10,0,0
2336,2023-01-09 00:00:00+00:00,Footwear,1,1524.38,0.11994360958804112,4178,3,0.03580405552274239,COD,East,11,4,0
3427,2023-01-09 00:00:00+00:00,Apparel,1,737.89,0.0,2009,2,0.060231332294380976,COD,West,13,0,0
1214,2023-01-09 00:00:00+00:00,Apparel,1,199.31,0.0,2803,1,0.25680202902246796,Prepaid,West,2,3,1
3656,2023-01-09 00:00:00+00:00,Home,0,2508.02,0.0,3741,4,0.044327309758170584,COD,North,8,0,0
3142,2023-01-09 00:00:00+00:00,Beauty,0,877.41,0.0,4236,2,0.07507076406667373,COD,North,1,5,0
188,2023-01-09 00:00:00+00:00,Beauty,0,617.08,0.0,3253,0,0.0,COD,West,11,4,0
1571,2023-01-10 00:00:00+00:00,Apparel,1,36057.63,0.22721341364555775,1148,2,0.546755384410829,COD,West,7,0,0
3867,2023-01-10 00:00:00+00:00,Electronics,0,181.57,0.0,4040,3,0.2751167426514008,Prepaid,West,11,3,1
3213,2023-01-10 00:00:00+00:00,Apparel,1,1465.13,0.28332139619866625,3557,4,0.04429733003860052,Prepaid,South,10,1,0
1321,2023-01-10 00:00:00+00:00,Electronics,0,474.18,0.0,2787,2,0.039256391587390936,Prepaid,South,12,0,0
4042,2023-01-10 00:00:00+00:00,Electronics,0,5217.71,0.0,2608,2,0.21572666935773327,Prepaid,North,10,10,0
1561,2023-01-10 00:00:00+00:00,Home,0,900.17,0.0,1677,1,0.08873944602596129,Prepaid,West,14,0,0
3775,2023-01-10 00:00:00+00:00,Footwear,1,2322.31,0.0,2084,2,0.04172846450659801,COD,West,12,3,0
2734,2023-01-10 00:00:00+00:00,Electronics,0,1060.21,0.0,3474,2,0.10982484148606977,Prepaid,East,4,8,0
1181,2023-01-10 00:00:00+00:00,Footwear,1,370.79,0.22197923210306522,1148,3,0.14525568646332032,Prepaid,West,10,1,0
2450,2023-01-10 00:00:00+00:00,Footwear,1,1365.6,0.0,4178,1,0.05739321652595131,Prepaid,South,5,0,0
762,2023-01-10 00:00:00+00:00,Apparel,1,2132.96,0.0,2362,1,0.11761102875223547,Prepaid,East,13,1,0
202,2023-01-10 00:00:00+00:00,Home,0,359.33,0.11847968815895324,1228,3,0.054856344037529106,Prepaid,South,11,0,0
4832,2023-01-10 00:00:00+00:00,Electronics,0,775.37,0.0,4023,0,0.0,Prepaid,West,5,1,0
371,2023-01-10 00:00:00+00:00,Electronics,0,407.5,0.0,4453,1,0.01798891770688991,Prepaid,East,14,5,0
4705,2023-01-10 00:00:00+00:00,Apparel,1,540.72,0.0,3895,1,0.002892705697523142,COD,West,11,1,0
363,2023-01-10 00:00:00+00:00,Electronics,0,541.51,0.062259274251307006,1841,0,0.0,Prepaid,South,10,3,0
2351,2023-01-10 00:00:00+00:00,Apparel,1,399.09,0.275358732237711,3202,5,0.3201397557511996,Prepaid,West,1,2,1
2122,2023-01-10 00:00:00+00:00,Footwear,1,84.37,0.0,1264,1,0.3789869945689404,Prepaid,East,13,2,0
2066,2023-01-10 00:00:00+00:00,Electronics,0,5129.06,0.0,3213,2,0.4972825032616452,Prepaid,East,7,2,0
564,2023-01-10 00:00:00+00:00,Apparel,1,3831.27,0.0,2883,2,0.23053939060063328,Prepaid,South,14,0,0
4775,2023-01-10 00:00:00+00:00,Home,0,776.87,0.0,1694,2,0.07344781956406822,Prepaid,North,9,2,0
528,2023-01-10 00:00:00+00:00,Footwear,1,1992.57,0.0,1386,0,0.0,COD,South,7,0,0
3737,2023-01-10 00:00:00+00:00,Footwear,1,112.5,0.07394620788658515,3716,3,0.07065028688425355,Prepaid,West,12,4,0
3717,2023-01-10 00:00:00+00:00,Electronics,0,598.84,0.0,1301,1,0.5572916521690561,Prepaid,North,8,3,0
1376,2023-01-10 00:00:00+00:00,Apparel,1,1922.5,0.0,3569,3,0.27865205174534974,COD,South,10,1,1
1362,2023-01-10 00:00:00+00:00,Apparel,1,2469.95,0.5591943727932279,1656,2,0.03649221992136211,COD,South,2,10,0
4593,2023-01-10 00:00:00+00:00,Electronics,0,2968.72,0.0,2060,1,0.30147278153951335,Prepaid,North,3,0,0
112,2023-01-10 00:00:00+00:00,Footwear,1,679.71,0.0,1365,1,0.15131943423464242,Prepaid,North,1,1,1
1219,2023-01-10 00:00:00+00:00,Apparel,1,1163.81,0.0821377976105746,3850,3,0.013730816884627434,COD,North,10,14,0
3435,2023-01-10 00:00:00+00:00,Apparel,1,3143.14,0.06878886374439637,2501,0,0.0,COD,East,13,0,1
185,2023-01-10 00:00:00+00:00,Apparel,1,526.28,0.03784675897437623,1291,0,0.0,Prepaid,East,2,2,0
797,2023-01-11 00:00:00+00:00,Apparel,1,782.75,0.18985167258096572,3010,0,0.0,Prepaid,East,3,0,0
3731,2023-01-11 00:00:00+00:00,Footwear,1,915.94,0.4775316345749242,4217,1,0.09962104350328628,Prepaid,South,1,5,0
4121,2023-01-11 00:00:00+00:00,Electronics,0,4257.13,0.0,1292,2,0.4868285758296193,COD,South,13,6,0
3095,2023-01-11 00:00:00+00:00,Apparel,1,3466.83,0.0,1312,0,0.0,Prepaid,South,7,1,0
170,2023-01-11 00:00:00+00:00,Home,0,495.84,0.0,1483,2,0.149431538348456,Prepaid,South,13,4,0
3881,2023-01-11 00:00:00+00:00,Apparel,1,1505.02,0.0,3192,2,0.42685569789160327,Prepaid,South,11,0,0
1435,2023-01-11 00:00:00+00:00,Footwear,1,1868.81,0.0,3511,0,0.0,Prepaid,West,12,0,0
1736,2023-01-11 00:00:00+00:00,Home,0,1829.05,0.0,1885,1,0.31471655191395087,Prepaid,North,8,6,0
4463,2023-01-11 00:00:00+00:00,Electronics,0,887.62,0.0,2935,2,0.542108773795662,Prepaid,West,9,2,0
758,2023-01-11 00:00:00+00:00,Electronics,0,1030.75,0.10962453248620507,1959,2,0.15397679331620415,COD,West,9,2,0
784,2023-01-11 00:00:00+00:00,Apparel,1,2814.23,0.0,2371,2,0.22085112159476136,Prepaid,North,11,7,0
3861,2023-01-11 00:00:00+00:00,Apparel,1,2734.31,0.0,1520,4,0.26606695870115776,Prepaid,North,1,2,1
3610,2023-01-11 00:00:00+00:00,Apparel,1,1076.14,0.0,1705,2,0.2667901093183986,Prepaid,West,10,2,0
4422,2023-01-11 00:00:00+00:00,Apparel,1,3145.73,0.0,3002,3,0.6150152951973487,COD,North,12,0,0
4534,2023-01-11 00:00:00+00:00,Electronics,0,953.38,0.0,2214,3,0.3980615529471302,COD,South,2,0,0
2622,2023-01-11 00:00:00+00:00,Home,0,1012.43,0.0,2630,2,0.12470484774869259,Prepaid,West,1,3,0
174,2023-01-11 00:00:00+00:00,Electronics,0,434.03,0.18337734290623708,1737,3,0.04529178166590831,COD,West,5,1,0
287,2023-01-11 00:00:00+00:00,Apparel,1,1011.83,0.13865690192492033,3371,2,0.029615990931026265,Prepaid,East,11,2,0
1078,2023-01-11 00:00:00+00:00,Footwear,1,576.35,0.029928579109557082,1915,3,0.07561411602017482,Prepaid,East,12,3,0
4316,2023-01-11 00:00:00+00:00,Electronics,0,444.81,0.0,2552,3,0.07138090772361994,Prepaid,South,4,7,0
2563,2023-01-12 00:00:00+00:00,Apparel,1,249.07,0.13714985843616534,1886,0,0.0,COD,East,8,5,0
3491,2023-01-12 00:00:00+00:00,Apparel,1,3305.27,0.0,1776,2,0.21656461427608922,COD,South,9,1,0
771,2023-01-12 00:00:00+00:00,Apparel,1,1338.92,0.0,1780,2,0.0028755728843922047,Prepaid,South,14,1,0
2790,2023-01-12 00:00:00+00:00,Apparel,1,5736.16,0.036094503781418236,2136,3,0.20004771373438207,COD,North,13,3,0
3630,2023-01-12 00:00:00+00:00,Apparel,1,4283.57,0.0,1266,2,0.09247963272451444,Prepaid,North,12,2,0
2849,2023-01-12 00:00:00+00:00,Electronics,0,6988.79,0.0,3370,0,0.0,COD,South,3,10,1
3993,2023-01-12 00:00:00+00:00,Apparel,1,681.9,0.18285565285617375,4418,1,0.1586266406327647,Prepaid,East,12,5,0
2068,2023-01-12 00:00:00+00:00,Apparel,1,481.18,0.0,3891,1,0.08556989036971137,Prepaid,East,8,4,0
524,2023-01-12 00:00:00+00:00,Electronics,0,970.2,0.0,1226,0,0.0,COD,North,8,0,1
3243,2023-01-12 00:00:00+00:00,Home,0,9467.67,0.23087137144908845,2953,2,0.21476909003626343,Prepaid,North,1,1,0
4975,2023-01-12 00:00:00+00:00,Electronics,0,2596.52,0.2680439703420293,4456,2,0.16626069509436175,Prepaid,West,11,0,0
4377,2023-01-12 00:00:00+00:00,Footwear,1,184.82,0.0,4460,2,0.32242803868912795,Prepaid,South,2,16,0
3066,2023-01-12 00:00:00+00:00,Beauty,0,1234.78,0.006897877942475095,3198,0,0.0,COD,South,9,0,0
1313,2023-01-12 00:00:00+00:00,Apparel,1,965.43,0.0,4440,0,0.0,COD,South,1,3,0
2674,2023-01-12 00:00:00+00:00,Home,0,788.6,0.0,4400,2,0.4815465447008486,Prepaid,North,8,3,0
30,2023-01-12 00:00:00+00:00,Apparel,1,411.57,0.0,3070,3,0.6058737827958086,Prepaid,South,11,0,1
725,2023-01-12 00:00:00+00:00,Electronics,0,1665.81,0.0,3086,4,0.15975554775469797,Prepaid,South,8,0,0
3008,2023-01-12 00:00:00+00:00,Apparel,1,1886.54,0.0,4304,2,0.06743793826852722,Prepaid,South,4,1,0
2620,2023-01-12 00:00:00+00:00,Apparel,1,1366.36,0.0,1429,2,0.05685457910221899,Prepaid,East,10,3,0
2743,2023-01-12 00:00:00+00:00,Apparel,1,900.35,0.0,3115,3,0.07096031570328963,Prepaid,East,12,2,0
871,2023-01-12 00:00:00+00:00,Home,0,2120.91,0.11017614969247944,3866,3,0.3303977924647809,COD,North,14,0,0
1783,2023-01-12 00:00:00+00:00,Apparel,1,296.53,0.0,1905,1,0.5108089194975198,Prepaid,North,13,3,0
2834,2023-01-12 00:00:00+00:00,Home,0,878.8,0.0,2018,1,0.04570618782088959,COD,West,14,3,0
301,2023-01-12 00:00:00+00:00,Apparel,1,489.59,0.0,2604,2,0.049248135347840595,Prepaid,East,8,3,0
2166,2023-01-12 00:00:00+00:00,Apparel,1,4273.89,0.055144226034265435,1577,3,0.08009146229209876,COD,North,8,1,0
4098,2023-01-12 00:00:00+00:00,Home,0,319.66,0.15600939958675603,1102,3,0.09065732007407834,Prepaid,West,9,0,0
3390,2023-01-12 00:00:00+00:00,Apparel,1,3637.15,0.0,2427,3,0.4888492938080384,Prepaid,South,12,7,1
3392,2023-01-12 00:00:00+00:00,Apparel,1,1894.83,0.0,2411,0,0.0,Prepaid,North,12,5,1
4733,2023-01-12 00:00:00+00:00,Beauty,0,1173.83,0.3898674470011878,4285,1,0.0906030211836896,Prepaid,South,8,2,0
1224,2023-01-12 00:00:00+00:00,Footwear,1,529.82,0.20235395987535673,3494,0,0.0,COD,North,12,4,1
1979,2023-01-12 00:00:00+00:00,Footwear,1,2177.73,0.1261860698397678,2003,1,0.3478502058253946,Prepaid,West,11,1,0
240,2023-01-12 00:00:00+00:00,Electronics,0,594.04,0.09382429849586851,1969,1,0.017841401454323672,Prepaid,West,12,0,0
3421,2023-01-12 00:00:00+00:00,Home,0,5716.8,0.0,2303,1,0.25835647287997593,Prepaid,North,13,0,0
4466,2023-01-13 00:00:00+00:00,Apparel,1,640.63,0.0,2104,0,0.0,Prepaid,North,5,5,0
2291,2023-01-13 00:00:00+00:00,Beauty,0,1287.2,0.0,1548,2,0.41631391338213203,Prepaid,West,6,1,1
2948,2023-01-13 00:00:00+00:00,Footwear,1,5618.45,0.2207097117414307,1754,3,0.21893864395845525,Prepaid,North,8,4,0
222,2023-01-13 00:00:00+00:00,Electronics,0,1326.02,0.0,1686,1,0.12351109228242158,Prepaid,North,12,4,1
2387,2023-01-13 00:00:00+00:00,Electronics,0,1664.06,0.0,3499,3,0.45132263635832537,COD,East,5,5,0
4465,2023-01-13 00:00:00+00:00,Electronics,0,4439.69,0.08949965551156011,2600,3,0.25067078281236144,COD,South,2,2,0
3819,2023-01-13 00:00:00+00:00,Home,0,389.95,0.3351342644841003,4109,4,0.2730290679842229,Prepaid,East,10,0,1
4146,2023-01-13 00:00:00+00:00,Electronics,0,1887.27,0.20975324642925172,1529,2,0.023532047237502882,Prepaid,West,7,1,0
1759,2023-01-13 00:00:00+00:00,Electronics,0,945.92,0.054954513237938526,2089,4,0.1410181509874876,Prepaid,South,4,9,1
4871,2023-01-13 00:00:00+00:00,Electronics,0,171.57,0.0,3589,1,0.002962040070348598,COD,North,3,1,0
2468,2023-01-13 00:00:00+00:00,Electronics,0,281.91,0.0,4229,2,0.4017633301484362,Prepaid,South,2,12,0
746,2023-01-13 00:00:00+00:00,Footwear,1,2859.34,0.0,2490,4,0.09408471409892091,Prepaid,West,13,1,1
1609,2023-01-13 00:00:00+00:00,Home,0,1737.07,0.0,3121,1,0.10904944871587822,Prepaid,West,3,0,1
3767,2023-01-13 00:00:00+00:00,Apparel,1,786.97,0.0,1340,3,0.24416025645812986,Prepaid,West,12,1,0
1165,2023-01-13 00:00:00+00:00,Apparel,1,619.88,0.10262936531584299,2789,1,0.09139879933722873,Prepaid,East,1,2,0
2729,2023-01-13 00:00:00+00:00,Footwear,1,2558.04,0.0,4091,0,0.0,Prepaid,West,5,6,0
1812,2023-01-13 00:00:00+00:00,Footwear,1,1284.21,0.3399991363190039,2250,1,0.22574902430075366,Prepaid,West,11,1,1
2374,2023-01-13 00:00:00+00:00,Apparel,1,550.42,0.3133085509388962,2675,1,0.21432855163762132,Prepaid,South,11,3,0
838,2023-01-13 00:00:00+00:00,Footwear,1,2465.93,0.0,1299,1,0.3004661170121395,Prepaid,South,4,3,0
4660,2023-01-13 00:00:00+00:00,Home,0,618.18,0.347761288201502,2847,5,0.31064896922215995,Prepaid,West,12,1,0
1583,2023-01-13 00:00:00+00:00,Electronics,0,113.0,0.0,4313,0,0.0,Prepaid,West,8,6,1
872,2023-01-13 00:00:00+00:00,Electronics,0,708.03,0.0,3970,3,0.06721597049415227,COD,East,6,1,0
2341,2023-01-13 00:00:00+00:00,Apparel,1,5087.56,0.0,1704,5,0.5544890486339913,Prepaid,East,12,2,1
3444,2023-01-13 00:00:00+00:00,Apparel,1,1683.49,0.0,1123,4,0.1947807076823277,Prepaid,North,6,3,1
1975,2023-01-13 00:00:00+00:00,Apparel,1,603.3,0.0,4217,3,0.051423396877932515,Prepaid,North,4,1,0
253,2023-01-13 00:00:00+00:00,Footwear,1,2439.03,0.0,3915,1,0.08384473526436322,Prepaid,West,6,0,0
2890,2023-01-13 00:00:00+00:00,Home,0,6836.41,0.06726759055305398,1982,1,0.029724602485772068,Prepaid,South,3,1,0
3300,2023-01-13 00:00:00+00:00,Home,0,399.95,0.0,1742,2,0.17857023922716125,Prepaid,North,5,0,0
3337,2023-01-13 00:00:00+00:00,Apparel,1,2244.71,0.0,2182,3,0.5521432968661264,COD,North,7,0,0
2951,2023-01-13 00:00:00+00:00,Apparel,1,1266.99,0.0,2745,2,0.501515460638635,COD,North,9,6,0
1156,2023-01-13 00:00:00+00:00,Footwear,1,193.78,0.0,3894,3,0.2436837269478572,Prepaid,South,4,8,0
1696,2023-01-13 00:00:00+00:00,Electronics,0,1428.11,0.0,2568,3,0.5059439353433891,Prepaid,West,7,5,0
53,2023-01-14 00:00:00+00:00,Apparel,1,155.47,0.10067386443167876,3122,4,0.16037617968944715,COD,West,2,0,0
1744,2023-01-14 00:00:00+00:00,Apparel,1,1047.5,0.0,4417,5,0.06528951188953654,COD,South,4,0,1
2471,2023-01-14 00:00:00+00:00,Electronics,0,25034.55,0.16821428622568263,3605,1,0.18571347641085428,Prepaid,North,2,0,0
4107,2023-01-14 00:00:00+00:00,Footwear,1,1510.42,0.0,1854,3,0.09574127371911506,Prepaid,North,6,2,0
4634,2023-01-14 00:00:00+00:00,Apparel,1,144.07,0.3380207137473824,2335,1,0.42028247492044357,COD,North,14,1,0
1041,2023-01-14 00:00:00+00:00,Footwear,1,1081.52,0.2767326684984004,2319,3,0.14939528642856229,Prepaid,North,8,0,0
3659,2023-01-14 00:00:00+00:00,Apparel,1,1311.9,0.0,2689,3,0.09987050181082466,Prepaid,South,8,13,0
1601,2023-01-14 00:00:00+00:00,Apparel,1,930.42,0.0,3697,0,0.0,COD,East,14,4,1
291,2023-01-14 00:00:00+00:00,Apparel,1,302.39,0.0,3182,0,0.0,COD,North,7,0,0
4566,2023-01-14 00:00:00+00:00,Electronics,0,2187.78,0.0,2898,2,0.006197183674868188,COD,East,2,2,0
2966,2023-01-14 00:00:00+00:00,Footwear,1,3135.96,0.43226170815331844,3970,1,0.27486818000729896,Prepaid,West,3,0,1
3089,2023-01-14 00:00:00+00:00,Footwear,1,5116.06,0.0,4154,4,0.6615584350974077,Prepaid,North,7,0,0
3267,2023-01-14 00:00:00+00:00,Footwear,1,2358.96,0.3932828764115547,1877,1,0.15063272766891855,Prepaid,West,8,0,1
1718,2023-01-14 00:00:00+00:00,Apparel,1,4616.55,0.0,1330,3,0.05161663433594263,Prepaid,East,10,0,0
2359,2023-01-14 00:00:00+00:00,Footwear,1,2694.33,0.0,2685,1,0.2329537000022746,COD,South,14,0,0
1162,2023-01-14 00:00:00+00:00,Footwear,1,265.88,0.002138701444396221,3003,1,0.4326364364606534,Prepaid,North,4,2,0
1957,2023-01-14 00:00:00+00:00,Apparel,1,286.02,0.0,2864,2,0.25561971344701084,COD,South,7,10,0
3905,2023-01-14 00:00:00+00:00,Footwear,1,1492.56,0.21584746678517017,3423,5,0.16853946616565288,Prepaid,South,5,1,0
3906,2023-01-14 00:00:00+00:00,Home,0,12972.43,0.05376735590070766,4365,3,0.5619504809706568,Prepaid,East,10,4,0
543,2023-01-14 00:00:00+00:00,Apparel,1,5082.46,0.0,2677,3,0.10024242200978048,Prepaid,West,11,1,0
2803,2023-01-14 00:00:00+00:00,Electronics,0,527.93,0.0,3061,0,0.0,COD,North,7,0,1
1266,2023-01-14 00:00:00+00:00,Electronics,0,1534.2,0.0,1480,4,0.6478174840982961,Prepaid,East,4,0,0
992,2023-01-14 00:00:00+00:00,Footwear,1,5761.96,0.0,4275,2,0.6489369313074617,Prepaid,East,14,4,1
3193,2023-01-14 00:00:00+00:00,Electronics,0,1600.9,0.026558897822678187,1123,2,0.10531392857715488,Prepaid,North,9,0,0
2020,2023-01-14 00:00:00+00:00,Home,0,2592.76,0.23606510493394525,2056,1,0.2009474495263218,Prepaid,West,11,0,0
2380,2023-01-14 00:00:00+00:00,Footwear,1,1774.25,0.0,3592,1,0.08495459646009176,COD,East,4,3,0
4395,2023-01-14 00:00:00+00:00,Beauty,0,2526.89,0.0,4414,1,0.23330621155833264,COD,South,10,0,1
2034,2023-01-14 00:00:00+00:00,Footwear,1,386.84,0.0,4044,1,0.010117201919404604,Prepaid,North,3,3,0
2843,2023-01-14 00:00:00+00:00,Electronics,0,612.67,0.0,2547,1,0.028584235711009973,COD,East,11,0,0
3262,2023-01-14 00:00:00+00:00,Apparel,1,1258.89,0.0,4159,3,0.14733048973024548,Prepaid,North,12,2,0
1874,2023-01-14 00:00:00+00:00,Apparel,1,780.73,0.0,2227,3,0.08536217820369178,Prepaid,North,1,3,0
1251,2023-01-14 00:00:00+00:00,Electronics,0,2274.74,0.30475826261471206,4439,1,0.40499917295571847,Prepaid,South,13,9,0
4858,2023-01-15 00:00:00+00:00,Home,0,1324.59,0.0,1898,2,0.10005825703040126,COD,South,12,4,0
4139,2023-01-15 00:00:00+00:00,Apparel,1,140.47,0.0,4474,1,0.5479609629574018,COD,East,12,4,0
339,2023-01-15 00:00:00+00:00,Apparel,1,5475.38,0.0,1918,3,0.21206726556513802,Prepaid,East,6,1,0
1258,2023-01-15 00:00:00+00:00,Electronics,0,1111.36,0.0,1576,2,0.42148911573875525,Prepaid,South,9,1,0
2906,2023-01-15 00:00:00+00:00,Apparel,1,2047.07,0.0,4467,0,0.0,Prepaid,North,14,3,0
1374,2023-01-15 00:00:00+00:00,Home,0,3936.42,0.29630259485036836,3622,1,0.38850487887849944,COD,West,3,2,0
64,2023-01-15 00:00:00+00:00,Apparel,1,1982.66,0.11075203389721183,4449,2,0.2185897179042315,Prepaid,South,10,5,0
452,2023-01-15 00:00:00+00:00,Electronics,0,281.4,0.02131098795373637,4185,4,0.05262271829319059,Prepaid,West,5,1,0
2884,2023-01-15 00:00:00+00:00,Footwear,1,72.7,0.262863182485253,2120,4,0.5429001475647052,COD,West,4,2,0
3949,2023-01-15 00:00:00+00:00,Beauty,0,960.54,0.0,2720,4,0.11311369874660471,COD,North,6,6,0
951,2023-01-15 00:00:00+00:00,Apparel,1,964.31,0.0,2778,2,0.42455835975621375,Prepaid,South,9,1,0
1508,2023-01-15 00:00:00+00:00,Footwear,1,873.06,0.4378813754977159,1099,1,0.13631986475606647,Prepaid,East,5,8,0
3584,2023-01-15 00:00:00+00:00,Apparel,1,2095.35,0.0,2556,1,0.1911410127268505,COD,South,4,3,0
4254,2023-01-15 00:00:00+00:00,Apparel,1,2153.53,0.15268948305344957,3333,5,0.1241953240831328,Prepaid,East,11,5,1
3662,2023-01-15 00:00:00+00:00,Footwear,1,410.13,0.0,2716,0,0.0,COD,East,3,0,0
1159,2023-01-15 00:00:00+00:00,Beauty,0,525.65,0.0,2390,1,0.3450788904703912,COD,South,5,8,0
4755,2023-01-15 00:00:00+00:00,Footwear,1,444.1,0.2768690399187264,2174,4,0.05124772112262398,Prepaid,North,4,1,0
2364,2023-01-15 00:00:00+00:00,Apparel,1,1445.11,0.0,1356,1,0.16629816124655544,Prepaid,West,9,0,0
1791,2023-01-15 00:00:00+00:00,Beauty,0,1758.74,0.0,1074,1,0.3528779686661826,COD,East,8,2,0
3462,2023-01-15 00:00:00+00:00,Apparel,1,668.86,0.0,3171,3,0.11311241498614294,Prepaid,West,2,7,0
4452,2023-01-15 00:00:00+00:00,Apparel,1,1259.05,0.0,1216,3,0.08874971602868013,Prepaid,South,2,2,0
1569,2023-01-15 00:00:00+00:00,Apparel,1,733.98,0.0,3140,2,0.3411580696316227,COD,South,4,0,1
2522,2023-01-15 00:00:00+00:00,Beauty,0,99.46,0.0,4252,3,0.3739712750576417,Prepaid,South,8,1,0
4085,2023-01-15 00:00:00+00:00,Footwear,1,627.06,0.0,1774,4,0.4526947668453778,Prepaid,South,4,4,1
662,2023-01-15 00:00:00+00:00,Electronics,0,432.6,0.0,1242,3,0.33676233379088716,COD,East,4,0,0
3440,2023-01-15 00:00:00+00:00,Apparel,1,1480.34,0.0,2549,3,0.13772739687230032,Prepaid,South,9,1,0
2504,2023-01-15 00:00:00+00:00,Electronics,0,831.71,0.0,4266,2,0.024641195262961522,COD,East,13,0,0
421,2023-01-15 00:00:00+00:00,Electronics,0,1892.82,0.0,1666,3,0.07949789726171586,Prepaid,East,12,1,0
4288,2023-01-15 00:00:00+00:00,Home,0,1791.27,0.2807495949309987,4285,3,0.13245298846843287,Prepaid,West,9,0,1
4403,2023-01-15 00:00:00+00:00,Apparel,1,1231.97,0.21489122156139076,4168,0,0.0,Prepaid,East,13,0,0
932,2023-01-15 00:00:00+00:00,Electronics,0,314.58,0.037353312890054585,2213,2,0.004920559827938262,COD,West,12,1,0
4187,2023-01-15 00:00:00+00:00,Apparel,1,1201.81,0.0,2672,1,0.06875058632200175,Prepaid,West,14,0,0
2191,2023-01-15 00:00:00+00:00,Footwear,1,352.33,0.0,3162,1,0.3602741778026335,Prepaid,South,6,0,0
1076,2023-01-15 00:00:00+00:00,Electronics,0,965.53,0.5067036139102453,3816,0,0.0,Prepaid,North,6,1,0
4184,2023-01-15 00:00:00+00:00,Home,0,800.35,0.2943286449817073,3910,1,0.3840839474383319,Prepaid,South,12,1,0
1478,2023-01-15 00:00:00+00:00,Home,0,1424.56,0.19175091397470423,2623,2,0.4156973090744471,COD,West,1,0,0
1102,2023-01-15 00:00:00+00:00,Apparel,1,1288.73,0.0,1547,2,0.015433963607378228,Prepaid,East,14,4,0
1748,2023-01-15 00:00:00+00:00,Home,0,910.51,0.0,1200,0,0.0,Prepaid,West,5,4,0
2915,2023-01-15 00:00:00+00:00,Electronics,0,6314.1,0.0,2415,3,0.5096084764491111,COD,North,11,0,0
1976,2023-01-15 00:00:00+00:00,Electronics,0,610.2,0.05213864157016962,3832,0,0.0,Prepaid,West,2,1,0
3429,2023-01-16 00:00:00+00:00,Home,0,921.87,0.0725788039283554,3137,1,0.6170633987090088,Prepaid,North,7,2,1
3884,2023-01-16 00:00:00+00:00,Home,0,866.32,0.0,2552,1,0.03705982937819912,Prepaid,North,6,0,0
1486,2023-01-16 00:00:00+00:00,Electronics,0,415.79,0.27605854615842707,2566,0,0.0,Prepaid,West,1,8,0
3,2023-01-16 00:00:00+00:00,Apparel,1,2057.29,0.0,3203,1,0.18527743457584592,Prepaid,South,4,3,0
1471,2023-01-16 00:00:00+00:00,Apparel,1,1297.29,0.12125068098501754,4315,2,0.05985067629064752,COD,North,11,0,0
2974,2023-01-16 00:00:00+00:00,Apparel,1,908.81,0.0,3974,1,0.030267950327354468,Prepaid,East,10,1,0
4591,2023-01-16 00:00:00+00:00,Apparel,1,1175.43,0.0,1996,4,0.23059621106316183,COD,South,8,1,1
910,2023-01-16 00:00:00+00:00,Apparel,1,968.42,0.0,1473,1,0.46848777145179005,Prepaid,East,5,2,0
3295,2023-01-16 00:00:00+00:00,Electronics,0,916.13,0.0,2606,0,0.0,Prepaid,West,11,2,0
380,2023-01-16 00:00:00+00:00,Apparel,1,1384.35,0.0,3455,4,0.09422666469492143,Prepaid,North,4,3,0
4702,2023-01-16 00:00:00+00:00,Apparel,1,304.99,0.3241454017842867,1962,2,0.032606358398234475,Prepaid,North,4,4,0
4310,2023-01-16 00:00:00+00:00,Beauty,0,1747.99,0.0,2079,1,0.005712225887299706,COD,North,13,1,0
2413,2023-01-16 00:00:00+00:00,Apparel,1,834.24,0.4811939651136954,1139,1,0.07246762648493923,Prepaid,East,4,0,0
680,2023-01-16 00:00:00+00:00,Apparel,1,288.51,0.0,1424,4,0.3991358594767707,Prepaid,East,12,1,1
1627,2023-01-16 00:00:00+00:00,Home,0,815.48,0.0,3182,2,0.1283314687029728,COD,East,4,1,0
4984,2023-01-16 00:00:00+00:00,Apparel,1,787.65,0.21375202467497287,4164,0,0.0,Prepaid,North,1,0,0
735,2023-01-16 00:00:00+00:00,Electronics,0,1630.72,0.0,2675,0,0.0,COD,East,1,0,0
3778,2023-01-16 00:00:00+00:00,Apparel,1,2708.49,0.44921958221059255,4000,1,0.19181078409238395,COD,South,10,15,0
2109,2023-01-16 00:00:00+00:00,Electronics,0,2457.27,0.0,1555,3,0.280042930133929,Prepaid,South,5,0,0
2770,2023-01-16 00:00:00+00:00,Apparel,1,592.1,0.0,3368,0,0.0,COD,East,11,0,1
2777,2023-01-16 00:00:00+00:00,Electronics,0,6704.6,0.0,4168,3,0.025438809937150673,Prepaid,North,9,0,1
2798,2023-01-16 00:00:00+00:00,Apparel,1,560.69,0.18993045919359053,2014,3,0.004430950455984425,COD,West,13,0,0
3133,2023-01-16 00:00:00+00:00,Electronics,0,595.7,0.0,1436,2,0.07094164775523293,Prepaid,North,8,1,0
895,2023-01-16 00:00:00+00:00,Footwear,1,973.3,0.21428261323049883,1248,2,0.15294607103054025,Prepaid,West,3,5,0
3217,2023-01-16 00:00:00+00:00,Electronics,0,1416.91,0.3119366587565645,1446,4,0.4127419561231064,Prepaid,West,10,0,0
4736,2023-01-16 00:00:00+00:00,Electronics,0,926.76,0.17186562508680653,3494,4,0.4208437089324997,Prepaid,North,3,0,0
1201,2023-01-16 00:00:00+00:00,Apparel,1,1753.44,0.18074405734008164,3512,0,0.0,Prepaid,East,14,4,0
4919,2023-01-16 00:00:00+00:00,Electronics,0,2019.61,0.0,2988,2,0.4195018299822293,COD,North,1,1,1
2876,2023-01-16 00:00:00+00:00,Apparel,1,1869.88,0.0,2613,1,0.09547090014272945,Prepaid,West,5,0,0
3172,2023-01-16 00:00:00+00:00,Home,0,278.89,0.0,3492,3,0.11060218781959438,COD,West,8,0,0
4651,2023-01-16 00:00:00+00:00,Apparel,1,1112.91,0.14437623870657607,2476,1,0.11244037015000223,COD,East,13,1,0
819,2023-01-16 00:00:00+00:00,Electronics,0,244.85,0.10534309881004304,3185,2,0.33485350611630266,COD,East,9,9,0
610,2023-01-16 00:00:00+00:00,Home,0,535.66,0.0,4061,1,0.4823943154648603,Prepaid,North,9,0,0
1792,2023-01-16 00:00:00+00:00,Beauty,0,2576.96,0.0,1810,3,0.19622049642052294,COD,North,12,7,0
2284,2023-01-17 00:00:00+00:00,Footwear,1,215.18,0.0,1449,1,0.1555580944957168,Prepaid,North,2,2,0
1607,2023-01-17 00:00:00+00:00,Apparel,1,3970.64,0.0,4399,1,0.3132140205930826,Prepaid,East,14,0,0
3823,2023-01-17 00:00:00+00:00,Apparel,1,852.84,0.0,2722,1,0.4583618262418931,COD,West,3,6,0
637,2023-01-17 00:00:00+00:00,Apparel,1,593.43,0.0,1386,1,0.16011415593419295,Prepaid,South,13,0,0
2446,2023-01-17 00:00:00+00:00,Apparel,1,701.13,0.0,3820,0,0.0,Prepaid,North,8,2,0
3713,2023-01-17 00:00:00+00:00,Apparel,1,1576.74,0.0,4127,2,0.34399367442414974,Prepaid,North,11,2,0
2604,2023-01-17 00:00:00+00:00,Beauty,0,329.3,0.0,3180,1,0.020457743679341046,Prepaid,West,1,4,0
4519,2023-01-17 00:00:00+00:00,Apparel,1,5489.44,0.10151542122983928,4359,2,0.02042459038480659,Prepaid,East,11,5,0
2714,2023-01-17 00:00:00+00:00,Apparel,1,807.38,0.0,2896,2,0.560946199024418,Prepaid,East,14,3,0
4638,2023-01-17 00:00:00+00:00,Footwear,1,4806.58,0.0,3990,1,0.012345109988539126,Prepaid,South,7,1,0
4289,2023-01-17 00:00:00+00:00,Footwear,1,2189.05,0.0,3299,1,0.002135643121751802,COD,South,1,0,0
1518,2023-01-17 00:00:00+00:00,Electronics,0,417.31,0.0,2539,2,0.27669625550464216,Prepaid,South,7,0,0
454,2023-01-17 00:00:00+00:00,Home,0,4017.06,0.3401449333395975,2634,3,0.5095051654057224,Prepaid,North,12,1,1
2837,2023-01-17 00:00:00+00:00,Footwear,1,1005.64,0.08160375730564931,2679,2,0.058751495187926786,Prepaid,South,13,5,0
208,2023-01-17 00:00:00+00:00,Apparel,1,1348.34,0.0,1441,5,0.06913601663265062,Prepaid,West,12,1,0
4057,2023-01-17 00:00:00+00:00,Apparel,1,586.34,0.10433103220293471,2652,3,0.008235403688935241,COD,East,2,1,0
1774,2023-01-17 00:00:00+00:00,Footwear,1,125.55,0.0,3912,6,0.039240341891620054,Prepaid,North,5,6,1
4253,2023-01-17 00:00:00+00:00,Home,0,215.0,0.0,1589,3,0.034099375365402716,COD,South,7,0,0
2271,2023-01-17 00:00:00+00:00,Footwear,1,269.05,0.24276126069598516,3837,3,0.466538309886079,Prepaid,West,6,6,0
1131,2023-01-17 00:00:00+00:00,Home,0,386.36,0.16265497731318007,1793,1,0.3126478209048504,Prepaid,West,4,7,0
2353,2023-01-17 00:00:00+00:00,Apparel,1,944.08,0.20487111936039407,4093,3,0.015422238315186333,Prepaid,West,6,3,0
2129,2023-01-17 00:00:00+00:00,Home,0,1165.02,0.18047031749126702,1706,0,0.0,COD,North,11,7,1
1515,2023-01-17 00:00:00+00:00,Electronics,0,3533.35,0.0,1345,2,0.5298900311388404,COD,East,10,1,0
3304,2023-01-17 00:00:00+00:00,Footwear,1,2549.85,0.0,2133,5,0.24745738956578228,Prepaid,East,4,9,0
3216,2023-01-17 00:00:00+00:00,Electronics,0,1829.71,0.0,4380,0,0.0,Prepaid,South,14,0,0
1218,2023-01-17 00:00:00+00:00,Footwear,1,2703.58,0.0,1005,1,0.014269788804280188,Prepaid,South,1,1,0
3536,2023-01-17 00:00:00+00:00,Home,0,1464.82,0.0,1428,2,0.3079837055037423,COD,North,10,3,0
853,2023-01-17 00:00:00+00:00,Apparel,1,1960.53,0.0,1227,3,0.045819726818033264,Prepaid,West,1,4,0
333,2023-01-18 00:00:00+00:00,Electronics,0,5134.49,0.0,1635,3,0.13153354955254706,COD,North,7,1,0
716,2023-01-18 00:00:00+00:00,Apparel,1,447.27,0.15168017484318227,1073,2,0.25404561713819446,COD,South,13,1,0
2134,2023-01-18 00:00:00+00:00,Apparel,1,5006.98,0.08877690550629572,1354,2,0.20358841669225172,Prepaid,North,7,4,0
264,2023-01-18 00:00:00+00:00,Home,0,915.74,0.0,1293,2,0.4140010392793163,COD,East,14,3,0
3195,2023-01-18 00:00:00+00:00,Home,0,240.6,0.0,2860,1,0.049170987933945226,Prepaid,North,7,1,0
2787,2023-01-18 00:00:00+00:00,Beauty,0,2548.52,0.20986703213863067,3820,3,0.2680932754777899,Prepaid,West,10,2,0
542,2023-01-18 00:00:00+00:00,Apparel,1,1043.7,0.0,4050,0,0.0,Prepaid,North,8,0,0
4441,2023-01-18 00:00:00+00:00,Beauty,0,2476.82,0.0,2094,4,0.26076714045546245,COD,South,12,2,0
2048,2023-01-18 00:00:00+00:00,Apparel,1,764.85,0.26632364914452966,3744,6,0.15931705855882114,Prepaid,West,11,2,1
2101,2023-01-18 00:00:00+00:00,Apparel,1,1539.05,0.0,1229,1,0.3154234218044856,COD,West,2,0,0
4280,2023-01-18 00:00:00+00:00,Apparel,1,3835.04,0.29814018768149586,2493,3,0.05986238719823427,Prepaid,South,1,2,0
2722,2023-01-18 00:00:00+00:00,Beauty,0,1624.76,0.0,2529,3,0.10923274868266336,Prepaid,East,2,2,0
1862,2023-01-18 00:00:00+00:00,Home,0,5518.98,0.0,3486,5,0.27772958671885467,COD,West,11,2,0
2597,2023-01-18 00:00:00+00:00,Electronics,0,658.25,0.18917302453799203,3127,3,0.05720779802417552,Prepaid,North,2,0,0
4368,2023-01-18 00:00:00+00:00,Home,0,630.96,0.2891071359203452,3619,0,0.0,COD,South,12,2,0
326,2023-01-18 00:00:00+00:00,Footwear,1,489.26,0.0,2713,0,0.0,COD,South,4,0,0
324,2023-01-18 00:00:00+00:00,Apparel,1,4083.55,0.0,4070,0,0.0,Prepaid,North,1,5,0
4891,2023-01-18 00:00:00+00:00,Electronics,0,1636.6,0.022602998753456074,2184,2,0.289498618158495,Prepaid,North,8,0,0
1349,2023-01-18 00:00:00+00:00,Apparel,1,505.73,0.0,4103,5,0.5054098058917403,Prepaid,East,6,0,1
2361,2023-01-18 00:00:00+00:00,Electronics,0,4418.18,0.0,2971,2,0.16313401838812572,COD,East,13,3,0
1768,2023-01-18 00:00:00+00:00,Electronics,0,1547.53,0.0,2273,3,0.48840261527920753,Prepaid,West,7,4,0
3935,2023-01-18 00:00:00+00:00,Apparel,1,376.13,0.25374443508758243,3874,2,0.29840108025681295,COD,North,12,2,1
4428,2023-01-18 00:00:00+00:00,Apparel,1,796.27,0.20570262088493926,4120,1,0.061575672984055356,Prepaid,North,7,1,0
4761,2023-01-18 00:00:00+00:00,Footwear,1,3031.29,0.4621198557022208,1190,2,0.10104701646349312,Prepaid,East,1,3,1
1766,2023-01-18 00:00:00+00:00,Footwear,1,1716.58,0.1258700063841202,1101,3,0.1567621133754791,Prepaid,West,14,9,0
4094,2023-01-18 00:00:00+00:00,Footwear,1,9108.12,0.0,3356,3,0.09622353427704779,Prepaid,West,9,0,0
418,2023-01-18 00:00:00+00:00,Apparel,1,1266.31,0.09178050861449964,3110,1,0.14330975583027755,Prepaid,North,3,9,0
1046,2023-01-18 00:00:00+00:00,Apparel,1,863.19,0.10144361171206535,1215,1,0.3311636870371465,COD,South,10,0,0
1964,2023-01-18 00:00:00+00:00,Beauty,0,1509.11,0.0,1889,2,0.02246617694603699,Prepaid,West,14,0,0
4118,2023-01-18 00:00:00+00:00,Beauty,0,1718.93,0.11408645795145406,1498,1,0.5311662960819402,Prepaid,West,1,3,0
4357,2023-01-18 00:00:00+00:00,Beauty,0,639.32,0.0,3067,0,0.0,Prepaid,South,1,8,0
3874,2023-01-18 00:00:00+00:00,Apparel,1,1018.65,0.0495214729187778,3401,1,0.04213643505003079,Prepaid,South,13,1,0
973,2023-01-18 00:00:00+00:00,Apparel,1,824.78,0.0,2764,1,0.3136637596905095,Prepaid,South,14,1,0
3636,2023-01-18 00:00:00+00:00,Beauty,0,848.47,0.19346711516730902,3199,1,0.07754933061994061,COD,East,8,0,0
4546,2023-01-19 00:00:00+00:00,Footwear,1,823.73,0.0,4270,4,0.12174166702628368,Prepaid,West,8,2,0
918,2023-01-19 00:00:00+00:00,Electronics,0,96.84,0.0,4333,3,0.09252418245912547,Prepaid,South,8,0,0
2247,2023-01-19 00:00:00+00:00,Electronics,0,1876.74,0.264707579370125,2665,1,0.22568049407419213,Prepaid,West,11,0,1
2719,2023-01-19 00:00:00+00:00,Beauty,0,1366.64,0.11217078284347656,1522,2,0.14363673662433346,COD,South,7,0,0
73,2023-01-19 00:00:00+00:00,Electronics,0,1076.52,0.07165586315157578,2914,0,0.0,Prepaid,West,11,3,0
4514,2023-01-19 00:00:00+00:00,Electronics,0,1807.72,0.05500057433402056,2231,3,0.4720142802894098,Prepaid,West,8,0,0
2699,2023-01-19 00:00:00+00:00,Home,0,614.11,0.02621565193137998,3733,2,0.01166645122227313,Prepaid,West,3,3,0
4238,2023-01-19 00:00:00+00:00,Apparel,1,1501.18,0.2722246522880807,2448,0,0.0,Prepaid,West,6,2,1
3345,2023-01-19 00:00:00+00:00,Apparel,1,2671.59,0.11000874054730284,1388,4,0.5282255098450089,Prepaid,East,12,1,1
3524,2023-01-19 00:00:00+00:00,Apparel,1,593.81,0.0,4321,2,0.08076085095850163,Prepaid,North,2,3,0
3840,2023-01-19 00:00:00+00:00,Footwear,1,2696.79,0.0,1942,2,0.03786080467023964,Prepaid,West,6,0,0
4971,2023-01-19 00:00:00+00:00,Apparel,1,390.1,0.0,3408,1,0.42443044651983947,Prepaid,North,10,3,0
3293,2023-01-19 00:00:00+00:00,Apparel,1,609.44,0.12827385451123324,3435,3,0.08211256052716069,Prepaid,South,14,3,0
2176,2023-01-19 00:00:00+00:00,Footwear,1,352.17,0.2103446147334359,1193,2,0.02811564849323965,COD,North,10,5,0
1466,2023-01-19 00:00:00+00:00,Footwear,1,3469.34,0.04783079419407591,3551,0,0.0,Prepaid,North,14,1,0
1760,2023-01-19 00:00:00+00:00,Electronics,0,1464.07,0.2333869012917551,2795,3,0.4430306732634037,COD,East,11,4,0
4468,2023-01-19 00:00:00+00:00,Footwear,1,841.35,0.0,4246,1,0.15308511714206424,Prepaid,North,11,3,0
3064,2023-01-19 00:00:00+00:00,Footwear,1,1140.33,0.14975796852141487,1524,3,0.25025626109224547,COD,West,12,4,0
1379,2023-01-19 00:00:00+00:00,Apparel,1,793.2,0.0,3452,4,0.04240874263105106,COD,South,11,0,0
445,2023-01-19 00:00:00+00:00,Footwear,1,1466.63,0.0,4110,3,0.1740248562538278,Prepaid,South,1,4,0
815,2023-01-19 00:00:00+00:00,Footwear,1,351.95,0.18587435031954386,3967,4,0.010218618937023792,COD,West,3,6,0
1629,2023-01-19 00:00:00+00:00,Apparel,1,9158.38,0.15476298989942877,1636,1,0.012364521744875257,Prepaid,South,10,2,0
4798,2023-01-19 00:00:00+00:00,Electronics,0,3529.21,0.0,4066,0,0.0,Prepaid,West,7,2,0
4740,2023-01-19 00:00:00+00:00,Beauty,0,2651.18,0.3812015955359852,1363,1,0.15841639251009537,COD,West,12,1,0
2827,2023-01-19 00:00:00+00:00,Apparel,1,3754.22,0.24967908255604196,1160,3,0.15682046264114963,Prepaid,South,4,5,1
3551,2023-01-19 00:00:00+00:00,Electronics,0,402.88,0.0,1116,1,0.5765594628290865,COD,South,13,4,0
4884,2023-01-19 00:00:00+00:00,Apparel,1,436.41,0.0,3017,1,0.044489464384702866,Prepaid,East,11,1,0
3088,2023-01-19 00:00:00+00:00,Home,0,1858.8,0.037733686548756744,1803,6,0.3732709470644808,Prepaid,West,9,9,0
602,2023-01-20 00:00:00+00:00,Footwear,1,218.87,0.46368301479654883,3109,2,0.32176089429018717,Prepaid,East,7,0,1
3845,2023-01-20 00:00:00+00:00,Apparel,1,5540.84,0.003065626209153821,2034,0,0.0,Prepaid,West,1,2,0
3083,2023-01-20 00:00:00+00:00,Footwear,1,1651.42,0.0,2373,1,0.4025303962018388,COD,South,7,2,0
2852,2023-01-20 00:00:00+00:00,Electronics,0,2126.98,0.36535512834709716,1169,3,0.3609967668945938,Prepaid,West,14,0,0
2655,2023-01-20 00:00:00+00:00,Apparel,1,469.68,0.0,3473,1,0.19312338824287148,Prepaid,West,4,2,0
2665,2023-01-20 00:00:00+00:00,Apparel,1,2606.88,0.0,3748,4,0.257638547347946,Prepaid,East,5,2,0
4354,2023-01-20 00:00:00+00:00,Beauty,0,477.3,0.0,1872,4,0.4049318270413995,Prepaid,West,6,1,0
4047,2023-01-20 00:00:00+00:00,Apparel,1,689.83,0.5832143511298395,4371,2,0.5046044924227012,Prepaid,East,4,2,0
1164,2023-01-20 00:00:00+00:00,Apparel,1,1397.99,0.23340073574856304,2750,1,0.007084550275622194,Prepaid,East,8,4,0
3813,2023-01-20 00:00:00+00:00,Apparel,1,3033.64,0.19937612638716135,1987,0,0.0,COD,North,10,8,0
1778,2023-01-20 00:00:00+00:00,Apparel,1,851.89,0.0,3477,5,0.32552376425686913,Prepaid,West,13,1,0
4541,2023-01-20 00:00:00+00:00,Apparel,1,317.47,0.18579363751409736,1094,1,0.10600664859189049,Prepaid,North,2,1,1
3127,2023-01-20 00:00:00+00:00,Footwear,1,1669.87,0.0,2387,3,0.05175318586571391,Prepaid,East,9,4,0
510,2023-01-20 00:00:00+00:00,Electronics,0,1549.99,0.077585579983954,4284,2,0.06236220515454343,Prepaid,West,4,4,0
4261,2023-01-20 00:00:00+00:00,Home,0,628.25,0.0,3532,1,0.03351205667058014,Prepaid,North,13,5,0
3957,2023-01-20 00:00:00+00:00,Electronics,0,4887.08,0.34127764453523923,1535,2,0.4899105195994659,Prepaid,East,6,0,0
1120,2023-01-20 00:00:00+00:00,Home,0,1054.81,0.0,2482,2,0.029745360837157918,COD,North,7,2,1
1140,2023-01-20 00:00:00+00:00,Beauty,0,2147.74,0.0,1674,1,0.17790873911295016,Prepaid,East,7,0,0
3012,2023-01-20 00:00:00+00:00,Apparel,1,1631.79,0.0,3077,2,0.44106964252079733,COD,North,3,5,0
3913,2023-01-20 00:00:00+00:00,Apparel,1,2049.02,0.04327297220152424,1433,2,0.03686264161145692,Prepaid,East,13,3,1
949,2023-01-20 00:00:00+00:00,Apparel,1,1249.94,0.11938152516987499,1075,2,0.25106263063939255,Prepaid,West,8,0,0
1868,2023-01-20 00:00:00+00:00,Apparel,1,932.65,0.39619843645528896,3530,2,0.5096659161056883,COD,South,3,2,0
2397,2023-01-20 00:00:00+00:00,Apparel,1,243.11,0.1708876541102417,3395,0,0.0,Prepaid,West,14,4,0
227,2023-01-20 00:00:00+00:00,Footwear,1,188.36,0.1726048359127787,1206,2,0.14871776851748938,Prepaid,North,13,2,0
1715,2023-01-20 00:00:00+00:00,Apparel,1,28779.32,0.0,4264,2,0.046484970144306276,COD,East,13,1,0
3245,2023-01-20 00:00:00+00:00,Apparel,1,545.18,0.0,2884,1,0.41171068066522004,Prepaid,West,4,4,0
1113,2023-01-20 00:00:00+00:00,Electronics,0,619.37,0.0,3181,2,0.1679749255012013,Prepaid,North,5,0,0
2477,2023-01-20 00:00:00+00:00,Apparel,1,478.41,0.2091191851929689,1612,1,0.43531344891133184,Prepaid,East,1,6,0
4335,2023-01-20 00:00:00+00:00,Apparel,1,802.25,0.0,2206,1,0.04991165634702258,COD,West,11,0,0
3027,2023-01-20 00:00:00+00:00,Apparel,1,688.57,0.0,2165,4,0.18084036157552497,Prepaid,North,6,1,0
4362,2023-01-21 00:00:00+00:00,Apparel,1,3955.55,0.0,1043,4,0.02618913379605111,COD,West,3,0,0
4071,2023-01-21 00:00:00+00:00,Beauty,0,3220.24,0.0,3717,0,0.0,Prepaid,West,8,1,0
5,2023-01-21 00:00:00+00:00,Home,0,879.56,0.0,4027,3,0.1432816161281333,COD,South,5,0,0
198,2023-01-21 00:00:00+00:00,Footwear,1,413.28,0.0,1311,1,0.03904800163066916,Prepaid,North,7,1,0
2941,2023-01-21 00:00:00+00:00,Beauty,0,2943.59,0.3218553603073623,1193,3,0.25113540242290067,Prepaid,South,7,1,0
834,2023-01-21 00:00:00+00:00,Electronics,0,4533.57,0.0,3687,2,0.08923795096280283,Prepaid,South,6,1,0
3100,2023-01-21 00:00:00+00:00,Apparel,1,283.99,0.21067798230919707,3176,2,0.09800065685577414,Prepaid,South,14,2,0
847,2023-01-21 00:00:00+00:00,Home,0,3404.95,0.0,1413,3,0.16377345488355502,COD,North,1,1,0
3252,2023-01-21 00:00:00+00:00,Apparel,1,77.88,0.0,4406,2,0.3530499072068264,Prepaid,East,8,0,1
2032,2023-01-21 00:00:00+00:00,Electronics,0,2855.95,0.0,1356,4,0.0528921522694906,Prepaid,East,7,1,0
2206,2023-01-21 00:00:00+00:00,Footwear,1,1096.62,0.12361205198056285,1460,1,0.1907652130020319,Prepaid,North,8,2,0
717,2023-01-21 00:00:00+00:00,Apparel,1,3459.27,0.08974742511488146,3526,2,0.11516465560608194,COD,North,11,2,0
4373,2023-01-21 00:00:00+00:00,Footwear,1,421.42,0.0,3817,0,0.0,Prepaid,North,13,0,0
1726,2023-01-21 00:00:00+00:00,Apparel,1,3417.68,0.3442072969205374,2931,2,0.17241272922187612,Prepaid,West,12,2,0
1740,2023-01-21 00:00:00+00:00,Apparel,1,1099.31,0.49233416181098477,2548,1,0.24583719699208717,COD,West,4,4,0
2968,2023-01-21 00:00:00+00:00,Home,0,179.39,0.1163612754667843,1453,2,0.11771374631214591,Prepaid,East,12,0,0
483,2023-01-21 00:00:00+00:00,Apparel,1,2314.69,0.0,3980,1,0.18635643920827508,COD,East,14,6,1
2877,2023-01-21 00:00:00+00:00,Electronics,0,359.29,0.0,1970,0,0.0,COD,North,7,0,0
3988,2023-01-21 00:00:00+00:00,Home,0,804.15,0.0,2596,2,0.3431410931083429,Prepaid,East,9,2,0
144,2023-01-21 00:00:00+00:00,Beauty,0,1507.5,0.11134131102747458,3624,1,0.0019663062869780387,Prepaid,North,1,5,0
1026,2023-01-21 00:00:00+00:00,Apparel,1,219.85,0.20201237710739683,3325,2,0.1020703565115984,Prepaid,South,12,5,0
2075,2023-01-21 00:00:00+00:00,Electronics,0,1216.77,0.21283747387142454,3306,2,0.0697595125020158,Prepaid,South,14,0,0
4114,2023-01-21 00:00:00+00:00,Home,0,1549.21,0.0,1912,1,0.12844812953466542,COD,East,2,3,0
1420,2023-01-21 00:00:00+00:00,Beauty,0,108.88,0.22243853856982587,2977,2,0.14628022076154465,Prepaid,West,4,0,0
1318,2023-01-21 00:00:00+00:00,Apparel,1,1176.93,0.0,3304,1,0.007287474530348316,Prepaid,North,13,4,0
1883,2023-01-21 00:00:00+00:00,Electronics,0,2968.87,0.0,2778,0,0.0,Prepaid,South,7,2,0
2819,2023-01-21 00:00:00+00:00,Electronics,0,2373.34,0.0,1181,1,0.4126918533497387,COD,West,9,0,0
4039,2023-01-21 00:00:00+00:00,Apparel,1,662.13,0.0,1992,7,0.07476718783551325,COD,West,7,1,0
3863,2023-01-21 00:00:00+00:00,Electronics,0,5099.19,0.0,3864,1,0.2591457890166319,Prepaid,North,3,1,0
398,2023-01-21 00:00:00+00:00,Electronics,0,4762.43,0.04145370921194452,1937,6,0.0417756941867919,Prepaid,South,2,2,0
4703,2023-01-21 00:00:00+00:00,Electronics,0,2636.79,0.0,4110,3,0.7557451563235531,COD,North,9,1,0
15,2023-01-21 00:00:00+00:00,Apparel,1,2479.94,0.0,1309,3,0.19140405524963558,COD,North,8,3,0
678,2023-01-22 00:00:00+00:00,Apparel,1,1059.96,0.4711589240885431,1168,3,0.1185507194585846,COD,North,8,0,1
3164,2023-01-22 00:00:00+00:00,Apparel,1,896.72,0.10096896172188395,2061,2,0.044033535154787744,Prepaid,East,14,0,0
1541,2023-01-22 00:00:00+00:00,Footwear,1,327.86,0.17430634928718025,3950,0,0.0,Prepaid,South,12,8,0
1351,2023-01-22 00:00:00+00:00,Home,0,590.52,0.0,3867,2,0.37494185410230063,Prepaid,West,6,7,0
3456,2023-01-22 00:00:00+00:00,Home,0,1242.74,0.0,2833,1,0.07574518577969212,Prepaid,West,3,0,0
4233,2023-01-22 00:00:00+00:00,Home,0,1613.97,0.0,4002,1,0.007601628719553304,COD,East,4,0,0
2929,2023-01-22 00:00:00+00:00,Electronics,0,247.7,0.19952249772292482,4129,5,0.12258306827803721,Prepaid,East,8,0,0
4887,2023-01-22 00:00:00+00:00,Apparel,1,989.81,0.25117916834944143,3021,1,0.05401938902727111,Prepaid,South,8,4,1
2394,2023-01-22 00:00:00+00:00,Home,0,3158.26,0.312825134638072,1733,1,0.26805281095931704,COD,North,11,8,0
2367,2023-01-22 00:00:00+00:00,Beauty,0,410.67,0.16604454302916583,4269,3,0.08126425099414154,COD,North,8,1,0
46,2023-01-22 00:00:00+00:00,Electronics,0,5223.63,0.2529717659708858,4431,3,0.21784896171116863,Prepaid,East,6,0,0
302,2023-01-22 00:00:00+00:00,Electronics,0,1595.85,0.0,2154,1,0.18217434784090267,Prepaid,North,14,3,0
2486,2023-01-22 00:00:00+00:00,Home,0,1855.09,0.019394057507424456,4431,3,0.06101886785185029,COD,North,6,1,0
2581,2023-01-22 00:00:00+00:00,Apparel,1,1221.93,0.19775735759171598,1805,1,0.24847591521556858,Prepaid,West,6,5,0
4438,2023-01-22 00:00:00+00:00,Apparel,1,161.69,0.0,3862,3,0.5204755574609572,COD,South,10,0,0
3553,2023-01-22 00:00:00+00:00,Beauty,0,948.06,0.32095282890094756,2262,0,0.0,Prepaid,South,10,6,0
795,2023-01-22 00:00:00+00:00,Beauty,0,381.92,0.0,4151,0,0.0,Prepaid,West,5,2,0
474,2023-01-22 00:00:00+00:00,Apparel,1,8135.56,0.06236119537190693,1333,0,0.0,Prepaid,North,1,2,0
2439,2023-01-22 00:00:00+00:00,Apparel,1,4239.38,0.0,4341,0,0.0,Prepaid,West,11,1,0
3382,2023-01-22 00:00:00+00:00,Beauty,0,745.12,0.0,2933,1,0.022165660781106898,Prepaid,East,13,0,0
665,2023-01-22 00:00:00+00:00,Apparel,1,2828.94,0.35554093130307063,3638,3,0.016756403876555814,COD,West,1,0,0
3272,2023-01-22 00:00:00+00:00,Apparel,1,1732.13,0.0,1271,2,0.01665377130014348,Prepaid,North,12,1,0
2898,2023-01-22 00:00:00+00:00,Electronics,0,402.75,0.4465689265929923,2452,3,0.07747301673665052,Prepaid,South,3,3,0
3714,2023-01-22 00:00:00+00:00,Footwear,1,783.3,0.23546153916859192,3389,2,0.4461255137297365,Prepaid,North,3,0,0
334,2023-01-22 00:00:00+00:00,Apparel,1,1931.49,0.0,2361,0,0.0,COD,South,2,0,0
912,2023-01-22 00:00:00+00:00,Apparel,1,964.47,0.0,4117,6,0.005880538067855403,COD,West,6,2,0
349,2023-01-22 00:00:00+00:00,Apparel,1,1128.89,0.0,1170,0,0.0,Prepaid,North,5,1,0
655,2023-01-22 00:00:00+00:00,Apparel,1,442.28,0.5617290959812714,1712,5,0.05742628502131482,COD,North,11,4,0
4293,2023-01-22 00:00:00+00:00,Electronics,0,1773.88,0.0,2732,1,0.11838634807688041,Prepaid,South,2,4,1
3877,2023-01-22 00:00:00+00:00,Electronics,0,1783.09,0.0,2764,1,0.09097804547589405,Prepaid,South,10,2,0
1973,2023-01-22 00:00:00+00:00,Footwear,1,2462.19,0.0,2512,2,0.2525341281980712,COD,East,3,2,0
3857,2023-01-22 00:00:00+00:00,Apparel,1,1645.01,0.0,3535,2,0.14295581722695594,Prepaid,South,13,1,0
1154,2023-01-22 00:00:00+00:00,Home,0,856.31,0.0,3347,1,0.5200170509161787,COD,South,14,2,1
4646,2023-01-23 00:00:00+00:00,Footwear,1,1045.22,0.0,4314,3,0.0903506590597164,Prepaid,South,14,2,0
4954,2023-01-23 00:00:00+00:00,Apparel,1,679.06,0.10869010959831699,4343,3,0.3416726071512716,Prepaid,North,10,1,0
2901,2023-01-23 00:00:00+00:00,Footwear,1,1192.22,0.2519460609536115,3419,4,0.2237507127919545,COD,South,12,0,0
3708,2023-01-23 00:00:00+00:00,Apparel,1,801.16,0.0,4375,1,0.6694557318756867,Prepaid,East,11,7,0
3508,2023-01-23 00:00:00+00:00,Apparel,1,1075.15,0.0,3711,3,0.17806898876381283,COD,West,12,0,0
4682,2023-01-23 00:00:00+00:00,Apparel,1,725.69,0.0,2982,0,0.0,COD,North,14,6,0
2112,2023-01-23 00:00:00+00:00,Footwear,1,1131.83,0.05652587740607959,1656,3,0.24219720590515512,Prepaid,East,14,9,0
578,2023-01-23 00:00:00+00:00,Beauty,0,342.83,0.0,1315,3,0.16797583643702066,Prepaid,West,5,6,0
2200,2023-01-23 00:00:00+00:00,Apparel,1,1984.74,0.07934819784390769,2199,1,0.41336253711146126,COD,South,5,3,0
3539,2023-01-23 00:00:00+00:00,Apparel,1,472.85,0.0,2237,3,0.17580015264070267,Prepaid,East,13,1,0
4061,2023-01-23 00:00:00+00:00,Home,0,686.1,0.0,1656,3,0.0463697056723531,COD,South,2,0,0
1838,2023-01-23 00:00:00+00:00,Apparel,1,1926.27,0.0,2097,3,0.5775413006872953,Prepaid,West,9,0,0
3418,2023-01-23 00:00:00+00:00,Electronics,0,848.54,0.0,2060,2,0.14458069930206047,Prepaid,North,5,2,0
4117,2023-01-23 00:00:00+00:00,Electronics,0,974.76,0.17751356997200687,4004,2,0.0459605828056455,Prepaid,South,5,0,0
1493,2023-01-23 00:00:00+00:00,Beauty,0,2630.57,0.15786309901822845,3110,1,0.036468416650124735,Prepaid,North,5,2,0
4259,2023-01-23 00:00:00+00:00,Footwear,1,190.5,0.0,3836,1,0.10538917375644719,Prepaid,West,12,6,0
960,2023-01-23 00:00:00+00:00,Apparel,1,786.91,0.23674254405283668,4216,2,0.47388563932260097,COD,East,1,8,1
4604,2023-01-24 00:00:00+00:00,Apparel,1,6088.44,0.10215771660731773,4179,4,0.0907557827076273,COD,West,14,4,0
4783,2023-01-24 00:00:00+00:00,Apparel,1,588.85,0.11251790680357306,2629,5,0.055506588225858106,Prepaid,East,8,8,0
62,2023-01-24 00:00:00+00:00,Home,0,751.52,0.0,3818,2,0.13097077700300366,Prepaid,South,11,11,0
387,2023-01-24 00:00:00+00:00,Apparel,1,7354.66,0.0,2819,2,0.23188721963982264,Prepaid,North,10,2,0
2891,2023-01-24 00:00:00+00:00,Electronics,0,2287.55,0.0,3027,1,0.08363302737189189,Prepaid,South,7,3,0
3807,2023-01-24 00:00:00+00:00,Electronics,0,329.39,0.3180388228129143,2799,2,0.3949914607872258,COD,West,2,2,0
1383,2023-01-24 00:00:00+00:00,Electronics,0,1622.7,0.0,2756,2,0.0028671445203527213,Prepaid,South,10,15,0
416,2023-01-24 00:00:00+00:00,Electronics,0,538.66,0.0,3570,2,0.09235758918871056,Prepaid,West,12,1,0
805,2023-01-24 00:00:00+00:00,Apparel,1,165.18,0.0,1076,1,0.26691106542516696,Prepaid,North,11,0,0
322,2023-01-24 00:00:00+00:00,Footwear,1,1636.47,0.0,4251,4,0.03750404973759383,Prepaid,North,12,1,0
2648,2023-01-24 00:00:00+00:00,Apparel,1,1976.82,0.2287788716120892,1179,2,0.07796725747146446,Prepaid,East,5,0,0
556,2023-01-24 00:00:00+00:00,Apparel,1,1458.12,0.0,2905,2,0.08856832734156739,Prepaid,North,13,2,0
2347,2023-01-24 00:00:00+00:00,Apparel,1,1951.14,0.15974313647175997,3273,2,0.023286717182160462,Prepaid,West,9,1,0
150,2023-01-24 00:00:00+00:00,Footwear,1,1353.23,0.11055893279487128,2808,2,0.2046604894706271,Prepaid,West,9,3,1
1538,2023-01-24 00:00:00+00:00,Electronics,0,5174.01,0.16720427716841568,1867,5,0.009986296397432162,COD,West,14,2,0
589,2023-01-24 00:00:00+00:00,Apparel,1,1019.89,0.0,4328,4,0.0833009585905006,Prepaid,West,13,6,0
2579,2023-01-24 00:00:00+00:00,Beauty,0,921.36,0.3806978076461597,3858,5,0.10756744527087375,Prepaid,East,12,3,0
778,2023-01-24 00:00:00+00:00,Beauty,0,2263.43,0.0,1969,0,0.0,Prepaid,West,10,1,0
1249,2023-01-24 00:00:00+00:00,Apparel,1,1446.72,0.0,3032,1,0.2123759256742468,COD,North,10,0,0
4698,2023-01-24 00:00:00+00:00,Electronics,0,754.58,0.13168811050031853,1806,3,0.5167575384561275,COD,East,11,7,0
1335,2023-01-24 00:00:00+00:00,Home,0,1352.89,0.0,1777,1,0.043220650142084836,Prepaid,East,6,0,0
1055,2023-01-24 00:00:00+00:00,Beauty,0,435.54,0.07341873173584189,2604,5,0.1388942394534321,COD,North,12,0,0
2482,2023-01-24 00:00:00+00:00,Apparel,1,150.75,0.019399789807336948,1039,3,0.42657106524549276,COD,West,8,4,1
4231,2023-01-24 00:00:00+00:00,Apparel,1,5815.08,0.05190245602620592,2670,2,0.2540908568953498,COD,East,8,5,1
3040,2023-01-24 00:00:00+00:00,Electronics,0,1291.75,0.12487604558456514,3570,2,0.120806410594335,Prepaid,North,9,0,0
4670,2023-01-25 00:00:00+00:00,Footwear,1,576.77,0.0,3640,4,0.31052761285666414,Prepaid,West,7,10,0
4854,2023-01-25 00:00:00+00:00,Footwear,1,4268.69,0.37738832390071564,4028,4,0.21783150143443464,COD,North,10,2,0
3042,2023-01-25 00:00:00+00:00,Apparel,1,825.41,0.0,4331,3,0.18787552727373005,Prepaid,North,14,4,0
1689,2023-01-25 00:00:00+00:00,Apparel,1,653.21,0.0,2888,2,0.07933186551763804,COD,South,3,6,0
2047,2023-01-25 00:00:00+00:00,Apparel,1,2566.96,0.07230052441020775,3400,3,0.18616909369220647,COD,East,7,9,0
311,2023-01-25 00:00:00+00:00,Beauty,0,753.39,0.0,3695,2,0.3411714547154168,Prepaid,South,13,0,0
752,2023-01-25 00:00:00+00:00,Electronics,0,803.04,0.0,3297,2,0.12405230723960717,Prepaid,North,2,2,0
827,2023-01-25 00:00:00+00:00,Apparel,1,2130.05,0.0,2462,4,0.5349980690741251,COD,North,11,5,0
1157,2023-01-25 00:00:00+00:00,Apparel,1,2927.28,0.0,2903,1,0.30242802800522905,Prepaid,West,11,2,0
2460,2023-01-25 00:00:00+00:00,Apparel,1,867.92,0.012015341996264764,3035,2,0.3776601939454533,Prepaid,North,2,4,0
435,2023-01-25 00:00:00+00:00,Home,0,5989.59,0.0,2439,1,0.26836664126756926,Prepaid,South,9,0,0
4255,2023-01-25 00:00:00+00:00,Apparel,1,444.5,0.0,3320,2,0.21174177710077602,COD,North,9,10,1
2454,2023-01-25 00:00:00+00:00,Apparel,1,613.48,0.26529727003832904,2828,2,0.01537789150573762,Prepaid,South,4,2,0
1283,2023-01-25 00:00:00+00:00,Apparel,1,2485.21,0.21831906743594223,2533,2,0.10235330839975756,Prepaid,West,8,3,0
2872,2023-01-25 00:00:00+00:00,Apparel,1,776.27,0.0,2871,2,0.11293220661556524,Prepaid,West,1,0,1
4995,2023-01-25 00:00:00+00:00,Apparel,1,2824.23,0.0,1066,1,0.2704530738401339,Prepaid,South,1,10,0
2625,2023-01-25 00:00:00+00:00,Apparel,1,494.39,0.29108883829203697,1404,2,0.27984274243306617,COD,North,7,0,0
1735,2023-01-25 00:00:00+00:00,Apparel,1,543.22,0.0,2054,5,0.05818996512032669,Prepaid,North,9,6,0
3049,2023-01-26 00:00:00+00:00,Footwear,1,2363.06,0.3615728552145704,1783,1,0.1490044300097596,Prepaid,West,12,0,0
3503,2023-01-26 00:00:00+00:00,Home,0,2122.98,0.31155208015863645,4165,0,0.0,Prepaid,North,3,3,0
2403,2023-01-26 00:00:00+00:00,Apparel,1,499.34,0.06653493734392624,1047,5,0.027290615304037882,COD,North,12,0,0
3405,2023-01-26 00:00:00+00:00,Home,0,3576.92,0.0,2388,2,0.41018928253936676,COD,South,10,2,0
4374,2023-01-26 00:00:00+00:00,Electronics,0,713.96,0.1556030597835781,1916,0,0.0,COD,South,4,4,0
1049,2023-01-26 00:00:00+00:00,Beauty,0,4709.17,0.2527599188558114,3870,2,0.23076767875624854,Prepaid,South,12,1,0
4040,2023-01-26 00:00:00+00:00,Apparel,1,4813.68,0.0,2956,2,0.07355519769371074,Prepaid,East,7,6,0
3406,2023-01-26 00:00:00+00:00,Beauty,0,645.13,0.0,2161,0,0.0,Prepaid,West,2,0,0
3758,2023-01-26 00:00:00+00:00,Footwear,1,1885.86,0.22722016873643774,3051,2,0.32364071708676484,Prepaid,North,9,2,0
2251,2023-01-26 00:00:00+00:00,Apparel,1,292.38,0.0,2820,2,0.17537799539775167,Prepaid,West,8,2,0
2245,2023-01-26 00:00:00+00:00,Apparel,1,266.98,0.02403147992824159,3662,3,0.36021514077608824,COD,West,12,3,1
2808,2023-01-26 00:00:00+00:00,Apparel,1,1410.18,0.0,4474,1,0.1403099683004518,Prepaid,East,4,2,0
2652,2023-01-26 00:00:00+00:00,Home,0,1315.03,0.0,1923,1,0.5465018748931282,Prepaid,South,6,5,0
2570,2023-01-26 00:00:00+00:00,Footwear,1,803.48,0.17992400971460776,3757,3,0.3077089902701334,Prepaid,South,11,7,0
1487,2023-01-26 00:00:00+00:00,Footwear,1,814.6,0.0,1831,3,0.2874336002341151,Prepaid,South,14,6,0
314,2023-01-26 00:00:00+00:00,Footwear,1,1658.09,0.3052825800249883,1962,1,0.022915509953302438,Prepaid,North,8,0,1
3939,2023-01-26 00:00:00+00:00,Footwear,1,2586.25,0.0810972350148082,2990,2,0.14052201540833661,COD,West,13,1,0
3720,2023-01-26 00:00:00+00:00,Apparel,1,149.95,0.0,1879,0,0.0,Prepaid,West,9,1,0
2756,2023-01-26 00:00:00+00:00,Electronics,0,894.43,0.34095375864405086,3645,4,0.19119489383005678,Prepaid,West,10,1,0
1476,2023-01-27 00:00:00+00:00,Apparel,1,373.49,0.07959283027512402,4271,1,0.12663722817395587,COD,North,8,3,0
3077,2023-01-27 00:00:00+00:00,Apparel,1,2632.9,0.0,4082,1,0.14539713692666245,Prepaid,South,9,2,0
1406,2023-01-27 00:00:00+00:00,Footwear,1,954.47,0.22437346458432364,3860,2,0.06967931925439245,Prepaid,West,7,1,0
22,2023-01-27 00:00:00+00:00,Home,0,333.56,0.3576547519270813,1146,1,0.2979306860645696,Prepaid,South,5,0,0
2430,2023-01-27 00:00:00+00:00,Electronics,0,161.43,0.0,3867,1,0.3635883750422922,Prepaid,South,6,0,0
2524,2023-01-27 00:00:00+00:00,Apparel,1,1329.05,0.0,1055,1,0.5280477875907928,Prepaid,West,14,0,0
787,2023-01-27 00:00:00+00:00,Apparel,1,3081.65,0.21966944282366113,3445,0,0.0,Prepaid,North,14,6,0
983,2023-01-27 00:00:00+00:00,Beauty,0,2450.9,0.0,3819,3,0.1134496380166429,Prepaid,West,11,0,0
3030,2023-01-27 00:00:00+00:00,Electronics,0,287.77,0.0,3998,0,0.0,COD,South,7,3,0
4046,2023-01-27 00:00:00+00:00,Beauty,0,85.43,0.0,3973,1,0.6450755478415899,COD,South,5,3,0
1016,2023-01-27 00:00:00+00:00,Apparel,1,2552.79,0.1000123265855814,3330,5,0.1478906879234361,Prepaid,North,6,6,0
1023,2023-01-27 00:00:00+00:00,Apparel,1,1575.78,0.24114944767305418,2084,3,0.08968433448168656,Prepaid,North,8,6,0
1512,2023-01-27 00:00:00+00:00,Electronics,0,675.08,0.01890960554731659,2916,5,0.038981870461215366,Prepaid,West,4,1,0
4137,2023-01-27 00:00:00+00:00,Apparel,1,903.47,0.0,2669,1,0.3874971425453523,Prepaid,East,8,0,0
1064,2023-01-27 00:00:00+00:00,Electronics,0,1497.81,0.0,1687,2,0.6019247623702871,Prepaid,North,9,0,1
1248,2023-01-27 00:00:00+00:00,Home,0,1072.43,0.24856499391815456,3346,2,0.48704907937108793,Prepaid,East,11,4,1
1125,2023-01-27 00:00:00+00:00,Electronics,0,1461.19,0.0,1133,0,0.0,Prepaid,South,11,0,0
3389,2023-01-27 00:00:00+00:00,Apparel,1,1034.01,0.0,2823,3,0.5502407064063175,Prepaid,East,11,0,0
459,2023-01-27 00:00:00+00:00,Beauty,0,2740.95,0.0,2498,2,0.2203615662985559,Prepaid,South,13,4,0
2594,2023-01-27 00:00:00+00:00,Apparel,1,609.17,0.259069181201358,1125,0,0.0,Prepaid,East,1,5,0
2052,2023-01-27 00:00:00+00:00,Home,0,3055.56,0.045039836499296784,1964,3,0.3840595229302222,Prepaid,West,10,4,0
727,2023-01-27 00:00:00+00:00,Home,0,4799.38,0.13632157599957817,4137,2,0.013372857043252275,COD,East,11,7,0
3320,2023-01-27 00:00:00+00:00,Apparel,1,434.13,0.0,4459,1,0.3445416061081129,Prepaid,North,11,2,0
1907,2023-01-27 00:00:00+00:00,Apparel,1,795.73,0.004962215613505377,3004,5,0.019690579208946284,Prepaid,North,11,1,0
293,2023-01-27 00:00:00+00:00,Apparel,1,6379.15,0.3067038063938566,2278,3,0.11014807752035753,COD,West,10,1,0
4844,2023-01-27 00:00:00+00:00,Home,0,1510.89,0.34891438908746275,1386,1,0.021198635272768936,Prepaid,South,11,0,0
685,2023-01-27 00:00:00+00:00,Electronics,0,2688.24,0.1418677304227189,1577,2,0.07056980939356675,Prepaid,South,9,0,0
606,2023-01-27 00:00:00+00:00,Footwear,1,1796.82,0.5201734488409826,2595,1,0.14125243891600314,Prepaid,South,1,1,0
407,2023-01-27 00:00:00+00:00,Footwear,1,365.49,0.0,4132,0,0.0,Prepaid,South,12,6,0
4675,2023-01-27 00:00:00+00:00,Apparel,1,1330.47,0.0,3514,3,0.47981775320935705,COD,West,2,0,0
1980,2023-01-27 00:00:00+00:00,Home,0,551.3,0.18494796570639813,4371,2,0.00928565606557438,Prepaid,West,10,1,0
3671,2023-01-27 00:00:00+00:00,Apparel,1,1821.64,0.2987300871525532,3290,3,0.053490996854897985,COD,North,3,1,0
643,2023-01-27 00:00:00+00:00,Electronics,0,1108.0,0.2497823428389946,3321,4,0.07362355422485982,COD,North,13,5,0
2615,2023-01-27 00:00:00+00:00,Beauty,0,1059.58,0.06855742266699358,3828,2,0.010151786983366533,Prepaid,South,11,3,0
3355,2023-01-27 00:00:00+00:00,Home,0,9539.37,0.0,1870,1,0.3385830533567444,COD,South,5,2,0
4935,2023-01-27 00:00:00+00:00,Apparel,1,1133.69,0.0,1955,1,0.09899524806955014,Prepaid,South,6,4,0
423,2023-01-28 00:00:00+00:00,Footwear,1,4841.35,0.0,2116,3,0.25152514670897,COD,West,9,0,0
4918,2023-01-28 00:00:00+00:00,Apparel,1,625.63,0.0,2692,4,0.007699984972643197,COD,South,12,0,0
3634,2023-01-28 00:00:00+00:00,Apparel,1,612.39,0.0,1711,4,0.35235203122954833,Prepaid,North,10,6,0
4361,2023-01-28 00:00:00+00:00,Apparel,1,4931.53,0.0,4040,0,0.0,Prepaid,South,5,2,1
3098,2023-01-28 00:00:00+00:00,Home,0,351.72,0.0,3399,1,0.26840498578758587,Prepaid,West,8,1,0
1856,2023-01-28 00:00:00+00:00,Apparel,1,853.92,0.0,4457,2,0.029181905649709853,Prepaid,North,14,0,0
3752,2023-01-28 00:00:00+00:00,Footwear,1,2767.72,0.19389084147684027,3409,3,0.028687513418049405,Prepaid,West,11,3,0
1851,2023-01-28 00:00:00+00:00,Apparel,1,516.54,0.0,3837,2,0.2674605998906047,COD,West,14,4,0
3532,2023-01-28 00:00:00+00:00,Apparel,1,1005.06,0.24696554725091394,3710,1,0.14761703361246745,COD,South,1,2,0
87,2023-01-28 00:00:00+00:00,Footwear,1,986.84,0.0,3083,3,0.14385002369546035,Prepaid,North,11,0,1
3494,2023-01-28 00:00:00+00:00,Home,0,429.76,0.058547461457972294,2651,4,0.18574697997064665,Prepaid,West,12,5,0
4090,2023-01-28 00:00:00+00:00,Home,0,4471.07,0.0,1250,0,0.0,Prepaid,West,11,7,0
3326,2023-01-28 00:00:00+00:00,Apparel,1,2288.29,0.0,2938,1,0.010846797197785238,Prepaid,South,9,1,0
3087,2023-01-28 00:00:00+00:00,Electronics,0,868.7,0.21241122080693065,1800,1,0.32106670155955014,Prepaid,West,12,0,0
1202,2023-01-28 00:00:00+00:00,Beauty,0,1845.47,0.4403115651865759,3941,2,0.025024188550982592,Prepaid,West,13,3,0
4172,2023-01-28 00:00:00+00:00,Home,0,498.54,0.0,2123,1,0.19468738626161466,Prepaid,South,13,3,0
1967,2023-01-28 00:00:00+00:00,Beauty,0,6741.83,0.0,1937,0,0.0,Prepaid,West,8,1,0
2835,2023-01-28 00:00:00+00:00,Home,0,530.37,0.0,1801,1,0.06290309667055713,COD,East,7,2,0
4521,2023-01-28 00:00:00+00:00,Electronics,0,833.04,0.0,3836,2,0.5100962227306984,COD,East,13,2,0
303,2023-01-28 00:00:00+00:00,Apparel,1,1150.12,0.0,1049,1,0.243855342138222,Prepaid,North,6,8,1
111,2023-01-28 00:00:00+00:00,Apparel,1,1296.71,0.0,4192,2,0.0029573569051334274,Prepaid,South,13,0,0
3191,2023-01-28 00:00:00+00:00,Apparel,1,2582.8,0.0,2511,0,0.0,Prepaid,North,13,2,0
3038,2023-01-28 00:00:00+00:00,Apparel,1,598.0,0.0,2635,1,0.41382351287185054,Prepaid,North,9,2,0
4722,2023-01-28 00:00:00+00:00,Electronics,0,1933.22,0.0,4309,0,0.0,Prepaid,North,2,1,1
3872,2023-01-29 00:00:00+00:00,Apparel,1,1783.79,0.0,3412,0,0.0,COD,South,9,2,1
607,2023-01-29 00:00:00+00:00,Electronics,0,1351.12,0.1265069264399568,1992,1,0.06859198206309992,Prepaid,North,6,2,0
3660,2023-01-29 00:00:00+00:00,Electronics,0,7086.94,0.0,1530,1,0.4689816027575352,Prepaid,South,9,3,0
4898,2023-01-29 00:00:00+00:00,Beauty,0,66.01,0.0,2344,2,0.10139076995427067,Prepaid,North,4,0,0
3148,2023-01-29 00:00:00+00:00,Apparel,1,2430.56,0.0,2067,5,0.3164734649741645,COD,East,9,2,1
4484,2023-01-29 00:00:00+00:00,Apparel,1,698.2,0.31819849476425566,2569,3,0.08674750123088924,Prepaid,North,8,0,1
4553,2023-01-29 00:00:00+00:00,Apparel,1,3930.23,0.24741084628740628,4182,2,0.19665598517824523,Prepaid,North,12,0,0
4263,2023-01-29 00:00:00+00:00,Apparel,1,498.65,0.0,3728,6,0.16054931211765322,Prepaid,East,4,5,0
1367,2023-01-29 00:00:00+00:00,Beauty,0,1083.78,0.0,3422,5,0.0005650404844059905,Prepaid,South,2,3,0
1464,2023-01-29 00:00:00+00:00,Apparel,1,1939.35,0.0,4410,4,0.31359325648084085,COD,East,11,0,0
695,2023-01-29 00:00:00+00:00,Beauty,0,1562.0,0.06189187387703292,4056,0,0.0,Prepaid,South,10,4,0
2680,2023-01-29 00:00:00+00:00,Apparel,1,475.99,0.0011366420922506448,4283,3,0.18158419303295117,Prepaid,North,12,3,0
2220,2023-01-29 00:00:00+00:00,Apparel,1,3639.23,0.0,1698,2,0.1535121398056957,Prepaid,South,6,1,0
4838,2023-01-29 00:00:00+00:00,Home,0,360.98,0.18065816454197456,1267,0,0.0,Prepaid,West,11,0,0
3818,2023-01-29 00:00:00+00:00,Electronics,0,111.27,0.34611325151897854,2991,0,0.0,COD,East,13,0,1
182,2023-01-29 00:00:00+00:00,Apparel,1,7837.92,0.0,2742,2,0.038902425339953306,Prepaid,West,13,0,0
4852,2023-01-29 00:00:00+00:00,Home,0,3037.21,0.4547629260447209,2128,2,0.08238414642728936,COD,East,3,3,0
1911,2023-01-29 00:00:00+00:00,Apparel,1,4353.34,0.3444894322037522,4406,2,0.03875972392981002,Prepaid,East,13,7,1
4495,2023-01-29 00:00:00+00:00,Apparel,1,2443.68,0.2318419929827089,2511,1,0.19586684660057493,Prepaid,West,9,1,0
4131,2023-01-29 00:00:00+00:00,Electronics,0,5445.97,0.0,2151,2,0.25617880869122817,Prepaid,East,11,1,0
4652,2023-01-29 00:00:00+00:00,Home,0,1181.97,0.0,2518,4,0.011518886634169747,Prepaid,West,7,3,0
3571,2023-01-29 00:00:00+00:00,Home,0,3231.73,0.3628842350276644,3819,3,0.13662022520204445,COD,South,7,3,0
3053,2023-01-29 00:00:00+00:00,Apparel,1,814.62,0.0,2376,1,0.10035016272395551,Prepaid,West,4,0,0
4097,2023-01-30 00:00:00+00:00,Beauty,0,411.41,0.0,4353,0,0.0,Prepaid,East,2,0,0
4082,2023-01-30 00:00:00+00:00,Apparel,1,1300.0,0.4833253076814964,1422,2,0.22411786941942716,COD,East,8,5,0
4904,2023-01-30 00:00:00+00:00,Home,0,1443.48,0.0,3745,5,0.25124643337561703,Prepaid,West,8,0,0
210,2023-01-30 00:00:00+00:00,Apparel,1,1148.46,0.05231784925320183,4070,1,0.22011902656020313,Prepaid,West,11,1,0
2006,2023-01-30 00:00:00+00:00,Electronics,0,103.35,0.025986685038935697,1829,1,0.3982636160497974,Prepaid,West,3,7,0
2004,2023-01-30 00:00:00+00:00,Apparel,1,1624.45,0.5612065978346669,4112,4,0.3325222990019211,Prepaid,South,13,0,0
4506,2023-01-30 00:00:00+00:00,Beauty,0,911.17,0.0,1783,1,0.2606559722832306,Prepaid,East,14,0,0
2464,2023-01-30 00:00:00+00:00,Electronics,0,1235.14,0.0,4254,2,0.06898820569537138,Prepaid,South,12,0,0
1183,2023-01-30 00:00:00+00:00,Home,0,2220.71,0.2557981871185431,1727,2,0.44932518587683895,Prepaid,West,7,6,0
3168,2023-01-30 00:00:00+00:00,Apparel,1,604.81,0.22781023942725778,2485,5,0.4385673628949994,Prepaid,East,4,1,0
579,2023-01-30 00:00:00+00:00,Apparel,1,7874.33,0.21130078256860918,1446,2,0.10291764490319169,Prepaid,East,8,1,0
3652,2023-01-30 00:00:00+00:00,Beauty,0,1309.58,0.017157197908277022,3509,0,0.0,Prepaid,North,7,0,0
3649,2023-01-30 00:00:00+00:00,Apparel,1,1942.91,0.0,3009,5,0.07795541752418973,COD,North,10,3,0
2337,2023-01-30 00:00:00+00:00,Beauty,0,897.17,0.0,3314,2,0.17534956074884556,Prepaid,East,10,0,0
4726,2023-01-30 00:00:00+00:00,Beauty,0,675.76,0.09470795550328864,1262,2,0.13573056914843307,Prepaid,South,13,2,0
2893,2023-01-30 00:00:00+00:00,Apparel,1,1808.7,0.318527008296582,3347,1,0.0440919352465263,Prepaid,East,3,2,1
1308,2023-01-30 00:00:00+00:00,Electronics,0,1200.58,0.0,3419,1,0.0708743250399491,COD,East,11,0,0
4564,2023-01-30 00:00:00+00:00,Apparel,1,1196.68,0.0,4245,1,0.02642284909509774,COD,South,1,0,0
1814,2023-01-30 00:00:00+00:00,Home,0,2597.24,0.013904371730217219,2749,2,0.16130965269215378,Prepaid,East,13,0,0
500,2023-01-30 00:00:00+00:00,Home,0,1193.48,0.20592088622069904,2209,3,0.18632427808817564,COD,North,6,3,0
455,2023-01-30 00:00:00+00:00,Home,0,244.54,0.27213550727688396,2830,2,0.43499680368953453,Prepaid,South,3,1,0
4138,2023-01-30 00:00:00+00:00,Apparel,1,1199.74,0.28293604277011825,3556,1,0.41695392868872,COD,West,6,12,0
1648,2023-01-30 00:00:00+00:00,Footwear,1,2271.81,0.0,2457,2,0.09561037065104755,Prepaid,South,12,5,0
1361,2023-01-30 00:00:00+00:00,Apparel,1,744.74,0.0,2572,0,0.0,COD,North,12,11,0
790,2023-01-30 00:00:00+00:00,Apparel,1,2118.66,0.0,2167,3,0.08135744860634939,COD,North,10,0,0
4398,2023-01-30 00:00:00+00:00,Apparel,1,1324.38,0.2012359347073626,1233,1,0.15474769210654923,Prepaid,East,13,0,0
3235,2023-01-30 00:00:00+00:00,Electronics,0,1255.63,0.0,1246,2,0.04023789750072074,COD,East,8,5,0
1566,2023-01-30 00:00:00+00:00,Footwear,1,3282.16,0.6272503716015551,3676,2,0.2182682602455352,Prepaid,South,10,1,1
3738,2023-01-30 00:00:00+00:00,Apparel,1,404.83,0.0,1767,1,0.13694695514227806,Prepaid,North,8,0,0
317,2023-01-31 00:00:00+00:00,Footwear,1,3668.54,0.14023265838828913,4178,2,0.03659587852819622,COD,East,12,3,0
1492,2023-01-31 00:00:00+00:00,Electronics,0,511.81,0.04216219145833853,1890,3,0.06845418995529165,Prepaid,South,6,0,0
4108,2023-01-31 00:00:00+00:00,Apparel,1,2411.49,0.387448989353978,1146,1,0.12815552850908776,Prepaid,West,12,3,0
4143,2023-01-31 00:00:00+00:00,Electronics,0,1427.01,0.0,2766,2,0.016895529327967958,Prepaid,South,3,2,0
2419,2023-01-31 00:00:00+00:00,Electronics,0,2374.0,0.0,1508,1,0.24218246757297052,Prepaid,East,3,9,0
1755,2023-01-31 00:00:00+00:00,Apparel,1,3983.57,0.15965351091146404,1822,2,0.5741262128474265,Prepaid,East,10,0,0
1494,2023-01-31 00:00:00+00:00,Footwear,1,485.68,0.6309715838108388,4188,2,0.23416024641514582,Prepaid,West,8,1,1
2173,2023-01-31 00:00:00+00:00,Electronics,0,1999.76,0.20695756748190408,1405,2,0.6015574619872721,COD,East,1,4,0
506,2023-01-31 00:00:00+00:00,Home,0,3242.42,0.14004991968828032,3644,1,0.17704288712278507,Prepaid,East,3,1,0
2509,2023-01-31 00:00:00+00:00,Electronics,0,1635.86,0.08275475523444523,2130,1,0.16571689550594082,COD,West,9,2,0
1316,2023-01-31 00:00:00+00:00,Footwear,1,357.19,0.0,2947,2,0.1855258294791805,Prepaid,North,2,4,1
2836,2023-01-31 00:00:00+00:00,Home,0,1193.42,0.0,2115,1,0.13886434521062116,COD,South,5,0,0
3815,2023-01-31 00:00:00+00:00,Apparel,1,154.18,0.0,1265,2,0.21420382989610762,Prepaid,East,8,4,0
1359,2023-01-31 00:00:00+00:00,Apparel,1,349.17,0.0,1597,1,0.04504149040477148,COD,South,8,5,0
3106,2023-01-31 00:00:00+00:00,Electronics,0,368.17,0.0,2684,3,0.16014909233760566,Prepaid,North,9,0,0
1327,2023-01-31 00:00:00+00:00,Electronics,0,1110.53,0.0,4490,0,0.0,COD,South,5,3,0
829,2023-01-31 00:00:00+00:00,Footwear,1,1035.03,0.0,1834,0,0.0,COD,North,6,6,0
362,2023-01-31 00:00:00+00:00,Apparel,1,1094.7,0.10771966707010097,2813,6,0.1889185610042888,Prepaid,West,3,8,0
4714,2023-01-31 00:00:00+00:00,Home,0,1207.19,0.0,3770,1,0.19687260797813627,Prepaid,West,11,3,0
102,2023-01-31 00:00:00+00:00,Footwear,1,612.91,0.0,4201,3,0.07291485831181445,Prepaid,East,8,2,0
1191,2023-01-31 00:00:00+00:00,Apparel,1,979.94,0.0,1525,5,0.057956246116487795,Prepaid,South,2,2,0
1921,2023-01-31 00:00:00+00:00,Footwear,1,745.27,0.0,1961,2,0.39856290102757586,Prepaid,North,14,2,0
1068,2023-01-31 00:00:00+00:00,Footwear,1,1170.88,0.0,1488,2,0.3715600267463866,COD,South,13,2,0
4371,2023-01-31 00:00:00+00:00,Electronics,0,1470.85,0.0,1048,1,0.3080847176536442,Prepaid,South,5,0,0
3929,2023-01-31 00:00:00+00:00,Home,0,757.79,0.0,1638,2,0.41994124617915346,COD,East,10,2,0
1394,2023-01-31 00:00:00+00:00,Apparel,1,2105.69,0.0,1053,0,0.0,Prepaid,South,13,0,0
3173,2023-01-31 00:00:00+00:00,Footwear,1,322.32,0.3072640387754515,1174,1,0.029555383271549617,Prepaid,North,14,1,0
1019,2023-02-01 00:00:00+00:00,Apparel,1,1925.95,0.2221084451327572,1446,0,0.0,Prepaid,West,7,1,0
2440,2023-02-01 00:00:00+00:00,Home,0,755.03,0.0,3138,3,0.2598635763928304,Prepaid,West,9,2,0
2750,2023-02-01 00:00:00+00:00,Footwear,1,2334.58,0.0,2692,5,0.016381339719196388,Prepaid,East,11,7,0
544,2023-02-01 00:00:00+00:00,Apparel,1,2940.21,0.0,2851,2,0.7180494207374342,Prepaid,East,1,0,1
922,2023-02-01 00:00:00+00:00,Apparel,1,1405.11,0.09805277041389932,2713,1,0.2691948688110869,COD,East,4,4,1
2864,2023-02-01 00:00:00+00:00,Apparel,1,1858.36,0.0,1859,3,0.155782821006284,COD,East,14,7,0
535,2023-02-01 00:00:00+00:00,Footwear,1,641.18,0.0,3907,3,0.2625039676494426,Prepaid,South,10,3,0
312,2023-02-01 00:00:00+00:00,Footwear,1,1629.6,0.1472394214925383,2279,2,0.33186098364941635,Prepaid,North,3,0,0
3241,2023-02-01 00:00:00+00:00,Beauty,0,1772.55,0.0,2916,3,0.1689689836319129,COD,West,2,4,0
2862,2023-02-01 00:00:00+00:00,Footwear,1,1519.87,0.08002685433910063,3508,2,0.3974523814787962,Prepaid,East,10,13,0
3057,2023-02-01 00:00:00+00:00,Apparel,1,510.73,0.0,1178,4,0.09137027337061629,Prepaid,North,12,3,0
4922,2023-02-01 00:00:00+00:00,Apparel,1,5413.98,0.17927603626381985,3385,2,0.4513439168640031,Prepaid,North,10,3,0
748,2023-02-01 00:00:00+00:00,Apparel,1,700.26,0.10848947735200254,2081,1,0.026578226441775946,Prepaid,East,8,2,0
3911,2023-02-01 00:00:00+00:00,Apparel,1,762.96,0.0,2657,2,0.033375796543154056,COD,North,12,0,0
2523,2023-02-01 00:00:00+00:00,Electronics,0,173.04,0.0,2194,3,0.06372275729054944,Prepaid,North,2,0,0
4122,2023-02-01 00:00:00+00:00,Footwear,1,542.09,0.0,2479,3,0.2972328534494999,Prepaid,South,9,4,0
4685,2023-02-01 00:00:00+00:00,Apparel,1,515.67,0.2941129551746776,3810,6,0.3508119947814895,Prepaid,North,7,0,0
1559,2023-02-01 00:00:00+00:00,Home,0,562.77,0.17229519431164236,2188,2,0.4138111349411561,COD,West,3,5,0
3830,2023-02-01 00:00:00+00:00,Home,0,3185.16,0.0,3155,0,0.0,COD,South,9,5,0
3226,2023-02-01 00:00:00+00:00,Apparel,1,409.13,0.0,3406,1,0.02829115509369819,Prepaid,South,2,3,0
4003,2023-02-01 00:00:00+00:00,Beauty,0,1878.14,0.20822629506612994,3696,5,0.3336959648233348,Prepaid,North,3,0,0
4531,2023-02-01 00:00:00+00:00,Beauty,0,851.86,0.0,3980,1,0.12271064380438686,COD,South,9,2,1
724,2023-02-01 00:00:00+00:00,Electronics,0,561.1,0.0,3275,3,0.13620543376681074,Prepaid,West,12,0,1
3674,2023-02-01 00:00:00+00:00,Apparel,1,815.94,0.0,2769,2,0.14846367325639595,Prepaid,North,4,1,0
1664,2023-02-01 00:00:00+00:00,Beauty,0,609.83,0.058953891574931416,1224,4,0.19821675263621524,Prepaid,West,10,0,1
409,2023-02-01 00:00:00+00:00,Apparel,1,215.99,0.0,3892,1,0.17326383166655568,Prepaid,West,8,1,0
1672,2023-02-01 00:00:00+00:00,Apparel,1,277.78,0.0,3007,4,0.45285450916014774,Prepaid,North,11,6,0
1451,2023-02-01 00:00:00+00:00,Apparel,1,348.94,0.0,1179,3,0.5599183007591606,Prepaid,South,4,2,1
2275,2023-02-01 00:00:00+00:00,Apparel,1,1199.36,0.0,4373,4,0.053771970362676384,COD,East,14,9,1
2088,2023-02-01 00:00:00+00:00,Electronics,0,1746.54,0.0,4284,1,0.10389669759345435,Prepaid,West,1,5,0
4088,2023-02-01 00:00:00+00:00,Apparel,1,592.14,0.0,1988,2,0.30577282421176044,Prepaid,North,3,0,0
1245,2023-02-01 00:00:00+00:00,Footwear,1,1540.77,0.1451066758491516,1927,2,0.4246490993986672,COD,East,7,0,0
65,2023-02-01 00:00:00+00:00,Home,0,1005.45,0.0,2654,2,0.05960632801443323,Prepaid,East,3,1,0
4350,2023-02-01 00:00:00+00:00,Beauty,0,1780.48,0.0,4342,1,0.06778956072243163,Prepaid,North,13,2,1
728,2023-02-02 00:00:00+00:00,Apparel,1,1301.91,0.10947013363478678,1822,2,0.14417828695775797,Prepaid,East,10,3,1
269,2023-02-02 00:00:00+00:00,Apparel,1,158.85,0.0,3499,1,0.06734363729494332,Prepaid,West,5,2,0
3151,2023-02-02 00:00:00+00:00,Apparel,1,686.08,0.0,1332,1,0.30354616956049996,COD,East,14,5,0
1516,2023-02-02 00:00:00+00:00,Home,0,620.52,0.0,3510,1,0.2827367272295914,Prepaid,West,7,1,0
4822,2023-02-02 00:00:00+00:00,Beauty,0,1553.03,0.27941659413250786,1237,3,0.45084343624578166,Prepaid,East,14,2,1
3348,2023-02-02 00:00:00+00:00,Beauty,0,268.6,0.04927835962986726,2816,0,0.0,Prepaid,South,12,2,1
2096,2023-02-02 00:00:00+00:00,Beauty,0,1734.38,0.5568947786104917,2307,2,0.7079943912692721,Prepaid,West,14,3,0
2598,2023-02-02 00:00:00+00:00,Home,0,9137.95,0.0,2991,4,0.006715560314725526,Prepaid,East,5,0,0
4849,2023-02-02 00:00:00+00:00,Footwear,1,476.59,0.0,2553,2,0.20497037614005795,Prepaid,East,6,4,1
2058,2023-02-02 00:00:00+00:00,Apparel,1,280.47,0.0,2980,0,0.0,Prepaid,South,11,2,0
3946,2023-02-02 00:00:00+00:00,Electronics,0,983.39,0.16510132548743547,2803,1,0.08898406519119564,COD,North,13,1,0
496,2023-02-02 00:00:00+00:00,Beauty,0,864.37,0.0,1754,3,0.46401877653540885,COD,North,10,1,0
1962,2023-02-02 00:00:00+00:00,Footwear,1,416.11,0.10815426390555079,1603,0,0.0,Prepaid,South,5,2,0
224,2023-02-02 00:00:00+00:00,Apparel,1,270.31,0.008129767438646282,2714,0,0.0,Prepaid,East,4,4,0
1412,2023-02-02 00:00:00+00:00,Electronics,0,1220.87,0.0,4418,3,0.1979256917820001,Prepaid,North,6,2,0
2503,2023-02-02 00:00:00+00:00,Electronics,0,2394.84,0.0,2036,3,0.24972432378463882,COD,East,2,0,0
4802,2023-02-02 00:00:00+00:00,Home,0,1159.15,0.0,3896,0,0.0,COD,West,8,3,0
336,2023-02-02 00:00:00+00:00,Beauty,0,190.82,0.0,2334,1,0.15214949551593968,Prepaid,East,1,1,0
4490,2023-02-02 00:00:00+00:00,Electronics,0,371.53,0.0,1944,3,0.02599208767216536,COD,North,7,9,0
139,2023-02-02 00:00:00+00:00,Electronics,0,767.09,0.0,3297,3,0.027695677754750327,Prepaid,South,10,0,0
2797,2023-02-02 00:00:00+00:00,Electronics,0,1391.61,0.0,1581,3,0.4630691048899377,Prepaid,East,8,0,1
1021,2023-02-02 00:00:00+00:00,Footwear,1,4296.24,0.0,3639,2,0.09238910669420339,Prepaid,North,5,6,0
2618,2023-02-02 00:00:00+00:00,Footwear,1,2213.05,0.17827703269825643,1974,0,0.0,Prepaid,West,8,5,1
3638,2023-02-02 00:00:00+00:00,Home,0,182.38,0.0,2959,1,0.2997467655758608,COD,North,13,0,0
3606,2023-02-02 00:00:00+00:00,Electronics,0,1515.47,0.037873405215617134,1171,1,0.35437395388672255,Prepaid,North,9,10,0
3573,2023-02-02 00:00:00+00:00,Apparel,1,825.13,0.0,2371,2,0.5071861479979586,Prepaid,West,8,8,0
3222,2023-02-02 00:00:00+00:00,Electronics,0,690.9,0.0,3400,2,0.20085200845723766,COD,South,6,2,0
4671,2023-02-02 00:00:00+00:00,Apparel,1,1206.14,0.09557202315312582,1078,1,0.18404986613979302,Prepaid,East,12,12,0
4212,2023-02-02 00:00:00+00:00,Beauty,0,954.44,0.0,1476,0,0.0,COD,North,5,1,0
3607,2023-02-03 00:00:00+00:00,Home,0,1202.02,0.0,1560,2,0.06488955853631033,COD,North,8,0,0
4915,2023-02-03 00:00:00+00:00,Electronics,0,707.55,0.0,3095,1,0.1809422619510129,Prepaid,West,6,2,0
1025,2023-02-03 00:00:00+00:00,Apparel,1,9386.81,0.29184649275660435,1173,2,0.29860635592238893,Prepaid,West,3,0,1
4208,2023-02-03 00:00:00+00:00,Electronics,0,1006.7,0.28572308447179606,2174,2,0.24917633090585523,Prepaid,South,8,1,0
2508,2023-02-03 00:00:00+00:00,Apparel,1,1106.11,0.23058686078059495,1160,2,0.05953250173144498,COD,West,9,1,0
1509,2023-02-03 00:00:00+00:00,Electronics,0,3389.97,0.17023276108658625,1215,4,0.00826328946805777,COD,West,2,0,0
1042,2023-02-03 00:00:00+00:00,Home,0,246.57,0.3340577190351137,2162,1,0.221821578117279,Prepaid,North,9,10,0
4367,2023-02-03 00:00:00+00:00,Footwear,1,1714.29,0.0,3502,1,0.350380777861163,Prepaid,East,9,1,0
1048,2023-02-03 00:00:00+00:00,Home,0,836.26,0.0,2533,3,0.21551222355517644,Prepaid,North,11,1,0
2163,2023-02-03 00:00:00+00:00,Beauty,0,442.54,0.0,2376,1,0.10381314937105082,COD,North,7,4,0
1843,2023-02-03 00:00:00+00:00,Apparel,1,1256.08,0.3340470189457798,3144,1,0.029413637206603317,Prepaid,West,5,4,0
2584,2023-02-03 00:00:00+00:00,Apparel,1,1495.61,0.0,2708,1,0.005370674086149721,Prepaid,South,1,1,0
3989,2023-02-03 00:00:00+00:00,Apparel,1,790.44,0.0,3932,1,0.18056120898450156,Prepaid,South,4,1,0
1611,2023-02-03 00:00:00+00:00,Apparel,1,2564.68,0.0,3905,0,0.0,COD,East,10,3,0
1816,2023-02-03 00:00:00+00:00,Home,0,8609.97,0.0,2408,3,0.1192327103910948,Prepaid,South,2,0,0
1932,2023-02-03 00:00:00+00:00,Beauty,0,1846.94,0.0,3376,1,0.008700029468111525,Prepaid,East,11,1,0
3653,2023-02-03 00:00:00+00:00,Footwear,1,237.91,0.26423959054287227,4229,2,0.1390913863462418,COD,East,8,7,0
1171,2023-02-03 00:00:00+00:00,Beauty,0,478.91,0.0,1773,2,0.07202509392146601,COD,West,12,3,0
4056,2023-02-03 00:00:00+00:00,Footwear,1,1036.27,0.1414827528231061,1596,0,0.0,Prepaid,South,4,0,0
1413,2023-02-03 00:00:00+00:00,Beauty,0,1777.7,0.0,1009,4,0.5919721644894622,Prepaid,West,12,5,0
517,2023-02-03 00:00:00+00:00,Footwear,1,392.05,0.0,1500,3,0.35886231940467184,Prepaid,South,13,3,0
2551,2023-02-03 00:00:00+00:00,Apparel,1,2097.3,0.0,1773,1,0.1319220996518671,Prepaid,West,8,3,1
2121,2023-02-03 00:00:00+00:00,Home,0,4812.37,0.0,1410,2,0.1678308688369488,Prepaid,West,8,2,0
4959,2023-02-03 00:00:00+00:00,Footwear,1,217.27,0.0,1800,2,0.15391215779329276,Prepaid,West,5,4,0
3883,2023-02-03 00:00:00+00:00,Beauty,0,1618.34,0.0,1212,1,0.014297093993683433,COD,South,6,1,0
3071,2023-02-03 00:00:00+00:00,Apparel,1,3171.24,0.0,4390,1,0.10029821930034544,Prepaid,North,3,2,0
2727,2023-02-03 00:00:00+00:00,Electronics,0,787.45,0.0,1999,5,0.39814083973240466,Prepaid,North,6,0,0
3879,2023-02-03 00:00:00+00:00,Apparel,1,661.45,0.0,2959,1,0.11088572716840575,Prepaid,South,4,5,0
846,2023-02-04 00:00:00+00:00,Electronics,0,765.07,0.0,4057,1,0.08002538444603723,Prepaid,West,8,1,0
2254,2023-02-04 00:00:00+00:00,Electronics,0,174.42,0.0,1552,5,0.13095819234168735,Prepaid,East,12,1,1
3579,2023-02-04 00:00:00+00:00,Apparel,1,1566.79,0.44733388063973323,2959,1,0.42560434670360614,Prepaid,West,9,2,0
2811,2023-02-04 00:00:00+00:00,Electronics,0,994.49,0.12376327039688087,1442,2,0.013864782575268289,Prepaid,North,9,1,0
2152,2023-02-04 00:00:00+00:00,Electronics,0,678.01,0.0,1391,2,0.03594220518465203,Prepaid,West,8,0,0
3412,2023-02-04 00:00:00+00:00,Footwear,1,1330.91,0.1109697624372502,3263,2,0.29336386288938704,Prepaid,South,3,3,0
4333,2023-02-04 00:00:00+00:00,Apparel,1,1188.42,0.0,3443,1,0.4556403445068656,Prepaid,East,8,5,0
3256,2023-02-04 00:00:00+00:00,Home,0,242.99,0.24629158044894575,1960,1,0.03364359543169533,COD,West,2,2,0
4151,2023-02-04 00:00:00+00:00,Apparel,1,2052.52,0.0,1945,2,0.25895986956088546,Prepaid,West,7,1,0
1610,2023-02-04 00:00:00+00:00,Footwear,1,1900.23,0.0,2503,0,0.0,Prepaid,North,3,6,0
181,2023-02-04 00:00:00+00:00,Beauty,0,606.75,0.0,2159,1,0.11742265711733631,COD,North,9,0,0
2110,2023-02-04 00:00:00+00:00,Apparel,1,885.81,0.0,3500,2,0.027018646280333805,Prepaid,West,14,2,0
3765,2023-02-04 00:00:00+00:00,Footwear,1,729.64,0.26875088715079776,2044,1,0.2735692370356563,Prepaid,East,9,2,0
3820,2023-02-04 00:00:00+00:00,Home,0,784.12,0.0,2597,3,0.07726745470122436,Prepaid,North,14,5,0
3495,2023-02-04 00:00:00+00:00,Apparel,1,2506.34,0.0,2798,3,0.4666741506197971,Prepaid,South,7,11,0
3702,2023-02-04 00:00:00+00:00,Footwear,1,826.54,0.0,1461,3,0.6259648227252678,Prepaid,East,2,7,1
1483,2023-02-04 00:00:00+00:00,Apparel,1,813.69,0.0,3235,0,0.0,Prepaid,East,14,0,1
2908,2023-02-04 00:00:00+00:00,Apparel,1,1305.62,0.0,3016,0,0.0,Prepaid,South,11,4,0
2425,2023-02-04 00:00:00+00:00,Home,0,915.49,0.008945864883113372,4266,0,0.0,COD,South,11,0,0
1553,2023-02-04 00:00:00+00:00,Electronics,0,2651.37,0.0,2389,3,0.0664120256303701,Prepaid,South,3,0,0
1540,2023-02-04 00:00:00+00:00,Beauty,0,2707.15,0.06232614132176657,3159,1,0.29334592491231437,Prepaid,West,5,2,0
4890,2023-02-04 00:00:00+00:00,Footwear,1,1241.49,0.0,2292,1,0.023914510917319498,Prepaid,East,6,1,0
2623,2023-02-04 00:00:00+00:00,Apparel,1,896.17,0.00802619783353696,1672,1,0.08458135058240476,COD,South,12,0,0
2325,2023-02-04 00:00:00+00:00,Apparel,1,353.34,0.07086318134569336,3204,2,0.09490757472752798,Prepaid,East,3,5,0
1388,2023-02-04 00:00:00+00:00,Beauty,0,1321.34,0.0,3354,2,0.179319976829365,Prepaid,West,5,0,0
2171,2023-02-04 00:00:00+00:00,Footwear,1,543.49,0.0,2022,1,0.1058548888441576,COD,East,1,0,0
3693,2023-02-05 00:00:00+00:00,Apparel,1,702.43,0.00022181261209007486,2157,4,0.15177827521907034,Prepaid,East,14,3,0
2936,2023-02-05 00:00:00+00:00,Apparel,1,506.62,0.0,4310,1,0.26800526574239497,Prepaid,North,1,3,1
1578,2023-02-05 00:00:00+00:00,Apparel,1,4264.32,0.0,2037,7,0.3320180739135445,COD,South,13,1,0
3756,2023-02-05 00:00:00+00:00,Home,0,2043.88,0.10283626950171663,1974,2,0.15355048827429274,COD,North,4,1,0
803,2023-02-05 00:00:00+00:00,Home,0,1226.03,0.0,3908,3,0.02661200177955061,Prepaid,North,14,0,0
2160,2023-02-05 00:00:00+00:00,Electronics,0,1052.3,0.30373887915248043,3078,1,0.011364460274202279,Prepaid,South,14,2,0
4536,2023-02-05 00:00:00+00:00,Electronics,0,4864.61,0.31176867247842016,3773,2,0.07931387161761957,Prepaid,North,12,2,0
601,2023-02-05 00:00:00+00:00,Home,0,688.65,0.0,4162,3,0.22601075134432008,COD,East,2,0,0
2408,2023-02-05 00:00:00+00:00,Apparel,1,3340.75,0.2809298676077199,1832,5,0.21180159644797503,Prepaid,North,5,0,0
1636,2023-02-05 00:00:00+00:00,Apparel,1,3042.12,0.2671647817652671,4205,2,0.12447188050767133,Prepaid,South,14,0,0
1598,2023-02-05 00:00:00+00:00,Footwear,1,4295.82,0.0,1777,1,0.07269804545666651,Prepaid,East,10,1,0
4177,2023-02-05 00:00:00+00:00,Beauty,0,773.34,0.0,1293,2,0.17332966428537205,Prepaid,West,6,0,0
127,2023-02-05 00:00:00+00:00,Home,0,416.22,0.21890593305929426,1087,1,0.1744500908901158,Prepaid,East,12,1,0
3212,2023-02-05 00:00:00+00:00,Apparel,1,435.03,0.0,3832,5,0.1048691508224189,Prepaid,South,14,6,0
4956,2023-02-05 00:00:00+00:00,Electronics,0,2056.73,0.0,2639,1,0.280239550998371,Prepaid,East,3,1,0
548,2023-02-05 00:00:00+00:00,Apparel,1,2203.1,0.0,2107,5,0.04684459206126722,Prepaid,East,7,1,0
1943,2023-02-05 00:00:00+00:00,Home,0,804.56,0.0,2169,1,0.02916593704851673,COD,North,2,1,0
1384,2023-02-05 00:00:00+00:00,Home,0,1086.9,0.0,1680,3,0.453721087660513,Prepaid,East,11,4,0
35,2023-02-05 00:00:00+00:00,Electronics,0,9845.15,0.0,4194,4,0.609708201376901,Prepaid,East,14,5,0
4964,2023-02-05 00:00:00+00:00,Apparel,1,569.12,0.0,2429,1,0.20689029053928115,Prepaid,South,5,2,0
3205,2023-02-05 00:00:00+00:00,Electronics,0,4079.43,0.3802753053889786,4167,3,0.10151081736680571,Prepaid,West,14,4,0
2421,2023-02-05 00:00:00+00:00,Apparel,1,2728.45,0.0,3508,1,0.12211006026419438,COD,North,8,3,0
4612,2023-02-05 00:00:00+00:00,Apparel,1,1786.29,0.0,2859,2,0.47314222603495654,COD,West,8,0,1
3342,2023-02-05 00:00:00+00:00,Apparel,1,2994.71,0.07848453733732547,2448,2,0.035049949266458276,Prepaid,East,14,0,0
536,2023-02-05 00:00:00+00:00,Footwear,1,559.07,0.0,2112,0,0.0,COD,South,11,1,0
2885,2023-02-05 00:00:00+00:00,Footwear,1,2326.38,0.0,3672,2,0.1132024967829431,Prepaid,East,12,7,0
731,2023-02-05 00:00:00+00:00,Footwear,1,529.58,0.0,4106,2,0.46380314696039476,Prepaid,East,4,3,1
1529,2023-02-05 00:00:00+00:00,Apparel,1,465.81,0.04838517408656543,1073,0,0.0,Prepaid,South,3,3,1
2925,2023-02-06 00:00:00+00:00,Apparel,1,2092.33,0.007407181989260575,1531,0,0.0,Prepaid,East,11,1,0
1586,2023-02-06 00:00:00+00:00,Electronics,0,651.09,0.12136976482495372,1341,1,0.06848088550862477,COD,East,4,3,0
3761,2023-02-06 00:00:00+00:00,Beauty,0,694.16,0.0,2272,1,0.04848028755079806,Prepaid,South,13,1,0
2913,2023-02-06 00:00:00+00:00,Footwear,1,2307.82,0.285955203473534,3570,1,0.030596498597182897,COD,South,9,2,0
2959,2023-02-06 00:00:00+00:00,Electronics,0,4415.1,0.2689732497110515,1131,2,0.13506729965596465,Prepaid,South,4,3,0
1470,2023-02-06 00:00:00+00:00,Beauty,0,168.64,0.0,3154,1,0.23086666630063013,Prepaid,East,8,0,0
2082,2023-02-06 00:00:00+00:00,Home,0,835.37,0.0,2612,3,0.05720312744415133,Prepaid,West,14,0,0
1282,2023-02-06 00:00:00+00:00,Electronics,0,1258.59,0.0,3335,5,0.2845224227425791,Prepaid,West,2,0,0
4128,2023-02-06 00:00:00+00:00,Electronics,0,1536.84,0.0,2633,1,0.4650148816413988,Prepaid,North,4,0,0
197,2023-02-06 00:00:00+00:00,Footwear,1,970.38,0.0,3848,3,0.14441708858111868,COD,South,13,1,0
4745,2023-02-06 00:00:00+00:00,Apparel,1,1358.71,0.0,1389,1,0.2891017769185424,Prepaid,South,13,0,0
1263,2023-02-06 00:00:00+00:00,Footwear,1,4407.85,0.0,3907,3,0.349673822153031,Prepaid,East,14,1,0
1170,2023-02-06 00:00:00+00:00,Electronics,0,230.48,0.0,1512,1,0.10295510330761083,COD,East,8,3,0
2738,2023-02-06 00:00:00+00:00,Footwear,1,1930.06,0.0,2586,0,0.0,COD,North,9,1,0
3912,2023-02-06 00:00:00+00:00,Apparel,1,1598.48,0.3655451680424242,3384,1,0.1003409803135891,Prepaid,West,6,2,0
4034,2023-02-06 00:00:00+00:00,Home,0,221.91,0.19613411979979994,2191,4,0.07362458742451754,COD,North,12,3,0
3780,2023-02-06 00:00:00+00:00,Apparel,1,2474.37,0.0,3616,3,0.0019972466973149873,COD,South,14,4,0
2735,2023-02-06 00:00:00+00:00,Beauty,0,2213.65,0.0,1156,0,0.0,COD,North,1,1,1
673,2023-02-06 00:00:00+00:00,Electronics,0,1502.45,0.0,2201,2,0.16800132141277044,Prepaid,East,7,0,0
2859,2023-02-06 00:00:00+00:00,Home,0,1556.71,0.045028340574248385,4078,2,0.0845102510212159,COD,South,8,2,0
3880,2023-02-06 00:00:00+00:00,Electronics,0,2376.94,0.0,1564,1,0.2938738350208573,COD,North,12,0,0
3895,2023-02-06 00:00:00+00:00,Apparel,1,380.98,0.0,1033,4,0.09301131424589468,COD,East,9,2,0
4545,2023-02-06 00:00:00+00:00,Footwear,1,518.69,0.11323007270754885,4266,2,0.646771833673225,Prepaid,East,12,10,1
4655,2023-02-06 00:00:00+00:00,Beauty,0,4721.92,0.0,1130,1,0.19405912077539736,Prepaid,West,5,0,0
4059,2023-02-06 00:00:00+00:00,Home,0,543.66,0.0,3913,1,0.055775953244373185,Prepaid,North,6,4,0
1623,2023-02-06 00:00:00+00:00,Electronics,0,3282.6,0.0,2618,2,0.7093709677420125,COD,North,12,6,1
4207,2023-02-06 00:00:00+00:00,Apparel,1,4506.83,0.0,3613,1,0.5189795862993978,Prepaid,South,7,4,0
2476,2023-02-07 00:00:00+00:00,Home,0,4242.01,0.1593681256456393,1026,1,0.08359541504258974,Prepaid,North,11,1,0
4926,2023-02-07 00:00:00+00:00,Footwear,1,506.11,0.2504309151837302,2067,2,0.20897044955339703,Prepaid,North,8,0,0
2261,2023-02-07 00:00:00+00:00,Apparel,1,1155.48,0.0,4013,4,0.038419512292628286,Prepaid,North,11,4,0
258,2023-02-07 00:00:00+00:00,Apparel,1,738.67,0.0,4262,1,0.1379411466517796,Prepaid,West,8,0,0
4000,2023-02-07 00:00:00+00:00,Apparel,1,469.51,0.07803856320332848,3347,2,0.516336188543895,Prepaid,West,5,1,0
1550,2023-02-07 00:00:00+00:00,Electronics,0,679.0,0.3373887986242231,1571,0,0.0,Prepaid,North,2,1,0
351,2023-02-07 00:00:00+00:00,Apparel,1,235.0,0.22749142139499282,4419,2,0.4633139543432386,Prepaid,South,14,14,0
2234,2023-02-07 00:00:00+00:00,Footwear,1,1564.46,0.0,3335,1,0.1533624059739317,Prepaid,North,8,0,0
2038,2023-02-07 00:00:00+00:00,Home,0,472.95,0.33895957752894823,1271,4,0.347694225881647,Prepaid,East,11,0,0
344,2023-02-07 00:00:00+00:00,Apparel,1,1673.97,0.06245993925382321,3967,1,0.0395200585266786,Prepaid,West,1,1,1
3490,2023-02-07 00:00:00+00:00,Apparel,1,1085.7,0.0,3919,2,0.09003151444768155,Prepaid,East,5,4,0
1650,2023-02-07 00:00:00+00:00,Apparel,1,1598.9,0.0,1062,4,0.257383034594035,Prepaid,East,1,6,0
2126,2023-02-07 00:00:00+00:00,Electronics,0,5430.11,0.0,4288,2,0.13190621293886082,Prepaid,South,1,2,0
4599,2023-02-07 00:00:00+00:00,Apparel,1,84.0,0.0879390828508898,3383,3,0.2620710026827584,Prepaid,West,14,2,0
523,2023-02-07 00:00:00+00:00,Electronics,0,2225.9,0.21535306167804885,1958,2,0.034591271294257216,Prepaid,North,1,0,0
2422,2023-02-07 00:00:00+00:00,Apparel,1,2169.43,0.1259822971283448,3050,2,0.02789012278231085,Prepaid,North,11,3,0
3937,2023-02-07 00:00:00+00:00,Apparel,1,8401.82,0.0,3521,0,0.0,Prepaid,South,14,1,1
4894,2023-02-07 00:00:00+00:00,Apparel,1,471.93,0.0,2380,4,0.4605618445416439,COD,West,8,1,0
1618,2023-02-07 00:00:00+00:00,Apparel,1,2616.73,0.02960198127566252,3265,2,0.10077964090246831,Prepaid,West,11,0,1
4623,2023-02-07 00:00:00+00:00,Footwear,1,376.14,0.0,1231,1,0.09505767602765385,COD,North,14,1,0
1498,2023-02-07 00:00:00+00:00,Apparel,1,1831.52,0.3708652134401169,4210,1,0.06963741404523369,COD,West,2,1,0
3650,2023-02-07 00:00:00+00:00,Apparel,1,1366.01,0.0,2781,2,0.03777350693320716,COD,South,2,1,0
591,2023-02-07 00:00:00+00:00,Apparel,1,804.59,0.13935131015725674,3361,3,0.17103143209755564,Prepaid,East,10,5,0
4533,2023-02-07 00:00:00+00:00,Apparel,1,274.41,0.0,1337,2,0.011047363998085738,Prepaid,East,3,8,1
671,2023-02-07 00:00:00+00:00,Footwear,1,850.36,0.0,1052,3,0.5219805462205482,Prepaid,East,11,1,1
419,2023-02-07 00:00:00+00:00,Electronics,0,2729.93,0.0,2667,2,0.011673679089507028,Prepaid,North,8,9,0
3589,2023-02-07 00:00:00+00:00,Beauty,0,1131.19,0.28949546248106106,2438,0,0.0,Prepaid,East,1,3,0
4905,2023-02-07 00:00:00+00:00,Apparel,1,2003.55,0.0,1619,3,0.04052363091230917,Prepaid,South,4,7,0
715,2023-02-07 00:00:00+00:00,Footwear,1,1330.67,0.06648731891689615,3116,0,0.0,Prepaid,South,1,1,0
3534,2023-02-07 00:00:00+00:00,Beauty,0,297.31,0.0,1577,1,0.1997917242560125,Prepaid,West,3,1,0
3250,2023-02-07 00:00:00+00:00,Apparel,1,993.16,0.0,4169,4,0.19596407041732736,Prepaid,West,12,0,0
1480,2023-02-07 00:00:00+00:00,Apparel,1,4532.38,0.36788853203504457,4425,2,0.3065923739007616,COD,North,13,0,0
2497,2023-02-07 00:00:00+00:00,Apparel,1,3881.57,0.0,1752,0,0.0,Prepaid,South,6,2,0
59,2023-02-07 00:00:00+00:00,Electronics,0,274.2,0.0,1250,1,0.05898244932900435,COD,North,7,10,0
2210,2023-02-07 00:00:00+00:00,Beauty,0,1682.38,0.05947835002876885,2176,2,0.10149256856117858,Prepaid,East,14,2,0
3973,2023-02-07 00:00:00+00:00,Apparel,1,297.8,0.0,3901,1,0.08450757923344096,Prepaid,East,3,5,0
867,2023-02-08 00:00:00+00:00,Apparel,1,693.55,0.0,2226,0,0.0,COD,East,2,2,0
2614,2023-02-08 00:00:00+00:00,Beauty,0,1260.11,0.0,3090,1,0.29865035115129074,Prepaid,North,5,3,0
205,2023-02-08 00:00:00+00:00,Apparel,1,688.91,0.0,3724,1,0.03414046117058949,Prepaid,South,10,1,1
121,2023-02-08 00:00:00+00:00,Apparel,1,747.4,0.0,1128,3,0.021801980330431403,COD,East,14,0,1
206,2023-02-08 00:00:00+00:00,Home,0,1902.4,0.0,4184,2,0.12276290166012122,Prepaid,South,7,0,0
1960,2023-02-08 00:00:00+00:00,Apparel,1,1574.71,0.0,4340,2,0.4497335377958089,Prepaid,South,10,8,1
3397,2023-02-08 00:00:00+00:00,Apparel,1,379.11,0.20759568667865108,2978,0,0.0,Prepaid,West,2,5,0
934,2023-02-08 00:00:00+00:00,Electronics,0,2642.48,0.0,4056,3,0.34137873661794743,COD,North,1,5,0
1404,2023-02-08 00:00:00+00:00,Beauty,0,1649.82,0.30502492326356845,3961,0,0.0,COD,North,7,2,1
3101,2023-02-08 00:00:00+00:00,Apparel,1,1511.26,0.0,3361,2,0.3479848799640648,Prepaid,South,14,17,1
3065,2023-02-08 00:00:00+00:00,Beauty,0,1832.88,0.3317834380073169,2514,0,0.0,Prepaid,West,6,1,0
583,2023-02-08 00:00:00+00:00,Footwear,1,1217.28,0.0,1646,2,0.03239927921334378,Prepaid,South,6,2,0
4251,2023-02-08 00:00:00+00:00,Home,0,1661.15,0.0,1077,2,0.08959533943382383,COD,North,2,1,0
2008,2023-02-08 00:00:00+00:00,Apparel,1,325.83,0.2953451469604391,4064,1,0.15815034783816537,Prepaid,East,5,0,1
45,2023-02-08 00:00:00+00:00,Home,0,554.35,0.0,1001,1,0.02986624361931484,COD,South,11,2,0
3657,2023-02-08 00:00:00+00:00,Footwear,1,1370.41,0.08220952800273817,3863,3,0.056915555706331,Prepaid,West,3,1,0
3496,2023-02-08 00:00:00+00:00,Footwear,1,619.19,0.03588394469678101,2195,5,0.5492206621212307,Prepaid,North,6,1,0
3476,2023-02-08 00:00:00+00:00,Beauty,0,476.89,0.30211040479948903,3268,2,0.16602165319782536,Prepaid,West,4,2,0
316,2023-02-08 00:00:00+00:00,Electronics,0,777.38,0.25664470593456545,3193,5,0.010637916107383615,Prepaid,North,13,9,0
1084,2023-02-08 00:00:00+00:00,Electronics,0,1265.71,0.0,2906,6,0.0302036051862252,COD,East,12,6,0
462,2023-02-08 00:00:00+00:00,Apparel,1,1814.19,0.0,1160,3,0.3562199987332828,Prepaid,East,5,6,0
3577,2023-02-08 00:00:00+00:00,Apparel,1,247.18,0.017628649698372814,4023,1,0.04298207346262675,Prepaid,North,3,0,0
327,2023-02-08 00:00:00+00:00,Footwear,1,3006.62,0.0,3802,2,0.2226480513032867,Prepaid,North,7,5,0
825,2023-02-08 00:00:00+00:00,Apparel,1,572.93,0.0,2389,3,0.05376524491952732,Prepaid,South,12,0,0
3958,2023-02-08 00:00:00+00:00,Apparel,1,378.35,0.2547446652602387,1032,1,0.01669090149953911,COD,North,10,0,0
321,2023-02-08 00:00:00+00:00,Apparel,1,1473.5,0.0,4311,2,0.7272436651571307,Prepaid,East,8,1,1
89,2023-02-08 00:00:00+00:00,Footwear,1,501.97,0.33077171682556417,1327,2,0.026994206831811533,Prepaid,South,3,8,0
1155,2023-02-09 00:00:00+00:00,Footwear,1,4662.58,0.0,4278,1,0.2899460496321883,COD,North,10,0,0
845,2023-02-09 00:00:00+00:00,Apparel,1,1686.66,0.0,1619,1,0.14163920593833312,Prepaid,West,6,5,0
1022,2023-02-09 00:00:00+00:00,Electronics,0,4665.11,0.0,1071,0,0.0,Prepaid,West,5,5,0
3192,2023-02-09 00:00:00+00:00,Beauty,0,994.27,0.05618453116580316,1547,1,0.2926455644426822,Prepaid,South,14,0,0
3885,2023-02-09 00:00:00+00:00,Electronics,0,180.73,0.5235880965795776,2267,2,0.5946543445539307,Prepaid,East,4,4,0
1027,2023-02-09 00:00:00+00:00,Footwear,1,351.93,0.35119844168426284,3025,1,0.024631793087686277,COD,East,10,1,1
3166,2023-02-09 00:00:00+00:00,Footwear,1,390.22,0.0,3064,2,0.06318289336951685,Prepaid,North,12,0,1
52,2023-02-09 00:00:00+00:00,Beauty,0,2007.74,0.0,4054,1,0.10163129089439148,Prepaid,South,3,1,0
3545,2023-02-09 00:00:00+00:00,Home,0,2239.6,0.0,2958,2,0.09215398326932962,COD,South,5,3,0
1304,2023-02-09 00:00:00+00:00,Electronics,0,255.64,0.0,2829,2,0.06743089024877652,Prepaid,South,7,0,0
4524,2023-02-09 00:00:00+00:00,Electronics,0,668.32,0.0,3698,3,0.3475800192074803,Prepaid,West,5,6,0
2447,2023-02-09 00:00:00+00:00,Apparel,1,4557.03,0.0,4093,1,0.09951015687588027,COD,North,6,3,0
3379,2023-02-09 00:00:00+00:00,Apparel,1,1667.78,0.07365965930472029,1385,3,0.1070218855458454,COD,West,12,4,1
1660,2023-02-09 00:00:00+00:00,Beauty,0,696.78,0.0,3748,1,0.23263654882136262,COD,North,4,0,0
1298,2023-02-09 00:00:00+00:00,Apparel,1,382.65,0.10795777797321536,2610,3,0.12087352112372902,Prepaid,West,7,2,0
3526,2023-02-09 00:00:00+00:00,Apparel,1,213.53,0.0,2283,3,0.19206844505089923,Prepaid,West,9,1,0
3303,2023-02-09 00:00:00+00:00,Apparel,1,752.1,0.0,2916,3,0.01808143796801316,Prepaid,South,8,4,0
2494,2023-02-09 00:00:00+00:00,Apparel,1,1738.16,0.35977134239657427,4174,0,0.0,Prepaid,North,14,4,0
4303,2023-02-09 00:00:00+00:00,Apparel,1,319.3,0.0,3964,1,0.16224855520114617,COD,West,2,0,0
3287,2023-02-09 00:00:00+00:00,Apparel,1,890.27,0.0,3337,1,0.15198584225439482,Prepaid,East,5,2,0
116,2023-02-09 00:00:00+00:00,Apparel,1,704.53,0.08796111191045777,3512,6,0.1077465537541826,COD,North,12,3,0
3025,2023-02-09 00:00:00+00:00,Electronics,0,1528.21,0.44202681001990596,2735,3,0.43254838870011153,Prepaid,North,13,0,1
4601,2023-02-09 00:00:00+00:00,Electronics,0,882.93,0.2588074008105593,1159,4,0.5293023504146845,Prepaid,South,2,3,0
3580,2023-02-09 00:00:00+00:00,Footwear,1,423.14,0.0,4093,4,0.041132942689465324,Prepaid,South,8,1,0
1127,2023-02-09 00:00:00+00:00,Beauty,0,354.54,0.0,2992,2,0.06774400852714556,COD,South,8,4,0
3002,2023-02-09 00:00:00+00:00,Beauty,0,1816.85,0.0,1183,3,0.20901340885355746,Prepaid,East,14,0,0
3385,2023-02-09 00:00:00+00:00,Home,0,5239.42,0.0,4047,1,0.05239459600505364,COD,West,1,0,0
4590,2023-02-09 00:00:00+00:00,Electronics,0,2643.21,0.1058563872500061,1923,3,0.10549867222378916,COD,South,9,0,0
4580,2023-02-09 00:00:00+00:00,Apparel,1,4032.25,0.16653008092229035,4002,2,0.05964371421221497,Prepaid,East,6,1,0
1936,2023-02-09 00:00:00+00:00,Footwear,1,403.07,0.06507185138165686,3419,4,0.06731304397401161,Prepaid,East,6,7,0
4173,2023-02-09 00:00:00+00:00,Beauty,0,260.21,0.19822045649878844,1448,0,0.0,COD,East,7,5,0
257,2023-02-09 00:00:00+00:00,Electronics,0,474.28,0.10370115406979445,3817,2,0.7913557362288443,COD,South,5,0,0
1371,2023-02-09 00:00:00+00:00,Apparel,1,3276.8,0.0,4417,0,0.0,Prepaid,North,11,0,0
4943,2023-02-09 00:00:00+00:00,Electronics,0,591.37,0.22428437409395918,1401,1,0.09380858509867207,Prepaid,South,13,1,0
1808,2023-02-09 00:00:00+00:00,Home,0,553.42,0.0,3986,0,0.0,COD,North,4,5,0
1398,2023-02-09 00:00:00+00:00,Apparel,1,1721.68,0.0,1077,2,0.1771832712565423,Prepaid,East,2,4,0
1112,2023-02-09 00:00:00+00:00,Home,0,3977.5,0.0,4445,0,0.0,COD,North,11,4,1
4773,2023-02-09 00:00:00+00:00,Apparel,1,804.84,0.0,2845,0,0.0,Prepaid,West,3,2,0
2531,2023-02-09 00:00:00+00:00,Beauty,0,1519.11,0.0,2875,1,0.041358581345946395,Prepaid,North,4,0,0
1568,2023-02-10 00:00:00+00:00,Electronics,0,185.27,0.0,3787,2,0.2465925129874291,Prepaid,West,13,0,0
3181,2023-02-10 00:00:00+00:00,Home,0,1372.7,0.260022979913109,4070,0,0.0,Prepaid,South,5,0,0
3384,2023-02-10 00:00:00+00:00,Home,0,4780.25,0.05807979498993123,4443,3,0.12124870972339281,COD,South,4,2,0
1345,2023-02-10 00:00:00+00:00,Apparel,1,1734.22,0.0,2433,0,0.0,Prepaid,North,13,2,0
3781,2023-02-10 00:00:00+00:00,Apparel,1,1160.7,0.0,3130,7,0.08052589461306554,COD,East,4,0,0
1387,2023-02-10 00:00:00+00:00,Apparel,1,7441.73,0.05151752618603564,1029,1,0.10932299014701634,Prepaid,North,10,1,0
1496,2023-02-10 00:00:00+00:00,Beauty,0,5626.45,0.05303042393919832,4291,2,0.06214462273591973,Prepaid,East,4,14,0
3612,2023-02-10 00:00:00+00:00,Electronics,0,1128.72,0.0,3094,1,0.1812160472913247,Prepaid,South,9,5,0
1891,2023-02-10 00:00:00+00:00,Apparel,1,123.37,0.5584899913085716,1951,2,0.10324654868317387,Prepaid,North,6,1,0
1750,2023-02-10 00:00:00+00:00,Electronics,0,1103.61,0.0,4381,3,0.185379482916759,Prepaid,East,5,3,1
3174,2023-02-10 00:00:00+00:00,Electronics,0,401.83,0.0,3692,0,0.0,Prepaid,South,10,1,0
2195,2023-02-10 00:00:00+00:00,Apparel,1,1210.27,0.0,1452,2,0.15604931048162238,COD,East,2,2,0
3311,2023-02-10 00:00:00+00:00,Electronics,0,665.77,0.17818434123594293,2576,2,0.2748223869193414,Prepaid,North,12,2,0
3613,2023-02-10 00:00:00+00:00,Footwear,1,7701.2,0.0,3671,2,0.14454517393196556,COD,South,4,3,0
3263,2023-02-10 00:00:00+00:00,Apparel,1,365.9,0.0,2502,1,0.09573468720491664,COD,East,2,2,0
575,2023-02-10 00:00:00+00:00,Electronics,0,293.66,0.0,2191,6,0.06935484562156408,Prepaid,North,8,4,0
4384,2023-02-10 00:00:00+00:00,Home,0,1334.14,0.2377744851027517,2236,3,0.09984466745863549,Prepaid,North,10,1,0
2560,2023-02-10 00:00:00+00:00,Footwear,1,243.5,0.016387578100240996,2081,3,0.3274958490027822,Prepaid,North,3,2,0
4785,2023-02-10 00:00:00+00:00,Home,0,656.62,0.08319059571094173,4484,3,0.12288593797177669,Prepaid,West,1,2,0
4911,2023-02-10 00:00:00+00:00,Apparel,1,2227.76,0.0,2876,1,0.020402727966739104,Prepaid,East,14,6,1
4461,2023-02-10 00:00:00+00:00,Apparel,1,271.09,0.0,2874,1,0.024999832626256692,COD,West,9,3,0
2900,2023-02-10 00:00:00+00:00,Electronics,0,3851.33,0.441959855901213,1109,2,0.1373994090860403,COD,East,11,3,0
2983,2023-02-10 00:00:00+00:00,Apparel,1,162.62,0.22263962315976182,1363,2,0.19137172491693372,Prepaid,North,13,0,0
1174,2023-02-10 00:00:00+00:00,Electronics,0,2353.01,0.0,3158,1,0.3219532852031551,Prepaid,North,6,5,0
4148,2023-02-10 00:00:00+00:00,Apparel,1,7154.08,0.23218176732350182,2466,2,0.14865551940532437,COD,East,1,2,0
4515,2023-02-10 00:00:00+00:00,Apparel,1,132.51,0.13431625167674727,4138,1,0.037447876363900595,Prepaid,West,1,4,0
852,2023-02-10 00:00:00+00:00,Footwear,1,201.57,0.06216376259182309,1519,4,0.49972736152924707,Prepaid,West,4,1,0
2571,2023-02-10 00:00:00+00:00,Apparel,1,1976.6,0.0,2476,6,0.03290465595586197,COD,East,6,3,0
2822,2023-02-10 00:00:00+00:00,Footwear,1,7332.05,0.0,3858,0,0.0,COD,East,3,5,0
100,2023-02-10 00:00:00+00:00,Home,0,1858.44,0.0,3355,0,0.0,Prepaid,South,4,1,0
4776,2023-02-10 00:00:00+00:00,Electronics,0,725.28,0.09119422359127925,1854,0,0.0,Prepaid,West,3,0,0
2760,2023-02-11 00:00:00+00:00,Electronics,0,2647.75,0.0,1903,4,0.026798958964874817,Prepaid,West,7,3,0
1490,2023-02-11 00:00:00+00:00,Footwear,1,2985.41,0.0,3740,2,0.21801888859830126,Prepaid,East,12,3,0
4127,2023-02-11 00:00:00+00:00,Apparel,1,1149.48,0.0,3047,4,0.10251859206750853,Prepaid,South,7,3,0
4609,2023-02-11 00:00:00+00:00,Home,0,1821.47,0.0,1984,1,0.0037556667173640635,COD,West,7,8,0
3768,2023-02-11 00:00:00+00:00,Electronics,0,217.28,0.06800700200812962,2691,1,0.28929219207568274,COD,East,2,0,0
3831,2023-02-11 00:00:00+00:00,Apparel,1,3985.3,0.0,2109,0,0.0,Prepaid,North,3,21,0
1456,2023-02-11 00:00:00+00:00,Apparel,1,3555.34,0.14423670970382346,3327,0,0.0,COD,West,8,0,0
4587,2023-02-11 00:00:00+00:00,Electronics,0,944.4,0.2902783836161785,1461,4,0.07302254273646946,Prepaid,South,4,1,0
2443,2023-02-11 00:00:00+00:00,Electronics,0,1377.93,0.020806059985969932,2459,2,0.15012556309431052,Prepaid,West,13,2,0
1690,2023-02-11 00:00:00+00:00,Apparel,1,1889.9,0.1931366502011844,4426,2,0.1444144885480547,Prepaid,South,1,0,0
4267,2023-02-11 00:00:00+00:00,Footwear,1,871.64,0.0,2911,1,0.02844729591112152,Prepaid,East,13,2,0
2489,2023-02-11 00:00:00+00:00,Footwear,1,663.76,0.0,1749,1,0.34753996048444014,Prepaid,South,3,3,0
4332,2023-02-11 00:00:00+00:00,Home,0,756.93,0.0,1666,3,0.12063728084950792,Prepaid,East,4,1,0
1824,2023-02-11 00:00:00+00:00,Home,0,867.99,0.0,2016,2,0.08210930785387205,Prepaid,South,6,1,0
109,2023-02-11 00:00:00+00:00,Electronics,0,5934.06,0.24208412211370386,2578,2,0.24202696416491226,Prepaid,North,4,0,0
4614,2023-02-11 00:00:00+00:00,Electronics,0,522.21,0.0,2535,3,0.10688345369496395,Prepaid,West,8,1,0
286,2023-02-11 00:00:00+00:00,Apparel,1,1395.62,0.08201269190676615,2117,2,0.22419738367019537,COD,North,12,0,0
1069,2023-02-11 00:00:00+00:00,Apparel,1,1119.87,0.24337972597273072,1073,2,0.041265942923737677,Prepaid,South,12,1,0
1291,2023-02-11 00:00:00+00:00,Electronics,0,748.86,0.08480459566526224,3109,1,0.47488163073688067,COD,North,14,4,0
2917,2023-02-11 00:00:00+00:00,Apparel,1,594.78,0.0,3633,1,0.09044571166907069,COD,North,8,5,1
3804,2023-02-11 00:00:00+00:00,Home,0,3761.64,0.06617390024766356,1031,4,0.1541171259164221,Prepaid,South,12,2,0
3629,2023-02-11 00:00:00+00:00,Footwear,1,3191.52,0.0,2116,4,0.07672958317423204,Prepaid,North,4,1,0
1003,2023-02-11 00:00:00+00:00,Home,0,552.1,0.1388889438627303,4339,1,0.39470953626112404,Prepaid,South,4,3,0
2519,2023-02-11 00:00:00+00:00,Footwear,1,616.87,0.4384804473031154,4198,2,0.006876673619340262,COD,North,5,1,0
4206,2023-02-11 00:00:00+00:00,Beauty,0,756.61,0.0,3746,2,0.4752846237841863,Prepaid,West,10,0,0
246,2023-02-11 00:00:00+00:00,Home,0,717.58,0.3385550258628367,2296,0,0.0,Prepaid,West,7,2,0
1908,2023-02-11 00:00:00+00:00,Footwear,1,317.33,0.10737289499274028,2605,2,0.13628498657418806,COD,North,12,3,0
4418,2023-02-11 00:00:00+00:00,Home,0,142.06,0.0,2815,4,0.581260256980108,COD,West,3,0,0
1993,2023-02-11 00:00:00+00:00,Apparel,1,2678.58,0.0562639830846763,2182,1,0.02718351307026895,COD,East,8,3,0
3240,2023-02-11 00:00:00+00:00,Electronics,0,4562.8,0.0,2373,2,0.4004893976255763,Prepaid,North,9,5,0
893,2023-02-12 00:00:00+00:00,Apparel,1,3516.03,0.4267577059216848,2045,2,0.002791160739180697,Prepaid,North,11,3,0
1746,2023-02-12 00:00:00+00:00,Beauty,0,706.88,0.0,1891,0,0.0,COD,West,1,4,0
4669,2023-02-12 00:00:00+00:00,Home,0,2225.08,0.0,4249,3,0.11164118261905324,COD,East,8,11,0
447,2023-02-12 00:00:00+00:00,Apparel,1,1261.01,0.0,2056,1,0.13540064765010232,Prepaid,West,9,2,0
1732,2023-02-12 00:00:00+00:00,Electronics,0,691.74,0.0,3481,1,0.1400268519918062,Prepaid,North,11,3,0
3378,2023-02-12 00:00:00+00:00,Apparel,1,11731.02,0.33429015029024955,2757,1,0.41280371366313673,Prepaid,North,5,4,0
1828,2023-02-12 00:00:00+00:00,Footwear,1,2503.36,0.08582000613801731,3162,1,0.02853265782103156,COD,East,14,3,0
2235,2023-02-12 00:00:00+00:00,Home,0,946.42,0.07614485140102216,3261,2,0.1087428940929477,Prepaid,East,6,2,0
1297,2023-02-12 00:00:00+00:00,Apparel,1,22273.93,0.0,2332,1,0.030261447870414796,COD,South,2,1,0
1446,2023-02-12 00:00:00+00:00,Apparel,1,379.41,0.0,3625,3,0.029534224579169172,Prepaid,West,11,0,0
4164,2023-02-12 00:00:00+00:00,Apparel,1,992.22,0.07930386802315267,3328,4,0.09889350291469587,Prepaid,East,4,11,0
1062,2023-02-12 00:00:00+00:00,Apparel,1,2105.83,0.0,3766,2,0.43122414531153336,Prepaid,West,12,3,0
3246,2023-02-12 00:00:00+00:00,Apparel,1,9285.97,0.0,4055,0,0.0,Prepaid,South,11,2,0
1805,2023-02-12 00:00:00+00:00,Apparel,1,6855.68,0.19093685361271728,1497,4,0.16312409324446014,Prepaid,North,4,0,1
4912,2023-02-12 00:00:00+00:00,Electronics,0,1077.19,0.13740988526701226,1618,2,0.026704172804775203,COD,North,14,2,0
105,2023-02-12 00:00:00+00:00,Electronics,0,824.39,0.0,2812,0,0.0,Prepaid,South,6,2,0
3264,2023-02-12 00:00:00+00:00,Apparel,1,77.16,0.07105333765914482,4405,3,0.3162811725889809,COD,North,4,3,1
1567,2023-02-12 00:00:00+00:00,Apparel,1,1483.5,0.0,1645,3,0.3243440368808664,Prepaid,West,13,5,0
1343,2023-02-12 00:00:00+00:00,Apparel,1,1853.26,0.0,2069,0,0.0,Prepaid,East,1,1,0
4080,2023-02-12 00:00:00+00:00,Apparel,1,723.71,0.2868741371776733,3144,1,0.16189957817160597,Prepaid,North,1,0,0
3208,2023-02-12 00:00:00+00:00,Footwear,1,983.81,0.35919262310732925,4464,1,0.016394494214286088,COD,South,7,4,0
2168,2023-02-12 00:00:00+00:00,Footwear,1,4551.03,0.0,3352,2,0.17765349083480303,Prepaid,South,3,0,0
980,2023-02-12 00:00:00+00:00,Apparel,1,1716.29,0.0,3311,1,0.23699760105075637,COD,East,14,0,1
2290,2023-02-12 00:00:00+00:00,Electronics,0,3818.04,0.0,3946,3,0.11775431767243279,COD,West,5,2,0
4796,2023-02-12 00:00:00+00:00,Footwear,1,11875.16,0.0,4354,1,0.10674051642032474,COD,North,2,1,0
2763,2023-02-12 00:00:00+00:00,Apparel,1,4553.9,0.41870483911115497,3941,5,0.29671857050935924,COD,West,13,5,1
4352,2023-02-12 00:00:00+00:00,Apparel,1,371.79,0.5549125154463929,1501,3,0.0500388890481324,COD,East,2,1,0
2138,2023-02-12 00:00:00+00:00,Beauty,0,3928.72,0.07116194258313348,3240,4,0.10038659132311617,Prepaid,South,8,11,0
840,2023-02-12 00:00:00+00:00,Apparel,1,548.91,0.0447060210874238,3077,0,0.0,Prepaid,South,1,4,0
4026,2023-02-12 00:00:00+00:00,Apparel,1,3041.18,0.09031426058604004,4220,1,0.02878853368962381,Prepaid,East,11,4,0
1237,2023-02-12 00:00:00+00:00,Beauty,0,580.69,0.0,2502,1,0.06909614215665066,Prepaid,South,12,5,0
3955,2023-02-12 00:00:00+00:00,Beauty,0,2827.18,0.0,3058,1,0.044813775525170255,COD,East,14,1,0
2448,2023-02-13 00:00:00+00:00,Footwear,1,351.99,0.0,3714,2,0.05787296004845632,Prepaid,South,4,0,0
4192,2023-02-13 00:00:00+00:00,Apparel,1,3502.67,0.09669755399337883,2714,1,0.06210741817716108,COD,East,8,1,1
2823,2023-02-13 00:00:00+00:00,Apparel,1,811.85,0.0,3045,2,0.13830085495235508,Prepaid,East,5,1,0
2442,2023-02-13 00:00:00+00:00,Footwear,1,1728.0,0.3180518623685696,4305,8,0.05838913295918399,COD,South,2,0,0
2710,2023-02-13 00:00:00+00:00,Apparel,1,3413.03,0.0,3393,3,0.1489679330011002,Prepaid,North,7,0,0
1315,2023-02-13 00:00:00+00:00,Home,0,2489.3,0.0,1219,4,0.20979480944873316,Prepaid,East,2,1,0
1941,2023-02-13 00:00:00+00:00,Beauty,0,801.35,0.0,2652,0,0.0,Prepaid,East,12,0,1
4183,2023-02-13 00:00:00+00:00,Apparel,1,939.71,0.182685079845764,3202,1,0.00594095800494406,COD,North,8,1,0
2693,2023-02-13 00:00:00+00:00,Electronics,0,228.52,0.2320022264173446,4163,3,0.11415191835711447,Prepaid,South,7,4,0
254,2023-02-13 00:00:00+00:00,Apparel,1,679.29,0.06367237268795053,1969,2,0.3152602338905262,Prepaid,East,13,2,0
4697,2023-02-13 00:00:00+00:00,Beauty,0,4400.94,0.0,2161,6,0.07100479638338993,Prepaid,South,5,5,0
245,2023-02-13 00:00:00+00:00,Apparel,1,10648.59,0.0,2737,0,0.0,Prepaid,East,5,0,0
235,2023-02-13 00:00:00+00:00,Beauty,0,1779.88,0.28212497095046235,3634,2,0.29507183431613626,Prepaid,North,12,0,0
4679,2023-02-13 00:00:00+00:00,Beauty,0,884.29,0.0,4388,4,0.05054348694113635,COD,North,14,0,0
931,2023-02-13 00:00:00+00:00,Electronics,0,974.07,0.0,1970,3,0.16791892837342878,Prepaid,South,2,7,0
1977,2023-02-13 00:00:00+00:00,Apparel,1,467.37,0.18608164622134904,3358,2,0.34209865692949515,Prepaid,West,2,0,1
2681,2023-02-13 00:00:00+00:00,Home,0,686.76,0.0,3784,0,0.0,Prepaid,West,1,3,0
4158,2023-02-13 00:00:00+00:00,Home,0,751.54,0.0,1317,3,0.03618698998299575,Prepaid,South,5,0,0
161,2023-02-13 00:00:00+00:00,Apparel,1,714.53,0.008452249885709334,3053,2,0.12223166104044908,Prepaid,East,5,5,0
626,2023-02-13 00:00:00+00:00,Home,0,1264.65,0.0,3931,3,0.26165723628771814,Prepaid,West,9,1,0
4491,2023-02-13 00:00:00+00:00,Apparel,1,304.46,0.03277480669118146,2106,5,0.16226699707425768,Prepaid,North,7,1,0
3719,2023-02-13 00:00:00+00:00,Home,0,352.14,0.0,1912,1,0.0943473195519659,Prepaid,East,5,1,0
2104,2023-02-13 00:00:00+00:00,Footwear,1,11818.99,0.0,1443,5,0.08412443071248381,COD,North,13,3,0
874,2023-02-13 00:00:00+00:00,Electronics,0,447.49,0.015440905633332211,1534,3,0.03186793379126389,Prepaid,West,8,1,0
2098,2023-02-13 00:00:00+00:00,Apparel,1,2475.94,0.31996026292591023,4499,3,0.06180155436748598,COD,North,1,5,0
812,2023-02-13 00:00:00+00:00,Electronics,0,364.73,0.0,2770,3,0.25869646751052544,Prepaid,North,8,0,0
4360,2023-02-13 00:00:00+00:00,Footwear,1,2183.32,0.0,3619,5,0.19906200139667946,Prepaid,East,11,13,0
2788,2023-02-13 00:00:00+00:00,Apparel,1,958.72,0.0,4497,2,0.04031481684520548,COD,South,5,2,1
2473,2023-02-13 00:00:00+00:00,Apparel,1,475.76,0.11900455671039162,2780,2,0.10491373719973152,Prepaid,West,6,0,0
856,2023-02-13 00:00:00+00:00,Apparel,1,298.34,0.0,1273,1,0.06972714888607864,Prepaid,South,13,0,0
709,2023-02-13 00:00:00+00:00,Footwear,1,677.61,0.0,1638,4,0.10358340664439947,COD,East,3,5,0
2076,2023-02-13 00:00:00+00:00,Electronics,0,2351.42,0.0,1015,3,0.34790088332974184,Prepaid,South,3,10,0
2799,2023-02-13 00:00:00+00:00,Footwear,1,1054.7,0.07982386346632402,4089,2,0.44313021921502405,COD,South,8,1,0
2802,2023-02-13 00:00:00+00:00,Apparel,1,1960.14,0.0,2714,4,0.22019988792087405,Prepaid,East,12,1,0
1091,2023-02-13 00:00:00+00:00,Home,0,1513.69,0.35518323513290084,3371,3,0.02581381788328163,Prepaid,East,11,4,0
2561,2023-02-13 00:00:00+00:00,Footwear,1,990.73,0.0,1188,4,0.11206173930234682,Prepaid,West,9,1,0
1572,2023-02-13 00:00:00+00:00,Home,0,746.74,0.08369606996983002,2694,2,0.29393845549989767,Prepaid,West,3,0,0
1179,2023-02-13 00:00:00+00:00,Electronics,0,463.61,0.14244186549775542,2521,0,0.0,Prepaid,North,5,1,0
2033,2023-02-13 00:00:00+00:00,Footwear,1,2322.65,0.0,2970,2,0.13771479411742224,Prepaid,West,10,7,0
1676,2023-02-13 00:00:00+00:00,Electronics,0,261.36,0.37524226502266067,2700,2,0.03054846559316473,COD,South,7,1,0
2381,2023-02-14 00:00:00+00:00,Home,0,322.86,0.0,1906,1,0.3560832223830093,Prepaid,East,4,1,0
1927,2023-02-14 00:00:00+00:00,Home,0,4251.36,0.25372016420525495,1563,0,0.0,Prepaid,West,13,3,0
4433,2023-02-14 00:00:00+00:00,Apparel,1,342.83,0.35570442526291224,3942,4,0.1780657460422744,Prepaid,West,12,0,0
2286,2023-02-14 00:00:00+00:00,Beauty,0,1735.37,0.0,3959,3,0.6105213802317998,COD,South,7,0,1
3465,2023-02-14 00:00:00+00:00,Electronics,0,1156.77,0.32486922797093665,1733,5,0.5256775477286946,COD,West,14,0,1
2794,2023-02-14 00:00:00+00:00,Apparel,1,673.63,0.0,3343,1,0.40652230171599074,COD,West,4,0,0
3238,2023-02-14 00:00:00+00:00,Electronics,0,1148.96,0.0,1597,1,0.6273979650613846,COD,West,2,3,0
1933,2023-02-14 00:00:00+00:00,Electronics,0,1128.85,0.0,4484,4,0.06987433316449974,COD,East,12,4,0
4315,2023-02-14 00:00:00+00:00,Apparel,1,487.24,0.0,1176,2,0.13244911653888308,Prepaid,North,13,3,0
1256,2023-02-14 00:00:00+00:00,Electronics,0,517.3,0.0,2140,0,0.0,Prepaid,West,10,3,1
928,2023-02-14 00:00:00+00:00,Home,0,726.34,0.0,3028,0,0.0,Prepaid,South,1,2,0
550,2023-02-14 00:00:00+00:00,Electronics,0,1943.53,0.0,3096,2,0.28785502485776965,COD,West,3,1,0
2801,2023-02-14 00:00:00+00:00,Apparel,1,380.47,0.368862497243168,4020,2,0.3346175336113099,COD,East,8,3,0
4659,2023-02-14 00:00:00+00:00,Home,0,9543.87,0.0,2524,2,0.08639524079313222,Prepaid,North,12,7,0
4547,2023-02-14 00:00:00+00:00,Apparel,1,817.52,0.0,1692,5,0.44368713894764455,Prepaid,East,3,0,1
1454,2023-02-14 00:00:00+00:00,Home,0,109.08,0.0,2029,2,0.10177441281984169,COD,South,4,0,0
4914,2023-02-14 00:00:00+00:00,Footwear,1,186.97,0.0,1525,1,0.482353103649369,Prepaid,West,4,0,0
2083,2023-02-14 00:00:00+00:00,Home,0,2760.85,0.0,4023,2,0.47114816534272264,COD,West,12,1,0
113,2023-02-14 00:00:00+00:00,Apparel,1,1448.18,0.0,4260,1,0.07026955744385134,Prepaid,North,5,17,0
2264,2023-02-14 00:00:00+00:00,Apparel,1,398.1,0.1963807452756791,4128,1,0.03159941880139306,COD,West,5,6,0
876,2023-02-14 00:00:00+00:00,Apparel,1,216.39,0.0,1182,2,0.544799189607621,Prepaid,West,3,0,1
2294,2023-02-14 00:00:00+00:00,Electronics,0,2602.61,0.0,1785,2,0.08007593942410864,Prepaid,South,10,0,0
1989,2023-02-14 00:00:00+00:00,Electronics,0,177.95,0.0,3104,3,0.2515390830370789,Prepaid,West,14,8,0
394,2023-02-14 00:00:00+00:00,Home,0,1988.81,0.0,1242,2,0.46176005255499136,Prepaid,North,12,2,0
4269,2023-02-14 00:00:00+00:00,Beauty,0,522.68,0.26620177562157654,4051,6,0.06440134788707609,Prepaid,North,7,1,0
3639,2023-02-15 00:00:00+00:00,Apparel,1,826.32,0.603450470126399,3939,1,0.12503989948273067,Prepaid,North,10,4,0
638,2023-02-15 00:00:00+00:00,Footwear,1,707.68,0.0,1030,4,0.20398517770303418,Prepaid,West,2,1,0
1577,2023-02-15 00:00:00+00:00,Electronics,0,667.71,0.23764216621553721,3445,2,0.4860367936768302,Prepaid,East,13,1,0
830,2023-02-15 00:00:00+00:00,Apparel,1,1140.42,0.26354059044299316,1165,4,0.1381715529315454,Prepaid,North,5,2,0
3760,2023-02-15 00:00:00+00:00,Apparel,1,2884.29,0.04948676395819593,4149,2,0.07917250182191206,COD,East,6,5,0
2619,2023-02-15 00:00:00+00:00,Apparel,1,1937.65,0.27677396174439667,2960,2,0.3707828345256814,Prepaid,South,4,4,1
300,2023-02-15 00:00:00+00:00,Apparel,1,434.15,0.0,4253,1,0.03870828525157456,Prepaid,North,10,3,0
2368,2023-02-15 00:00:00+00:00,Home,0,1595.13,0.0,3368,2,0.07511975799974345,Prepaid,South,12,3,0
2998,2023-02-15 00:00:00+00:00,Footwear,1,1896.94,0.0670176582170826,1556,2,0.09438967646801294,Prepaid,South,9,1,0
4720,2023-02-15 00:00:00+00:00,Apparel,1,340.64,0.0,2290,3,0.23642435274636533,Prepaid,West,1,0,0
4264,2023-02-15 00:00:00+00:00,Apparel,1,2779.49,0.0,4325,3,0.45479747863621645,Prepaid,North,6,0,0
2957,2023-02-15 00:00:00+00:00,Apparel,1,2356.63,0.6343357162571346,2039,3,0.3061629805096558,Prepaid,North,5,0,1
1869,2023-02-15 00:00:00+00:00,Home,0,4188.0,0.08666842762182114,4351,5,0.006316633620068174,Prepaid,West,5,0,0
3802,2023-02-15 00:00:00+00:00,Apparel,1,5165.69,0.0,1765,2,0.17388486832802888,Prepaid,West,2,1,0
4358,2023-02-15 00:00:00+00:00,Electronics,0,463.41,0.0,1144,0,0.0,Prepaid,East,8,0,0
4732,2023-02-15 00:00:00+00:00,Electronics,0,3871.44,0.0395922162338105,1230,0,0.0,COD,North,2,0,1
865,2023-02-15 00:00:00+00:00,Footwear,1,453.08,0.0,3161,0,0.0,Prepaid,North,10,0,0
971,2023-02-15 00:00:00+00:00,Apparel,1,597.08,0.0,3084,1,0.03528283344475471,COD,South,11,0,0
4754,2023-02-15 00:00:00+00:00,Beauty,0,7376.1,0.10728136915347106,1321,2,0.2223246365292467,Prepaid,West,6,4,0
2766,2023-02-15 00:00:00+00:00,Footwear,1,1208.81,0.0,4182,4,0.11650255551632828,Prepaid,East,8,1,0
1092,2023-02-15 00:00:00+00:00,Home,0,5129.95,0.06252026787865929,3092,1,0.1256400662655931,Prepaid,West,12,0,0
1061,2023-02-15 00:00:00+00:00,Home,0,713.26,0.0,4081,1,0.24321854530713097,Prepaid,East,9,2,1
228,2023-02-15 00:00:00+00:00,Electronics,0,1061.54,0.0,2898,0,0.0,COD,North,13,1,1
1303,2023-02-15 00:00:00+00:00,Home,0,1323.07,0.0,4166,2,0.35708273620030045,COD,West,12,13,0
2244,2023-02-15 00:00:00+00:00,Electronics,0,839.12,0.27985566393781103,1324,3,0.13253435414856662,Prepaid,East,1,4,0
4774,2023-02-15 00:00:00+00:00,Apparel,1,2711.31,0.22634496594670095,1539,2,0.08544380461995374,COD,North,14,0,0
3771,2023-02-15 00:00:00+00:00,Footwear,1,266.16,0.0,4233,1,0.13145602096901327,Prepaid,North,11,0,1
2928,2023-02-16 00:00:00+00:00,Electronics,0,1472.0,0.0,2259,1,0.06370465923672743,COD,West,12,11,0
3209,2023-02-16 00:00:00+00:00,Electronics,0,3338.68,0.32872463782847566,1480,3,0.17936885915298598,COD,South,12,0,0
1250,2023-02-16 00:00:00+00:00,Beauty,0,442.37,0.0,1195,2,0.12707410666190083,Prepaid,West,1,5,0
3851,2023-02-16 00:00:00+00:00,Electronics,0,2351.06,0.2422268924767418,3101,2,0.11783510766909198,Prepaid,East,14,2,0
571,2023-02-16 00:00:00+00:00,Apparel,1,529.2,0.2923810440634607,3047,1,0.14023211029135685,Prepaid,West,1,3,0
2515,2023-02-16 00:00:00+00:00,Footwear,1,233.48,0.2757697181642169,1114,4,0.4543572929451531,Prepaid,North,6,3,1
4278,2023-02-16 00:00:00+00:00,Home,0,3645.79,0.0,2220,2,0.0542785699970629,Prepaid,South,10,1,0
2005,2023-02-16 00:00:00+00:00,Home,0,5537.79,0.0,1332,1,0.12896995050919524,Prepaid,West,13,3,0
2100,2023-02-16 00:00:00+00:00,Electronics,0,6219.83,0.010273732702193478,3707,1,0.07322303372902549,Prepaid,West,4,0,0
162,2023-02-16 00:00:00+00:00,Apparel,1,664.24,0.0,1975,1,0.4621612888667844,Prepaid,South,5,1,1
1729,2023-02-16 00:00:00+00:00,Home,0,656.31,0.0,4095,3,0.037470314092154566,Prepaid,West,6,1,0
187,2023-02-16 00:00:00+00:00,Apparel,1,1454.07,0.35924600828223974,2032,1,0.09891638933266617,COD,West,4,3,0
756,2023-02-16 00:00:00+00:00,Home,0,1725.75,0.224101787943353,2696,6,0.006274159532010709,COD,South,10,4,0
3616,2023-02-16 00:00:00+00:00,Apparel,1,1714.8,0.0,4222,3,0.4279047484609113,Prepaid,East,1,2,1
1758,2023-02-16 00:00:00+00:00,Apparel,1,280.7,0.0,1327,3,0.1903165304204952,Prepaid,East,6,1,0
2414,2023-02-16 00:00:00+00:00,Beauty,0,6765.55,0.2368096552823924,3943,2,0.42280159105994186,Prepaid,West,8,2,0
2670,2023-02-16 00:00:00+00:00,Footwear,1,350.18,0.2773335178595977,3457,2,0.20959769866646213,Prepaid,West,5,0,0
2985,2023-02-16 00:00:00+00:00,Electronics,0,1247.64,0.0,3175,1,0.4509539654448994,Prepaid,East,6,2,0
3838,2023-02-16 00:00:00+00:00,Apparel,1,2456.67,0.4211385650404553,1104,3,0.13762394916677692,Prepaid,North,11,8,0
4295,2023-02-16 00:00:00+00:00,Apparel,1,1049.84,0.0,1885,4,0.2942916467613829,Prepaid,South,7,0,0
48,2023-02-16 00:00:00+00:00,Beauty,0,2745.48,0.02080281112667598,3244,2,0.01666952479785745,Prepaid,South,3,4,0
2796,2023-02-16 00:00:00+00:00,Apparel,1,611.46,0.0,3378,1,0.33055866131336514,Prepaid,East,6,5,1
25,2023-02-16 00:00:00+00:00,Beauty,0,939.61,0.0,3493,2,0.03994219393773213,Prepaid,North,11,1,1
3424,2023-02-16 00:00:00+00:00,Apparel,1,2092.21,0.07184502080182176,2564,1,0.1955191244479577,Prepaid,West,8,2,0
817,2023-02-16 00:00:00+00:00,Apparel,1,1884.08,0.0,2631,1,0.31432569703656454,COD,South,1,0,0
3690,2023-02-16 00:00:00+00:00,Home,0,226.18,0.0888324843407989,2633,1,0.49777179551448547,Prepaid,North,7,1,0
3292,2023-02-16 00:00:00+00:00,Electronics,0,2884.01,0.3363022685349978,4088,1,0.04496426642388958,Prepaid,South,13,3,0
2461,2023-02-16 00:00:00+00:00,Apparel,1,1759.38,0.0,1078,1,0.20579782392533535,Prepaid,South,11,5,0
231,2023-02-16 00:00:00+00:00,Apparel,1,208.22,0.0,3157,1,0.11230758006363586,Prepaid,North,2,1,0
3594,2023-02-17 00:00:00+00:00,Apparel,1,297.05,0.05466466660858507,3890,1,0.12969708412073191,Prepaid,East,2,3,0
492,2023-02-17 00:00:00+00:00,Apparel,1,1604.23,0.0,3154,2,0.3418522718408314,COD,South,5,2,1
2156,2023-02-17 00:00:00+00:00,Electronics,0,193.58,0.0,3658,4,0.10287825338506541,Prepaid,West,10,2,0
754,2023-02-17 00:00:00+00:00,Footwear,1,2143.42,0.17792604193876577,2562,4,0.12732745497559944,Prepaid,West,9,5,0
679,2023-02-17 00:00:00+00:00,Electronics,0,2141.28,0.2109864328298247,2540,3,0.008332000241090699,COD,North,7,3,0
2933,2023-02-17 00:00:00+00:00,Apparel,1,659.84,0.0,1703,5,0.14092256027902733,Prepaid,West,14,1,0
3809,2023-02-17 00:00:00+00:00,Footwear,1,685.83,0.0,2599,1,0.3670854146815443,COD,West,13,1,1
3281,2023-02-17 00:00:00+00:00,Footwear,1,2241.27,0.5281655501587016,3074,1,0.4734108334035033,Prepaid,West,6,6,0
4308,2023-02-17 00:00:00+00:00,Apparel,1,229.36,0.4636527209748734,4201,1,0.11522220332535849,COD,North,1,2,1
3794,2023-02-17 00:00:00+00:00,Apparel,1,4615.92,0.1815862835665666,4203,2,0.05916011537374925,COD,South,6,0,0
625,2023-02-17 00:00:00+00:00,Apparel,1,1118.41,0.0,3507,0,0.0,COD,South,7,3,0
4877,2023-02-17 00:00:00+00:00,Apparel,1,525.21,0.0,4075,2,0.03465769926347727,Prepaid,North,13,0,0
1649,2023-02-17 00:00:00+00:00,Apparel,1,3212.9,0.0,2412,1,0.48715674945791804,COD,North,5,4,0
2136,2023-02-17 00:00:00+00:00,Beauty,0,378.12,0.19979541044189897,3800,1,0.48345790323617854,Prepaid,South,14,4,0
2702,2023-02-17 00:00:00+00:00,Electronics,0,458.99,0.04953941274239722,2706,2,0.27075838509023775,COD,South,4,1,0
573,2023-02-17 00:00:00+00:00,Apparel,1,1079.89,0.11201843295643787,3264,3,0.08490379970104518,Prepaid,West,5,1,0
880,2023-02-17 00:00:00+00:00,Apparel,1,1492.77,0.02506159251875116,1882,3,0.27676614210847494,Prepaid,South,3,0,0
4346,2023-02-17 00:00:00+00:00,Apparel,1,8747.45,0.0,2353,3,0.17276174424214624,COD,North,2,5,0
472,2023-02-17 00:00:00+00:00,Apparel,1,550.31,0.35194090997439986,3435,2,0.1786548525850437,Prepaid,North,8,3,0
603,2023-02-17 00:00:00+00:00,Apparel,1,685.04,0.0037082846967517458,2796,1,0.01940609769834456,Prepaid,South,6,1,1
2343,2023-02-17 00:00:00+00:00,Apparel,1,321.26,0.0,1920,0,0.0,Prepaid,North,2,2,0
1543,2023-02-17 00:00:00+00:00,Home,0,1271.48,0.30967155502783783,2806,3,0.32451800840819134,COD,East,2,8,1
44,2023-02-17 00:00:00+00:00,Home,0,617.73,0.20460946208467773,2383,3,0.013736787321318595,Prepaid,East,4,0,0
1332,2023-02-17 00:00:00+00:00,Apparel,1,1102.96,0.3121447636516891,1273,2,0.1400802537674801,Prepaid,East,11,0,0
3783,2023-02-17 00:00:00+00:00,Beauty,0,971.95,0.0,2061,2,0.25070428783105797,COD,North,6,0,0
465,2023-02-17 00:00:00+00:00,Electronics,0,548.6,0.0,4033,1,0.15254035905659094,COD,North,14,2,0
3569,2023-02-17 00:00:00+00:00,Apparel,1,1022.84,0.0,2593,3,0.15802110188218363,COD,East,9,0,0
4277,2023-02-17 00:00:00+00:00,Beauty,0,286.89,0.1456655593037087,2801,0,0.0,COD,South,6,5,0
4767,2023-02-17 00:00:00+00:00,Home,0,517.15,0.1475241006343988,2108,3,0.1896886236666302,Prepaid,South,1,3,0
3055,2023-02-17 00:00:00+00:00,Apparel,1,1764.05,0.0,4278,0,0.0,Prepaid,North,14,4,1
1953,2023-02-17 00:00:00+00:00,Apparel,1,605.97,0.0,4312,2,0.008840961405701384,Prepaid,East,9,0,0
4200,2023-02-17 00:00:00+00:00,Apparel,1,1876.93,0.2622492301065531,1525,1,0.04858021450445482,Prepaid,East,9,5,0
453,2023-02-17 00:00:00+00:00,Footwear,1,861.68,0.0,2606,1,0.09268925992046079,Prepaid,West,9,1,1
964,2023-02-17 00:00:00+00:00,Electronics,0,164.22,0.0,1358,3,0.010555249084394045,Prepaid,North,5,2,0
1065,2023-02-18 00:00:00+00:00,Home,0,1268.64,0.19224676094694076,4035,2,0.20060543560516828,Prepaid,North,1,0,1
3128,2023-02-18 00:00:00+00:00,Footwear,1,401.29,0.0,3237,2,0.304788550418316,Prepaid,North,9,0,1
1635,2023-02-18 00:00:00+00:00,Beauty,0,8819.54,0.0,3884,2,0.08757379207692025,Prepaid,West,10,1,0
580,2023-02-18 00:00:00+00:00,Electronics,0,2178.97,0.0,3680,2,0.0024696497732900158,Prepaid,North,4,0,0
2141,2023-02-18 00:00:00+00:00,Apparel,1,218.61,0.475584294549123,1495,2,0.4078236218010115,Prepaid,West,2,1,0
1438,2023-02-18 00:00:00+00:00,Apparel,1,3660.3,0.0,4192,3,0.03184105226049377,Prepaid,North,13,1,0
2334,2023-02-18 00:00:00+00:00,Apparel,1,4801.37,0.0,3583,0,0.0,Prepaid,West,10,0,0
1213,2023-02-18 00:00:00+00:00,Apparel,1,2324.81,0.366133428388563,3467,1,0.3367023684534128,COD,East,1,0,1
1707,2023-02-18 00:00:00+00:00,Home,0,2002.3,0.0,4408,2,0.19399337365590905,Prepaid,West,12,0,0
2499,2023-02-18 00:00:00+00:00,Apparel,1,944.26,0.0,2117,1,0.4173636786608622,COD,West,2,3,0
4696,2023-02-18 00:00:00+00:00,Apparel,1,235.69,0.17445337184010984,1225,2,0.3127977335580825,Prepaid,West,9,12,0
11,2023-02-18 00:00:00+00:00,Beauty,0,1290.67,0.0,4378,1,0.19279387971540543,Prepaid,East,3,5,0
953,2023-02-18 00:00:00+00:00,Electronics,0,438.22,0.0,3656,2,0.21871972653179583,COD,North,8,4,0
3257,2023-02-18 00:00:00+00:00,Apparel,1,1306.04,0.0707439706976698,3234,1,0.09112832011355183,Prepaid,West,8,1,1
1711,2023-02-18 00:00:00+00:00,Apparel,1,949.91,0.0,1831,2,0.1530809848980596,Prepaid,South,6,6,0
4899,2023-02-18 00:00:00+00:00,Electronics,0,489.94,0.028494288753004915,2191,0,0.0,Prepaid,South,6,2,0
2947,2023-02-18 00:00:00+00:00,Apparel,1,917.0,0.0,2326,2,0.1498987372167812,Prepaid,East,3,2,0
3186,2023-02-18 00:00:00+00:00,Beauty,0,2026.85,0.0,2506,5,0.03405693100667781,COD,East,13,0,0
2358,2023-02-18 00:00:00+00:00,Apparel,1,315.52,0.17690929851999093,1905,3,0.4521195510749797,COD,West,13,3,1
2780,2023-02-18 00:00:00+00:00,Electronics,0,737.17,0.0,3937,1,0.008386915133434474,COD,East,1,2,0
3136,2023-02-18 00:00:00+00:00,Home,0,578.71,0.0,1225,7,0.07797567710229955,COD,North,10,4,0
2318,2023-02-18 00:00:00+00:00,Electronics,0,335.37,0.231135758050011,1175,0,0.0,COD,South,13,5,0
2467,2023-02-18 00:00:00+00:00,Apparel,1,10124.68,0.0,1155,0,0.0,Prepaid,East,10,2,0
855,2023-02-18 00:00:00+00:00,Apparel,1,729.78,0.0,1735,0,0.0,Prepaid,West,11,1,0
2552,2023-02-18 00:00:00+00:00,Electronics,0,1755.12,0.4583797187488938,3604,2,0.09457277305387905,COD,West,7,0,0
631,2023-02-18 00:00:00+00:00,Apparel,1,1008.37,0.0,1421,1,0.06482289341321636,Prepaid,East,13,1,1
4473,2023-02-18 00:00:00+00:00,Footwear,1,728.87,0.4284685518688963,4470,1,0.19399114516586285,Prepaid,West,11,0,0
1040,2023-02-18 00:00:00+00:00,Footwear,1,743.01,0.0,1281,0,0.0,COD,West,1,1,0
6,2023-02-18 00:00:00+00:00,Beauty,0,236.49,0.0,1348,3,0.1272435970327864,Prepaid,North,7,1,0
622,2023-02-19 00:00:00+00:00,Apparel,1,974.78,0.0,3057,2,0.023998652309009057,Prepaid,South,7,0,0
3324,2023-02-19 00:00:00+00:00,Footwear,1,2920.71,0.1323434746191782,2080,2,0.1746132740694057,Prepaid,North,12,2,0
1115,2023-02-19 00:00:00+00:00,Apparel,1,2190.47,0.18356812472667636,2804,6,0.14626656945173735,Prepaid,West,13,0,0
2526,2023-02-19 00:00:00+00:00,Apparel,1,3092.83,0.19507824708284263,2835,4,0.1277524432980508,Prepaid,South,6,5,0
2240,2023-02-19 00:00:00+00:00,Footwear,1,4192.82,0.3540626661368176,2745,2,0.17238611201545256,Prepaid,West,12,1,0
118,2023-02-19 00:00:00+00:00,Apparel,1,4195.44,0.18549642153531004,3826,2,0.158986011899813,Prepaid,North,1,2,0
1833,2023-02-19 00:00:00+00:00,Footwear,1,4370.8,0.1550640991581181,3767,2,0.26058867031070604,Prepaid,East,14,0,0
1670,2023-02-19 00:00:00+00:00,Beauty,0,473.35,0.0,2257,0,0.0,Prepaid,South,3,2,0
1497,2023-02-19 00:00:00+00:00,Apparel,1,1159.28,0.0,2345,3,0.3700880678383657,Prepaid,West,1,0,0
3310,2023-02-19 00:00:00+00:00,Apparel,1,482.11,0.14345126699551386,2523,3,0.07533818040733764,COD,East,11,0,1
3543,2023-02-19 00:00:00+00:00,Footwear,1,4506.96,0.0,1144,2,0.1994363569835132,Prepaid,West,7,0,0
742,2023-02-19 00:00:00+00:00,Electronics,0,284.91,0.0,1803,2,0.013644837359581167,Prepaid,West,4,0,0
220,2023-02-19 00:00:00+00:00,Home,0,937.84,0.04187200302622432,3367,1,0.25594070400312185,Prepaid,East,11,4,0
221,2023-02-19 00:00:00+00:00,Electronics,0,388.76,0.0,1167,3,0.12934681237465115,Prepaid,North,13,1,0
2961,2023-02-19 00:00:00+00:00,Home,0,2076.85,0.23627737603436239,3809,5,0.12705654245793999,Prepaid,South,9,0,0
1890,2023-02-19 00:00:00+00:00,Home,0,1254.77,0.0,2602,1,0.04848829433088998,Prepaid,South,10,0,0
701,2023-02-19 00:00:00+00:00,Home,0,988.55,0.13386707350545896,2491,5,0.47780272836534393,Prepaid,South,2,0,0
1074,2023-02-19 00:00:00+00:00,Electronics,0,1891.9,0.0,2562,1,0.003980074522950687,COD,East,4,2,0
4632,2023-02-19 00:00:00+00:00,Apparel,1,1209.23,0.0,2165,1,0.37708573512686594,Prepaid,South,8,0,0
526,2023-02-19 00:00:00+00:00,Beauty,0,1207.08,0.008628016694949364,2209,1,0.19837888501491885,COD,South,11,0,0
3621,2023-02-19 00:00:00+00:00,Apparel,1,1911.63,0.0,2152,3,0.09331916857666028,COD,West,8,0,0
1363,2023-02-19 00:00:00+00:00,Electronics,0,5262.7,0.0,3859,3,0.04940660504776511,COD,West,10,1,0
2850,2023-02-19 00:00:00+00:00,Apparel,1,916.68,0.18828707039480053,4071,0,0.0,COD,North,10,0,0
164,2023-02-19 00:00:00+00:00,Footwear,1,426.3,0.0,3925,1,0.1961757511352592,Prepaid,West,9,6,0
3560,2023-02-19 00:00:00+00:00,Apparel,1,162.28,0.18384155895352,2689,1,0.24656804451462352,Prepaid,East,2,2,0
2583,2023-02-19 00:00:00+00:00,Beauty,0,1950.41,0.08847771795764231,2154,2,0.06495290529650592,Prepaid,West,6,0,1
1305,2023-02-19 00:00:00+00:00,Apparel,1,5804.22,0.0,1928,2,0.26282968085031405,Prepaid,South,7,0,0
3319,2023-02-19 00:00:00+00:00,Apparel,1,155.51,0.0,2890,2,0.2531835784205261,COD,West,5,15,0
3811,2023-02-20 00:00:00+00:00,Footwear,1,3031.31,0.0,1578,5,0.023309520548576636,Prepaid,East,3,2,0
3286,2023-02-20 00:00:00+00:00,Apparel,1,1500.26,0.05588038850088164,4389,2,0.38019648843436504,COD,North,14,4,0
3460,2023-02-20 00:00:00+00:00,Beauty,0,1574.24,0.0,3692,1,0.17481961505527147,Prepaid,East,1,1,0
4055,2023-02-20 00:00:00+00:00,Footwear,1,487.38,0.0,3756,1,0.053405125796304916,Prepaid,East,5,7,0
796,2023-02-20 00:00:00+00:00,Beauty,0,715.0,0.016239399787871103,4321,2,0.09250597502463093,COD,East,2,0,0
1585,2023-02-20 00:00:00+00:00,Apparel,1,1066.03,0.0,1737,4,0.049936883269951056,Prepaid,East,12,3,1
4456,2023-02-20 00:00:00+00:00,Apparel,1,5426.57,0.018255625447981733,2404,3,0.1396850607530284,Prepaid,East,10,3,0
693,2023-02-20 00:00:00+00:00,Home,0,885.53,0.0976222208975921,2276,1,0.1503327082000565,Prepaid,East,8,1,0
3105,2023-02-20 00:00:00+00:00,Footwear,1,1593.18,0.005096416263087433,3841,0,0.0,Prepaid,South,10,5,0
747,2023-02-20 00:00:00+00:00,Electronics,0,417.68,0.0,3778,3,0.431016747533449,Prepaid,North,5,10,0
3487,2023-02-20 00:00:00+00:00,Apparel,1,371.73,0.11945784068135785,1689,0,0.0,Prepaid,South,5,3,0
1447,2023-02-20 00:00:00+00:00,Electronics,0,807.0,0.1870911818562961,4468,3,0.5513547430094231,Prepaid,South,3,6,1
2078,2023-02-20 00:00:00+00:00,Apparel,1,3683.58,0.053919425063935135,3545,1,0.3890185864592873,Prepaid,West,2,0,0
3866,2023-02-20 00:00:00+00:00,Electronics,0,340.53,0.0,2842,1,0.022264068296284235,Prepaid,North,5,2,0
2926,2023-02-20 00:00:00+00:00,Apparel,1,6285.07,0.1789556126242342,1331,2,0.006162071664719883,Prepaid,West,12,0,0
950,2023-02-20 00:00:00+00:00,Apparel,1,7128.99,0.17895377980221988,3163,4,0.3861616385711188,Prepaid,North,13,0,1
2662,2023-02-20 00:00:00+00:00,Apparel,1,2094.22,0.1750002602373786,2617,3,0.18721161554711427,COD,South,11,1,0
557,2023-02-20 00:00:00+00:00,Electronics,0,560.47,0.0,2565,1,0.04678749535131319,Prepaid,West,1,0,0
1060,2023-02-20 00:00:00+00:00,Beauty,0,2793.78,0.0,3313,0,0.0,COD,West,10,0,0
1468,2023-02-20 00:00:00+00:00,Home,0,655.77,0.0,3858,3,0.2874704626576167,Prepaid,South,5,1,0
3265,2023-02-20 00:00:00+00:00,Home,0,1059.99,0.0,3163,2,0.07265850810511006,Prepaid,North,2,3,0
4174,2023-02-20 00:00:00+00:00,Beauty,0,943.08,0.3369169934358378,3387,2,0.04303522109383503,Prepaid,West,10,1,0
4923,2023-02-20 00:00:00+00:00,Electronics,0,2934.25,0.11352180936195178,1609,0,0.0,Prepaid,South,8,0,0
4304,2023-02-20 00:00:00+00:00,Beauty,0,557.82,0.0,2435,2,0.2566481924092734,Prepaid,East,3,0,0
2838,2023-02-20 00:00:00+00:00,Apparel,1,936.33,0.03039860310550381,1566,3,0.24413299647058687,Prepaid,North,11,5,0
1777,2023-02-20 00:00:00+00:00,Footwear,1,346.73,0.0,4182,3,0.04490645316868634,COD,North,9,0,1
1082,2023-02-20 00:00:00+00:00,Home,0,558.99,0.0,4474,2,0.0003028325699267784,Prepaid,North,10,3,0
1477,2023-02-20 00:00:00+00:00,Electronics,0,1761.63,0.2571229016174028,3815,3,0.06895782022694351,Prepaid,North,11,3,0
172,2023-02-20 00:00:00+00:00,Apparel,1,4678.37,0.0,1768,2,0.4362183044000114,COD,South,13,4,0
2297,2023-02-20 00:00:00+00:00,Apparel,1,9253.08,0.0,2945,1,0.1065121804088428,COD,West,8,2,1
2412,2023-02-20 00:00:00+00:00,Electronics,0,260.36,0.0,2209,2,0.10477829096333553,COD,North,6,0,0
1433,2023-02-21 00:00:00+00:00,Electronics,0,539.06,0.16114187307636524,4483,2,0.07757371755566045,Prepaid,North,4,12,0
1747,2023-02-21 00:00:00+00:00,Apparel,1,1129.83,0.0,3310,1,0.4613049353576977,Prepaid,South,13,0,0
1484,2023-02-21 00:00:00+00:00,Beauty,0,1001.32,0.13759735512617824,1015,6,0.3553159263623751,Prepaid,East,9,0,1
3156,2023-02-21 00:00:00+00:00,Electronics,0,768.71,0.0,3420,0,0.0,COD,West,14,2,1
1199,2023-02-21 00:00:00+00:00,Apparel,1,505.26,0.21767345993539647,1937,4,0.5859742178865746,Prepaid,West,13,5,0
993,2023-02-21 00:00:00+00:00,Apparel,1,1420.55,0.0,2174,1,0.5027960790020938,COD,East,3,0,1
487,2023-02-21 00:00:00+00:00,Beauty,0,871.99,0.0,4440,1,0.18621183156717847,COD,South,10,4,0
2554,2023-02-21 00:00:00+00:00,Home,0,2484.73,0.08763931462675427,2238,0,0.0,COD,South,7,2,0
3458,2023-02-21 00:00:00+00:00,Apparel,1,1485.55,0.0,1486,2,0.144129860691986,Prepaid,North,8,0,0
4812,2023-02-21 00:00:00+00:00,Apparel,1,470.94,0.0,1637,5,0.06093966670680003,Prepaid,South,10,1,0
429,2023-02-21 00:00:00+00:00,Footwear,1,1573.39,0.16248513404564102,1820,2,0.24119955158034873,COD,South,8,4,0
3632,2023-02-21 00:00:00+00:00,Apparel,1,430.59,0.0,1873,1,0.08521353534231023,Prepaid,North,2,1,0
1678,2023-02-21 00:00:00+00:00,Apparel,1,1406.97,0.0,1955,3,0.06384150347903751,Prepaid,East,7,1,0
4327,2023-02-21 00:00:00+00:00,Electronics,0,363.98,0.0,1899,3,0.4664096995839694,COD,West,13,0,0
2128,2023-02-21 00:00:00+00:00,Apparel,1,2269.77,0.0,2379,4,0.2713046320677481,COD,North,3,1,1
3018,2023-02-21 00:00:00+00:00,Home,0,1475.32,0.0,2064,2,0.09475443754246579,Prepaid,South,11,1,0
3689,2023-02-21 00:00:00+00:00,Home,0,1837.89,0.0,1084,1,0.1948429870029573,Prepaid,East,6,5,0
1242,2023-02-21 00:00:00+00:00,Apparel,1,2717.26,0.15029574856397637,2712,1,0.1443372335289269,Prepaid,East,2,0,0
4543,2023-02-21 00:00:00+00:00,Home,0,532.97,0.0,3269,1,0.3347178151431397,Prepaid,West,2,0,0
1142,2023-02-21 00:00:00+00:00,Home,0,1231.34,0.07462430749804491,4440,1,0.39177379537661816,COD,East,9,3,1
129,2023-02-21 00:00:00+00:00,Apparel,1,175.02,0.41373690816499487,2752,4,0.12146921410205398,Prepaid,West,13,3,0
3468,2023-02-21 00:00:00+00:00,Apparel,1,1785.45,0.0,1838,2,0.24613404750875403,Prepaid,North,10,2,0
3635,2023-02-21 00:00:00+00:00,Apparel,1,1008.13,0.0,1784,0,0.0,Prepaid,West,9,4,0
821,2023-02-21 00:00:00+00:00,Electronics,0,371.13,0.0828095592401119,1682,1,0.5145681554692805,Prepaid,East,11,0,0
1172,2023-02-21 00:00:00+00:00,Home,0,576.33,0.0,3477,4,0.5350680403767889,Prepaid,West,10,1,1
2721,2023-02-21 00:00:00+00:00,Beauty,0,1002.21,0.0,4056,3,0.12023165789567078,COD,East,14,9,0
4734,2023-02-21 00:00:00+00:00,Footwear,1,227.75,0.0,3546,0,0.0,Prepaid,North,2,2,0
1380,2023-02-21 00:00:00+00:00,Beauty,0,719.07,0.0,2762,5,0.11687385110159844,Prepaid,South,5,6,0
3278,2023-02-22 00:00:00+00:00,Home,0,1398.34,0.0,1797,0,0.0,Prepaid,West,9,14,1
3764,2023-02-22 00:00:00+00:00,Apparel,1,568.02,0.0,4299,2,0.2731848911418632,COD,East,4,0,0
126,2023-02-22 00:00:00+00:00,Beauty,0,1412.07,0.0,3100,0,0.0,Prepaid,North,8,4,0
3258,2023-02-22 00:00:00+00:00,Footwear,1,2465.56,0.0,3512,3,0.07263980813599888,COD,West,14,1,0
247,2023-02-22 00:00:00+00:00,Footwear,1,1566.02,0.0,3312,2,0.197887455630034,Prepaid,East,4,5,0
3529,2023-02-22 00:00:00+00:00,Apparel,1,3463.66,0.09299180648784185,2097,2,0.3271846315772108,COD,North,5,0,0
4674,2023-02-22 00:00:00+00:00,Apparel,1,741.38,0.021948240341231842,3500,2,0.08170113466406169,Prepaid,East,9,21,0
2824,2023-02-22 00:00:00+00:00,Apparel,1,317.88,0.0,4310,0,0.0,Prepaid,East,4,0,0
3396,2023-02-22 00:00:00+00:00,Apparel,1,18678.61,0.37207339776272286,3945,2,0.19498076363174363,COD,North,3,0,1
2225,2023-02-22 00:00:00+00:00,Apparel,1,6928.8,0.03544131640042367,4070,1,0.007254126496468803,Prepaid,West,8,2,0
2645,2023-02-22 00:00:00+00:00,Apparel,1,4074.88,0.0,3852,2,0.23486119137105316,Prepaid,South,11,6,0
189,2023-02-22 00:00:00+00:00,Apparel,1,964.31,0.0,2628,6,0.02033918603705343,COD,West,13,0,0
2218,2023-02-22 00:00:00+00:00,Electronics,0,439.41,0.0,2582,1,0.11950381827343365,Prepaid,South,10,6,0
1714,2023-02-22 00:00:00+00:00,Home,0,1509.01,0.0,1813,2,0.423043494678733,Prepaid,East,2,1,0
2340,2023-02-22 00:00:00+00:00,Apparel,1,2764.61,0.08301685741072085,4356,3,0.31295253058580347,Prepaid,West,5,3,0
97,2023-02-22 00:00:00+00:00,Beauty,0,723.06,0.3800020397643802,2660,1,0.3000209985018942,Prepaid,North,8,3,0
3675,2023-02-22 00:00:00+00:00,Apparel,1,350.88,0.0,1377,2,0.01598847390702786,Prepaid,East,13,6,0
2127,2023-02-22 00:00:00+00:00,Apparel,1,452.68,0.0,3693,4,0.25286855058340835,COD,South,12,0,0
3735,2023-02-22 00:00:00+00:00,Apparel,1,731.39,0.0,2466,2,0.15003991958866514,Prepaid,North,8,0,0
4985,2023-02-22 00:00:00+00:00,Beauty,0,2838.56,0.19416094054187114,2278,2,0.07654129411298707,Prepaid,West,5,3,0
3643,2023-02-22 00:00:00+00:00,Electronics,0,3786.1,0.07383023701852483,2184,2,0.3465410879844341,COD,South,11,1,0
1185,2023-02-22 00:00:00+00:00,Home,0,2286.93,0.2820710279265723,3489,0,0.0,Prepaid,West,6,0,0
2528,2023-02-22 00:00:00+00:00,Beauty,0,472.85,0.0130035714672464,1881,0,0.0,Prepaid,North,2,0,0
1273,2023-02-22 00:00:00+00:00,Home,0,2446.83,0.0,1580,1,0.20781874046299517,Prepaid,North,5,1,0
4247,2023-02-22 00:00:00+00:00,Apparel,1,4531.42,0.19839094159409526,3505,1,0.19335061832043357,Prepaid,South,2,4,0
978,2023-02-22 00:00:00+00:00,Home,0,283.99,0.0,1769,1,0.3522493589958323,Prepaid,South,1,11,0
4008,2023-02-22 00:00:00+00:00,Apparel,1,3560.74,0.010838780678081694,2452,2,0.11234698599329458,Prepaid,West,6,5,0
1372,2023-02-22 00:00:00+00:00,Home,0,1469.47,0.2684296313281407,1695,2,0.03774479294128208,COD,North,14,1,0
4273,2023-02-22 00:00:00+00:00,Electronics,0,1370.09,0.0005545715472777546,1071,0,0.0,COD,East,14,3,0
3953,2023-02-22 00:00:00+00:00,Footwear,1,279.42,0.07241654897676766,3708,4,0.41196403554227307,Prepaid,West,2,2,0
1198,2023-02-22 00:00:00+00:00,Home,0,12945.26,0.0,1186,2,0.2815022206494469,Prepaid,West,3,2,0
3082,2023-02-22 00:00:00+00:00,Electronics,0,1949.16,0.0,1282,4,0.022924044272295652,Prepaid,North,7,3,0
908,2023-02-23 00:00:00+00:00,Apparel,1,676.24,0.0,2680,3,0.5550437062337216,COD,South,6,1,0
3705,2023-02-23 00:00:00+00:00,Apparel,1,1640.35,0.12669385136379116,4407,4,0.005366875121337478,COD,East,13,2,0
4222,2023-02-23 00:00:00+00:00,Home,0,1134.94,0.0,4485,1,0.06141230261916692,Prepaid,East,5,3,0
3678,2023-02-23 00:00:00+00:00,Home,0,7038.11,0.0,3819,1,0.028979331536694356,Prepaid,North,5,2,0
1928,2023-02-23 00:00:00+00:00,Apparel,1,7949.13,0.0,2024,1,0.34256449818526785,Prepaid,North,12,0,0
3139,2023-02-23 00:00:00+00:00,Apparel,1,1243.1,0.4422029160763943,1866,3,0.2674026276610391,Prepaid,West,13,0,1
710,2023-02-23 00:00:00+00:00,Footwear,1,2301.17,0.15126815792532758,2515,4,0.04157649434274198,COD,South,1,0,0
1867,2023-02-23 00:00:00+00:00,Apparel,1,764.59,0.455893131452358,4420,1,0.6266305468268264,Prepaid,North,13,1,0
2427,2023-02-23 00:00:00+00:00,Electronics,0,894.33,0.3809213739276972,2812,2,0.015680015190920597,COD,South,14,13,0
2288,2023-02-23 00:00:00+00:00,Electronics,0,1141.31,0.26998155124276174,3610,2,0.10177040809982577,Prepaid,South,14,1,0
887,2023-02-23 00:00:00+00:00,Footwear,1,883.41,0.06162479665139397,3435,2,0.19319845512431966,Prepaid,South,5,17,0
1437,2023-02-23 00:00:00+00:00,Home,0,691.61,0.0,1067,2,0.07336130085004978,Prepaid,West,10,0,0
1328,2023-02-23 00:00:00+00:00,Electronics,0,3100.75,0.40274237813506764,1322,2,0.00015956714489523212,Prepaid,East,4,7,0
2529,2023-02-23 00:00:00+00:00,Apparel,1,2095.24,0.2612133622762171,3582,5,0.16477269016776638,Prepaid,South,4,0,0
4664,2023-02-23 00:00:00+00:00,Beauty,0,1864.31,0.0,1451,2,0.13953429192006991,COD,East,8,2,0
485,2023-02-23 00:00:00+00:00,Apparel,1,1090.79,0.0,1440,4,0.5559669349787949,Prepaid,North,9,1,0
545,2023-02-23 00:00:00+00:00,Home,0,1555.71,0.0,3324,1,0.18992015360711662,Prepaid,North,12,0,0
1558,2023-02-23 00:00:00+00:00,Footwear,1,604.06,0.0,2673,2,0.2869757558696513,Prepaid,North,14,1,0
2436,2023-02-23 00:00:00+00:00,Beauty,0,319.57,0.2239939263109409,1228,2,0.014501038783991628,COD,South,9,0,0
4416,2023-02-23 00:00:00+00:00,Electronics,0,4538.21,0.0,4167,3,0.1027603648557534,Prepaid,West,13,3,0
2481,2023-02-23 00:00:00+00:00,Home,0,993.92,0.0,3456,2,0.32951412286293175,COD,South,7,2,1
1261,2023-02-23 00:00:00+00:00,Home,0,1656.18,0.15098064000059055,2333,3,0.2959177914046147,Prepaid,South,1,7,0
2067,2023-02-23 00:00:00+00:00,Home,0,268.05,0.3689218277914983,3299,5,0.08615886322600146,COD,South,1,0,0
4006,2023-02-23 00:00:00+00:00,Apparel,1,1066.89,0.0,3436,1,0.1370940118864405,COD,West,1,4,0
4004,2023-02-23 00:00:00+00:00,Apparel,1,445.3,0.0,1647,3,0.12864962390357296,Prepaid,West,11,3,0
3336,2023-02-23 00:00:00+00:00,Apparel,1,437.29,0.2757474602683655,4228,1,0.09442934160672985,Prepaid,West,4,3,0
764,2023-02-23 00:00:00+00:00,Apparel,1,3572.12,0.0,2586,3,0.3419379520433138,COD,North,5,0,0
4909,2023-02-23 00:00:00+00:00,Apparel,1,658.2,0.4671737696331565,4253,1,0.24376228960804458,Prepaid,North,1,1,0
3275,2023-02-23 00:00:00+00:00,Footwear,1,2964.82,0.0,3744,1,0.1623154976457985,Prepaid,North,12,4,1
1554,2023-02-23 00:00:00+00:00,Apparel,1,214.71,0.0,3352,3,0.47846853188764893,COD,South,4,7,1
2180,2023-02-23 00:00:00+00:00,Apparel,1,1752.28,0.13162353510515912,2605,1,0.5687766544876072,Prepaid,East,10,1,0
2172,2023-02-23 00:00:00+00:00,Home,0,4928.85,0.1764900825468309,1451,2,0.3728388687140864,Prepaid,West,4,0,0
2644,2023-02-24 00:00:00+00:00,Beauty,0,877.98,0.0,3965,3,0.4614849690986844,COD,West,14,10,1
37,2023-02-24 00:00:00+00:00,Apparel,1,626.57,0.0,3808,2,0.06380199172638945,Prepaid,West,2,1,0
1693,2023-02-24 00:00:00+00:00,Apparel,1,557.99,0.0,1183,3,0.06881537182078928,COD,West,9,0,1
863,2023-02-24 00:00:00+00:00,Footwear,1,1138.86,0.0,2962,1,0.09788639960371583,Prepaid,North,3,1,0
2146,2023-02-24 00:00:00+00:00,Apparel,1,98.44,0.0,1174,3,0.5668688128148114,Prepaid,South,12,6,1
3564,2023-02-24 00:00:00+00:00,Electronics,0,401.08,0.0,2756,2,0.03657830904805846,Prepaid,South,4,3,0
2478,2023-02-24 00:00:00+00:00,Footwear,1,972.53,0.0,4320,2,0.015096190544945886,Prepaid,East,11,2,0
1180,2023-02-24 00:00:00+00:00,Footwear,1,316.4,0.29836232091014564,1965,1,0.264600000963205,COD,South,2,0,0
2784,2023-02-24 00:00:00+00:00,Electronics,0,873.3,0.0,4335,0,0.0,Prepaid,West,10,8,0
1970,2023-02-24 00:00:00+00:00,Home,0,1231.46,0.12636146789636007,1510,2,0.2196965449111541,COD,East,5,0,1
4788,2023-02-24 00:00:00+00:00,Footwear,1,631.12,0.0,2705,4,0.24252626353381268,Prepaid,West,2,0,1
1860,2023-02-24 00:00:00+00:00,Home,0,3348.77,0.0,3171,1,0.6016687057237894,COD,West,1,4,1
4692,2023-02-24 00:00:00+00:00,Apparel,1,16017.49,0.30527488721480966,1920,3,0.5586113217938181,Prepaid,South,9,1,1
4869,2023-02-24 00:00:00+00:00,Beauty,0,470.52,0.126583530417497,3944,0,0.0,Prepaid,West,7,0,0
3486,2023-02-24 00:00:00+00:00,Home,0,859.19,0.2136971433963402,2381,0,0.0,Prepaid,West,4,1,0
3467,2023-02-24 00:00:00+00:00,Electronics,0,870.04,0.3456273434210101,3256,3,0.08186605364046738,Prepaid,West,11,1,1
3380,2023-02-24 00:00:00+00:00,Apparel,1,311.41,0.36372184044725786,1342,3,0.028516806063690715,Prepaid,West,14,7,0
1931,2023-02-24 00:00:00+00:00,Beauty,0,621.25,0.06585508075976895,1745,2,0.11202331410558725,COD,South,7,1,0
4823,2023-02-24 00:00:00+00:00,Apparel,1,3045.62,0.1616149711202465,4297,2,0.05290076861634054,COD,South,2,1,0
1051,2023-02-24 00:00:00+00:00,Home,0,3032.53,0.17551430926781242,4082,1,0.05242579239444358,Prepaid,South,3,0,0
279,2023-02-24 00:00:00+00:00,Electronics,0,501.43,0.0,1742,1,0.10166782879274182,COD,East,11,0,0
3445,2023-02-24 00:00:00+00:00,Apparel,1,977.57,0.0,4110,2,0.2757515156787344,Prepaid,South,1,2,0
4202,2023-02-24 00:00:00+00:00,Electronics,0,2222.28,0.2972019423402202,4014,3,0.637841148766039,Prepaid,South,7,10,1
3531,2023-02-24 00:00:00+00:00,Footwear,1,1074.28,0.014993412420723967,1243,2,0.24659701594948646,COD,North,7,1,0
1647,2023-02-24 00:00:00+00:00,Home,0,2387.28,0.0,2925,1,0.3614880064150982,Prepaid,East,11,9,0
1686,2023-02-24 00:00:00+00:00,Apparel,1,384.64,0.0,3185,3,0.04411543646282791,Prepaid,North,3,1,0
4442,2023-02-24 00:00:00+00:00,Electronics,0,3506.33,0.0,3379,4,0.2103251549704309,Prepaid,South,11,2,0
3118,2023-02-24 00:00:00+00:00,Footwear,1,8473.38,0.05181644689396539,4182,2,0.09541836152241913,Prepaid,West,5,10,0
3747,2023-02-24 00:00:00+00:00,Electronics,0,11294.1,0.0,2107,3,0.06379583216493234,COD,East,5,1,0
1599,2023-02-24 00:00:00+00:00,Home,0,1772.93,0.021989609905264593,3878,0,0.0,Prepaid,East,14,0,1
1906,2023-02-25 00:00:00+00:00,Apparel,1,255.88,0.0,4098,1,0.20482963544085206,Prepaid,East,8,1,1
3834,2023-02-25 00:00:00+00:00,Electronics,0,476.81,0.0,4301,1,0.4591569699587771,Prepaid,West,4,1,0
427,2023-02-25 00:00:00+00:00,Apparel,1,1678.02,0.0,1700,1,0.04411869979092113,Prepaid,South,13,1,0
3225,2023-02-25 00:00:00+00:00,Apparel,1,1433.6,0.2212924043385788,1851,1,0.05606382717966051,Prepaid,North,4,1,0
2224,2023-02-25 00:00:00+00:00,Footwear,1,3450.29,0.04292060794618782,2282,3,0.20894862056265343,Prepaid,East,1,2,0
354,2023-02-25 00:00:00+00:00,Electronics,0,8145.37,0.0,1900,2,0.022690312524683502,Prepaid,North,11,5,0
4329,2023-02-25 00:00:00+00:00,Electronics,0,824.47,0.0,2673,1,0.1555869290593136,COD,North,3,10,0
3679,2023-02-25 00:00:00+00:00,Apparel,1,1444.64,0.09614893497071324,3979,2,0.4828639943785557,Prepaid,East,12,1,0
859,2023-02-25 00:00:00+00:00,Apparel,1,3478.07,0.554631230338295,4477,4,0.48949052340498383,COD,East,8,4,0
203,2023-02-25 00:00:00+00:00,Apparel,1,1446.3,0.14525819509029778,2812,3,0.08754516761217113,COD,East,11,0,0
3917,2023-02-25 00:00:00+00:00,Apparel,1,1258.96,0.4695157691410158,1783,1,0.09902454194149432,Prepaid,South,1,0,0
2348,2023-02-25 00:00:00+00:00,Home,0,694.68,0.21029005868206121,2992,2,0.33064391585911984,COD,North,14,3,1
849,2023-02-25 00:00:00+00:00,Home,0,505.59,0.1896203605543905,1623,4,0.26182787941374647,COD,South,2,2,0
2060,2023-02-25 00:00:00+00:00,Apparel,1,402.17,0.2871014024008629,4025,3,0.1919217912994827,Prepaid,South,12,4,0
1475,2023-02-25 00:00:00+00:00,Home,0,1458.23,0.3677609155711804,2354,3,0.30562590216941116,Prepaid,West,8,3,0
4615,2023-02-25 00:00:00+00:00,Beauty,0,306.67,0.0,3524,1,0.44847657680204706,Prepaid,North,7,3,0
661,2023-02-25 00:00:00+00:00,Beauty,0,4611.28,0.25747063786644964,1125,2,0.3072829306553297,COD,East,12,18,0
297,2023-02-25 00:00:00+00:00,Apparel,1,253.68,0.0,1826,6,0.16092747479325278,Prepaid,South,4,2,0
3006,2023-02-25 00:00:00+00:00,Electronics,0,1713.63,0.0,1404,3,0.13526885490592755,Prepaid,East,9,1,0
4529,2023-02-25 00:00:00+00:00,Apparel,1,2779.94,0.0,4166,1,0.08933752730205845,Prepaid,North,7,5,0
2967,2023-02-25 00:00:00+00:00,Footwear,1,1294.35,0.0,2555,3,0.2226675643311992,Prepaid,West,1,0,0
3451,2023-02-25 00:00:00+00:00,Home,0,1170.81,0.0,1519,4,0.15437487089004268,Prepaid,East,10,7,0
3729,2023-02-25 00:00:00+00:00,Apparel,1,3567.45,0.0,3356,3,0.148558139175252,Prepaid,North,10,0,1
2479,2023-02-25 00:00:00+00:00,Electronics,0,416.13,0.0,2185,1,0.39739259562851764,Prepaid,North,5,1,0
3475,2023-02-25 00:00:00+00:00,Home,0,1139.37,0.0,2188,1,0.0707408011889428,Prepaid,West,12,2,0
664,2023-02-25 00:00:00+00:00,Electronics,0,8203.25,0.10018529539144218,2354,1,0.08718344934279197,COD,North,8,1,0
2108,2023-02-25 00:00:00+00:00,Beauty,0,550.36,0.0,1911,2,0.2313122691547043,COD,East,3,4,0
1111,2023-02-25 00:00:00+00:00,Electronics,0,1580.23,0.0,4445,1,0.19253608305858702,Prepaid,West,3,1,1
4045,2023-02-25 00:00:00+00:00,Electronics,0,1884.12,0.14395179359349877,3727,1,0.49927979596040817,Prepaid,South,9,0,0
2931,2023-02-26 00:00:00+00:00,Apparel,1,8168.19,0.0,3547,2,0.15423102758663637,Prepaid,West,5,8,0
1122,2023-02-26 00:00:00+00:00,Electronics,0,1560.49,0.1933208515493079,3490,2,0.19289079122904076,COD,East,8,0,0
3519,2023-02-26 00:00:00+00:00,Footwear,1,1177.61,0.09324148168526072,3767,2,0.3228031628792427,COD,South,8,6,0
4656,2023-02-26 00:00:00+00:00,Apparel,1,1338.21,0.024151059582321513,2643,0,0.0,Prepaid,South,10,2,0
4892,2023-02-26 00:00:00+00:00,Footwear,1,825.64,0.0,3316,0,0.0,Prepaid,West,6,3,0
3167,2023-02-26 00:00:00+00:00,Apparel,1,969.48,0.0,2428,3,0.011531380555177497,Prepaid,East,9,2,0
141,2023-02-26 00:00:00+00:00,Apparel,1,347.9,0.0,3876,1,0.002766552154247129,COD,East,10,4,0
1730,2023-02-26 00:00:00+00:00,Electronics,0,440.83,0.0,2801,1,0.7202124478396192,Prepaid,East,5,1,0
4687,2023-02-26 00:00:00+00:00,Beauty,0,299.49,0.0,1869,2,0.1567718428308682,Prepaid,East,10,0,0
385,2023-02-26 00:00:00+00:00,Apparel,1,397.54,0.3841766859289415,3776,0,0.0,Prepaid,West,9,1,0
69,2023-02-26 00:00:00+00:00,Home,0,682.11,0.0,1730,1,0.12297304265676712,Prepaid,North,11,0,0
2703,2023-02-26 00:00:00+00:00,Apparel,1,1381.45,0.0,3635,0,0.0,COD,North,11,3,1
2513,2023-02-26 00:00:00+00:00,Apparel,1,1696.46,0.0,1918,1,0.027150759871572352,Prepaid,East,1,3,0
2511,2023-02-26 00:00:00+00:00,Apparel,1,1550.76,0.13663276512998757,4471,2,0.3078338718166623,Prepaid,South,11,1,0
666,2023-02-26 00:00:00+00:00,Apparel,1,690.18,0.13636513894028252,2554,2,0.24797214906537585,COD,West,12,0,0
1594,2023-02-26 00:00:00+00:00,Apparel,1,918.83,0.0,1124,1,0.022839236460898183,COD,West,10,0,0
4099,2023-02-26 00:00:00+00:00,Apparel,1,2927.83,0.0,1802,1,0.23595863462725225,Prepaid,East,10,2,0
1457,2023-02-26 00:00:00+00:00,Apparel,1,199.28,0.0,4296,3,0.047007287252262234,COD,North,2,0,0
2428,2023-02-26 00:00:00+00:00,Electronics,0,297.73,0.0,2284,1,0.017530078399557416,Prepaid,West,2,2,0
3425,2023-02-26 00:00:00+00:00,Apparel,1,9866.24,0.0,1047,1,0.419131870335825,COD,North,14,3,1
3260,2023-02-26 00:00:00+00:00,Footwear,1,774.75,0.6630584091230568,3790,1,0.20373589079343862,Prepaid,West,7,3,0
261,2023-02-26 00:00:00+00:00,Home,0,307.06,0.23418353805641162,2136,3,0.22085055184287355,Prepaid,South,7,5,0
2158,2023-02-26 00:00:00+00:00,Apparel,1,787.68,0.040720661004256586,3472,1,0.5499078318797355,COD,North,8,1,0
2016,2023-02-26 00:00:00+00:00,Apparel,1,648.7,0.42971397410384415,3288,6,0.21868653811395627,Prepaid,North,5,2,0
1030,2023-02-27 00:00:00+00:00,Home,0,2664.54,0.0,2062,2,0.2981535033264797,COD,North,14,1,0
3330,2023-02-27 00:00:00+00:00,Apparel,1,2612.22,0.0,2219,4,0.009736140430770823,COD,North,11,4,0
3248,2023-02-27 00:00:00+00:00,Apparel,1,2410.62,0.0,2696,1,0.12605771617589495,COD,West,14,0,0
1942,2023-02-27 00:00:00+00:00,Beauty,0,8765.27,0.07481387136156678,3685,1,0.03309237667501941,Prepaid,North,11,0,0
4035,2023-02-27 00:00:00+00:00,Apparel,1,2715.81,0.14717422367255598,1936,1,0.00032937612744529015,Prepaid,South,6,8,0
889,2023-02-27 00:00:00+00:00,Apparel,1,1050.11,0.12602165226886572,2920,2,0.27299649134298104,Prepaid,South,1,2,0
3253,2023-02-27 00:00:00+00:00,Apparel,1,1816.57,0.0,2716,1,0.4180132923144947,Prepaid,South,8,2,0
4549,2023-02-27 00:00:00+00:00,Home,0,2366.57,0.044431584937435334,2588,1,0.24220390537418462,Prepaid,South,9,0,0
2720,2023-02-27 00:00:00+00:00,Apparel,1,234.04,0.0,2031,2,0.13066764414429857,Prepaid,South,13,0,0
3453,2023-02-27 00:00:00+00:00,Electronics,0,787.18,0.0,1433,3,0.48156002992204655,COD,South,9,4,0
2323,2023-02-27 00:00:00+00:00,Footwear,1,925.44,0.04119428503936552,2185,1,0.3443713196852324,COD,North,11,0,0
2733,2023-02-27 00:00:00+00:00,Apparel,1,612.41,0.028552197914699692,1224,1,0.37003926563803763,Prepaid,West,10,3,1
2314,2023-02-27 00:00:00+00:00,Electronics,0,319.65,0.05014203249408987,1210,0,0.0,Prepaid,East,4,2,1
3423,2023-02-27 00:00:00+00:00,Apparel,1,1471.56,0.0,1855,1,0.3283821036392254,COD,South,4,1,0
4804,2023-02-27 00:00:00+00:00,Apparel,1,225.95,0.17264395009473515,3036,2,0.23355936429421717,Prepaid,West,1,2,0
2708,2023-02-27 00:00:00+00:00,Footwear,1,498.04,0.23434956168785423,3631,3,0.03164583019637032,Prepaid,South,2,7,0
4739,2023-02-27 00:00:00+00:00,Apparel,1,1971.27,0.0,3235,0,0.0,COD,West,14,3,1
2700,2023-02-27 00:00:00+00:00,Apparel,1,626.7,0.0,4115,3,0.013343103931937056,COD,East,13,0,0
165,2023-02-27 00:00:00+00:00,Apparel,1,1946.32,0.0,1428,2,0.029271236711825337,Prepaid,South,11,0,0
2283,2023-02-27 00:00:00+00:00,Apparel,1,285.03,0.2503730302176279,2653,2,0.20673382317404934,Prepaid,North,4,0,0
2043,2023-02-27 00:00:00+00:00,Apparel,1,780.64,0.0,4282,3,0.18452516548105888,Prepaid,East,2,0,0
3759,2023-02-27 00:00:00+00:00,Home,0,477.48,0.013179055297957681,1159,1,0.45606175680934397,Prepaid,East,9,0,0
2599,2023-02-27 00:00:00+00:00,Apparel,1,438.81,0.3337277001338768,2029,1,0.5846885922738551,Prepaid,South,12,11,1
2039,2023-02-27 00:00:00+00:00,Apparel,1,1671.74,0.052738711136190525,3650,2,0.07838164522580912,Prepaid,South,12,0,0
4830,2023-02-27 00:00:00+00:00,Apparel,1,529.22,0.0,3398,1,0.31086433147125064,Prepaid,South,9,6,0
2606,2023-02-27 00:00:00+00:00,Apparel,1,2815.86,0.06100800286245258,2228,0,0.0,Prepaid,West,4,3,0
722,2023-02-27 00:00:00+00:00,Home,0,588.68,0.0,1095,1,0.2627343229465134,COD,South,1,0,0
265,2023-02-27 00:00:00+00:00,Beauty,0,352.54,0.1684571899743188,3444,2,0.07125640771224286,Prepaid,East,5,0,0
4955,2023-02-27 00:00:00+00:00,Apparel,1,567.17,0.0,2577,1,0.20419000564857506,Prepaid,West,5,3,1
3828,2023-02-27 00:00:00+00:00,Beauty,0,769.83,0.12964855613839754,3661,1,0.04304557449109491,Prepaid,North,1,2,0
10,2023-02-27 00:00:00+00:00,Apparel,1,129.25,0.292924863881064,2758,1,0.3408624036617402,COD,East,9,4,0
4998,2023-02-27 00:00:00+00:00,Apparel,1,3003.08,0.0,4306,2,0.05618455514976944,Prepaid,North,6,8,1
3716,2023-02-27 00:00:00+00:00,Home,0,492.59,0.2752107459251657,2142,2,0.2539848857819046,Prepaid,South,2,1,0
615,2023-02-27 00:00:00+00:00,Apparel,1,887.46,0.44718298959722713,2209,1,0.03552830184795812,Prepaid,West,10,4,0
658,2023-02-27 00:00:00+00:00,Home,0,1025.95,0.2892308262530943,4465,1,0.16221705625277655,Prepaid,South,11,0,0
2183,2023-02-27 00:00:00+00:00,Home,0,3671.31,0.0,4266,6,0.012104635387899706,Prepaid,South,9,1,0
4079,2023-02-27 00:00:00+00:00,Footwear,1,512.35,0.0,3543,3,0.28585071993146993,Prepaid,South,2,1,1
2472,2023-02-27 00:00:00+00:00,Electronics,0,2034.75,0.22859960954038439,2251,5,0.06788062056480244,COD,South,13,3,0
3692,2023-02-27 00:00:00+00:00,Apparel,1,9897.86,0.0,3090,0,0.0,Prepaid,West,2,0,0
4537,2023-02-27 00:00:00+00:00,Apparel,1,423.62,0.0,1087,0,0.0,Prepaid,West,14,4,1
4532,2023-02-27 00:00:00+00:00,Electronics,0,659.81,0.0,1727,7,0.1960989480011951,Prepaid,North,8,0,1
3199,2023-02-28 00:00:00+00:00,Apparel,1,654.24,0.0,2875,4,0.06009320023906135,Prepaid,East,4,3,1
388,2023-02-28 00:00:00+00:00,Footwear,1,610.66,0.0,2684,2,0.1159791111396708,Prepaid,North,6,3,1
605,2023-02-28 00:00:00+00:00,Apparel,1,4513.13,0.0,1408,2,0.08357222949753206,Prepaid,East,10,1,0
1421,2023-02-28 00:00:00+00:00,Apparel,1,7819.59,0.0,2825,3,0.24735134077327708,Prepaid,East,12,1,0
4313,2023-02-28 00:00:00+00:00,Apparel,1,1206.8,0.15503521882485796,1178,1,0.18337002923174767,Prepaid,North,9,2,0
3296,2023-02-28 00:00:00+00:00,Apparel,1,723.27,0.0,2045,2,0.0342315472070064,Prepaid,East,4,8,1
4972,2023-02-28 00:00:00+00:00,Electronics,0,1060.95,0.0,4215,1,0.13755624724527843,Prepaid,North,3,0,0
2817,2023-02-28 00:00:00+00:00,Apparel,1,345.3,0.13712219546839519,3903,0,0.0,COD,East,11,0,1
2686,2023-02-28 00:00:00+00:00,Apparel,1,257.74,0.0,3699,1,0.11373886746025196,Prepaid,West,11,1,0
2105,2023-02-28 00:00:00+00:00,Electronics,0,689.88,0.28078016805942324,4011,3,0.2003336982493224,Prepaid,West,4,3,0
4607,2023-02-28 00:00:00+00:00,Apparel,1,1959.76,0.0,2397,1,0.3921588051557333,Prepaid,North,13,0,1
2919,2023-02-28 00:00:00+00:00,Apparel,1,540.35,0.013432847893362049,4127,2,0.058824706281518625,Prepaid,West,13,6,0
879,2023-02-28 00:00:00+00:00,Electronics,0,1041.18,0.1363279591471514,3941,2,0.35861223544439264,Prepaid,East,7,3,0
808,2023-02-28 00:00:00+00:00,Home,0,3000.56,0.0,3893,3,0.040962263039705286,Prepaid,East,14,1,0
4810,2023-02-28 00:00:00+00:00,Electronics,0,286.45,0.05645635588148387,1463,1,0.12872924536270383,Prepaid,East,9,4,0
4169,2023-02-28 00:00:00+00:00,Apparel,1,393.72,0.0,4169,2,0.027329942661163373,Prepaid,East,5,2,0
4738,2023-02-28 00:00:00+00:00,Beauty,0,823.97,0.2683408465814203,1163,1,0.052847071910901385,COD,West,11,1,0
1900,2023-02-28 00:00:00+00:00,Electronics,0,1059.49,0.1996659899070674,3156,3,0.11802249352933405,Prepaid,North,4,2,0
4939,2023-02-28 00:00:00+00:00,Apparel,1,1567.06,0.25085594542178613,3921,0,0.0,COD,West,8,0,1
3060,2023-02-28 00:00:00+00:00,Electronics,0,216.52,0.01559426238478813,2472,2,0.04429790412925837,Prepaid,North,5,0,1
3232,2023-02-28 00:00:00+00:00,Home,0,236.77,0.0016059252760677045,3541,1,0.2708239968854858,Prepaid,South,4,0,0
582,2023-02-28 00:00:00+00:00,Apparel,1,2741.2,0.14455040222479612,1495,2,0.1861796252153113,Prepaid,South,10,1,0
3147,2023-02-28 00:00:00+00:00,Apparel,1,872.19,0.13834847165823888,2728,2,0.0006889738372018551,COD,East,2,2,0
3965,2023-02-28 00:00:00+00:00,Footwear,1,624.73,0.0,1943,2,0.6406836163769162,Prepaid,West,5,2,0
4341,2023-02-28 00:00:00+00:00,Electronics,0,127.6,0.0,3391,0,0.0,Prepaid,South,12,0,0
741,2023-03-01 00:00:00+00:00,Apparel,1,2238.73,0.04343639321978592,1055,2,0.4191660480725656,Prepaid,South,5,0,0
3410,2023-03-01 00:00:00+00:00,Home,0,5693.24,0.16573705194167448,4343,2,0.013144099126886712,Prepaid,West,13,3,0
4589,2023-03-01 00:00:00+00:00,Beauty,0,346.6,0.0,3200,1,0.20719242389285225,COD,West,14,0,0
1775,2023-03-01 00:00:00+00:00,Electronics,0,2028.93,0.2818629274073359,2939,2,0.047584593574397975,Prepaid,East,8,0,0
2498,2023-03-01 00:00:00+00:00,Home,0,2720.6,0.0,2998,0,0.0,Prepaid,North,10,4,0
2216,2023-03-01 00:00:00+00:00,Apparel,1,1601.37,0.0,3126,4,0.45210842876677587,Prepaid,North,14,1,0
232,2023-03-01 00:00:00+00:00,Beauty,0,2972.65,0.0,1523,2,0.004375323938406918,COD,East,12,3,0
2782,2023-03-01 00:00:00+00:00,Beauty,0,289.14,0.17402188693410117,1187,1,0.030255264955860974,Prepaid,South,2,3,0
2633,2023-03-01 00:00:00+00:00,Footwear,1,356.72,0.0,3383,2,0.023893623844342494,Prepaid,West,13,1,1
484,2023-03-01 00:00:00+00:00,Apparel,1,1649.74,0.012117029361620596,1471,2,0.09130629818724612,Prepaid,East,6,9,0
1788,2023-03-01 00:00:00+00:00,Apparel,1,10101.72,0.0,2703,2,0.11544302101202167,Prepaid,West,4,0,0
975,2023-03-01 00:00:00+00:00,Footwear,1,4913.54,0.051207115375750366,2688,4,0.2149748220307917,Prepaid,West,1,0,1
734,2023-03-01 00:00:00+00:00,Apparel,1,421.03,0.09341345400353736,1714,3,0.5855673580306607,Prepaid,East,7,2,0
2632,2023-03-01 00:00:00+00:00,Apparel,1,164.54,0.12486041110160971,3325,6,0.08519093010775149,COD,West,6,2,0
4436,2023-03-01 00:00:00+00:00,Beauty,0,1167.69,0.44743575937660796,2895,1,0.37833265873360605,Prepaid,North,9,2,0
3130,2023-03-01 00:00:00+00:00,Footwear,1,324.34,0.42819413279838703,3288,2,0.0756616849608915,Prepaid,West,6,1,0
163,2023-03-01 00:00:00+00:00,Footwear,1,4229.09,0.0,1324,2,0.26222828964301265,Prepaid,East,7,2,1
4152,2023-03-01 00:00:00+00:00,Footwear,1,510.02,0.276584831690593,3954,1,0.7618604520362838,COD,West,6,2,1
3354,2023-03-01 00:00:00+00:00,Apparel,1,3191.88,0.3290489610204089,1179,1,0.6251501928669021,Prepaid,North,7,1,1
239,2023-03-01 00:00:00+00:00,Electronics,0,432.89,0.1784723768853916,1022,3,0.3445184409420783,Prepaid,North,14,1,0
4712,2023-03-01 00:00:00+00:00,Footwear,1,2279.22,0.0,1863,0,0.0,Prepaid,East,10,2,0
1764,2023-03-01 00:00:00+00:00,Footwear,1,1525.46,0.0,3886,3,0.12681209287580605,Prepaid,East,9,4,0
4797,2023-03-01 00:00:00+00:00,Electronics,0,397.23,0.0,4098,5,0.09901617853205844,Prepaid,East,8,0,0
3033,2023-03-01 00:00:00+00:00,Home,0,651.97,0.0,2113,1,0.11777248774563734,Prepaid,South,1,1,0
4681,2023-03-01 00:00:00+00:00,Footwear,1,2249.68,0.18129921495024562,3392,0,0.0,COD,South,8,1,1
4688,2023-03-01 00:00:00+00:00,Apparel,1,1294.26,0.0,3586,2,0.2981271612478591,COD,North,10,2,0
1339,2023-03-01 00:00:00+00:00,Apparel,1,229.48,0.2971826292712556,1293,1,0.12444776954129463,Prepaid,West,14,5,1
1969,2023-03-01 00:00:00+00:00,Home,0,2450.03,0.10437675024277972,2359,4,0.33414560458552267,Prepaid,South,14,0,0
4567,2023-03-01 00:00:00+00:00,Electronics,0,1954.56,0.0,3954,2,0.08121096557905524,Prepaid,East,14,4,0
192,2023-03-01 00:00:00+00:00,Apparel,1,1512.67,0.12277274871167375,4398,1,0.3660135184268972,Prepaid,South,13,2,1
4201,2023-03-01 00:00:00+00:00,Apparel,1,534.45,0.10122176181665057,3413,2,0.2566845341581365,COD,North,10,5,0
3868,2023-03-01 00:00:00+00:00,Footwear,1,1957.92,0.3062232045304343,1622,3,0.31394015121772717,Prepaid,North,1,4,0
1107,2023-03-01 00:00:00+00:00,Apparel,1,702.26,0.0,4495,2,0.3068271718009371,Prepaid,North,3,2,0
3615,2023-03-01 00:00:00+00:00,Apparel,1,1870.64,0.0,4249,1,0.4414129359920488,Prepaid,West,2,0,0
4695,2023-03-01 00:00:00+00:00,Footwear,1,8437.26,0.0,3216,1,0.06445709246876205,Prepaid,North,14,4,1
3998,2023-03-01 00:00:00+00:00,Apparel,1,4514.52,0.29004509735997774,2599,3,0.21624134761205924,Prepaid,North,14,2,0
963,2023-03-01 00:00:00+00:00,Electronics,0,731.87,0.0,4474,1,0.1310434563004639,Prepaid,East,4,3,0
1467,2023-03-01 00:00:00+00:00,Apparel,1,1775.73,0.0,1087,2,0.05101645521449418,COD,South,7,7,0
4828,2023-03-02 00:00:00+00:00,Footwear,1,2998.06,0.3601232736560016,1455,1,0.05609392849027912,Prepaid,South,10,2,1
3374,2023-03-02 00:00:00+00:00,Beauty,0,577.59,0.10993476102068796,2229,1,0.172163802889647,Prepaid,North,10,0,0
639,2023-03-02 00:00:00+00:00,Apparel,1,2642.34,0.0,3753,1,0.0639818907049211,COD,East,6,3,0
2544,2023-03-02 00:00:00+00:00,Apparel,1,186.89,0.0,2865,0,0.0,COD,South,7,5,0
3846,2023-03-02 00:00:00+00:00,Apparel,1,588.67,0.0,1499,1,0.06644516334832053,COD,North,2,2,0
3306,2023-03-02 00:00:00+00:00,Electronics,0,697.23,0.10431661313852666,1938,3,0.23556660056738085,Prepaid,North,11,0,0
4778,2023-03-02 00:00:00+00:00,Apparel,1,2406.51,0.2490015936602539,4189,1,0.05642541661414181,Prepaid,West,12,0,0
1889,2023-03-02 00:00:00+00:00,Apparel,1,1083.41,0.0,1780,2,0.042380754244523984,COD,West,10,4,0
329,2023-03-02 00:00:00+00:00,Apparel,1,2003.98,0.17373139042647412,4215,1,0.48565975976212156,Prepaid,West,8,3,0
4603,2023-03-02 00:00:00+00:00,Apparel,1,1228.43,0.33746670547388635,1232,2,0.27215981355793545,Prepaid,South,8,0,1
82,2023-03-02 00:00:00+00:00,Apparel,1,876.68,0.0,2033,2,0.16315453089269166,Prepaid,East,10,4,0
402,2023-03-02 00:00:00+00:00,Apparel,1,490.22,0.08382182792999512,2691,0,0.0,COD,North,9,1,0
1986,2023-03-02 00:00:00+00:00,Apparel,1,3851.72,0.0,4321,2,0.04682441845844002,Prepaid,North,9,8,0
3646,2023-03-02 00:00:00+00:00,Apparel,1,184.12,0.2487873385990934,3940,2,0.1825972316848362,Prepaid,East,3,4,0
3994,2023-03-02 00:00:00+00:00,Footwear,1,1037.59,0.0,2518,2,0.19545965807732738,COD,South,10,5,1
3015,2023-03-02 00:00:00+00:00,Electronics,0,3135.16,0.0,2105,3,0.053940981716168,COD,North,11,0,0
594,2023-03-02 00:00:00+00:00,Apparel,1,2351.61,0.0,1374,3,0.023417088976509084,Prepaid,East,6,2,0
3620,2023-03-02 00:00:00+00:00,Home,0,371.05,0.2531789051829431,2672,4,0.01731546983340441,Prepaid,West,13,1,0
3344,2023-03-02 00:00:00+00:00,Apparel,1,1242.04,0.0,3942,5,0.4096068953280855,Prepaid,East,9,4,0
2593,2023-03-02 00:00:00+00:00,Home,0,2623.97,0.0,1586,4,0.3059999840734511,Prepaid,West,5,2,1
4494,2023-03-02 00:00:00+00:00,Footwear,1,7786.29,0.0,2475,3,0.1897479196444536,Prepaid,North,2,0,0
2304,2023-03-02 00:00:00+00:00,Electronics,0,1914.78,0.07782703285857605,2930,2,0.1982048780514711,COD,West,2,1,0
981,2023-03-03 00:00:00+00:00,Apparel,1,1405.27,0.17238502754433083,1283,2,0.37492007657881976,COD,North,11,9,0
854,2023-03-03 00:00:00+00:00,Apparel,1,2010.75,0.0,1871,4,0.05897519426982227,Prepaid,East,3,2,0
647,2023-03-03 00:00:00+00:00,Electronics,0,636.25,0.0,2659,2,0.13291599410573002,COD,North,10,5,0
2986,2023-03-03 00:00:00+00:00,Apparel,1,462.53,0.26172613362559116,4243,2,0.07461032140481728,COD,West,4,1,0
644,2023-03-03 00:00:00+00:00,Apparel,1,862.6,0.0,4490,2,0.14873117072566014,Prepaid,South,8,1,1
1667,2023-03-03 00:00:00+00:00,Electronics,0,169.45,0.0,3169,0,0.0,Prepaid,West,11,6,0
2684,2023-03-03 00:00:00+00:00,Apparel,1,296.23,0.0,3995,1,0.3326734658487126,Prepaid,East,13,2,0
4437,2023-03-03 00:00:00+00:00,Apparel,1,508.89,0.0,1512,2,0.15509303612495048,Prepaid,South,14,5,0
368,2023-03-03 00:00:00+00:00,Apparel,1,1437.92,0.25029259656974323,1517,3,0.6255496008008262,Prepaid,West,7,2,0
4753,2023-03-03 00:00:00+00:00,Home,0,7388.33,0.006704117621637112,3220,1,0.3757105538433291,COD,South,14,13,0
586,2023-03-03 00:00:00+00:00,Footwear,1,782.8,0.17757794802085466,3123,4,0.2722135481129084,Prepaid,South,11,0,0
4408,2023-03-03 00:00:00+00:00,Electronics,0,1144.48,0.06223871603615122,2578,2,0.29064687374248843,Prepaid,North,6,3,0
3473,2023-03-03 00:00:00+00:00,Apparel,1,364.15,0.0,1118,1,0.03109690936147453,Prepaid,East,4,0,0
559,2023-03-03 00:00:00+00:00,Electronics,0,396.79,0.0,1147,1,0.47299873630348493,COD,South,6,0,0
907,2023-03-03 00:00:00+00:00,Beauty,0,494.11,0.19595578694774715,3277,1,0.4156104065852068,Prepaid,West,12,0,0
4379,2023-03-03 00:00:00+00:00,Electronics,0,521.35,0.0,4348,1,0.44499125920704813,Prepaid,West,6,0,0
684,2023-03-03 00:00:00+00:00,Electronics,0,242.95,0.0,2609,2,0.5140218481266833,Prepaid,West,6,1,0
3600,2023-03-03 00:00:00+00:00,Beauty,0,1545.98,0.0,4218,2,0.42376480819281465,Prepaid,North,2,0,0
4779,2023-03-03 00:00:00+00:00,Home,0,935.38,0.1280226061050281,3410,2,0.2529737555217652,Prepaid,West,6,0,0
476,2023-03-03 00:00:00+00:00,Apparel,1,846.99,0.0,3028,1,0.4632694743389716,Prepaid,East,7,4,1
3214,2023-03-03 00:00:00+00:00,Footwear,1,2664.04,0.0,3020,2,0.12205775244251475,Prepaid,South,2,2,0
3893,2023-03-03 00:00:00+00:00,Electronics,0,1372.94,0.0,4123,0,0.0,Prepaid,North,2,0,0
4124,2023-03-03 00:00:00+00:00,Apparel,1,28226.57,0.4235986944150416,2526,4,0.045526571527942386,Prepaid,East,2,2,0
4936,2023-03-03 00:00:00+00:00,Apparel,1,5211.3,0.05197933104140126,1806,1,0.37527345766161396,Prepaid,North,12,3,0
4123,2023-03-03 00:00:00+00:00,Electronics,0,540.72,0.0,1785,0,0.0,Prepaid,West,7,2,1
4727,2023-03-03 00:00:00+00:00,Beauty,0,638.36,0.2739788151849717,3149,3,0.30208828632493684,COD,North,3,5,0
4940,2023-03-04 00:00:00+00:00,Home,0,665.43,0.02860440114990913,3402,0,0.0,Prepaid,East,13,1,0
3117,2023-03-04 00:00:00+00:00,Apparel,1,545.53,0.0,1403,3,0.09260842262982102,COD,South,12,2,0
4100,2023-03-04 00:00:00+00:00,Electronics,0,225.73,0.0,2230,3,0.012845955000114522,Prepaid,East,14,4,0
1879,2023-03-04 00:00:00+00:00,Footwear,1,4321.38,0.0,3365,1,0.681346427547058,Prepaid,West,9,0,0
4069,2023-03-04 00:00:00+00:00,Home,0,857.46,0.16079481262417358,4181,1,0.10237779270139519,Prepaid,North,11,1,0
3645,2023-03-04 00:00:00+00:00,Footwear,1,185.98,0.330564485441719,2478,2,0.4519395865499018,Prepaid,East,10,5,0
635,2023-03-04 00:00:00+00:00,Apparel,1,1956.14,0.14392165426058007,2499,1,0.051840314114586894,Prepaid,North,1,0,0
2453,2023-03-04 00:00:00+00:00,Footwear,1,3119.4,0.0,3156,3,0.3962670718530878,COD,North,9,4,0
4568,2023-03-04 00:00:00+00:00,Apparel,1,661.77,0.0,1234,4,0.02332137481071467,Prepaid,South,2,0,0
2741,2023-03-04 00:00:00+00:00,Beauty,0,3054.12,0.2308301011266899,4135,1,0.17491117378770374,COD,East,14,1,0
3582,2023-03-04 00:00:00+00:00,Apparel,1,5217.19,0.0,1380,1,0.5155632821253673,Prepaid,West,11,0,1
4091,2023-03-04 00:00:00+00:00,Electronics,0,864.03,0.04137430890449854,1070,2,0.07262564787782148,COD,West,3,1,0
4002,2023-03-04 00:00:00+00:00,Electronics,0,278.36,0.0,3980,3,0.39555558585262823,COD,East,6,0,0
4287,2023-03-04 00:00:00+00:00,Apparel,1,1783.09,0.01542035860477936,1077,2,0.28241636144766197,Prepaid,North,2,6,0
2065,2023-03-04 00:00:00+00:00,Home,0,2365.13,0.0,1520,0,0.0,Prepaid,West,9,2,0
1996,2023-03-04 00:00:00+00:00,Footwear,1,3976.04,0.0,1843,1,0.24440160104282319,Prepaid,West,4,8,0
4450,2023-03-04 00:00:00+00:00,Electronics,0,2376.97,0.06253647308274204,2574,3,0.15331399760928247,COD,West,14,0,0
2465,2023-03-04 00:00:00+00:00,Home,0,405.06,0.248696328539455,3499,4,0.167121578304053,Prepaid,West,2,1,0
3207,2023-03-04 00:00:00+00:00,Apparel,1,1100.96,0.052281794991690146,1001,2,0.18706682790990428,COD,South,14,3,0
4900,2023-03-04 00:00:00+00:00,Apparel,1,936.88,0.011430534251086588,3205,1,0.1550071893641948,Prepaid,North,10,1,0
3469,2023-03-04 00:00:00+00:00,Electronics,0,1194.86,0.0,2497,3,0.12933260706532246,COD,North,10,6,0
4713,2023-03-04 00:00:00+00:00,Electronics,0,364.7,0.17352356398460042,3652,3,0.2790443539136742,Prepaid,East,2,0,0
4229,2023-03-04 00:00:00+00:00,Apparel,1,1545.05,0.0,1737,4,0.017400142264766164,COD,West,12,11,0
4284,2023-03-04 00:00:00+00:00,Electronics,0,2092.53,0.29398498965920933,1833,0,0.0,Prepaid,East,7,5,0
308,2023-03-04 00:00:00+00:00,Electronics,0,832.8,0.0,1795,0,0.0,Prepaid,South,10,0,0
1564,2023-03-05 00:00:00+00:00,Footwear,1,1852.92,0.0,1860,3,0.08750605386559905,Prepaid,North,12,1,1
3204,2023-03-05 00:00:00+00:00,Apparel,1,1522.11,0.0,2594,2,0.024397463359000372,Prepaid,West,14,4,0
1954,2023-03-05 00:00:00+00:00,Apparel,1,131.54,0.08677884480914205,2444,1,0.14233879617169812,COD,North,9,4,0
215,2023-03-05 00:00:00+00:00,Footwear,1,1999.6,0.0,1543,1,0.03569990782259895,COD,South,12,0,0
270,2023-03-05 00:00:00+00:00,Electronics,0,636.68,0.24590513907353084,4123,4,0.0025417647341740225,Prepaid,South,4,1,0
225,2023-03-05 00:00:00+00:00,Electronics,0,1040.07,0.0,1870,2,0.04299801524930374,Prepaid,North,7,0,0
4792,2023-03-05 00:00:00+00:00,Apparel,1,4882.5,0.0,1203,3,0.0008331680439764223,Prepaid,North,7,1,0
234,2023-03-05 00:00:00+00:00,Footwear,1,905.18,0.0,1484,1,0.3473196583665704,COD,South,4,0,0
882,2023-03-05 00:00:00+00:00,Apparel,1,2458.42,0.1748180792385779,1558,0,0.0,Prepaid,South,14,2,0
4154,2023-03-05 00:00:00+00:00,Electronics,0,255.01,0.02435299317789162,2231,1,0.5391353925967597,Prepaid,East,3,2,1
1253,2023-03-05 00:00:00+00:00,Home,0,407.1,0.0,3526,2,0.21483459804402735,Prepaid,East,3,0,0
923,2023-03-05 00:00:00+00:00,Beauty,0,1039.74,0.0,2367,4,0.14748970756850746,Prepaid,West,8,6,0
3871,2023-03-05 00:00:00+00:00,Apparel,1,803.47,0.0,3980,1,0.10544066390889668,COD,South,12,3,0
1434,2023-03-05 00:00:00+00:00,Electronics,0,980.19,0.0,4044,2,0.255247304781224,COD,West,7,0,0
740,2023-03-05 00:00:00+00:00,Apparel,1,2998.71,0.0,4179,2,0.17793836126820917,Prepaid,East,10,1,0
3019,2023-03-05 00:00:00+00:00,Apparel,1,746.0,0.019849874204547396,4064,3,0.3999996838615438,Prepaid,East,9,2,0
4037,2023-03-05 00:00:00+00:00,Electronics,0,1474.25,0.18786917403883793,1749,4,0.22417466883772086,Prepaid,North,8,1,1
4214,2023-03-05 00:00:00+00:00,Electronics,0,1889.07,0.0,4229,2,0.13297668347437525,Prepaid,South,12,1,0
4666,2023-03-05 00:00:00+00:00,Home,0,1591.13,0.21562291559738064,4441,3,0.7374946467599827,Prepaid,East,11,1,0
552,2023-03-05 00:00:00+00:00,Electronics,0,254.81,0.0,1723,2,0.4097968270801897,Prepaid,North,4,3,0
697,2023-03-05 00:00:00+00:00,Apparel,1,226.01,0.0,4415,0,0.0,COD,South,9,4,1
4325,2023-03-05 00:00:00+00:00,Footwear,1,314.23,0.047499358761728644,2312,0,0.0,COD,East,12,1,0
4548,2023-03-05 00:00:00+00:00,Apparel,1,292.76,0.0,2187,3,0.19407810391308847,Prepaid,North,13,0,1
3640,2023-03-06 00:00:00+00:00,Beauty,0,343.08,0.0,4209,4,0.3818186486042289,Prepaid,East,3,0,0
3045,2023-03-06 00:00:00+00:00,Apparel,1,628.73,0.034563057480849244,3572,3,0.17656963208729526,Prepaid,South,12,1,0
4318,2023-03-06 00:00:00+00:00,Apparel,1,4858.3,0.0,2906,3,0.016108573262136543,COD,East,5,7,0
1347,2023-03-06 00:00:00+00:00,Footwear,1,765.97,0.2579411813823337,2720,4,0.1864731657582299,COD,South,11,1,0
2661,2023-03-06 00:00:00+00:00,Beauty,0,4896.68,0.0,2763,1,0.05605772524106642,Prepaid,North,14,3,0
4571,2023-03-06 00:00:00+00:00,Footwear,1,785.14,0.0,1598,4,0.08224873677710634,Prepaid,East,2,0,0
650,2023-03-06 00:00:00+00:00,Home,0,338.45,0.0,3496,2,0.19718847844945783,Prepaid,South,9,0,0
2653,2023-03-06 00:00:00+00:00,Apparel,1,4299.05,0.0,3608,1,0.1702441656885282,Prepaid,East,7,0,0
4421,2023-03-06 00:00:00+00:00,Beauty,0,705.79,0.31735059480191824,3819,3,0.1498756566530232,Prepaid,North,8,0,0
1002,2023-03-06 00:00:00+00:00,Apparel,1,594.2,0.020083017917758447,1091,1,0.0156363630346203,Prepaid,East,9,0,0
3631,2023-03-06 00:00:00+00:00,Electronics,0,1973.38,0.0,1617,4,0.2880233890732354,Prepaid,South,7,0,0
692,2023-03-06 00:00:00+00:00,Apparel,1,917.22,0.244958569304521,2662,0,0.0,Prepaid,East,12,12,0
828,2023-03-06 00:00:00+00:00,Apparel,1,1147.03,0.15441774423242416,2187,1,0.37307702032726153,Prepaid,East,8,0,0
4324,2023-03-06 00:00:00+00:00,Electronics,0,277.41,0.03828694061497811,3869,2,0.2658503591042877,Prepaid,North,6,0,0
2333,2023-03-06 00:00:00+00:00,Apparel,1,602.77,0.0,1366,1,0.06307756189134389,COD,West,6,3,0
2512,2023-03-06 00:00:00+00:00,Footwear,1,138.78,0.0,1741,2,0.2594199709693197,COD,East,2,0,1
1114,2023-03-06 00:00:00+00:00,Home,0,1005.22,0.0,2180,3,0.2588077694500675,Prepaid,East,7,0,0
4921,2023-03-06 00:00:00+00:00,Apparel,1,2453.0,0.06998798002852444,3031,1,0.12641394788728733,COD,East,3,1,0
718,2023-03-06 00:00:00+00:00,Apparel,1,1308.81,0.0,1241,2,0.3176682540357189,Prepaid,West,3,5,0
3080,2023-03-06 00:00:00+00:00,Electronics,0,2078.2,0.0,3638,3,0.19393581236825386,Prepaid,East,14,0,0
4996,2023-03-06 00:00:00+00:00,Beauty,0,1634.35,0.0,4472,3,0.15668075817778357,COD,West,9,1,0
1431,2023-03-06 00:00:00+00:00,Electronics,0,671.55,0.15386238188058535,3154,2,0.3594918612497118,Prepaid,East,8,6,0
2365,2023-03-06 00:00:00+00:00,Home,0,497.36,0.22457399714511314,1730,2,0.06606462644910593,Prepaid,East,13,4,0
4425,2023-03-06 00:00:00+00:00,Apparel,1,1115.75,0.33403906955611506,1609,2,0.034117391675115225,Prepaid,East,4,1,0
4182,2023-03-06 00:00:00+00:00,Electronics,0,2314.9,0.0,1433,7,0.22883061439657312,COD,West,9,4,0
3570,2023-03-06 00:00:00+00:00,Apparel,1,1833.37,0.0,2530,1,0.06293749106179963,Prepaid,North,1,0,0
2748,2023-03-06 00:00:00+00:00,Apparel,1,879.63,0.11590419473285686,3456,1,0.054338830349468445,Prepaid,East,2,3,1
1206,2023-03-06 00:00:00+00:00,Apparel,1,415.51,0.20494934829594794,3707,1,0.28876986411826877,COD,North,1,0,0
2157,2023-03-06 00:00:00+00:00,Apparel,1,3171.89,0.1502584153356127,2649,0,0.0,COD,East,9,3,0
448,2023-03-06 00:00:00+00:00,Apparel,1,1005.53,0.0,3588,2,0.6141600221096063,COD,East,11,0,0
3170,2023-03-06 00:00:00+00:00,Electronics,0,3935.99,0.12569329125498033,2551,3,0.15216762748811022,Prepaid,East,5,0,0
3114,2023-03-06 00:00:00+00:00,Home,0,550.74,0.0,4031,1,0.3523487285823689,Prepaid,South,12,1,0
1897,2023-03-06 00:00:00+00:00,Apparel,1,2955.17,0.0,4482,2,0.4845795918078775,COD,East,5,15,1
3280,2023-03-06 00:00:00+00:00,Apparel,1,2787.5,0.0,2129,0,0.0,Prepaid,North,13,3,0
1605,2023-03-06 00:00:00+00:00,Electronics,0,1604.46,0.014956709874184598,1346,0,0.0,Prepaid,North,2,2,0
357,2023-03-06 00:00:00+00:00,Electronics,0,5548.97,0.0,2104,1,0.3127531613334168,Prepaid,West,5,6,0
4831,2023-03-06 00:00:00+00:00,Electronics,0,314.65,0.0,2990,4,0.2086208330370365,Prepaid,North,13,2,0
3400,2023-03-06 00:00:00+00:00,Electronics,0,2154.42,0.33110024385357684,3306,2,0.2553126302612491,Prepaid,South,1,3,0
4610,2023-03-06 00:00:00+00:00,Electronics,0,465.55,0.11378494146461694,2191,4,0.15417411671637213,Prepaid,North,12,2,0
3179,2023-03-06 00:00:00+00:00,Footwear,1,1870.25,0.0,2460,0,0.0,Prepaid,East,11,5,0
3948,2023-03-07 00:00:00+00:00,Beauty,0,198.39,0.0,1135,0,0.0,Prepaid,East,8,2,0
2118,2023-03-07 00:00:00+00:00,Apparel,1,1666.09,0.34635169834569873,2382,3,0.41498582172766396,Prepaid,South,5,2,0
1280,2023-03-07 00:00:00+00:00,Apparel,1,338.76,0.0,2030,2,0.016054418544703523,Prepaid,North,14,0,0
554,2023-03-07 00:00:00+00:00,Apparel,1,1014.22,0.0,1001,5,0.1540463816598931,COD,South,11,3,0
822,2023-03-07 00:00:00+00:00,Apparel,1,788.32,0.0,2796,4,0.0058465427135757425,COD,West,4,1,0
3115,2023-03-07 00:00:00+00:00,Apparel,1,329.54,0.32664569522002346,3665,5,0.15596378231514108,COD,North,7,1,0
1317,2023-03-07 00:00:00+00:00,Electronics,0,1195.47,0.0,2687,1,0.06505304255009615,Prepaid,South,6,0,0
4356,2023-03-07 00:00:00+00:00,Footwear,1,2940.94,0.0,3394,2,0.26885837236014426,Prepaid,East,1,3,1
268,2023-03-07 00:00:00+00:00,Apparel,1,309.23,0.01055158637132303,2177,2,0.029121797788312816,COD,East,14,5,0
1145,2023-03-07 00:00:00+00:00,Apparel,1,6277.01,0.0,2686,1,0.05675302723706056,Prepaid,South,10,0,0
687,2023-03-07 00:00:00+00:00,Beauty,0,1217.14,0.0,3472,2,0.06017124146219372,Prepaid,West,7,2,0
1146,2023-03-07 00:00:00+00:00,Apparel,1,3259.23,0.0,3542,1,0.3838453726953936,COD,North,7,3,0
1613,2023-03-07 00:00:00+00:00,Footwear,1,437.41,0.0,4142,4,0.13665038312209313,Prepaid,North,4,4,1
2215,2023-03-07 00:00:00+00:00,Footwear,1,959.13,0.0,4358,1,0.1386820018955329,COD,West,11,4,0
919,2023-03-07 00:00:00+00:00,Electronics,0,2801.98,0.09854640767400738,3307,0,0.0,Prepaid,South,14,1,0
3350,2023-03-07 00:00:00+00:00,Electronics,0,1074.83,0.0,2272,6,0.09957085230573026,COD,North,14,2,0
751,2023-03-07 00:00:00+00:00,Apparel,1,912.7,0.0,2531,1,0.08747738069093686,COD,East,12,2,0
3242,2023-03-07 00:00:00+00:00,Home,0,580.98,0.0,2565,2,0.004938550233397937,Prepaid,East,2,0,0
1562,2023-03-07 00:00:00+00:00,Apparel,1,423.92,0.04227369027907039,1426,0,0.0,Prepaid,East,1,0,1
204,2023-03-07 00:00:00+00:00,Apparel,1,1477.73,0.0,3019,0,0.0,Prepaid,West,5,1,0
2169,2023-03-07 00:00:00+00:00,Apparel,1,981.06,0.26066422601591677,3822,5,0.17932056253474477,Prepaid,West,14,1,0
2713,2023-03-07 00:00:00+00:00,Apparel,1,1437.55,0.0,4198,4,0.3048087150330409,Prepaid,West,12,0,0
3940,2023-03-07 00:00:00+00:00,Home,0,786.45,0.0688101203254325,3947,2,0.16979376295897808,Prepaid,East,4,2,0
4440,2023-03-08 00:00:00+00:00,Apparel,1,998.17,0.0,4104,2,0.0395614234658997,Prepaid,South,13,1,0
4141,2023-03-08 00:00:00+00:00,Electronics,0,1122.28,0.19697482256486756,4281,1,0.4257429668558514,Prepaid,East,8,1,0
4119,2023-03-08 00:00:00+00:00,Footwear,1,3630.95,0.0,4062,4,0.4941411246743878,Prepaid,North,4,5,0
2474,2023-03-08 00:00:00+00:00,Home,0,2295.69,0.0,2438,2,0.08941430342035972,Prepaid,East,7,3,0
1284,2023-03-08 00:00:00+00:00,Beauty,0,272.9,0.14146054215940868,1387,2,0.4848017516755141,COD,West,7,0,0
1987,2023-03-08 00:00:00+00:00,Apparel,1,634.35,0.0,2493,0,0.0,COD,North,7,0,0
4897,2023-03-08 00:00:00+00:00,Electronics,0,1548.03,0.11931187224703506,1071,3,0.7485347155970803,Prepaid,South,6,2,1
1238,2023-03-08 00:00:00+00:00,Apparel,1,217.26,0.0,4437,6,0.09911147712512597,Prepaid,East,4,0,0
3407,2023-03-08 00:00:00+00:00,Apparel,1,689.46,0.0,1195,1,0.08133666939976064,COD,North,12,6,1
4011,2023-03-08 00:00:00+00:00,Apparel,1,287.57,0.0,2058,3,0.12491883121693127,Prepaid,North,10,0,0
3763,2023-03-08 00:00:00+00:00,Electronics,0,177.85,0.0,2300,1,0.021077488443010557,COD,East,10,4,0
2165,2023-03-08 00:00:00+00:00,Apparel,1,461.3,0.37978984537672666,2469,2,0.07216312060932002,Prepaid,North,8,0,1
1077,2023-03-08 00:00:00+00:00,Electronics,0,2652.67,0.0,2527,4,0.11637001204176878,Prepaid,East,11,5,0
2092,2023-03-08 00:00:00+00:00,Footwear,1,919.99,0.14274259541111833,4311,1,0.1159161769676696,COD,South,1,2,0
2691,2023-03-08 00:00:00+00:00,Footwear,1,1338.24,0.0,4390,2,0.717722239196037,Prepaid,East,7,1,0
3858,2023-03-08 00:00:00+00:00,Apparel,1,151.85,0.0,3294,0,0.0,Prepaid,North,3,8,0
632,2023-03-08 00:00:00+00:00,Electronics,0,815.11,0.4855312441670738,1922,3,0.25604094954948703,Prepaid,West,3,1,0
4742,2023-03-08 00:00:00+00:00,Apparel,1,3241.77,0.0,2233,1,0.10987714990029414,Prepaid,West,7,6,0
3611,2023-03-08 00:00:00+00:00,Electronics,0,1431.07,0.05715923813155803,2020,3,0.3084184581191112,COD,North,9,5,0
4556,2023-03-08 00:00:00+00:00,Home,0,3349.65,0.279290957606801,3553,1,0.08882353978203608,Prepaid,West,7,1,0
1425,2023-03-08 00:00:00+00:00,Electronics,0,316.24,0.0,2219,0,0.0,Prepaid,North,14,0,0
381,2023-03-08 00:00:00+00:00,Electronics,0,2697.72,0.22689969460899986,3445,5,0.17792308261669962,COD,North,11,0,0
3097,2023-03-08 00:00:00+00:00,Footwear,1,1866.21,0.0,1471,1,0.4570217178880354,COD,West,7,3,0
581,2023-03-08 00:00:00+00:00,Beauty,0,1026.37,0.6240928837389086,4423,0,0.0,Prepaid,East,1,3,0
2892,2023-03-08 00:00:00+00:00,Home,0,204.51,0.0,4203,1,0.04430792125077022,Prepaid,West,7,1,0
1643,2023-03-08 00:00:00+00:00,Footwear,1,2394.94,0.2728486172427794,3314,3,0.15373282686726297,COD,East,11,0,0
2881,2023-03-08 00:00:00+00:00,Footwear,1,1079.26,0.05237382710192597,3220,2,0.31472842188429173,Prepaid,East,11,5,0
1465,2023-03-08 00:00:00+00:00,Home,0,388.78,0.0,3939,2,0.0672467347057656,Prepaid,South,11,1,0
3853,2023-03-08 00:00:00+00:00,Apparel,1,881.66,0.03337113480314595,4399,1,0.08079529825936392,Prepaid,North,9,0,0
792,2023-03-08 00:00:00+00:00,Apparel,1,2367.46,0.0,1637,4,0.14590551297664195,COD,North,7,0,0
1444,2023-03-08 00:00:00+00:00,Beauty,0,2021.78,0.0,1284,0,0.0,Prepaid,West,12,7,0
273,2023-03-08 00:00:00+00:00,Apparel,1,764.08,0.0,3463,0,0.0,Prepaid,South,1,0,0
490,2023-03-08 00:00:00+00:00,Beauty,0,2756.97,0.0,4081,1,0.05754310267144081,COD,South,10,7,0
2692,2023-03-08 00:00:00+00:00,Footwear,1,795.82,0.0,2444,3,0.1976367273491441,Prepaid,West,10,2,0
2411,2023-03-08 00:00:00+00:00,Footwear,1,3201.37,0.0,2064,2,0.09018292749310672,Prepaid,South,11,1,1
4917,2023-03-09 00:00:00+00:00,Electronics,0,2729.91,0.0,3010,3,0.15101352358853856,COD,South,9,4,0
1527,2023-03-09 00:00:00+00:00,Apparel,1,856.85,0.0,2113,1,0.03299361295735841,Prepaid,East,3,3,0
3399,2023-03-09 00:00:00+00:00,Footwear,1,3263.03,0.1483494338119702,1801,2,0.26322942365247437,Prepaid,North,13,1,0
1469,2023-03-09 00:00:00+00:00,Apparel,1,1349.41,0.0,3238,4,0.0445398485918543,Prepaid,South,4,0,0
4647,2023-03-09 00:00:00+00:00,Apparel,1,1786.53,0.19102969858388835,2129,1,0.17442986721706888,COD,North,2,2,0
1570,2023-03-09 00:00:00+00:00,Electronics,0,853.38,0.0,1048,1,0.3404516262966939,Prepaid,East,3,6,0
4321,2023-03-09 00:00:00+00:00,Electronics,0,1158.24,0.0,2067,3,0.47493351340316214,Prepaid,West,8,0,1
4846,2023-03-09 00:00:00+00:00,Electronics,0,3334.52,0.0,4343,1,0.10601912335755218,COD,West,12,3,0
1129,2023-03-09 00:00:00+00:00,Apparel,1,2071.83,0.018269698508606852,4495,0,0.0,Prepaid,West,14,1,0
1669,2023-03-09 00:00:00+00:00,Apparel,1,784.66,0.14608884035122216,3962,2,0.0836825915133799,Prepaid,East,11,0,0
3565,2023-03-09 00:00:00+00:00,Apparel,1,11318.31,0.4484030117702731,2706,2,0.07749710736688246,Prepaid,South,5,0,0
4309,2023-03-09 00:00:00+00:00,Electronics,0,5760.79,0.10154507878646946,1920,2,0.298179543202227,Prepaid,West,12,4,0
1952,2023-03-09 00:00:00+00:00,Beauty,0,526.6,0.0,2613,4,0.051340457648497,Prepaid,East,5,3,0
1330,2023-03-09 00:00:00+00:00,Apparel,1,942.66,0.0,2770,1,0.29250423032922407,Prepaid,North,2,1,0
443,2023-03-09 00:00:00+00:00,Apparel,1,3860.83,0.0,2980,3,0.07042596427583087,Prepaid,South,5,1,0
4218,2023-03-09 00:00:00+00:00,Apparel,1,860.31,0.19946608738683363,1999,2,0.2392599761105198,Prepaid,West,10,0,0
2390,2023-03-09 00:00:00+00:00,Apparel,1,783.64,0.4932524840127025,1803,3,0.19774245554105851,Prepaid,North,10,0,1
998,2023-03-09 00:00:00+00:00,Footwear,1,928.91,0.0,2372,3,0.01023650155572216,COD,South,10,4,0
3604,2023-03-09 00:00:00+00:00,Beauty,0,1248.13,0.17338516003937632,1274,1,0.14550932705353548,COD,East,7,4,0
1385,2023-03-09 00:00:00+00:00,Electronics,0,542.95,0.0,3265,0,0.0,Prepaid,West,11,4,0
3134,2023-03-09 00:00:00+00:00,Electronics,0,391.31,0.046279899996255563,3246,2,0.01108204680516972,Prepaid,South,14,16,1
1340,2023-03-09 00:00:00+00:00,Apparel,1,655.1,0.4737499484134059,1943,2,0.005669140498533512,Prepaid,East,10,0,0
2778,2023-03-09 00:00:00+00:00,Home,0,308.58,0.0,1691,3,0.15670014585608635,COD,West,11,0,0
2209,2023-03-09 00:00:00+00:00,Home,0,251.47,0.0,4182,0,0.0,Prepaid,East,14,2,0
3463,2023-03-09 00:00:00+00:00,Apparel,1,1234.88,0.2113770908442411,2025,4,0.004860866085762552,COD,North,1,4,0
3784,2023-03-10 00:00:00+00:00,Apparel,1,363.32,0.1480881394659787,3797,1,0.43736641928046416,Prepaid,North,8,16,1
2687,2023-03-10 00:00:00+00:00,Apparel,1,3503.0,0.023846861126939484,2926,4,0.25213356601458126,COD,East,12,2,1
1268,2023-03-10 00:00:00+00:00,Electronics,0,2172.24,0.0,3301,3,0.3340701795100494,COD,East,13,1,1
4014,2023-03-10 00:00:00+00:00,Electronics,0,149.06,0.0,3213,4,0.16580800704182352,Prepaid,South,6,0,0
408,2023-03-10 00:00:00+00:00,Electronics,0,826.75,0.0,1861,1,0.3426876298522399,Prepaid,East,7,1,0
4279,2023-03-10 00:00:00+00:00,Footwear,1,356.49,0.0,3581,2,0.11157090035084742,Prepaid,North,4,0,0
3864,2023-03-10 00:00:00+00:00,Footwear,1,959.46,0.25339030556382114,2134,0,0.0,Prepaid,East,8,2,0
2534,2023-03-10 00:00:00+00:00,Apparel,1,392.32,0.0,2335,0,0.0,Prepaid,East,8,0,1
891,2023-03-10 00:00:00+00:00,Footwear,1,991.05,0.10408132607785144,3737,5,0.2667046885615641,Prepaid,West,9,4,0
1745,2023-03-10 00:00:00+00:00,Footwear,1,175.55,0.0,1611,0,0.0,Prepaid,South,2,1,0
3739,2023-03-10 00:00:00+00:00,Home,0,2525.07,0.0,1637,0,0.0,Prepaid,North,12,6,0
4596,2023-03-10 00:00:00+00:00,Electronics,0,953.58,0.0,2034,5,0.004216868429672156,Prepaid,West,6,7,0
4171,2023-03-10 00:00:00+00:00,Apparel,1,1477.37,0.31475795165673537,3873,1,0.09421267437418843,COD,West,10,5,0
572,2023-03-10 00:00:00+00:00,Apparel,1,6911.45,0.0,1876,1,0.20739862956339514,COD,South,14,6,0
1630,2023-03-10 00:00:00+00:00,Apparel,1,966.66,0.35949864171360413,4479,1,0.18161642240594025,COD,West,12,1,0
3817,2023-03-10 00:00:00+00:00,Electronics,0,1134.53,0.06553638585003824,3456,2,0.03789829602169007,COD,East,13,1,0
1939,2023-03-10 00:00:00+00:00,Home,0,997.63,0.0,3230,4,0.6672028085890195,Prepaid,North,11,1,0
660,2023-03-10 00:00:00+00:00,Footwear,1,954.13,0.0,1096,5,0.0264657410738004,Prepaid,West,6,3,0
2179,2023-03-10 00:00:00+00:00,Apparel,1,1241.42,0.4655560113897542,3432,2,0.3134597795728412,Prepaid,East,12,11,1
1870,2023-03-10 00:00:00+00:00,Apparel,1,1201.05,0.4817375819426688,1771,2,0.3365751437613354,Prepaid,East,12,0,1
1209,2023-03-10 00:00:00+00:00,Electronics,0,494.92,0.0,1222,5,0.25693066869191145,Prepaid,South,1,3,0
3927,2023-03-10 00:00:00+00:00,Apparel,1,814.46,0.12274246827211685,1738,1,0.5176023829865654,Prepaid,North,3,1,0
2376,2023-03-10 00:00:00+00:00,Beauty,0,3597.71,0.0,1308,1,0.04738879410240537,Prepaid,North,9,2,0
1353,2023-03-10 00:00:00+00:00,Electronics,0,4548.02,0.0,1334,2,0.15188614741325002,COD,West,8,0,0
2771,2023-03-10 00:00:00+00:00,Electronics,0,199.43,0.0,3699,0,0.0,Prepaid,East,8,4,0
1591,2023-03-10 00:00:00+00:00,Footwear,1,649.68,0.0,2124,2,0.12764344300776745,Prepaid,West,8,1,0
3137,2023-03-10 00:00:00+00:00,Beauty,0,850.59,0.02529734449046475,1281,0,0.0,Prepaid,South,13,0,0
274,2023-03-10 00:00:00+00:00,Electronics,0,625.91,0.0,2492,1,0.20312943405184802,COD,East,11,7,0
712,2023-03-10 00:00:00+00:00,Beauty,0,2852.13,0.18449437027704405,2922,4,0.22572439486474374,COD,West,13,4,1
2566,2023-03-10 00:00:00+00:00,Apparel,1,2308.31,0.46213386709410764,3613,4,0.27740425040419625,COD,West,8,0,0
2002,2023-03-10 00:00:00+00:00,Apparel,1,1014.36,0.10282041356186782,1808,2,0.3356852886124026,Prepaid,South,12,0,0
1216,2023-03-10 00:00:00+00:00,Home,0,5809.6,0.23355416354201686,3264,0,0.0,Prepaid,East,6,3,0
877,2023-03-10 00:00:00+00:00,Footwear,1,1504.24,0.0,2469,1,0.5991346235028634,Prepaid,North,9,1,1
2927,2023-03-10 00:00:00+00:00,Beauty,0,1554.81,0.2972105163003107,3745,1,0.2610810516739597,Prepaid,North,6,4,0
2371,2023-03-10 00:00:00+00:00,Apparel,1,1548.26,0.3718245433470465,3723,3,0.4399060059342979,Prepaid,South,10,2,0
937,2023-03-11 00:00:00+00:00,Apparel,1,3432.96,0.11500311352540873,2849,3,0.2944652048020113,Prepaid,North,13,2,1
2590,2023-03-11 00:00:00+00:00,Beauty,0,1949.37,0.22764996139915708,3640,2,0.4194935193532331,Prepaid,East,10,6,0
3111,2023-03-11 00:00:00+00:00,Electronics,0,1920.39,0.0,1928,3,0.055522371800471176,Prepaid,West,11,0,0
1621,2023-03-11 00:00:00+00:00,Apparel,1,1696.18,0.19215057420832082,3907,3,0.03566377529040657,COD,West,5,8,0
4020,2023-03-11 00:00:00+00:00,Apparel,1,881.57,0.0,2645,2,0.0509837207710294,Prepaid,South,7,1,0
2909,2023-03-11 00:00:00+00:00,Beauty,0,2039.86,0.0,3574,3,0.5532583123705886,COD,East,4,5,0
4503,2023-03-11 00:00:00+00:00,Home,0,424.94,0.030745875801386005,2993,4,0.08989906522316946,Prepaid,West,2,5,0
4986,2023-03-11 00:00:00+00:00,Beauty,0,2046.83,0.24124651702324085,1692,0,0.0,Prepaid,West,5,2,0
4906,2023-03-11 00:00:00+00:00,Electronics,0,11149.06,0.0,1421,2,0.09471751312693703,Prepaid,West,4,11,0
2559,2023-03-11 00:00:00+00:00,Electronics,0,597.78,0.13746425171736687,2267,0,0.0,Prepaid,East,1,1,0
98,2023-03-11 00:00:00+00:00,Electronics,0,594.26,0.0,2927,2,0.11543350402859869,Prepaid,North,14,2,0
3805,2023-03-11 00:00:00+00:00,Apparel,1,989.49,0.0,3558,0,0.0,Prepaid,South,2,4,0
2114,2023-03-11 00:00:00+00:00,Apparel,1,10780.11,0.1507400168950927,2569,0,0.0,COD,North,3,0,0
1651,2023-03-11 00:00:00+00:00,Electronics,0,222.78,0.0,4443,2,0.13776061157401207,Prepaid,South,5,0,0
1790,2023-03-11 00:00:00+00:00,Home,0,720.22,0.08199406584491051,2073,0,0.0,COD,East,8,5,0
1626,2023-03-11 00:00:00+00:00,Apparel,1,973.52,0.0,1128,3,0.002294593323721327,Prepaid,East,3,3,1
2610,2023-03-11 00:00:00+00:00,Footwear,1,7971.7,0.37370425162671705,2246,4,0.0610670967856396,Prepaid,East,6,3,0
1382,2023-03-11 00:00:00+00:00,Apparel,1,1678.77,0.4591527552774598,1639,0,0.0,Prepaid,South,6,1,0
4759,2023-03-11 00:00:00+00:00,Apparel,1,5900.79,0.0,1995,2,0.10946362422251353,COD,South,11,1,0
3454,2023-03-11 00:00:00+00:00,Electronics,0,730.43,0.1904630100163034,1955,1,0.12537448361018186,COD,South,14,7,0
340,2023-03-11 00:00:00+00:00,Footwear,1,5619.2,0.10109753110314028,2255,0,0.0,Prepaid,West,13,1,0
3921,2023-03-11 00:00:00+00:00,Electronics,0,501.78,0.0,2764,3,0.002581474867890294,Prepaid,North,12,0,0
3369,2023-03-11 00:00:00+00:00,Footwear,1,757.04,0.30658756660891384,3123,0,0.0,Prepaid,West,8,6,0
1360,2023-03-11 00:00:00+00:00,Apparel,1,1407.53,0.5373177895087441,2277,2,0.1261741327877384,Prepaid,East,13,3,0
383,2023-03-11 00:00:00+00:00,Beauty,0,759.63,0.17466326821255662,2656,4,0.10218127197647213,Prepaid,South,9,3,0
1588,2023-03-11 00:00:00+00:00,Apparel,1,1275.72,0.0,4096,0,0.0,Prepaid,East,5,1,0
2257,2023-03-11 00:00:00+00:00,Apparel,1,1334.11,0.0,1284,1,0.30678227263207924,Prepaid,East,4,0,0
1855,2023-03-12 00:00:00+00:00,Apparel,1,813.1,0.3965451671856697,2770,0,0.0,Prepaid,South,7,12,0
393,2023-03-12 00:00:00+00:00,Electronics,0,586.66,0.0,1058,1,0.14789701490144452,Prepaid,North,11,4,0
3753,2023-03-12 00:00:00+00:00,Apparel,1,1611.59,0.19094594639410714,2731,1,0.06664662147781722,Prepaid,South,8,8,1
213,2023-03-12 00:00:00+00:00,Home,0,446.71,0.0,4453,2,0.008784467114326294,Prepaid,West,9,0,0
4027,2023-03-12 00:00:00+00:00,Home,0,1983.46,0.32759290549550035,1789,0,0.0,Prepaid,North,1,6,0
1871,2023-03-12 00:00:00+00:00,Apparel,1,699.21,0.0,2856,1,0.3928264893770996,Prepaid,East,9,0,1
4815,2023-03-12 00:00:00+00:00,Footwear,1,21851.06,0.0,2732,1,0.20400946182713828,Prepaid,North,9,0,0
3964,2023-03-12 00:00:00+00:00,Apparel,1,451.84,0.0,3539,2,0.3577899454618118,COD,North,10,2,0
4022,2023-03-12 00:00:00+00:00,Footwear,1,1462.66,0.0,3371,0,0.0,Prepaid,North,8,0,0
897,2023-03-12 00:00:00+00:00,Electronics,0,930.39,0.0,3833,3,0.06501916357825806,Prepaid,East,12,0,0
2897,2023-03-12 00:00:00+00:00,Apparel,1,1509.74,0.0,3995,2,0.5825154075009686,COD,North,7,0,1
4513,2023-03-12 00:00:00+00:00,Apparel,1,1598.69,0.2201267551339911,3802,2,0.0794119777423569,Prepaid,South,2,0,0
2575,2023-03-12 00:00:00+00:00,Beauty,0,7308.25,0.10076797592440505,3747,4,0.45431262457506205,Prepaid,North,3,4,0
4382,2023-03-12 00:00:00+00:00,Footwear,1,4196.03,0.0,2957,2,0.14384359035094296,Prepaid,West,5,1,0
1709,2023-03-12 00:00:00+00:00,Beauty,0,699.36,0.0033738049957128258,3221,2,0.04898786932055246,Prepaid,North,3,16,0
1582,2023-03-12 00:00:00+00:00,Electronics,0,855.59,0.266829097280474,3398,2,0.6234587344886994,COD,West,13,0,0
2253,2023-03-12 00:00:00+00:00,Electronics,0,1679.95,0.0,1770,3,0.051887006131075226,Prepaid,South,7,1,0
3712,2023-03-12 00:00:00+00:00,Home,0,1051.1,0.17726839649077816,2147,1,0.0037338251711135652,Prepaid,East,2,1,0
4007,2023-03-12 00:00:00+00:00,Footwear,1,509.62,0.0,2834,3,0.2344496239052381,Prepaid,East,3,4,1
4096,2023-03-12 00:00:00+00:00,Footwear,1,3074.09,0.04451026860521073,1080,3,0.06878373288167824,COD,West,2,1,0
916,2023-03-12 00:00:00+00:00,Electronics,0,425.53,0.0,1224,2,0.26530722571070586,Prepaid,East,9,3,0
1945,2023-03-12 00:00:00+00:00,Footwear,1,2449.66,0.0,4115,1,0.4597308482767882,COD,East,7,0,0
939,2023-03-12 00:00:00+00:00,Electronics,0,3157.77,0.0,1345,1,0.016285616703255436,Prepaid,West,4,1,0
4791,2023-03-12 00:00:00+00:00,Apparel,1,1606.72,0.15857049753114677,4065,2,0.12960388798735695,COD,North,14,0,0
468,2023-03-12 00:00:00+00:00,Electronics,0,2376.46,0.0,1823,1,0.09285154391990419,Prepaid,North,3,0,0
482,2023-03-12 00:00:00+00:00,Beauty,0,4592.6,0.12216504188118914,3709,0,0.0,COD,South,13,0,0
699,2023-03-12 00:00:00+00:00,Electronics,0,895.4,0.0,1014,0,0.0,Prepaid,West,2,1,0
4657,2023-03-12 00:00:00+00:00,Apparel,1,922.19,0.0,2482,1,0.06862394346647498,COD,East,12,1,0
4602,2023-03-12 00:00:00+00:00,Footwear,1,95.19,0.22868564212456255,4352,3,0.1688655739377778,COD,South,6,0,0
4434,2023-03-12 00:00:00+00:00,Apparel,1,1970.0,0.0,3179,3,0.3505451667386893,COD,North,2,3,0
4012,2023-03-12 00:00:00+00:00,Apparel,1,376.7,0.0,3109,1,0.2853311528883842,Prepaid,West,8,0,0
4213,2023-03-13 00:00:00+00:00,Apparel,1,325.83,0.0,2058,4,0.04880005806499236,COD,North,14,6,1
4209,2023-03-13 00:00:00+00:00,Electronics,0,2131.76,0.05090157046343031,4029,2,0.1527814792673022,Prepaid,East,13,1,0
3036,2023-03-13 00:00:00+00:00,Home,0,371.28,0.6061889347834108,4253,3,0.3125763528826701,Prepaid,North,12,2,0
3709,2023-03-13 00:00:00+00:00,Footwear,1,5503.3,0.0,2327,0,0.0,Prepaid,East,12,2,0
3056,2023-03-13 00:00:00+00:00,Apparel,1,2798.55,0.7026196209845759,4088,2,0.0719728404692165,COD,North,11,0,1
1892,2023-03-13 00:00:00+00:00,Electronics,0,718.28,0.05799818498797806,2305,2,0.05428130439654093,COD,South,3,2,0
617,2023-03-13 00:00:00+00:00,Apparel,1,5290.74,0.2359390264454034,1840,0,0.0,Prepaid,West,11,8,1
620,2023-03-13 00:00:00+00:00,Footwear,1,508.54,0.18934875193151615,3713,3,0.12804130391589702,Prepaid,East,5,0,0
1481,2023-03-13 00:00:00+00:00,Footwear,1,271.85,0.0,2546,2,0.46397956411784835,Prepaid,East,6,1,0
1489,2023-03-13 00:00:00+00:00,Apparel,1,109.8,0.0,3680,2,0.6002932985706279,Prepaid,North,3,0,0
4064,2023-03-13 00:00:00+00:00,Electronics,0,2210.75,0.01097645070838163,4383,1,0.1284403987632957,Prepaid,South,14,3,0
2502,2023-03-13 00:00:00+00:00,Electronics,0,6299.89,0.0,2235,2,0.507415300036484,Prepaid,West,9,1,1
1440,2023-03-13 00:00:00+00:00,Electronics,0,920.67,0.0,2776,4,0.24352011678129407,Prepaid,North,1,2,0
2768,2023-03-13 00:00:00+00:00,Electronics,0,367.59,0.0,1226,2,0.09733289808171534,COD,West,10,0,1
3933,2023-03-13 00:00:00+00:00,Apparel,1,1161.32,0.0410440232020634,2238,1,0.05229361026029002,Prepaid,East,6,2,0
2742,2023-03-13 00:00:00+00:00,Apparel,1,2916.09,0.21759038167759465,3546,0,0.0,COD,North,3,7,0
3443,2023-03-13 00:00:00+00:00,Apparel,1,1516.17,0.0,3949,2,0.0382584845357143,Prepaid,East,13,2,0
941,2023-03-13 00:00:00+00:00,Footwear,1,181.06,0.0,1095,2,0.0010533177577447636,COD,West,8,0,0
444,2023-03-13 00:00:00+00:00,Beauty,0,1766.78,0.0,3538,0,0.0,Prepaid,West,11,1,0
760,2023-03-13 00:00:00+00:00,Apparel,1,833.14,0.0,1489,0,0.0,Prepaid,East,14,3,0
137,2023-03-13 00:00:00+00:00,Apparel,1,439.43,0.0,2878,3,0.05366119529613572,Prepaid,South,6,0,0
933,2023-03-13 00:00:00+00:00,Apparel,1,4003.45,0.0,1377,2,0.05152828611983607,Prepaid,West,1,1,0
2987,2023-03-13 00:00:00+00:00,Footwear,1,1291.13,0.0,3242,1,0.12438444888604497,Prepaid,South,10,0,0
516,2023-03-13 00:00:00+00:00,Footwear,1,3141.23,0.0,4347,0,0.0,COD,North,14,2,1
3239,2023-03-13 00:00:00+00:00,Home,0,7249.08,0.0,1709,1,0.09109942344895675,COD,West,1,3,0
2094,2023-03-13 00:00:00+00:00,Electronics,0,2204.94,0.0,2344,2,0.12811247944962656,Prepaid,South,3,0,0
3162,2023-03-13 00:00:00+00:00,Home,0,2913.96,0.30016910055024565,3856,3,0.11038257369828793,Prepaid,South,3,8,0
4175,2023-03-13 00:00:00+00:00,Apparel,1,536.79,0.063130453189332,2253,2,0.10994762527249305,Prepaid,East,4,0,0
4168,2023-03-13 00:00:00+00:00,Footwear,1,617.23,0.2455554407554733,2385,3,0.1235947260454498,Prepaid,East,5,15,0
531,2023-03-13 00:00:00+00:00,Electronics,0,2835.06,0.0,1691,2,0.08726484756002786,Prepaid,South,12,6,1
1038,2023-03-14 00:00:00+00:00,Electronics,0,5642.43,0.0,2366,2,0.10027462230256509,Prepaid,West,1,3,0
1097,2023-03-14 00:00:00+00:00,Home,0,1336.07,0.0,2559,1,0.14414991101334224,Prepaid,South,11,6,0
124,2023-03-14 00:00:00+00:00,Electronics,0,991.94,0.0,1848,1,0.01341884930397408,Prepaid,South,12,1,0
1930,2023-03-14 00:00:00+00:00,Electronics,0,236.47,0.0,3550,4,0.17907350574351774,Prepaid,West,11,0,1
2616,2023-03-14 00:00:00+00:00,Home,0,617.9,0.06961572732170357,3372,2,0.01446243000235788,Prepaid,West,11,7,1
2492,2023-03-14 00:00:00+00:00,Footwear,1,381.71,0.12100186108328767,2539,1,0.1728430851230641,COD,South,2,0,0
266,2023-03-14 00:00:00+00:00,Apparel,1,707.55,0.0,1381,2,0.6096773667992658,Prepaid,South,14,1,0
674,2023-03-14 00:00:00+00:00,Home,0,505.16,0.0,2500,3,0.032635162236129625,Prepaid,East,10,0,0
2161,2023-03-14 00:00:00+00:00,Home,0,7878.81,0.0,3978,3,0.010474841349251798,Prepaid,East,12,1,0
4957,2023-03-14 00:00:00+00:00,Electronics,0,1157.25,0.0,1604,4,0.23275360401498746,Prepaid,East,7,0,1
1370,2023-03-14 00:00:00+00:00,Footwear,1,630.78,0.0,3130,1,0.26629798515816716,COD,West,5,7,0
2221,2023-03-14 00:00:00+00:00,Home,0,1651.76,0.16612063293449322,1256,5,0.31850624948159195,COD,West,1,0,0
4577,2023-03-14 00:00:00+00:00,Home,0,415.36,0.0,2575,1,0.006189154292767037,Prepaid,South,14,1,0
4557,2023-03-14 00:00:00+00:00,Apparel,1,3072.41,0.0,3925,2,0.06738310798594713,Prepaid,East,7,4,0
4569,2023-03-14 00:00:00+00:00,Apparel,1,757.25,0.0,1080,4,0.5110918302354577,COD,West,4,3,0
4116,2023-03-14 00:00:00+00:00,Electronics,0,856.12,0.1013363910428614,1913,2,0.4627246622526185,Prepaid,West,12,4,0
58,2023-03-14 00:00:00+00:00,Apparel,1,1257.85,0.18618517458605663,3657,1,0.00599241213026989,Prepaid,South,10,2,0
1293,2023-03-14 00:00:00+00:00,Electronics,0,1462.19,0.08267297859239894,3974,3,0.517847442851848,Prepaid,North,5,1,1
195,2023-03-14 00:00:00+00:00,Apparel,1,2739.55,0.0,2492,4,0.019654407002574963,Prepaid,South,14,1,0
984,2023-03-14 00:00:00+00:00,Apparel,1,462.88,0.0,3706,3,0.4574653063523235,COD,North,9,6,1
3512,2023-03-14 00:00:00+00:00,Footwear,1,78.56,0.0,2412,2,0.11118921046044764,COD,North,3,0,0
4260,2023-03-14 00:00:00+00:00,Footwear,1,1806.98,0.0,4144,1,0.04402141682410683,Prepaid,East,13,9,0
3812,2023-03-15 00:00:00+00:00,Apparel,1,1414.28,0.2925048858355126,4294,2,0.1769838952369203,COD,East,14,0,0
77,2023-03-15 00:00:00+00:00,Beauty,0,888.76,0.0,2823,2,0.28442650227298627,Prepaid,East,12,2,0
4409,2023-03-15 00:00:00+00:00,Electronics,0,3621.9,0.31695768694927906,2883,3,0.2086049828061914,Prepaid,South,6,0,0
2015,2023-03-15 00:00:00+00:00,Apparel,1,7201.58,0.1701607222700683,3666,3,0.1735776094579964,COD,East,3,0,0
551,2023-03-15 00:00:00+00:00,Electronics,0,915.2,0.2688152911601466,3339,2,0.025172837372954976,COD,West,10,1,0
3394,2023-03-15 00:00:00+00:00,Home,0,329.24,0.0,2684,2,0.15296680217132308,Prepaid,North,13,5,0
2731,2023-03-15 00:00:00+00:00,Footwear,1,1890.32,0.30634087788778186,3865,3,0.19542744241223386,COD,West,8,2,0
1121,2023-03-15 00:00:00+00:00,Apparel,1,255.99,0.0,1335,3,0.24052435150999535,Prepaid,South,6,3,0
4176,2023-03-15 00:00:00+00:00,Electronics,0,541.86,0.0,2099,1,0.19065674644960964,COD,South,3,2,1
4611,2023-03-15 00:00:00+00:00,Home,0,1384.15,0.0,2537,1,0.31436344646407827,COD,East,14,7,0
759,2023-03-15 00:00:00+00:00,Electronics,0,802.27,0.1282275998434282,2864,1,0.14811019676338547,Prepaid,South,12,3,0
2874,2023-03-15 00:00:00+00:00,Footwear,1,258.16,0.0,2526,1,0.4155185026439186,COD,West,6,5,1
1333,2023-03-15 00:00:00+00:00,Apparel,1,198.98,0.4223280402957129,3635,3,0.043321287492352,COD,West,4,2,0
2441,2023-03-15 00:00:00+00:00,Apparel,1,1888.22,0.0,2398,4,0.04373723190618079,Prepaid,South,12,0,1
2718,2023-03-15 00:00:00+00:00,Footwear,1,582.0,0.2443512488991495,3305,1,0.05323940710050821,COD,East,9,2,0
2480,2023-03-15 00:00:00+00:00,Electronics,0,16253.08,0.0,3498,2,0.1929338752301303,Prepaid,West,4,2,0
123,2023-03-15 00:00:00+00:00,Apparel,1,1432.37,0.32498905968306674,2792,1,0.07651251413909353,Prepaid,East,3,13,0
4989,2023-03-15 00:00:00+00:00,Electronics,0,1358.88,0.0,1399,6,0.3747148257164971,Prepaid,North,13,5,0
399,2023-03-15 00:00:00+00:00,Beauty,0,428.26,0.0,2885,3,0.05483769641739889,COD,West,3,1,0
2295,2023-03-15 00:00:00+00:00,Apparel,1,284.53,0.0,3321,1,0.10986345892441896,Prepaid,West,12,0,0
1166,2023-03-15 00:00:00+00:00,Apparel,1,4030.21,0.0,2578,0,0.0,Prepaid,West,4,0,0
3926,2023-03-15 00:00:00+00:00,Apparel,1,5173.92,0.0,3227,3,0.16929638318640325,Prepaid,East,11,5,0
4930,2023-03-15 00:00:00+00:00,Apparel,1,462.1,0.0,4066,1,0.5038391525647041,COD,West,12,3,1
683,2023-03-15 00:00:00+00:00,Apparel,1,1032.8,0.0,3951,1,0.5034799106266359,COD,West,12,2,1
3749,2023-03-15 00:00:00+00:00,Electronics,0,885.47,0.0,1491,3,0.23469660949957238,COD,North,9,1,0
4328,2023-03-15 00:00:00+00:00,Electronics,0,1296.57,0.0,1979,2,0.1822230535207045,Prepaid,North,9,1,0
705,2023-03-15 00:00:00+00:00,Apparel,1,1120.79,0.0,1474,1,0.0017067948089033937,Prepaid,West,10,0,0
3381,2023-03-15 00:00:00+00:00,Electronics,0,10157.05,0.0,4011,1,0.05955752679193267,Prepaid,East,11,0,0
1098,2023-03-15 00:00:00+00:00,Apparel,1,3338.46,0.0,1101,1,0.021683901866358747,Prepaid,North,8,2,0
359,2023-03-15 00:00:00+00:00,Electronics,0,341.2,0.26327069944723613,3648,3,0.07418487719878519,COD,East,14,1,0
569,2023-03-15 00:00:00+00:00,Apparel,1,1465.56,0.0,2026,2,0.14251718332333077,Prepaid,East,12,2,0
2818,2023-03-15 00:00:00+00:00,Electronics,0,3883.18,0.0,2649,1,0.222293930328507,COD,East,2,1,0
2207,2023-03-16 00:00:00+00:00,Footwear,1,5136.05,0.0,1998,3,0.22652480156535684,COD,West,1,0,1
2520,2023-03-16 00:00:00+00:00,Apparel,1,2676.11,0.0,2659,2,0.25483346084979236,Prepaid,North,10,6,0
3058,2023-03-16 00:00:00+00:00,Footwear,1,3892.45,0.11642883511530516,2896,2,0.0114338255491029,COD,South,4,2,0
2501,2023-03-16 00:00:00+00:00,Electronics,0,140.29,0.17895671220047216,2345,1,0.5288183567822613,Prepaid,North,3,3,0
2783,2023-03-16 00:00:00+00:00,Electronics,0,316.39,0.266781903407282,2627,0,0.0,Prepaid,South,4,2,0
1549,2023-03-16 00:00:00+00:00,Footwear,1,708.69,0.028002695277361433,1126,0,0.0,COD,North,4,4,1
4816,2023-03-16 00:00:00+00:00,Home,0,6007.56,0.0,2994,2,0.135204879098692,Prepaid,East,7,1,0
1504,2023-03-16 00:00:00+00:00,Electronics,0,873.83,0.0,3256,2,0.09383733862024334,Prepaid,East,8,11,0
1132,2023-03-16 00:00:00+00:00,Home,0,635.45,0.5017350208527915,1154,1,0.033772048088823343,Prepaid,East,7,7,0
704,2023-03-16 00:00:00+00:00,Footwear,1,6693.21,0.0,2723,3,0.5288819074085933,COD,West,4,1,0
1004,2023-03-16 00:00:00+00:00,Apparel,1,762.27,0.29379905707443565,1613,1,0.022072111984060932,Prepaid,West,6,0,0
1158,2023-03-16 00:00:00+00:00,Beauty,0,234.53,0.0,1590,4,0.25597800915185986,Prepaid,South,9,6,0
491,2023-03-16 00:00:00+00:00,Beauty,0,2325.95,0.430118219906666,4226,0,0.0,COD,East,3,2,0
667,2023-03-16 00:00:00+00:00,Footwear,1,170.11,0.18226897015548804,1735,1,0.4593610201489684,Prepaid,South,11,6,1
3727,2023-03-16 00:00:00+00:00,Footwear,1,4331.81,0.0,3618,1,0.09007897627724631,Prepaid,North,3,3,0
909,2023-03-16 00:00:00+00:00,Apparel,1,3430.72,0.0,1722,0,0.0,Prepaid,East,11,9,0
613,2023-03-16 00:00:00+00:00,Apparel,1,194.6,0.0,4498,3,0.10005751054032733,COD,North,7,7,1
2080,2023-03-16 00:00:00+00:00,Apparel,1,515.93,0.0,2589,4,0.14553361910387422,Prepaid,South,14,6,0
4618,2023-03-16 00:00:00+00:00,Apparel,1,621.47,0.24278589531834918,2453,6,0.3411678024527133,Prepaid,South,14,2,0
4953,2023-03-16 00:00:00+00:00,Footwear,1,617.13,0.006036026663759991,1669,3,0.01510742013309268,Prepaid,West,6,4,0
1031,2023-03-16 00:00:00+00:00,Apparel,1,4679.21,0.08110440482214215,2211,3,0.23356565249199063,Prepaid,North,2,2,0
1314,2023-03-16 00:00:00+00:00,Apparel,1,1512.92,0.0,2624,3,0.2763196021703677,COD,South,1,0,0
1905,2023-03-16 00:00:00+00:00,Apparel,1,1404.16,0.152628479253765,3505,1,0.46008821730114097,Prepaid,West,2,8,0
3206,2023-03-17 00:00:00+00:00,Electronics,0,402.77,0.0,2118,2,0.20701542753076194,COD,South,9,0,0
3388,2023-03-17 00:00:00+00:00,Electronics,0,1723.3,0.0,3123,1,0.4646439341216388,COD,West,7,1,0
4060,2023-03-17 00:00:00+00:00,Apparel,1,523.3,0.019780665670839845,4215,0,0.0,Prepaid,North,6,1,0
3233,2023-03-17 00:00:00+00:00,Footwear,1,980.74,0.0,1213,2,0.005108753785849047,Prepaid,South,12,1,0
1829,2023-03-17 00:00:00+00:00,Footwear,1,2985.86,0.0,2693,4,0.18061902059560248,Prepaid,North,4,0,1
3157,2023-03-17 00:00:00+00:00,Electronics,0,1175.41,0.22297771397295835,1546,2,0.3360696598450544,Prepaid,East,10,0,1
4228,2023-03-17 00:00:00+00:00,Beauty,0,3848.71,0.0,4319,2,0.0947951331137001,COD,East,14,6,0
791,2023-03-17 00:00:00+00:00,Electronics,0,1062.26,0.0,3140,3,0.1052154106805702,COD,South,3,0,0
3432,2023-03-17 00:00:00+00:00,Apparel,1,361.77,0.0,2770,3,0.1463568459156839,Prepaid,East,14,3,0
2311,2023-03-17 00:00:00+00:00,Electronics,0,3142.19,0.0,2138,0,0.0,Prepaid,West,14,0,0
319,2023-03-17 00:00:00+00:00,Apparel,1,1488.7,0.4394686492563814,3354,2,0.14425907316359,Prepaid,North,12,1,1
4725,2023-03-17 00:00:00+00:00,Beauty,0,961.51,0.0,2187,2,0.030944270528904097,Prepaid,North,4,0,0
927,2023-03-17 00:00:00+00:00,Electronics,0,485.37,0.0,1357,3,0.32300777547422826,COD,North,10,2,0
3544,2023-03-17 00:00:00+00:00,Apparel,1,1066.9,0.42082650438840963,2512,2,0.06256629491523116,COD,South,14,2,0
2064,2023-03-17 00:00:00+00:00,Apparel,1,332.57,0.0,1425,2,0.32069540682992564,Prepaid,North,6,0,0
1913,2023-03-17 00:00:00+00:00,Apparel,1,241.29,0.2102958507165863,2960,2,0.08334425049337815,Prepaid,East,2,0,0
160,2023-03-17 00:00:00+00:00,Electronics,0,1355.29,0.037304084618094605,1961,2,0.2934837812542817,COD,North,7,4,0
2694,2023-03-17 00:00:00+00:00,Electronics,0,846.63,0.05636013162828754,3480,1,0.07126862136123994,Prepaid,East,9,0,0
3063,2023-03-17 00:00:00+00:00,Apparel,1,865.23,0.0,2782,2,0.24566441573774242,COD,North,5,0,0
1395,2023-03-17 00:00:00+00:00,Apparel,1,467.71,0.130455616754225,2292,1,0.012206704716948895,Prepaid,East,14,5,0
4024,2023-03-17 00:00:00+00:00,Apparel,1,5012.12,0.0,1958,4,0.38655808509781414,COD,East,9,4,0
4446,2023-03-17 00:00:00+00:00,Electronics,0,873.37,0.0,3762,2,0.2736839183868613,COD,West,4,1,0
2181,2023-03-17 00:00:00+00:00,Apparel,1,3180.28,0.0047013479601365205,3094,0,0.0,Prepaid,West,10,0,0
924,2023-03-17 00:00:00+00:00,Beauty,0,1277.58,0.38249395918625184,2104,3,0.5321631633709109,COD,West,13,2,0
2964,2023-03-17 00:00:00+00:00,Home,0,1071.39,0.0,3220,0,0.0,Prepaid,West,14,1,0
914,2023-03-17 00:00:00+00:00,Electronics,0,6377.2,0.18408457547637122,1545,2,0.5321189853933886,Prepaid,West,4,4,0
4719,2023-03-17 00:00:00+00:00,Home,0,1725.4,0.0,3140,4,0.2092597940635616,COD,South,8,2,0
653,2023-03-17 00:00:00+00:00,Electronics,0,5429.59,0.0,2971,3,0.23718811133015524,Prepaid,South,1,2,0
1949,2023-03-17 00:00:00+00:00,Electronics,0,1118.14,0.0,2024,1,0.33249003040389374,COD,West,12,0,0
18,2023-03-17 00:00:00+00:00,Home,0,833.27,0.0,2577,0,0.0,COD,South,13,4,1
621,2023-03-17 00:00:00+00:00,Beauty,0,509.99,0.0,4228,5,0.041627788856919194,Prepaid,West,7,2,0
2631,2023-03-17 00:00:00+00:00,Footwear,1,5211.89,0.0,2464,1,0.0850722962773845,COD,East,13,1,0
4635,2023-03-17 00:00:00+00:00,Electronics,0,326.88,0.03130424117222813,2803,1,0.18164224823895708,Prepaid,East,3,4,0
1535,2023-03-17 00:00:00+00:00,Footwear,1,1321.05,0.0,3296,0,0.0,Prepaid,North,10,0,0
4375,2023-03-17 00:00:00+00:00,Apparel,1,218.91,0.5534840111906828,2980,2,0.20384256543130605,Prepaid,North,9,1,0
158,2023-03-17 00:00:00+00:00,Apparel,1,283.4,0.0,3450,2,0.3727990589582705,Prepaid,South,3,0,0
2679,2023-03-18 00:00:00+00:00,Footwear,1,217.69,0.2727988794218088,4476,0,0.0,COD,North,6,4,1
3017,2023-03-18 00:00:00+00:00,Beauty,0,2166.77,0.04789275065500123,4254,3,0.09236393643282956,Prepaid,West,2,0,0
1632,2023-03-18 00:00:00+00:00,Electronics,0,130.24,0.3554238818209473,1074,3,0.42247214509689135,Prepaid,East,14,5,1
2954,2023-03-18 00:00:00+00:00,Apparel,1,705.1,0.0,1559,1,0.3588660239492768,Prepaid,North,3,0,0
2755,2023-03-18 00:00:00+00:00,Electronics,0,6040.44,0.004427222670773973,2538,1,0.5330857290299513,COD,North,12,3,1
3029,2023-03-18 00:00:00+00:00,Electronics,0,198.82,0.0,1808,5,0.33208401483155503,Prepaid,North,11,5,0
3757,2023-03-18 00:00:00+00:00,Footwear,1,573.72,0.0,2002,4,0.3295275737392543,Prepaid,West,3,8,0
576,2023-03-18 00:00:00+00:00,Footwear,1,1333.77,0.0,2480,1,0.07904118056403504,Prepaid,South,11,3,0
4517,2023-03-18 00:00:00+00:00,Footwear,1,635.46,0.0,2081,2,0.13649174114171417,Prepaid,North,14,2,0
1521,2023-03-18 00:00:00+00:00,Home,0,17111.55,0.0,1985,4,0.47506497861809305,Prepaid,South,10,2,0
4488,2023-03-18 00:00:00+00:00,Footwear,1,4646.47,0.04485129238343808,4129,1,0.07965135474760192,COD,East,2,13,0
703,2023-03-18 00:00:00+00:00,Beauty,0,549.7,0.0,1967,0,0.0,Prepaid,West,6,2,0
1240,2023-03-18 00:00:00+00:00,Apparel,1,4080.8,0.0,4151,1,0.14654704190033963,Prepaid,North,9,3,1
1432,2023-03-18 00:00:00+00:00,Apparel,1,6179.38,0.0,2920,2,0.3811777310957727,Prepaid,South,8,1,1
755,2023-03-18 00:00:00+00:00,Home,0,156.18,0.0,1145,1,0.3524214698224765,Prepaid,North,14,8,0
3923,2023-03-18 00:00:00+00:00,Apparel,1,1991.13,0.0,1240,3,0.4822475899047357,Prepaid,East,4,2,0
1325,2023-03-18 00:00:00+00:00,Electronics,0,275.02,0.2965097339945228,2790,1,0.2100629957618424,Prepaid,North,9,3,0
2791,2023-03-18 00:00:00+00:00,Home,0,406.15,0.0,1077,1,0.28041082907084114,Prepaid,South,10,0,0
1919,2023-03-18 00:00:00+00:00,Apparel,1,2769.82,0.13540423728717652,2560,0,0.0,Prepaid,South,14,0,1
4376,2023-03-18 00:00:00+00:00,Electronics,0,673.02,0.0,3282,1,0.43583351976257584,COD,West,4,3,0
2062,2023-03-18 00:00:00+00:00,Electronics,0,2688.37,0.17631433238252192,1745,0,0.0,COD,East,9,0,0
4248,2023-03-18 00:00:00+00:00,Electronics,0,1687.32,0.0,4278,3,0.40281734283998666,Prepaid,East,7,2,0
4824,2023-03-18 00:00:00+00:00,Beauty,0,1693.36,0.0,2218,1,0.14319930592626526,COD,South,6,4,0
2535,2023-03-18 00:00:00+00:00,Home,0,2471.41,0.0,3442,1,0.3390241143130422,Prepaid,South,4,4,0
1963,2023-03-18 00:00:00+00:00,Apparel,1,1456.69,0.0,4268,5,0.02564788107673166,Prepaid,West,11,5,0
954,2023-03-18 00:00:00+00:00,Apparel,1,721.53,0.0,2685,6,0.18304155523111243,Prepaid,North,13,2,0
2840,2023-03-18 00:00:00+00:00,Apparel,1,2029.67,0.5805974462905695,2277,0,0.0,Prepaid,South,14,0,1
4224,2023-03-18 00:00:00+00:00,Apparel,1,395.61,0.030633518209618002,1370,4,0.25015065876728954,COD,East,13,8,1
925,2023-03-18 00:00:00+00:00,Electronics,0,359.64,0.019645191435364293,1673,1,0.08782761252281858,Prepaid,West,5,1,0
3625,2023-03-19 00:00:00+00:00,Home,0,1005.97,0.2301057413436316,2778,1,0.05539920284530933,COD,East,4,6,0
4782,2023-03-19 00:00:00+00:00,Electronics,0,442.35,0.0,2195,1,0.27377240181838725,Prepaid,East,1,1,0
2683,2023-03-19 00:00:00+00:00,Beauty,0,1327.31,0.0,3792,0,0.0,COD,South,9,1,0
2292,2023-03-19 00:00:00+00:00,Electronics,0,4928.4,0.0,3944,3,0.1227785424095108,COD,South,14,1,0
1551,2023-03-19 00:00:00+00:00,Home,0,1912.92,0.0,2514,4,0.18288582995371536,Prepaid,West,14,2,1
1035,2023-03-19 00:00:00+00:00,Electronics,0,1461.0,0.14856598830554127,1818,0,0.0,Prepaid,North,10,0,0
3644,2023-03-19 00:00:00+00:00,Electronics,0,2736.62,0.0,2126,0,0.0,Prepaid,West,3,5,0
547,2023-03-19 00:00:00+00:00,Apparel,1,403.99,0.3163816922800898,2840,1,0.04925830969971494,Prepaid,South,13,2,0
3104,2023-03-19 00:00:00+00:00,Footwear,1,5360.51,0.2222907942709066,1197,0,0.0,COD,West,1,9,1
1094,2023-03-19 00:00:00+00:00,Electronics,0,667.96,0.0,2772,2,0.05265999215680895,COD,West,4,2,0
2349,2023-03-19 00:00:00+00:00,Footwear,1,1701.5,0.0,2034,1,0.08962191012043466,Prepaid,South,9,0,0
1153,2023-03-19 00:00:00+00:00,Beauty,0,1059.84,0.21554616698534496,1522,1,0.29387070893153217,Prepaid,South,11,4,0
890,2023-03-19 00:00:00+00:00,Beauty,0,1746.13,0.4871147718561225,3422,2,0.19844995600786258,Prepaid,West,1,1,0
513,2023-03-19 00:00:00+00:00,Apparel,1,448.56,0.0,4028,2,0.17678392836460288,Prepaid,West,14,7,0
3547,2023-03-19 00:00:00+00:00,Electronics,0,1640.57,0.0,3404,2,0.4443936120547073,Prepaid,West,2,0,0
489,2023-03-19 00:00:00+00:00,Apparel,1,393.27,0.0,1261,2,0.21443728047135557,Prepaid,East,3,5,1
3333,2023-03-19 00:00:00+00:00,Beauty,0,1535.63,0.0,2620,2,0.43266103605571277,Prepaid,East,12,1,0
3009,2023-03-19 00:00:00+00:00,Footwear,1,2282.7,0.18100227353856446,3868,2,0.3381390440963018,Prepaid,East,4,3,0
1278,2023-03-19 00:00:00+00:00,Home,0,4090.65,0.0,1534,4,0.508937773220482,COD,East,7,5,0
2789,2023-03-19 00:00:00+00:00,Electronics,0,708.23,0.0,3444,6,0.31749863455878424,Prepaid,West,9,3,1
3943,2023-03-19 00:00:00+00:00,Footwear,1,1258.85,0.08148353502119518,4312,1,0.3569369264824651,Prepaid,North,6,0,0
3203,2023-03-19 00:00:00+00:00,Apparel,1,1136.97,0.0,4228,4,0.08340348654579527,Prepaid,East,7,4,1
3894,2023-03-19 00:00:00+00:00,Apparel,1,680.69,0.0,2157,2,0.6568687662387088,Prepaid,South,13,1,1
3890,2023-03-19 00:00:00+00:00,Home,0,1203.63,0.06342979739300332,3270,0,0.0,Prepaid,South,14,3,0
3919,2023-03-19 00:00:00+00:00,Apparel,1,2446.28,0.0,1746,2,0.43898443436366763,COD,East,2,1,0
3870,2023-03-19 00:00:00+00:00,Apparel,1,175.27,0.17235723865316693,3143,4,0.36182724018146134,Prepaid,West,11,0,1
347,2023-03-19 00:00:00+00:00,Apparel,1,610.73,0.16538844209739334,3045,3,0.19613646710159235,COD,East,12,0,0
698,2023-03-19 00:00:00+00:00,Apparel,1,678.72,0.0,4322,3,0.29336670814932925,COD,West,2,1,0
3085,2023-03-19 00:00:00+00:00,Apparel,1,2063.46,0.10716840132514567,1922,3,0.376579496291559,Prepaid,South,8,2,1
2120,2023-03-19 00:00:00+00:00,Footwear,1,1446.26,0.0,2359,1,0.10181554141748486,Prepaid,South,7,0,1
2148,2023-03-20 00:00:00+00:00,Electronics,0,982.84,0.13222116682130855,1438,1,0.4871240694955583,COD,South,8,0,0
2435,2023-03-20 00:00:00+00:00,Apparel,1,332.85,0.18014614092404785,3146,5,0.10316463563655005,Prepaid,South,7,0,0
2024,2023-03-20 00:00:00+00:00,Apparel,1,669.69,0.0,1833,2,0.10554393409104555,Prepaid,West,3,0,0
145,2023-03-20 00:00:00+00:00,Home,0,1199.88,0.2053009326565557,4091,2,0.3939574372570423,Prepaid,North,11,9,1
2193,2023-03-20 00:00:00+00:00,Home,0,860.13,0.0,2186,2,0.2824865212680873,COD,East,4,0,0
1381,2023-03-20 00:00:00+00:00,Beauty,0,6296.26,0.0,3762,1,0.4120866397928466,COD,East,6,0,0
1646,2023-03-20 00:00:00+00:00,Home,0,3486.46,0.0,1853,1,0.5601361561925683,Prepaid,North,4,2,0
3740,2023-03-20 00:00:00+00:00,Beauty,0,2086.99,0.0,2857,3,0.230061249261475,Prepaid,West,2,4,0
3255,2023-03-20 00:00:00+00:00,Apparel,1,431.2,0.0,1680,3,0.2858763291897943,COD,East,10,3,0
4086,2023-03-20 00:00:00+00:00,Apparel,1,4902.27,0.0,3431,1,0.23266957915215647,COD,West,7,0,0
2641,2023-03-20 00:00:00+00:00,Home,0,898.69,0.0,1381,2,0.09638168952886718,Prepaid,South,8,8,0
2572,2023-03-20 00:00:00+00:00,Footwear,1,6158.35,0.0,1134,2,0.05546186607408469,COD,South,8,2,0
190,2023-03-20 00:00:00+00:00,Apparel,1,645.1,0.2561842603578682,4070,4,0.25651911431665525,Prepaid,West,5,4,0
1752,2023-03-20 00:00:00+00:00,Home,0,256.53,0.11479076631268496,2252,3,0.25284720411716943,Prepaid,West,7,5,0
813,2023-03-20 00:00:00+00:00,Electronics,0,159.41,0.0,4441,2,0.10062708975482364,Prepaid,South,2,1,0
1773,2023-03-20 00:00:00+00:00,Apparel,1,1795.67,0.0,1002,2,0.2163522043662282,Prepaid,North,9,4,0
4711,2023-03-20 00:00:00+00:00,Electronics,0,527.49,0.0,3920,1,0.1265607650609449,Prepaid,North,14,2,0
131,2023-03-20 00:00:00+00:00,Apparel,1,897.45,0.3270438660921867,3212,3,0.018087542063638856,COD,North,13,0,0
3500,2023-03-20 00:00:00+00:00,Apparel,1,913.37,0.218022612842675,3320,1,0.20301035811767504,COD,East,4,10,0
1106,2023-03-20 00:00:00+00:00,Beauty,0,1907.82,0.24009525804442822,1218,0,0.0,Prepaid,North,5,6,0
4974,2023-03-20 00:00:00+00:00,Beauty,0,272.28,0.2079351453985565,2329,1,0.10518298163069338,Prepaid,West,14,1,0
4190,2023-03-20 00:00:00+00:00,Apparel,1,677.54,0.0,1599,1,0.32513260192074156,Prepaid,South,11,3,1
1944,2023-03-20 00:00:00+00:00,Apparel,1,674.63,0.0,4380,3,0.3505719966673076,COD,East,1,2,0
3020,2023-03-20 00:00:00+00:00,Electronics,0,1124.05,0.0,3250,0,0.0,Prepaid,East,4,1,0
3602,2023-03-20 00:00:00+00:00,Electronics,0,1901.63,0.3056411633116408,1772,4,0.0065571730802216075,Prepaid,North,5,0,0
3013,2023-03-20 00:00:00+00:00,Home,0,1007.58,0.0,1328,3,0.13508670259848804,Prepaid,West,13,0,0
1974,2023-03-20 00:00:00+00:00,Home,0,659.15,0.0,1541,0,0.0,Prepaid,East,7,1,0
1839,2023-03-20 00:00:00+00:00,Apparel,1,578.32,0.19786526205330618,1284,4,0.09624258613662896,Prepaid,West,8,0,0
3215,2023-03-20 00:00:00+00:00,Apparel,1,587.98,0.14370664804080838,1063,1,0.2939260723589594,Prepaid,East,9,8,0
186,2023-03-21 00:00:00+00:00,Apparel,1,1241.69,0.0,1279,4,0.15581012203961056,Prepaid,South,3,0,0
4092,2023-03-21 00:00:00+00:00,Apparel,1,1001.99,0.0,1063,2,0.15624965253480877,Prepaid,South,12,2,1
3377,2023-03-21 00:00:00+00:00,Apparel,1,290.05,0.0,1412,1,0.1868818064675714,Prepaid,West,2,1,0
277,2023-03-21 00:00:00+00:00,Electronics,0,627.37,0.0,3321,1,0.07503771581166953,Prepaid,South,5,0,0
3683,2023-03-21 00:00:00+00:00,Electronics,0,796.73,0.1842120093290924,1717,3,0.5473295134738756,Prepaid,East,5,2,0
3184,2023-03-21 00:00:00+00:00,Footwear,1,3084.94,0.03582893107202316,2118,2,0.5785992012867179,Prepaid,East,13,2,1
832,2023-03-21 00:00:00+00:00,Apparel,1,952.02,0.0,2870,3,0.046194882500491155,Prepaid,North,1,3,1
561,2023-03-21 00:00:00+00:00,Beauty,0,320.56,0.0,1154,3,0.047176134423649124,COD,South,13,0,0
3505,2023-03-21 00:00:00+00:00,Electronics,0,4212.91,0.0,4282,1,0.3773328145503434,Prepaid,South,8,2,0
2289,2023-03-21 00:00:00+00:00,Apparel,1,714.28,0.0,4408,3,0.13110256485408936,Prepaid,South,8,1,0
3332,2023-03-21 00:00:00+00:00,Footwear,1,3609.14,0.0,2665,3,0.041741330865959825,COD,South,7,3,1
826,2023-03-21 00:00:00+00:00,Apparel,1,402.4,0.0,2439,0,0.0,Prepaid,East,9,3,0
3081,2023-03-21 00:00:00+00:00,Apparel,1,232.39,0.0,2862,2,0.20187003941656848,Prepaid,West,10,0,0
3666,2023-03-21 00:00:00+00:00,Electronics,0,626.45,0.0,1524,3,0.29416160678506625,Prepaid,South,6,3,0
3568,2023-03-21 00:00:00+00:00,Apparel,1,1786.33,0.0,1445,3,0.3394109160605881,COD,North,3,0,0
50,2023-03-21 00:00:00+00:00,Apparel,1,565.5,0.1587034492581466,2230,4,0.15357008026159272,Prepaid,North,11,3,0
775,2023-03-21 00:00:00+00:00,Home,0,4312.41,0.0,2058,2,0.009711857074111796,Prepaid,West,14,1,0
3947,2023-03-21 00:00:00+00:00,Footwear,1,914.1,0.0,2541,4,0.16674109074315013,COD,South,1,5,0
3466,2023-03-21 00:00:00+00:00,Apparel,1,9321.84,0.0,2950,1,0.06354505815080512,COD,East,12,2,1
2186,2023-03-21 00:00:00+00:00,Apparel,1,1350.6,0.0,4277,2,0.1515592183173146,Prepaid,South,9,2,1
3464,2023-03-21 00:00:00+00:00,Beauty,0,1300.44,0.0,4232,2,0.005174107622801142,Prepaid,West,11,2,0
456,2023-03-22 00:00:00+00:00,Home,0,790.01,0.24936599646775337,1681,3,0.14052169829807534,Prepaid,East,2,0,0
1452,2023-03-22 00:00:00+00:00,Home,0,131.88,0.05999712757355136,2789,4,0.057113370634339675,Prepaid,East,7,7,0
2772,2023-03-22 00:00:00+00:00,Apparel,1,922.3,0.0,4319,1,0.07364206971008605,Prepaid,North,6,16,0
4302,2023-03-22 00:00:00+00:00,Apparel,1,5414.86,0.02831142356429743,3743,1,0.4286702755865129,Prepaid,North,12,0,1
3617,2023-03-22 00:00:00+00:00,Apparel,1,931.43,0.0,3432,4,0.15160873553720414,Prepaid,East,12,0,0
2400,2023-03-22 00:00:00+00:00,Beauty,0,481.2,0.12599755406383392,3921,1,0.06964348252461622,COD,North,4,1,0
1998,2023-03-22 00:00:00+00:00,Apparel,1,612.9,0.4084491609419356,2712,2,0.04909348733653302,Prepaid,North,7,0,0
2072,2023-03-22 00:00:00+00:00,Apparel,1,489.17,0.03136482615301321,1115,1,0.1396432165573032,COD,North,13,0,0
3829,2023-03-22 00:00:00+00:00,Home,0,1688.81,0.12331272816921486,4132,1,0.0839870970283838,COD,East,13,2,0
976,2023-03-22 00:00:00+00:00,Footwear,1,159.89,0.017524812245220886,4344,1,0.3690417855052563,COD,North,4,8,0
4595,2023-03-22 00:00:00+00:00,Apparel,1,1489.26,0.0,4318,2,0.09941116109060974,Prepaid,East,2,0,0
2723,2023-03-22 00:00:00+00:00,Home,0,1001.87,0.2533884492713039,2650,2,0.01835209387088536,Prepaid,East,8,3,0
2980,2023-03-22 00:00:00+00:00,Footwear,1,207.54,0.1985418722121929,1424,0,0.0,COD,South,2,0,0
1722,2023-03-22 00:00:00+00:00,Home,0,373.29,0.0,1952,3,0.02666588017161366,Prepaid,South,8,2,0
2776,2023-03-22 00:00:00+00:00,Apparel,1,277.25,0.0,1469,4,0.12385045933023935,Prepaid,West,9,0,0
2470,2023-03-22 00:00:00+00:00,Home,0,5626.09,0.0,3278,3,0.7099245629809167,Prepaid,East,8,0,1
2888,2023-03-22 00:00:00+00:00,Electronics,0,1534.03,0.22580336324658634,3572,3,0.17341240847815143,COD,West,4,0,0
1137,2023-03-22 00:00:00+00:00,Apparel,1,683.6,0.23971408595394375,1531,5,0.10284561165138077,Prepaid,South,14,1,0
4301,2023-03-22 00:00:00+00:00,Footwear,1,184.62,0.07489186900634712,2959,3,0.26054201422095286,COD,North,9,1,0
1441,2023-03-22 00:00:00+00:00,Apparel,1,759.92,0.0,1297,1,0.23635593358177873,COD,South,14,2,1
2988,2023-03-22 00:00:00+00:00,Apparel,1,427.73,0.35385819046934797,2995,4,0.05863985651247057,Prepaid,East,5,2,0
3478,2023-03-22 00:00:00+00:00,Beauty,0,2361.01,0.3444892226533929,3661,2,0.421532659499186,Prepaid,West,9,0,0
2270,2023-03-22 00:00:00+00:00,Apparel,1,2158.42,0.2950775242140167,3659,4,0.005891563275175693,COD,South,7,0,0
3647,2023-03-22 00:00:00+00:00,Electronics,0,279.16,0.0,4369,2,0.06421600172336046,Prepaid,South,11,8,0
514,2023-03-22 00:00:00+00:00,Footwear,1,163.49,0.0,3300,2,0.03295979162561068,Prepaid,East,8,2,0
226,2023-03-22 00:00:00+00:00,Electronics,0,769.75,0.0,1882,0,0.0,Prepaid,South,14,2,0
4941,2023-03-23 00:00:00+00:00,Beauty,0,319.86,0.0,3064,4,0.272150400677014,COD,South,12,1,0
3914,2023-03-23 00:00:00+00:00,Footwear,1,2470.75,0.0,1487,0,0.0,Prepaid,West,14,0,0
3827,2023-03-23 00:00:00+00:00,Footwear,1,885.17,0.0,3613,4,0.044567723064893976,Prepaid,East,13,1,0
3886,2023-03-23 00:00:00+00:00,Apparel,1,1309.86,0.17959562901919449,1304,0,0.0,Prepaid,East,8,1,1
824,2023-03-23 00:00:00+00:00,Beauty,0,456.42,0.0,1727,3,0.07939874657141897,Prepaid,West,4,9,0
1057,2023-03-23 00:00:00+00:00,Apparel,1,1544.35,0.0,2456,3,0.05618200193402466,COD,West,8,1,0
1228,2023-03-23 00:00:00+00:00,Apparel,1,599.8,0.0,3356,2,0.313651046553508,Prepaid,East,2,12,0
4406,2023-03-23 00:00:00+00:00,Apparel,1,740.59,0.2652181375397106,2542,1,0.09018321775000657,COD,West,11,0,0
168,2023-03-23 00:00:00+00:00,Apparel,1,1189.02,0.14063267116891018,3442,2,0.3040128646383924,Prepaid,West,13,1,0
200,2023-03-23 00:00:00+00:00,Electronics,0,867.49,0.0,2207,4,0.11196122675019198,Prepaid,West,1,8,0
1929,2023-03-23 00:00:00+00:00,Beauty,0,972.36,0.0,2423,2,0.38336043016992505,Prepaid,East,5,2,0
4708,2023-03-23 00:00:00+00:00,Apparel,1,303.3,0.0,2209,3,0.0017106690359657633,Prepaid,South,5,0,0
4198,2023-03-23 00:00:00+00:00,Electronics,0,1368.08,0.0,3745,2,0.17067921032422473,COD,East,9,13,0
811,2023-03-23 00:00:00+00:00,Home,0,274.07,0.0,2257,2,0.09383419608565405,Prepaid,West,14,2,0
60,2023-03-23 00:00:00+00:00,Home,0,1167.95,0.3242736351705299,3714,2,0.17340669941103362,Prepaid,South,2,1,0
962,2023-03-23 00:00:00+00:00,Apparel,1,624.88,0.0,3653,0,0.0,Prepaid,West,1,0,0
4741,2023-03-23 00:00:00+00:00,Electronics,0,8262.47,0.0,1781,1,0.046210169767946854,Prepaid,East,5,1,0
4552,2023-03-23 00:00:00+00:00,Home,0,3315.94,0.0,4452,4,0.3114880139162031,COD,West,1,1,1
3039,2023-03-23 00:00:00+00:00,Apparel,1,990.48,0.0,1249,1,0.5182460840839983,COD,North,7,3,0
4317,2023-03-23 00:00:00+00:00,Apparel,1,423.65,0.10677632230989294,3205,2,0.39309363781423645,Prepaid,North,1,4,0
1168,2023-03-23 00:00:00+00:00,Apparel,1,936.55,0.0,1515,2,0.31993669448464973,COD,East,3,4,0
3583,2023-03-23 00:00:00+00:00,Home,0,474.46,0.0,1645,5,0.3326519911551204,Prepaid,West,2,7,0
4573,2023-03-23 00:00:00+00:00,Footwear,1,360.76,0.07043526777535106,1843,3,0.05314392750661827,Prepaid,West,10,1,0
4560,2023-03-23 00:00:00+00:00,Electronics,0,317.28,0.0,2588,3,0.5770946419266084,COD,North,6,2,0
4558,2023-03-23 00:00:00+00:00,Electronics,0,1256.58,0.0,1559,2,0.4991242699327428,Prepaid,South,7,5,1
2362,2023-03-23 00:00:00+00:00,Footwear,1,712.55,0.30373142746600335,1239,2,0.25701973766237485,Prepaid,East,7,1,0
3169,2023-03-23 00:00:00+00:00,Apparel,1,406.87,0.0,3865,2,0.00795618032034683,COD,South,2,2,0
1590,2023-03-23 00:00:00+00:00,Electronics,0,2128.74,0.0,4328,5,0.02122981228009812,COD,West,3,1,0
4729,2023-03-23 00:00:00+00:00,Apparel,1,597.86,0.0,2820,2,0.29682844700830324,COD,West,2,2,0
2391,2023-03-23 00:00:00+00:00,Electronics,0,552.51,0.09458440092207532,1307,0,0.0,COD,South,4,1,0
1782,2023-03-23 00:00:00+00:00,Home,0,7256.68,0.054828000753782205,1080,2,0.0023332962336058936,Prepaid,North,13,3,0
501,2023-03-23 00:00:00+00:00,Home,0,456.95,0.0,1418,0,0.0,Prepaid,East,13,0,0
3108,2023-03-23 00:00:00+00:00,Electronics,0,6404.21,0.07020220717005093,2797,3,0.10854824236448044,Prepaid,South,2,1,0
3517,2023-03-23 00:00:00+00:00,Electronics,0,447.34,0.0,2153,4,0.17896373857623948,Prepaid,South,10,1,1
4624,2023-03-24 00:00:00+00:00,Beauty,0,1242.57,0.025119269975556566,2958,5,0.41629278033571027,Prepaid,North,2,4,0
278,2023-03-24 00:00:00+00:00,Home,0,2878.58,0.0,1907,1,0.02958004464866819,Prepaid,South,2,2,0
295,2023-03-24 00:00:00+00:00,Home,0,504.26,0.0,1029,3,0.09799870978242456,Prepaid,East,10,0,0
4988,2023-03-24 00:00:00+00:00,Apparel,1,4038.14,0.1280762570293251,1666,2,0.08378098770865615,Prepaid,West,12,1,1
3664,2023-03-24 00:00:00+00:00,Apparel,1,1336.17,0.253046137603649,1549,1,0.08093862868308606,Prepaid,West,13,1,1
2557,2023-03-24 00:00:00+00:00,Home,0,326.87,0.0,1057,2,0.02164807674053876,Prepaid,East,6,1,0
1699,2023-03-24 00:00:00+00:00,Beauty,0,4045.66,0.0,1117,2,0.4843842815209052,COD,South,12,0,0
3648,2023-03-24 00:00:00+00:00,Footwear,1,2799.42,0.0,2514,3,0.004551722246445345,Prepaid,North,10,4,0
348,2023-03-24 00:00:00+00:00,Footwear,1,150.59,0.44410673914867926,3659,1,0.20794738543387997,Prepaid,West,11,9,0
1737,2023-03-24 00:00:00+00:00,Apparel,1,81.83,0.3917115076627039,1788,2,0.04426448238765879,Prepaid,South,13,4,0
807,2023-03-24 00:00:00+00:00,Apparel,1,1483.78,0.0,2598,4,0.31675853326810655,COD,East,6,4,0
1878,2023-03-24 00:00:00+00:00,Home,0,1642.12,0.0,2514,1,0.4868207997754465,Prepaid,South,14,3,0
1163,2023-03-24 00:00:00+00:00,Apparel,1,1097.4,0.0,3635,4,0.1449081853724219,Prepaid,West,8,5,0
365,2023-03-24 00:00:00+00:00,Footwear,1,1663.82,0.0,4369,2,0.13882514609321028,Prepaid,North,1,3,0
250,2023-03-24 00:00:00+00:00,Footwear,1,1483.31,0.040290362087312195,1653,2,0.08671152779775412,Prepaid,South,4,6,0
3182,2023-03-24 00:00:00+00:00,Electronics,0,1050.1,0.0,2185,0,0.0,Prepaid,North,4,0,0
1539,2023-03-24 00:00:00+00:00,Apparel,1,467.89,0.22635811911857973,2505,4,0.7063331215112628,Prepaid,North,6,6,1
1882,2023-03-24 00:00:00+00:00,Beauty,0,398.39,0.0,3128,3,0.6502593015748417,Prepaid,West,13,1,0
1393,2023-03-24 00:00:00+00:00,Footwear,1,340.09,0.0,3346,3,0.42520353853583587,Prepaid,North,6,3,0
4765,2023-03-24 00:00:00+00:00,Home,0,1073.98,0.0,4270,1,0.11014026384779285,COD,East,9,1,0
1597,2023-03-24 00:00:00+00:00,Apparel,1,1789.49,0.0,1875,2,0.07442758237808603,COD,West,10,1,0
4475,2023-03-24 00:00:00+00:00,Electronics,0,8179.02,0.0,1039,2,0.025985533414315393,COD,South,4,7,0
2855,2023-03-24 00:00:00+00:00,Apparel,1,377.02,0.16015225511095094,2423,4,0.13807821354994904,COD,North,9,1,0
1656,2023-03-24 00:00:00+00:00,Apparel,1,2792.67,0.22867304632616,1844,1,0.4530487340631036,COD,East,14,3,0
4960,2023-03-24 00:00:00+00:00,Apparel,1,228.47,0.0,3133,2,0.09741089476817283,Prepaid,West,6,0,0
1885,2023-03-24 00:00:00+00:00,Footwear,1,2798.36,0.0,2239,1,0.4399035521960383,Prepaid,East,11,3,0
3736,2023-03-24 00:00:00+00:00,Electronics,0,833.1,0.0,1631,2,0.08316586141206309,Prepaid,North,14,0,0
4227,2023-03-25 00:00:00+00:00,Home,0,1186.54,0.0,2872,2,0.05662320050915544,COD,North,4,2,0
4199,2023-03-25 00:00:00+00:00,Home,0,881.71,0.0,1081,2,0.144597894000596,COD,South,7,6,0
2451,2023-03-25 00:00:00+00:00,Electronics,0,2081.43,0.0,4457,2,0.28269009789880184,Prepaid,West,7,2,0
2997,2023-03-25 00:00:00+00:00,Apparel,1,329.46,0.0,1750,1,0.4332010205675067,Prepaid,South,3,3,0
4051,2023-03-25 00:00:00+00:00,Apparel,1,541.08,0.0,4414,2,0.11809213356226787,Prepaid,West,4,2,0
4015,2023-03-25 00:00:00+00:00,Electronics,0,1167.94,0.4426852050771186,1507,0,0.0,Prepaid,West,12,1,0
957,2023-03-25 00:00:00+00:00,Beauty,0,195.73,0.1742088571248377,4409,1,0.3185091949169978,Prepaid,North,6,6,0
1296,2023-03-25 00:00:00+00:00,Apparel,1,587.76,0.26132009127337946,1057,2,0.2724460492798077,Prepaid,North,2,0,0
4239,2023-03-25 00:00:00+00:00,Home,0,1066.81,0.0,3420,0,0.0,Prepaid,North,14,8,0
135,2023-03-25 00:00:00+00:00,Apparel,1,481.19,0.0,2958,1,0.40225508224919526,Prepaid,North,11,0,0
4,2023-03-25 00:00:00+00:00,Footwear,1,3348.35,0.0,3632,0,0.0,COD,North,3,2,1
3411,2023-03-25 00:00:00+00:00,Apparel,1,1775.28,0.019978121616491276,2125,2,0.028683392111713748,Prepaid,North,2,0,0
4616,2023-03-25 00:00:00+00:00,Home,0,2298.8,0.4776519913674515,3150,5,0.07303514850278772,COD,South,9,1,0
3798,2023-03-25 00:00:00+00:00,Home,0,2041.31,0.16425103668874652,1031,1,0.10171465600776784,COD,North,14,4,1
3742,2023-03-25 00:00:00+00:00,Home,0,1553.23,0.0,3392,1,0.09617857678712832,Prepaid,East,12,1,0
2312,2023-03-25 00:00:00+00:00,Apparel,1,371.71,0.2334625153386417,2320,4,0.2573475265528376,Prepaid,South,13,2,0
4462,2023-03-25 00:00:00+00:00,Apparel,1,3009.5,0.0,1858,1,0.1497794256526459,Prepaid,North,5,3,0
2774,2023-03-25 00:00:00+00:00,Home,0,4612.7,0.0,1833,1,0.06505543877380562,Prepaid,East,10,1,0
2028,2023-03-25 00:00:00+00:00,Footwear,1,2794.08,0.07939228413963972,1074,1,0.4599967180257695,Prepaid,East,1,0,0
115,2023-03-25 00:00:00+00:00,Footwear,1,658.62,0.3438730819515471,1902,1,0.3669299531078521,Prepaid,North,1,4,0
3132,2023-03-25 00:00:00+00:00,Electronics,0,404.25,0.0,2546,3,0.37282294614734957,Prepaid,East,14,9,0
502,2023-03-25 00:00:00+00:00,Electronics,0,1941.01,0.0,3936,2,0.10888398271643761,COD,West,10,2,0
1687,2023-03-25 00:00:00+00:00,Apparel,1,357.38,0.1151770664831916,4291,2,0.09042570610451427,Prepaid,East,12,3,0
2204,2023-03-25 00:00:00+00:00,Home,0,1942.05,0.0,1011,3,0.11472715894221326,Prepaid,North,12,0,1
4991,2023-03-25 00:00:00+00:00,Footwear,1,836.4,0.0,2824,2,0.09539531061904985,COD,West,11,1,0
3190,2023-03-25 00:00:00+00:00,Electronics,0,365.83,0.3765323526611798,2184,1,0.009920774619309704,COD,South,8,0,0
3484,2023-03-25 00:00:00+00:00,Apparel,1,635.79,0.0,3968,2,0.4539029113329011,COD,East,14,13,1
4737,2023-03-25 00:00:00+00:00,Apparel,1,1336.41,0.0,2966,3,0.21105632997487925,Prepaid,North,9,4,1
3633,2023-03-26 00:00:00+00:00,Electronics,0,939.8,0.18241235898191666,2049,3,0.13677601811009601,Prepaid,East,13,0,0
956,2023-03-26 00:00:00+00:00,Apparel,1,2103.28,0.3543031918026678,1904,3,0.08741150321224501,Prepaid,West,6,1,0
2591,2023-03-26 00:00:00+00:00,Home,0,555.85,0.2362334166646751,1554,0,0.0,Prepaid,South,4,0,1
4306,2023-03-26 00:00:00+00:00,Apparel,1,2028.65,0.0,1637,4,0.09127234460400849,Prepaid,South,8,0,0
2238,2023-03-26 00:00:00+00:00,Apparel,1,1473.87,0.20801826286290392,3618,2,0.09818741414152007,COD,South,2,1,0
4161,2023-03-26 00:00:00+00:00,Electronics,0,1398.94,0.0,1439,4,0.10450337610316604,Prepaid,North,5,0,0
1852,2023-03-26 00:00:00+00:00,Footwear,1,402.28,0.0,4331,3,0.0554327816650918,COD,North,4,2,1
4181,2023-03-26 00:00:00+00:00,Electronics,0,767.0,0.0,2832,2,0.04452604066159443,COD,East,3,2,0
4668,2023-03-26 00:00:00+00:00,Home,0,6844.04,0.0,3824,1,0.1496665744847264,Prepaid,North,7,2,0
4677,2023-03-26 00:00:00+00:00,Electronics,0,608.81,0.0,2561,3,0.09457353488873163,COD,West,10,2,0
1765,2023-03-26 00:00:00+00:00,Apparel,1,5666.25,0.0,3908,0,0.0,COD,West,3,0,0
4572,2023-03-26 00:00:00+00:00,Electronics,0,3151.34,0.0,3276,2,0.14220951494569176,Prepaid,South,11,1,0
2256,2023-03-26 00:00:00+00:00,Home,0,385.85,0.0,1460,0,0.0,Prepaid,South,8,1,1
2345,2023-03-26 00:00:00+00:00,Apparel,1,2386.84,0.0,4123,1,0.31916267342310195,Prepaid,West,3,0,1
2596,2023-03-26 00:00:00+00:00,Footwear,1,1618.16,0.0,1619,1,0.11128563362949913,Prepaid,East,2,9,0
4420,2023-03-26 00:00:00+00:00,Footwear,1,1156.47,0.0,3778,3,0.3156781861905167,COD,West,7,0,0
2582,2023-03-26 00:00:00+00:00,Apparel,1,2198.6,0.04587538836359609,2491,2,0.030523162662173864,COD,North,12,1,0
4426,2023-03-26 00:00:00+00:00,Footwear,1,1077.3,0.0016338148802866742,2890,3,0.21106826069709056,COD,North,13,0,0
4439,2023-03-26 00:00:00+00:00,Apparel,1,623.23,0.2626312844364516,4084,5,0.11022039069945866,Prepaid,South,11,1,0
3862,2023-03-26 00:00:00+00:00,Apparel,1,1002.33,0.31952876279192244,4071,1,0.23706950849896608,Prepaid,West,11,2,0
4489,2023-03-26 00:00:00+00:00,Apparel,1,2565.07,0.22359231574337032,3338,6,0.34485695752517564,COD,North,5,0,0
3788,2023-03-26 00:00:00+00:00,Beauty,0,405.76,0.0,1014,3,0.08773517451658457,COD,West,10,1,0
719,2023-03-26 00:00:00+00:00,Electronics,0,1969.43,0.10643746950575565,3095,2,0.1384493028437106,Prepaid,North,7,7,0
527,2023-03-26 00:00:00+00:00,Apparel,1,390.99,0.0,3311,2,0.04552953788473155,Prepaid,West,3,9,0
2372,2023-03-26 00:00:00+00:00,Home,0,2489.5,0.0,3484,4,0.32794027010410076,Prepaid,North,12,0,0
4981,2023-03-26 00:00:00+00:00,Home,0,468.15,0.0,2189,1,0.23023605510776526,COD,West,5,0,0
881,2023-03-26 00:00:00+00:00,Apparel,1,483.76,0.17253573052212062,2120,1,0.024026006605949515,Prepaid,West,10,1,0
2357,2023-03-26 00:00:00+00:00,Beauty,0,210.8,0.0,2085,1,0.26533369703777704,Prepaid,North,12,2,0
1563,2023-03-26 00:00:00+00:00,Electronics,0,341.14,0.25970303059345723,1342,1,0.027032610203949137,Prepaid,East,1,2,0
3285,2023-03-27 00:00:00+00:00,Home,0,1607.47,0.3519278633619486,1341,5,0.17256529136162696,Prepaid,South,4,0,0
337,2023-03-27 00:00:00+00:00,Apparel,1,1230.61,0.09806920767869524,1724,0,0.0,Prepaid,West,4,4,0
3322,2023-03-27 00:00:00+00:00,Apparel,1,1472.34,0.03734058157397721,4110,0,0.0,Prepaid,South,12,0,0
282,2023-03-27 00:00:00+00:00,Electronics,0,229.18,0.0,1578,1,0.010281959165321347,Prepaid,South,12,0,0
2510,2023-03-27 00:00:00+00:00,Beauty,0,587.5,0.19112791121779474,3008,5,0.005962471277044694,Prepaid,East,4,1,0
4266,2023-03-27 00:00:00+00:00,Electronics,0,367.62,0.0,1442,2,0.01046951092635783,Prepaid,East,14,4,0
2086,2023-03-27 00:00:00+00:00,Footwear,1,870.27,0.30382682674621764,1280,3,0.5977563362755693,Prepaid,North,5,4,0
3361,2023-03-27 00:00:00+00:00,Beauty,0,797.55,0.2649954996047823,3630,1,0.3386305755981518,COD,North,10,1,0
3331,2023-03-27 00:00:00+00:00,Electronics,0,290.35,0.0,3746,3,0.14372151854559706,COD,East,4,6,1
3422,2023-03-27 00:00:00+00:00,Home,0,534.93,0.0,2537,1,0.25351344161165723,COD,North,5,7,0
4784,2023-03-27 00:00:00+00:00,Electronics,0,857.39,0.0,1213,3,0.30229015831568723,COD,East,4,1,0
4952,2023-03-27 00:00:00+00:00,Apparel,1,1421.42,0.0,2345,0,0.0,Prepaid,West,10,0,0
1888,2023-03-27 00:00:00+00:00,Electronics,0,4802.63,0.1628190663195101,3162,4,0.07668320784628846,Prepaid,North,1,14,0
4667,2023-03-27 00:00:00+00:00,Home,0,1599.3,0.0,1649,1,0.13434235472443692,Prepaid,West,10,0,0
3952,2023-03-27 00:00:00+00:00,Apparel,1,2827.81,0.06776855586934072,2980,0,0.0,Prepaid,East,4,0,0
1334,2023-03-27 00:00:00+00:00,Apparel,1,1113.34,0.2244544941270043,2229,2,0.3434344435621481,Prepaid,West,11,1,0
1072,2023-03-27 00:00:00+00:00,Electronics,0,2603.64,0.03293673478287193,1139,3,0.1896862234630054,COD,South,7,4,0
4650,2023-03-27 00:00:00+00:00,Apparel,1,409.82,0.2621014409983906,1121,2,0.09712639128572154,Prepaid,North,2,0,0
4413,2023-03-27 00:00:00+00:00,Beauty,0,651.4,0.0,4310,3,0.11168481694467465,Prepaid,West,2,1,1
471,2023-03-27 00:00:00+00:00,Apparel,1,599.73,0.34429167239066294,1895,3,0.21316695354683154,Prepaid,West,2,5,0
1409,2023-03-27 00:00:00+00:00,Electronics,0,164.12,0.0,4119,3,0.21942318134047642,COD,East,14,0,0
4485,2023-03-27 00:00:00+00:00,Electronics,0,5743.31,0.0,2341,3,0.3786011375739468,Prepaid,South,7,8,0
2650,2023-03-27 00:00:00+00:00,Apparel,1,288.03,0.26947434947811577,3770,2,0.27510597876806003,Prepaid,West,5,1,0
1677,2023-03-27 00:00:00+00:00,Beauty,0,195.79,0.0,1853,3,0.23187765379719424,COD,South,8,0,0
521,2023-03-27 00:00:00+00:00,Electronics,0,12345.59,0.0,3260,1,0.21761968390926656,Prepaid,East,5,1,0
361,2023-03-28 00:00:00+00:00,Apparel,1,1307.12,0.0,3840,2,0.20750417318909398,Prepaid,West,12,3,0
866,2023-03-28 00:00:00+00:00,Apparel,1,1939.35,0.0,2323,3,0.010320961948105393,Prepaid,West,3,2,0
2654,2023-03-28 00:00:00+00:00,Home,0,415.15,0.039277409275998265,1427,3,0.03543510921435197,Prepaid,East,11,5,0
2695,2023-03-28 00:00:00+00:00,Apparel,1,15618.29,0.0,1320,3,0.12587538640655965,COD,East,4,3,0
4594,2023-03-28 00:00:00+00:00,Apparel,1,780.11,0.0,3156,2,0.19995909759373226,Prepaid,West,8,1,0
4763,2023-03-28 00:00:00+00:00,Home,0,713.33,0.0,3872,3,0.18121358407344598,Prepaid,North,8,13,0
2556,2023-03-28 00:00:00+00:00,Apparel,1,4450.84,0.250445346572962,2661,4,0.0024690453314157447,Prepaid,South,3,2,1
307,2023-03-28 00:00:00+00:00,Apparel,1,274.73,0.0,2737,1,0.15356016050508514,COD,South,10,2,0
2972,2023-03-28 00:00:00+00:00,Apparel,1,487.04,0.06625278127515957,4298,2,0.1894191197256281,COD,North,11,1,0
2682,2023-03-28 00:00:00+00:00,Footwear,1,472.83,0.0328880241447773,1180,4,0.04520249497024716,Prepaid,North,7,2,1
948,2023-03-28 00:00:00+00:00,Home,0,629.63,0.0,2457,0,0.0,Prepaid,West,4,1,0
788,2023-03-28 00:00:00+00:00,Home,0,1466.01,0.13719633040053553,1460,1,0.25168614907118253,Prepaid,North,13,0,0
2188,2023-03-28 00:00:00+00:00,Apparel,1,162.13,0.0,2737,1,0.06589100414329664,Prepaid,East,13,2,0
961,2023-03-28 00:00:00+00:00,Footwear,1,910.07,0.0,3199,2,0.023121117379259797,Prepaid,South,13,4,0
2281,2023-03-28 00:00:00+00:00,Electronics,0,1391.1,0.0,3273,2,0.0854703101914158,COD,North,7,2,0
1322,2023-03-28 00:00:00+00:00,Home,0,3207.57,0.0,3571,1,0.16364853404390753,Prepaid,South,1,7,0
1934,2023-03-28 00:00:00+00:00,Apparel,1,5711.43,0.0,3875,1,0.020360343737881887,COD,North,4,0,0
4095,2023-03-28 00:00:00+00:00,Electronics,0,1666.55,0.0,2548,1,0.10775398559512088,COD,South,9,0,0
1505,2023-03-28 00:00:00+00:00,Apparel,1,2164.32,0.06245976567777191,2162,5,0.36503691481295414,Prepaid,North,12,8,1
3585,2023-03-28 00:00:00+00:00,Apparel,1,598.19,0.0,2414,1,0.10567013881174558,Prepaid,South,6,3,0
3335,2023-03-28 00:00:00+00:00,Electronics,0,2141.33,0.0,4180,2,0.1224376837808411,Prepaid,West,8,2,0
1901,2023-03-28 00:00:00+00:00,Electronics,0,2156.27,0.3020045919800973,2668,0,0.0,Prepaid,East,14,1,1
1355,2023-03-28 00:00:00+00:00,Apparel,1,2202.56,0.0,2110,3,0.2158967745196849,COD,North,1,0,0
2102,2023-03-28 00:00:00+00:00,Apparel,1,2043.15,0.0,1848,4,0.038703882888567076,Prepaid,South,6,1,0
1311,2023-03-28 00:00:00+00:00,Home,0,1260.34,0.0351310523926595,2896,1,0.06158077872935478,Prepaid,East,1,0,0
3960,2023-03-28 00:00:00+00:00,Home,0,314.79,0.04391792981627976,3214,0,0.0,Prepaid,East,4,0,0
4211,2023-03-28 00:00:00+00:00,Electronics,0,494.0,0.08052464991382499,3934,3,0.15906275469261486,COD,South,3,0,0
1416,2023-03-28 00:00:00+00:00,Apparel,1,5328.34,0.0,2937,2,0.16157934055624287,Prepaid,West,10,3,0
2389,2023-03-28 00:00:00+00:00,Home,0,838.63,0.0,2861,1,0.36967416962519534,COD,West,8,3,0
2144,2023-03-28 00:00:00+00:00,Apparel,1,880.2,0.0,1190,3,0.43484056556572004,COD,South,3,4,0
3685,2023-03-28 00:00:00+00:00,Apparel,1,371.49,0.0,1013,1,0.14784777871984306,Prepaid,North,13,6,1
4323,2023-03-29 00:00:00+00:00,Beauty,0,489.86,0.19585928635845112,1494,0,0.0,Prepaid,East,3,1,0
4526,2023-03-29 00:00:00+00:00,Apparel,1,977.82,0.0,2503,6,0.12412070959493349,COD,East,4,3,0
1854,2023-03-29 00:00:00+00:00,Electronics,0,1480.57,0.19571525732441244,2606,3,0.01810314589331193,COD,West,4,4,0
433,2023-03-29 00:00:00+00:00,Home,0,473.29,0.0,3708,4,0.09465644230470839,Prepaid,West,10,1,0
3145,2023-03-29 00:00:00+00:00,Electronics,0,828.08,0.0,2719,2,0.08039631343231526,Prepaid,West,8,1,0
3961,2023-03-29 00:00:00+00:00,Beauty,0,2203.22,0.0,3986,3,0.0010514485523425926,Prepaid,East,14,0,1
850,2023-03-29 00:00:00+00:00,Apparel,1,2001.38,0.048783606413031415,1810,4,0.25050704314867,Prepaid,West,5,9,0
33,2023-03-29 00:00:00+00:00,Electronics,0,1218.52,0.025322288289079037,2700,2,0.4704022754414554,Prepaid,East,1,1,0
1698,2023-03-29 00:00:00+00:00,Apparel,1,2657.02,0.0,2683,2,0.001906351536061116,Prepaid,West,11,0,0
1779,2023-03-29 00:00:00+00:00,Footwear,1,2246.41,0.29866430686268286,4223,2,0.17634189587046317,Prepaid,West,5,5,0
3096,2023-03-29 00:00:00+00:00,Electronics,0,1540.86,0.11871166813759172,3704,1,0.2661594402921417,Prepaid,East,11,2,0
4337,2023-03-29 00:00:00+00:00,Footwear,1,1094.4,0.0,3478,0,0.0,COD,East,1,1,0
2569,2023-03-29 00:00:00+00:00,Home,0,217.99,0.2994478208907133,2484,3,0.5029685501806697,Prepaid,North,13,2,1
4194,2023-03-29 00:00:00+00:00,Apparel,1,121.82,0.0,4279,2,0.11857003529124911,Prepaid,East,13,0,0
4885,2023-03-29 00:00:00+00:00,Apparel,1,1931.97,0.12929743791049092,1339,1,0.1910904896183053,COD,South,11,3,0
4282,2023-03-29 00:00:00+00:00,Footwear,1,1655.19,0.2784264259032916,3612,3,0.38346058415688666,Prepaid,North,8,1,1
66,2023-03-29 00:00:00+00:00,Apparel,1,2568.47,0.23821959930211908,3893,1,0.35621648573378223,Prepaid,South,8,0,0
1365,2023-03-29 00:00:00+00:00,Apparel,1,3669.85,0.0,4151,0,0.0,Prepaid,North,3,3,0
1422,2023-03-29 00:00:00+00:00,Footwear,1,1602.13,0.2549046014033398,1486,1,0.6494993815232146,Prepaid,West,4,5,0
2106,2023-03-29 00:00:00+00:00,Home,0,237.24,0.0,4399,1,0.2065148763483305,Prepaid,East,1,2,0
4821,2023-03-29 00:00:00+00:00,Electronics,0,211.83,0.13798993798454828,2291,2,0.04607577387200497,Prepaid,South,4,4,0
1920,2023-03-29 00:00:00+00:00,Apparel,1,1351.62,0.0,3814,6,0.14470071859888603,Prepaid,South,9,6,1
4314,2023-03-29 00:00:00+00:00,Apparel,1,6207.44,0.0,2076,3,0.41642342571194446,COD,North,10,2,0
3849,2023-03-29 00:00:00+00:00,Apparel,1,1689.82,0.0,2793,1,0.42512605297062195,COD,South,3,0,1
3395,2023-03-29 00:00:00+00:00,Home,0,389.26,0.0,4474,5,0.05387016871530688,Prepaid,West,8,5,0
134,2023-03-29 00:00:00+00:00,Beauty,0,610.15,0.0,2130,2,0.39519952835222494,Prepaid,West,14,1,0
292,2023-03-29 00:00:00+00:00,Apparel,1,2585.3,0.2995258931346916,3392,4,0.20339899898541353,Prepaid,South,14,6,1
2014,2023-03-29 00:00:00+00:00,Home,0,622.95,0.0,1421,0,0.0,Prepaid,North,7,1,0
1485,2023-03-29 00:00:00+00:00,Apparel,1,818.3,0.0,4155,2,0.03613043974145751,Prepaid,East,7,2,0
2555,2023-03-29 00:00:00+00:00,Home,0,1457.47,0.0,2224,3,0.07149503903623303,Prepaid,West,7,0,0
4721,2023-03-29 00:00:00+00:00,Electronics,0,168.01,0.19836632348952482,4481,4,0.4052216631364278,COD,East,5,0,0
4500,2023-03-30 00:00:00+00:00,Apparel,1,584.51,0.0,2176,3,0.51026477978208,Prepaid,East,6,4,0
608,2023-03-30 00:00:00+00:00,Home,0,2967.89,0.19594123872138128,1367,0,0.0,COD,East,11,0,1
78,2023-03-30 00:00:00+00:00,Beauty,0,2086.91,0.0,2298,4,0.28639808598444955,Prepaid,East,5,0,0
1592,2023-03-30 00:00:00+00:00,Electronics,0,3397.01,0.0,1192,1,0.2575617622865228,Prepaid,South,10,4,0
4257,2023-03-30 00:00:00+00:00,Apparel,1,6643.73,0.0,1030,0,0.0,Prepaid,East,2,4,0
546,2023-03-30 00:00:00+00:00,Electronics,0,1540.7,0.0,3637,0,0.0,Prepaid,East,14,1,0
3282,2023-03-30 00:00:00+00:00,Electronics,0,508.96,0.40266159646398814,3193,1,0.10139179098544647,Prepaid,North,7,2,1
2155,2023-03-30 00:00:00+00:00,Electronics,0,5591.86,0.1405654400084077,1394,0,0.0,Prepaid,East,2,1,0
4836,2023-03-30 00:00:00+00:00,Electronics,0,88.66,0.09156031296328386,1990,0,0.0,COD,West,12,0,0
2208,2023-03-30 00:00:00+00:00,Electronics,0,587.17,0.0,1407,1,0.08249845396047281,Prepaid,West,11,1,0
2833,2023-03-30 00:00:00+00:00,Beauty,0,806.42,0.0,4157,2,0.2446810503336052,Prepaid,North,2,3,0
3244,2023-03-30 00:00:00+00:00,Apparel,1,853.21,0.23469153703702061,3153,3,0.664670867808233,Prepaid,South,7,0,0
1994,2023-03-30 00:00:00+00:00,Apparel,1,3730.36,0.1287730085355364,1052,0,0.0,COD,West,8,6,1
3750,2023-03-30 00:00:00+00:00,Home,0,1747.13,0.0,1022,0,0.0,Prepaid,South,8,11,0
2259,2023-03-30 00:00:00+00:00,Electronics,0,849.14,0.0,3112,1,0.0622108921692443,Prepaid,North,5,5,0
2677,2023-03-30 00:00:00+00:00,Footwear,1,669.01,0.18805140099340895,1464,0,0.0,Prepaid,South,14,6,0
2416,2023-03-30 00:00:00+00:00,Footwear,1,110.8,0.0,4422,3,0.3268143608749346,Prepaid,East,7,13,0
3152,2023-03-30 00:00:00+00:00,Apparel,1,2073.47,0.02387958763583395,4430,2,0.4413919775542542,Prepaid,East,12,1,0
1725,2023-03-30 00:00:00+00:00,Footwear,1,583.57,0.0,2279,1,0.05705079681873276,COD,North,7,0,0
2342,2023-03-30 00:00:00+00:00,Apparel,1,543.43,0.1508354235264734,2058,1,0.11191248751952501,Prepaid,North,5,0,0
1625,2023-03-30 00:00:00+00:00,Apparel,1,887.32,0.0,2296,8,0.41785521472184534,Prepaid,West,1,1,0
2887,2023-03-30 00:00:00+00:00,Apparel,1,1313.32,0.0,3927,3,0.13367666825326383,Prepaid,West,14,1,0
411,2023-03-30 00:00:00+00:00,Apparel,1,865.14,0.0,1998,2,0.3765386863085462,COD,East,6,6,0
4928,2023-03-30 00:00:00+00:00,Apparel,1,3729.66,0.4791772827540245,2362,5,0.1976098695463205,COD,North,4,1,0
3754,2023-03-30 00:00:00+00:00,Electronics,0,2001.69,0.3060520043913491,2478,1,0.1583100063224009,Prepaid,West,11,13,0
4077,2023-03-30 00:00:00+00:00,Apparel,1,2579.53,0.0,1482,2,0.058283571490332246,Prepaid,East,12,3,0
4292,2023-03-30 00:00:00+00:00,Apparel,1,1139.82,0.0,1041,1,0.2569656183751851,Prepaid,East,4,5,0
1289,2023-03-30 00:00:00+00:00,Electronics,0,221.25,0.12480672766296146,1425,1,0.5054539044455231,COD,North,8,0,0
1329,2023-03-30 00:00:00+00:00,Apparel,1,1023.77,0.0,2346,1,0.35611029980303316,Prepaid,West,4,0,1
2587,2023-03-31 00:00:00+00:00,Beauty,0,5218.71,0.0,1174,4,0.5382040366236666,Prepaid,West,12,4,0
1123,2023-03-31 00:00:00+00:00,Home,0,1166.35,0.16267618007531454,2130,1,0.610896795457987,COD,West,9,2,1
1912,2023-03-31 00:00:00+00:00,Home,0,542.26,0.0,3619,1,0.22054222075793695,COD,West,2,2,0
1842,2023-03-31 00:00:00+00:00,Apparel,1,2225.39,0.14158814371161432,2756,1,0.1720819343466818,Prepaid,North,10,5,1
2586,2023-03-31 00:00:00+00:00,Apparel,1,4947.28,0.0,4162,0,0.0,Prepaid,West,12,1,0
3533,2023-03-31 00:00:00+00:00,Electronics,0,299.34,0.0,2053,4,0.08465480520686773,Prepaid,North,10,4,0
553,2023-03-31 00:00:00+00:00,Home,0,1100.02,0.047892894152745016,2126,1,0.7306785750170424,Prepaid,North,5,2,0
439,2023-03-31 00:00:00+00:00,Electronics,0,777.83,0.0,2687,1,0.581194924715739,Prepaid,East,13,0,0
2488,2023-03-31 00:00:00+00:00,Apparel,1,1204.22,0.0,1055,2,0.0620753106832138,Prepaid,West,5,1,0
3574,2023-03-31 00:00:00+00:00,Apparel,1,1335.16,0.0,4167,1,0.3273204034541214,Prepaid,West,8,0,0
4072,2023-03-31 00:00:00+00:00,Electronics,0,1733.06,0.0,1317,3,0.23935855371267503,Prepaid,South,12,3,0
4340,2023-03-31 00:00:00+00:00,Home,0,1369.72,0.3429287880174808,3976,2,0.28131113953881093,COD,South,12,2,0
522,2023-03-31 00:00:00+00:00,Apparel,1,3559.26,0.0,2644,5,0.5201737258987027,Prepaid,North,12,6,0
2319,2023-03-31 00:00:00+00:00,Electronics,0,564.47,0.0,3097,1,0.15094947788260354,Prepaid,West,14,0,1
1772,2023-03-31 00:00:00+00:00,Apparel,1,1058.44,0.0,4297,0,0.0,Prepaid,West,1,6,0
1270,2023-03-31 00:00:00+00:00,Electronics,0,482.17,0.0,4455,2,0.08850837568021849,COD,North,8,6,0
3126,2023-03-31 00:00:00+00:00,Electronics,0,4230.37,0.0,3001,0,0.0,Prepaid,North,7,3,0
2709,2023-03-31 00:00:00+00:00,Apparel,1,1762.75,0.0,3356,2,0.24121141642504598,Prepaid,North,5,2,0
1981,2023-03-31 00:00:00+00:00,Apparel,1,2280.95,0.0,2413,0,0.0,COD,North,8,0,0
4483,2023-03-31 00:00:00+00:00,Footwear,1,257.96,0.21545443965156347,3270,0,0.0,Prepaid,North,9,11,0
2609,2023-03-31 00:00:00+00:00,Apparel,1,448.9,0.01698293562136967,1620,3,0.08505581426523182,Prepaid,West,7,0,1
4499,2023-03-31 00:00:00+00:00,Footwear,1,1017.63,0.36424516793105,1983,1,0.04165167136054058,Prepaid,South,10,1,0
3854,2023-03-31 00:00:00+00:00,Beauty,0,419.32,0.0,2834,5,0.31296035597580035,Prepaid,East,6,1,0
4300,2023-03-31 00:00:00+00:00,Apparel,1,1388.39,0.0,1671,1,0.208084889820825,COD,North,14,0,1
2030,2023-03-31 00:00:00+00:00,Footwear,1,2058.77,0.0,3328,3,0.4395981576176032,Prepaid,North,4,4,0
3352,2023-03-31 00:00:00+00:00,Electronics,0,2148.58,0.07681970668590127,1818,1,0.27132576627219884,Prepaid,East,2,0,0
3084,2023-03-31 00:00:00+00:00,Home,0,928.77,0.0,1278,2,0.00046794164330724605,Prepaid,South,13,1,0
3806,2023-03-31 00:00:00+00:00,Beauty,0,1078.5,0.011061768636944996,1058,3,0.012664155413535917,COD,South,2,3,1
230,2023-03-31 00:00:00+00:00,Electronics,0,3577.52,0.15617646422852285,1436,2,0.10405989232011098,Prepaid,East,9,0,0
2829,2023-03-31 00:00:00+00:00,Apparel,1,1006.82,0.0,4054,2,0.4733537732457989,COD,South,7,2,1
4236,2023-04-01 00:00:00+00:00,Home,0,1221.91,0.0,3743,2,0.2175029274050185,Prepaid,West,6,2,0
171,2023-04-01 00:00:00+00:00,Footwear,1,918.43,0.1901149039391973,1148,1,0.07465305629423842,COD,North,13,0,0
2103,2023-04-01 00:00:00+00:00,Home,0,1487.84,0.096158215780974,1180,1,0.007859717090869212,COD,South,11,4,0
864,2023-04-01 00:00:00+00:00,Apparel,1,433.85,0.0,2167,1,0.15825546105982574,Prepaid,East,5,4,0
1799,2023-04-01 00:00:00+00:00,Footwear,1,368.48,0.0,3576,4,0.2767902027183104,Prepaid,West,7,0,0
2001,2023-04-01 00:00:00+00:00,Electronics,0,1363.66,0.0,1253,2,0.12090689182607964,COD,West,4,0,0
1054,2023-04-01 00:00:00+00:00,Apparel,1,4782.06,0.0,3684,0,0.0,Prepaid,North,1,12,0
2053,2023-04-01 00:00:00+00:00,Apparel,1,378.52,0.0,3406,2,0.15090734869801675,Prepaid,North,6,0,0
1884,2023-04-01 00:00:00+00:00,Electronics,0,976.94,0.14633323794105235,2736,1,0.5124409131022583,COD,West,4,9,1
1894,2023-04-01 00:00:00+00:00,Beauty,0,7586.43,0.0,4160,3,0.4075813843456217,Prepaid,West,3,0,0
1056,2023-04-01 00:00:00+00:00,Electronics,0,4097.22,0.0,4094,4,0.12679387060093752,COD,East,11,0,0
4111,2023-04-01 00:00:00+00:00,Apparel,1,279.06,0.4344911559076222,1462,0,0.0,Prepaid,East,2,5,0
913,2023-04-01 00:00:00+00:00,Footwear,1,122.62,0.10378975842348663,4126,1,0.0955190111764423,Prepaid,South,7,6,0
3154,2023-04-01 00:00:00+00:00,Home,0,561.48,0.0,1508,2,0.23947341975516584,Prepaid,West,9,1,0
1071,2023-04-01 00:00:00+00:00,Beauty,0,2980.81,0.0,2639,6,0.1266057212090593,Prepaid,South,5,0,0
138,2023-04-01 00:00:00+00:00,Beauty,0,1133.23,0.09497632283443422,1583,3,0.2491671021842205,Prepaid,South,13,1,0
2946,2023-04-01 00:00:00+00:00,Electronics,0,1273.76,0.0,1810,3,0.1352159939197186,Prepaid,East,8,3,0
1369,2023-04-01 00:00:00+00:00,Apparel,1,1498.38,0.0,3307,2,0.3542486011836202,Prepaid,West,2,0,0
4053,2023-04-01 00:00:00+00:00,Apparel,1,307.11,0.0,2548,2,0.022219945275041335,Prepaid,South,4,0,1
3981,2023-04-01 00:00:00+00:00,Footwear,1,2106.13,0.0,1122,3,0.05995870019129557,COD,North,2,1,0
3054,2023-04-01 00:00:00+00:00,Footwear,1,1910.91,0.0,3471,2,0.19883281013667756,COD,North,5,0,0
1442,2023-04-01 00:00:00+00:00,Beauty,0,2458.67,0.2524538413204208,3532,6,0.4012375641794864,Prepaid,South,2,0,0
1460,2023-04-01 00:00:00+00:00,Electronics,0,1188.09,0.1396927396444961,3482,1,0.11627254732820572,Prepaid,West,7,0,0
3698,2023-04-01 00:00:00+00:00,Electronics,0,2832.21,0.0,2012,2,0.018813905402845724,COD,East,4,2,0
3922,2023-04-01 00:00:00+00:00,Apparel,1,1990.63,0.0,1280,2,0.024927058954239467,Prepaid,West,4,1,0
3722,2023-04-01 00:00:00+00:00,Apparel,1,2514.21,0.0,1245,4,0.20090054182676734,Prepaid,South,4,3,0
3665,2023-04-01 00:00:00+00:00,Electronics,0,1726.04,0.11528955844565977,2012,7,0.4393826966577079,Prepaid,South,4,10,0
41,2023-04-01 00:00:00+00:00,Electronics,0,1182.86,0.0,3163,3,0.07871515985125652,Prepaid,West,9,0,0
1310,2023-04-02 00:00:00+00:00,Apparel,1,5710.44,0.0,3024,1,0.1559334361043712,Prepaid,North,8,2,0
1148,2023-04-02 00:00:00+00:00,Footwear,1,504.81,0.0,2109,1,0.06455969392225845,Prepaid,South,1,0,0
2017,2023-04-02 00:00:00+00:00,Footwear,1,480.06,0.0,1050,1,0.6089042238134654,COD,West,11,1,1
3023,2023-04-02 00:00:00+00:00,Apparel,1,1172.29,0.0,4065,0,0.0,Prepaid,West,9,2,1
3051,2023-04-02 00:00:00+00:00,Apparel,1,2918.68,0.180939739423117,3343,1,0.13507510549912444,Prepaid,East,7,6,0
565,2023-04-02 00:00:00+00:00,Electronics,0,4600.69,0.0,1683,0,0.0,Prepaid,North,11,3,0
373,2023-04-02 00:00:00+00:00,Electronics,0,425.16,0.35287446784641296,1691,2,0.11501985001574438,Prepaid,North,14,1,0
4888,2023-04-02 00:00:00+00:00,Apparel,1,2408.25,0.0,1920,1,0.33948194305614154,Prepaid,West,14,5,0
4104,2023-04-02 00:00:00+00:00,Apparel,1,638.61,0.23777746017926568,3755,2,0.028081031122086538,Prepaid,South,11,0,0
873,2023-04-02 00:00:00+00:00,Apparel,1,134.43,0.15603515895153047,1178,8,0.16578040591723545,Prepaid,West,4,5,0
1547,2023-04-02 00:00:00+00:00,Footwear,1,1315.14,0.0,3008,3,0.08887092823167451,COD,North,12,3,0
3978,2023-04-02 00:00:00+00:00,Apparel,1,569.94,0.39120632212895456,1984,3,0.013324437227477209,Prepaid,North,11,2,0
424,2023-04-02 00:00:00+00:00,Footwear,1,1531.77,0.2761831331608112,1111,3,0.06564030215286976,COD,South,11,4,0
770,2023-04-02 00:00:00+00:00,Home,0,847.56,0.0,3580,1,0.1236972249860877,Prepaid,North,6,0,0
4896,2023-04-02 00:00:00+00:00,Apparel,1,91.49,0.0,1925,1,0.12265784827622961,Prepaid,East,4,0,0
4881,2023-04-02 00:00:00+00:00,Electronics,0,3171.67,0.3157378094678548,3856,1,0.10839786808588972,Prepaid,South,8,0,0
3436,2023-04-02 00:00:00+00:00,Apparel,1,528.2,0.5355547924812958,3099,4,0.047871946840259645,COD,North,4,0,1
814,2023-04-02 00:00:00+00:00,Electronics,0,615.52,0.18052937062675317,3856,0,0.0,Prepaid,North,12,1,0
694,2023-04-02 00:00:00+00:00,Footwear,1,882.25,0.0,2502,1,0.39983157435583555,COD,West,9,4,0
1375,2023-04-02 00:00:00+00:00,Apparel,1,679.07,0.1996083220782513,3296,3,0.002098852166926793,COD,East,3,0,0
3359,2023-04-03 00:00:00+00:00,Electronics,0,962.91,0.27660432283613223,2285,3,0.18394354260927437,Prepaid,East,13,0,0
218,2023-04-03 00:00:00+00:00,Apparel,1,1780.68,0.0,3284,1,0.25723663927565105,Prepaid,West,13,3,0
2044,2023-04-03 00:00:00+00:00,Electronics,0,1926.92,0.0,3804,1,0.32137431997685145,Prepaid,South,13,4,0
1449,2023-04-03 00:00:00+00:00,Apparel,1,1025.41,0.0,3852,2,0.09126370442465202,Prepaid,South,14,0,0
2142,2023-04-03 00:00:00+00:00,Home,0,2532.73,0.21955240589871677,4422,3,0.26155763838013235,COD,North,10,1,0
1462,2023-04-03 00:00:00+00:00,Electronics,0,690.65,0.05714499557777693,1652,1,0.35268556786846916,COD,South,1,4,0
169,2023-04-03 00:00:00+00:00,Apparel,1,707.74,0.0,1162,2,0.08078409048414655,Prepaid,South,5,1,0
2603,2023-04-03 00:00:00+00:00,Electronics,0,1188.59,0.0,3430,2,0.27897370605632604,Prepaid,East,6,7,0
994,2023-04-03 00:00:00+00:00,Home,0,761.77,0.0,1585,2,0.2437091749894981,Prepaid,East,12,5,0
2810,2023-04-03 00:00:00+00:00,Electronics,0,536.89,0.0,1987,0,0.0,Prepaid,North,7,1,0
2185,2023-04-03 00:00:00+00:00,Beauty,0,679.46,0.22405878635670423,2548,1,0.018180733129183623,Prepaid,East,2,1,0
305,2023-04-03 00:00:00+00:00,Apparel,1,812.19,0.0,3044,2,0.023924748383830796,Prepaid,South,4,1,0
4399,2023-04-03 00:00:00+00:00,Electronics,0,742.49,0.0,1050,1,0.4851527859759005,Prepaid,North,4,1,0
2657,2023-04-03 00:00:00+00:00,Apparel,1,1080.41,0.18658519930839873,2803,6,0.23805104175076724,Prepaid,North,3,2,0
3550,2023-04-03 00:00:00+00:00,Beauty,0,1246.22,0.0,1768,1,0.036395998335038864,COD,West,7,3,0
3434,2023-04-03 00:00:00+00:00,Apparel,1,3767.53,0.30638951296223127,1537,1,0.5516790206408674,Prepaid,South,10,1,1
4344,2023-04-03 00:00:00+00:00,Apparel,1,514.24,0.0,2850,2,0.05098796713971166,Prepaid,North,4,1,0
2940,2023-04-03 00:00:00+00:00,Home,0,265.19,0.0,3885,3,0.2015095627400254,Prepaid,West,11,7,0
122,2023-04-03 00:00:00+00:00,Home,0,364.25,0.0,1703,1,0.10803282975051666,Prepaid,West,14,0,0
1795,2023-04-03 00:00:00+00:00,Apparel,1,1003.67,0.0,3479,2,0.02309780706020757,Prepaid,West,3,1,0
2360,2023-04-03 00:00:00+00:00,Home,0,2669.2,0.0,3503,0,0.0,Prepaid,East,1,0,0
3576,2023-04-03 00:00:00+00:00,Electronics,0,590.08,0.0,1874,3,0.3931171689798027,COD,South,9,0,0
1532,2023-04-03 00:00:00+00:00,Apparel,1,3132.57,0.0,2986,2,0.6130055633093228,Prepaid,East,7,8,1
3772,2023-04-03 00:00:00+00:00,Beauty,0,2044.09,0.0,1748,1,0.020633934218666664,COD,West,2,4,0
562,2023-04-03 00:00:00+00:00,Electronics,0,914.98,0.0,1806,4,0.1513317212313628,Prepaid,West,12,1,0
884,2023-04-03 00:00:00+00:00,Home,0,1599.06,0.0,2513,3,0.15735991286746825,Prepaid,West,5,0,1
3188,2023-04-03 00:00:00+00:00,Electronics,0,1307.65,0.0,3981,1,0.09605611462146135,Prepaid,West,13,0,0
868,2023-04-03 00:00:00+00:00,Home,0,77.81,0.0,2947,1,0.09839324442251303,Prepaid,North,3,2,0
4136,2023-04-03 00:00:00+00:00,Apparel,1,610.26,0.0,2058,2,0.11609068048183928,COD,North,1,2,0
1910,2023-04-03 00:00:00+00:00,Footwear,1,1186.3,0.0,2093,1,0.23155073266957016,COD,North,2,2,0
3450,2023-04-03 00:00:00+00:00,Apparel,1,829.21,0.0,3022,3,0.6721961437328752,Prepaid,South,13,2,1
1151,2023-04-03 00:00:00+00:00,Footwear,1,3884.97,0.13973531028398697,1198,0,0.0,COD,West,11,0,1
2278,2023-04-04 00:00:00+00:00,Footwear,1,438.99,0.0,3953,2,0.3130793460548698,Prepaid,North,5,4,0
1208,2023-04-04 00:00:00+00:00,Apparel,1,3043.72,0.20440753047775218,1149,0,0.0,Prepaid,North,2,2,0
3658,2023-04-04 00:00:00+00:00,Apparel,1,1552.41,0.0,1199,0,0.0,Prepaid,West,8,0,1
4864,2023-04-04 00:00:00+00:00,Apparel,1,7735.82,0.0,1235,1,0.0709738613436665,Prepaid,West,6,3,0
3221,2023-04-04 00:00:00+00:00,Home,0,2196.95,0.0,2884,1,0.4345974704913553,Prepaid,West,10,0,0
1776,2023-04-04 00:00:00+00:00,Apparel,1,10842.73,0.0,2305,5,0.30240783384048336,Prepaid,North,2,2,0
2813,2023-04-04 00:00:00+00:00,Apparel,1,198.05,0.0,2942,3,0.017549025514014126,Prepaid,West,14,0,0
3420,2023-04-04 00:00:00+00:00,Apparel,1,988.23,0.0,1382,3,0.1077078139020987,Prepaid,West,2,1,0
1948,2023-04-04 00:00:00+00:00,Electronics,0,1875.42,0.0,3129,1,0.42415208379786545,Prepaid,East,9,5,0
4364,2023-04-04 00:00:00+00:00,Home,0,1133.87,0.0,1209,2,0.06175150613725953,Prepaid,South,13,1,0
1001,2023-04-04 00:00:00+00:00,Electronics,0,506.06,0.1917256229304533,3650,3,0.1576736853773922,Prepaid,West,9,0,0
2107,2023-04-04 00:00:00+00:00,Apparel,1,550.2,0.0,2328,1,0.18045047642305656,COD,West,11,1,0
193,2023-04-04 00:00:00+00:00,Apparel,1,2076.79,0.0,3174,2,0.206020041862512,Prepaid,South,3,1,0
1624,2023-04-04 00:00:00+00:00,Apparel,1,700.41,0.0,4091,1,0.02751239564036197,Prepaid,East,4,4,0
2970,2023-04-04 00:00:00+00:00,Home,0,895.72,0.0,4039,5,0.2942453037645845,Prepaid,South,10,1,0
4819,2023-04-04 00:00:00+00:00,Footwear,1,1381.86,0.0,3562,2,0.020791821282115958,Prepaid,South,14,1,0
4197,2023-04-04 00:00:00+00:00,Apparel,1,4993.38,0.0,1125,1,0.0861049246980143,COD,South,13,12,0
3980,2023-04-04 00:00:00+00:00,Footwear,1,1540.64,0.14317658377276776,1102,0,0.0,Prepaid,West,8,0,1
604,2023-04-04 00:00:00+00:00,Home,0,1004.88,0.0,4248,0,0.0,COD,East,14,0,0
3177,2023-04-04 00:00:00+00:00,Home,0,4129.75,0.0,2929,3,0.057979006736491145,COD,East,2,3,0
915,2023-04-04 00:00:00+00:00,Home,0,569.37,0.11219037171888391,1199,5,0.08784168938729127,COD,South,5,2,0
2548,2023-04-04 00:00:00+00:00,Apparel,1,2234.44,0.0,2443,4,0.24055659617034064,Prepaid,East,11,2,0
4544,2023-04-04 00:00:00+00:00,Electronics,0,1038.84,0.0,3775,0,0.0,Prepaid,North,11,0,0
2911,2023-04-04 00:00:00+00:00,Apparel,1,775.87,0.3596742401803774,4330,1,0.09527747381882877,Prepaid,South,5,0,0
4397,2023-04-04 00:00:00+00:00,Apparel,1,580.05,0.0,1450,2,0.1325456540865933,COD,North,7,3,0
4204,2023-04-04 00:00:00+00:00,Apparel,1,1051.24,0.01091808733968172,2903,2,0.04072528161963483,Prepaid,North,1,2,0
1991,2023-04-04 00:00:00+00:00,Electronics,0,1326.38,0.0,1828,2,0.008861736800337331,Prepaid,North,2,1,0
79,2023-04-05 00:00:00+00:00,Home,0,264.99,0.12611904586507094,1535,3,0.11995703131452641,COD,North,11,5,0
4950,2023-04-05 00:00:00+00:00,Apparel,1,243.14,0.29829040564047027,1173,2,0.06774317544312534,Prepaid,North,9,1,0
4134,2023-04-05 00:00:00+00:00,Footwear,1,1304.4,0.1902164228002533,2650,0,0.0,COD,South,8,2,1
1200,2023-04-05 00:00:00+00:00,Footwear,1,887.7,0.09718429922104518,3144,1,0.1331096753503304,Prepaid,East,3,0,0
3338,2023-04-05 00:00:00+00:00,Apparel,1,1510.87,0.0,3368,1,0.1438178591915012,Prepaid,South,13,1,0
3227,2023-04-05 00:00:00+00:00,Footwear,1,1463.79,0.0,2761,1,0.007963135774079172,Prepaid,West,2,3,0
3447,2023-04-05 00:00:00+00:00,Beauty,0,507.58,0.277001878398423,4120,0,0.0,Prepaid,South,6,0,0
3488,2023-04-05 00:00:00+00:00,Apparel,1,811.89,0.08719621333167678,2947,3,0.050984019791287076,Prepaid,North,12,8,0
1820,2023-04-05 00:00:00+00:00,Home,0,2649.64,0.0,2542,1,0.693360121973427,COD,South,11,1,1
3603,2023-04-05 00:00:00+00:00,Apparel,1,1113.38,0.28380396894882637,2562,5,0.16099909038201143,COD,North,11,3,0
3627,2023-04-05 00:00:00+00:00,Electronics,0,699.01,0.13234804268555966,2219,0,0.0,COD,East,2,6,0
1524,2023-04-05 00:00:00+00:00,Apparel,1,4874.49,0.0,1083,2,0.048276622908300953,COD,North,14,10,0
1510,2023-04-05 00:00:00+00:00,Home,0,591.9,0.0,1138,1,0.1981447397392321,Prepaid,East,14,0,0
1368,2023-04-05 00:00:00+00:00,Electronics,0,635.06,0.0,1023,3,0.0012071227695275876,COD,South,7,0,0
136,2023-04-05 00:00:00+00:00,Apparel,1,1400.15,0.1268819718905775,3687,2,0.01624465977780204,Prepaid,East,8,5,0
4149,2023-04-05 00:00:00+00:00,Electronics,0,853.25,0.0,2344,1,0.06452827489140808,COD,North,8,2,0
4249,2023-04-05 00:00:00+00:00,Apparel,1,2362.48,0.1570775606502528,4382,2,0.2522281566640513,Prepaid,North,11,0,0
1,2023-04-05 00:00:00+00:00,Electronics,0,233.79,0.0,1036,2,0.22448704833436742,Prepaid,North,13,2,0
4283,2023-04-05 00:00:00+00:00,Apparel,1,681.0,0.0,1714,2,0.06271680671753643,COD,East,12,3,1
4694,2023-04-05 00:00:00+00:00,Electronics,0,370.23,0.0,2267,0,0.0,Prepaid,South,10,2,0
2667,2023-04-05 00:00:00+00:00,Electronics,0,3713.58,0.0,2220,4,0.3174915399799002,COD,South,14,2,0
2532,2023-04-05 00:00:00+00:00,Electronics,0,2503.68,0.0,2884,4,0.03730560666086206,COD,North,14,0,0
2640,2023-04-05 00:00:00+00:00,Apparel,1,101.87,0.0,3307,0,0.0,COD,West,9,7,1
4501,2023-04-05 00:00:00+00:00,Apparel,1,4561.14,0.0,2872,1,0.09219303925911443,COD,North,1,4,0
509,2023-04-05 00:00:00+00:00,Footwear,1,1254.3,0.0,3112,1,0.011410291717610165,Prepaid,East,12,3,1
4464,2023-04-05 00:00:00+00:00,Home,0,541.77,0.0,3883,1,0.01756376218855095,Prepaid,East,5,0,0
4429,2023-04-05 00:00:00+00:00,Beauty,0,279.82,0.0,4115,1,0.19063523209783656,Prepaid,West,2,3,0
2553,2023-04-05 00:00:00+00:00,Apparel,1,364.44,0.008503563969873978,3474,2,0.12199222632160804,Prepaid,South,2,1,0
3501,2023-04-06 00:00:00+00:00,Apparel,1,1389.16,0.19480716612048565,2057,1,0.02574044347024727,Prepaid,East,12,0,0
2882,2023-04-06 00:00:00+00:00,Home,0,564.21,0.0,3856,1,0.17050968079774112,Prepaid,East,2,2,0
3481,2023-04-06 00:00:00+00:00,Apparel,1,2116.37,0.0,1130,1,0.08901313398777798,Prepaid,South,14,4,0
4423,2023-04-06 00:00:00+00:00,Electronics,0,1642.29,0.3675942848535836,2874,1,0.41880656784418535,Prepaid,East,2,7,0
4663,2023-04-06 00:00:00+00:00,Electronics,0,9914.7,0.0,1466,2,0.040518710869818494,Prepaid,East,2,1,0
3341,2023-04-06 00:00:00+00:00,Apparel,1,975.56,0.0,1021,2,0.15176930613549486,Prepaid,East,6,3,0
3686,2023-04-06 00:00:00+00:00,Apparel,1,2136.67,0.0,1369,4,0.00859450220705482,Prepaid,South,13,0,0
4756,2023-04-06 00:00:00+00:00,Apparel,1,957.91,0.23568448171109946,1996,1,0.7141320535142275,Prepaid,West,8,2,0
5000,2023-04-06 00:00:00+00:00,Apparel,1,942.16,0.0,1943,0,0.0,Prepaid,East,2,1,1
461,2023-04-06 00:00:00+00:00,Footwear,1,2743.36,0.0,1955,1,0.06435010670129682,COD,South,8,3,0
1018,2023-04-06 00:00:00+00:00,Apparel,1,1238.08,0.3551514998967187,1737,4,0.15863012001718899,Prepaid,West,12,2,0
541,2023-04-06 00:00:00+00:00,Beauty,0,986.05,0.22744246590687414,1081,2,0.026276184409702634,Prepaid,North,12,0,0
942,2023-04-06 00:00:00+00:00,Apparel,1,1789.03,0.16447258053524977,1622,6,0.013750003089178156,Prepaid,West,8,2,0
2274,2023-04-06 00:00:00+00:00,Apparel,1,928.83,0.0,3696,1,0.30532939003943116,Prepaid,North,3,0,0
358,2023-04-06 00:00:00+00:00,Footwear,1,2491.7,0.0,1491,0,0.0,COD,East,3,1,0
481,2023-04-06 00:00:00+00:00,Apparel,1,367.49,0.0,2045,5,0.3185920168063925,Prepaid,West,13,3,0
2095,2023-04-06 00:00:00+00:00,Footwear,1,1043.86,0.0,1570,1,0.152916030301269,Prepaid,East,11,0,1
2079,2023-04-06 00:00:00+00:00,Apparel,1,1259.15,0.0,3536,1,0.4898548040860503,COD,North,12,2,1
2069,2023-04-06 00:00:00+00:00,Apparel,1,937.06,0.0,2464,3,0.12312021824787343,COD,North,12,0,1
1502,2023-04-06 00:00:00+00:00,Electronics,0,432.09,0.0,1396,0,0.0,Prepaid,East,3,2,0
1916,2023-04-06 00:00:00+00:00,Electronics,0,522.76,0.15712407076029203,2424,4,0.01930222626655043,Prepaid,North,4,0,0
1024,2023-04-06 00:00:00+00:00,Electronics,0,430.79,0.0,1898,1,0.13300108277481124,COD,East,4,0,1
19,2023-04-06 00:00:00+00:00,Apparel,1,5575.39,0.0,4106,0,0.0,COD,West,10,5,0
1579,2023-04-06 00:00:00+00:00,Apparel,1,448.84,0.0,1213,3,0.031105906659741053,COD,North,5,0,0
738,2023-04-06 00:00:00+00:00,Apparel,1,862.05,0.1548633275040311,1277,2,0.45531275815240096,Prepaid,North,7,0,1
2455,2023-04-06 00:00:00+00:00,Apparel,1,2613.67,0.0,2674,2,0.34718765860855444,Prepaid,West,1,0,0
2255,2023-04-06 00:00:00+00:00,Apparel,1,9931.75,0.0,4133,0,0.0,Prepaid,South,13,0,0
1965,2023-04-06 00:00:00+00:00,Electronics,0,149.06,0.0,3022,2,0.253615415194741,Prepaid,West,8,2,0
3803,2023-04-07 00:00:00+00:00,Apparel,1,651.87,0.0,1373,1,0.1489197321780194,Prepaid,North,12,1,0
1014,2023-04-07 00:00:00+00:00,Home,0,1531.38,0.4783127991722702,2738,3,0.009719842319783092,COD,South,14,6,0
413,2023-04-07 00:00:00+00:00,Home,0,469.18,0.18686028055077303,3965,1,0.5739343079864554,Prepaid,West,1,2,0
4750,2023-04-07 00:00:00+00:00,Apparel,1,2411.03,0.0,1689,1,0.3040705572562037,Prepaid,North,1,4,1
3021,2023-04-07 00:00:00+00:00,Home,0,1011.3,0.2520295281124599,1655,2,0.14430559139364876,Prepaid,West,13,0,0
2293,2023-04-07 00:00:00+00:00,Electronics,0,438.0,0.05885398479157081,4161,0,0.0,Prepaid,North,9,2,0
1813,2023-04-07 00:00:00+00:00,Home,0,1535.79,0.26454661827104675,2995,2,0.49081523489787754,Prepaid,East,13,1,1
3283,2023-04-07 00:00:00+00:00,Apparel,1,1281.8,0.0,2701,4,0.3686062594698336,Prepaid,South,11,2,1
592,2023-04-07 00:00:00+00:00,Electronics,0,475.49,0.21306399507079732,2775,1,0.13278997914490562,Prepaid,North,7,0,0
1995,2023-04-07 00:00:00+00:00,Beauty,0,1557.54,0.0,1124,3,0.08833152078321732,Prepaid,South,10,0,0
3902,2023-04-07 00:00:00+00:00,Apparel,1,1303.89,0.30104568459627934,2552,0,0.0,Prepaid,North,1,1,0
3581,2023-04-07 00:00:00+00:00,Apparel,1,2849.52,0.09110801107912424,2034,0,0.0,Prepaid,East,3,0,0
2322,2023-04-07 00:00:00+00:00,Beauty,0,2971.18,0.1741181018209421,1194,1,0.018297057906975868,Prepaid,North,1,0,0
609,2023-04-07 00:00:00+00:00,Apparel,1,436.24,0.37559688557559934,2428,0,0.0,COD,West,14,1,0
707,2023-04-07 00:00:00+00:00,Home,0,1869.28,0.0,4426,5,0.41233109946844393,Prepaid,South,8,4,0
1872,2023-04-07 00:00:00+00:00,Beauty,0,1085.58,0.0,1735,1,0.49139361613662286,Prepaid,South,14,3,1
3669,2023-04-07 00:00:00+00:00,Electronics,0,1621.74,0.0,1929,2,0.08899976094580928,COD,East,2,4,0
1173,2023-04-07 00:00:00+00:00,Electronics,0,90.75,0.0,3516,3,0.019777853058516127,COD,North,6,0,0
1386,2023-04-07 00:00:00+00:00,Apparel,1,209.04,0.3910787630393827,2901,2,0.1481312640301674,Prepaid,East,1,5,0
2999,2023-04-07 00:00:00+00:00,Home,0,799.5,0.20672356905328954,1930,5,0.48820619024257855,COD,East,14,6,0
3700,2023-04-07 00:00:00+00:00,Beauty,0,162.15,0.4113474685319817,1063,3,0.07270828339486707,COD,South,6,0,0
4242,2023-04-07 00:00:00+00:00,Electronics,0,1654.58,0.0,3096,2,0.2349547002748682,Prepaid,South,3,5,0
201,2023-04-07 00:00:00+00:00,Home,0,743.97,0.0,2488,3,0.2189784350293447,COD,South,11,0,0
3984,2023-04-07 00:00:00+00:00,Apparel,1,1849.33,0.06653700594668874,2964,3,0.029532353400785014,Prepaid,North,2,0,0
4840,2023-04-07 00:00:00+00:00,Apparel,1,569.49,0.3002524875588437,1244,2,0.0649805372895849,COD,South,14,0,1
4348,2023-04-07 00:00:00+00:00,Apparel,1,844.63,0.0,2994,1,0.25913101436033326,Prepaid,East,3,2,0
209,2023-04-07 00:00:00+00:00,Footwear,1,1110.14,0.35339116437353624,2027,2,0.12206005114964846,Prepaid,East,5,0,1
1260,2023-04-07 00:00:00+00:00,Footwear,1,1831.27,0.0,2274,2,0.432365156766868,Prepaid,West,14,0,0
2212,2023-04-07 00:00:00+00:00,Electronics,0,3373.17,0.0,3502,2,0.6092377943991714,Prepaid,West,2,2,1
2213,2023-04-07 00:00:00+00:00,Footwear,1,933.05,0.0,4367,1,0.4854598350052411,Prepaid,West,11,2,0
1295,2023-04-08 00:00:00+00:00,Apparel,1,1322.06,0.32701791197297636,2597,1,0.495733456820529,COD,East,5,1,0
4272,2023-04-08 00:00:00+00:00,Electronics,0,1390.63,0.0,4459,5,0.3748228011785031,Prepaid,West,10,0,1
3601,2023-04-08 00:00:00+00:00,Footwear,1,5137.81,0.0,4268,2,0.11535050307510067,Prepaid,North,5,1,0
304,2023-04-08 00:00:00+00:00,Beauty,0,15877.01,0.0,2915,2,0.46851648373455335,COD,East,12,4,0
43,2023-04-08 00:00:00+00:00,Footwear,1,759.63,0.0,4498,1,0.24340905302904262,Prepaid,West,2,1,0
3346,2023-04-08 00:00:00+00:00,Apparel,1,1771.28,0.03618006049658454,3533,1,0.20128330053388532,COD,South,1,5,0
1488,2023-04-08 00:00:00+00:00,Apparel,1,805.87,0.0,1825,3,0.505097115351801,Prepaid,East,11,4,0
3413,2023-04-08 00:00:00+00:00,Apparel,1,582.0,0.02669899255273657,1217,3,0.05532111643720724,COD,West,7,2,1
774,2023-04-08 00:00:00+00:00,Home,0,1498.17,0.0,4390,2,0.21234199651505867,COD,West,6,0,1
4498,2023-04-08 00:00:00+00:00,Electronics,0,1135.83,0.0,3562,2,0.16863803210862985,Prepaid,North,5,3,1
2605,2023-04-08 00:00:00+00:00,Beauty,0,522.83,0.20680053723664088,1979,0,0.0,Prepaid,West,2,2,0
2383,2023-04-08 00:00:00+00:00,Home,0,246.22,0.0,1542,2,0.4705989493871593,Prepaid,North,13,0,0
1596,2023-04-08 00:00:00+00:00,Home,0,1524.12,0.0,1716,1,0.3127512763896042,Prepaid,West,7,8,0
1600,2023-04-08 00:00:00+00:00,Home,0,628.04,0.0,4353,0,0.0,Prepaid,East,3,3,0
1680,2023-04-08 00:00:00+00:00,Electronics,0,2780.07,0.0,3555,1,0.6420497841384362,COD,East,3,4,0
833,2023-04-08 00:00:00+00:00,Apparel,1,685.82,0.27006242485915666,2299,3,0.32770815737906905,Prepaid,North,11,1,0
783,2023-04-08 00:00:00+00:00,Beauty,0,4211.57,0.1940556892026211,3995,3,0.36892441163691103,COD,South,5,1,0
1951,2023-04-08 00:00:00+00:00,Apparel,1,233.29,0.05678929272282501,3406,1,0.3177314415987253,Prepaid,East,9,0,0
2035,2023-04-08 00:00:00+00:00,Apparel,1,1513.68,0.36597656574654336,4298,2,0.20838178272817623,Prepaid,West,8,0,0
2189,2023-04-08 00:00:00+00:00,Beauty,0,1176.32,0.0,2606,6,0.16975972935532813,Prepaid,South,2,10,0
4410,2023-04-08 00:00:00+00:00,Apparel,1,291.73,0.042550350007115025,2293,3,0.1999990315510424,COD,West,4,14,0
24,2023-04-08 00:00:00+00:00,Apparel,1,1003.25,0.10622156616554032,1489,2,0.16500368647823846,Prepaid,South,5,2,0
1012,2023-04-08 00:00:00+00:00,Electronics,0,4414.34,0.1525948559999824,1212,3,0.24333372868315079,COD,East,10,0,0
2301,2023-04-08 00:00:00+00:00,Home,0,545.08,0.0,3673,4,0.5140933741913448,Prepaid,North,12,0,1
119,2023-04-08 00:00:00+00:00,Beauty,0,1519.33,0.0,1397,2,0.19775618207527884,Prepaid,West,2,6,0
4581,2023-04-08 00:00:00+00:00,Apparel,1,404.59,0.0,1945,5,0.10464513185930994,Prepaid,North,10,0,0
3178,2023-04-08 00:00:00+00:00,Apparel,1,5066.86,0.6175072675142649,3531,2,0.35200110604561263,Prepaid,North,8,5,1
497,2023-04-08 00:00:00+00:00,Apparel,1,270.09,0.36810602065974507,4075,1,0.19133460034265032,Prepaid,West,4,0,1
2491,2023-04-08 00:00:00+00:00,Apparel,1,272.64,0.0,2391,2,0.19771850960105053,COD,North,3,0,0
1136,2023-04-08 00:00:00+00:00,Beauty,0,1720.79,0.0,1207,3,0.0680191866610521,Prepaid,West,12,5,0
4109,2023-04-09 00:00:00+00:00,Electronics,0,1770.81,0.0,4082,1,0.24560027729105524,Prepaid,North,13,10,0
338,2023-04-09 00:00:00+00:00,Electronics,0,3954.05,0.0,1178,4,0.25308850826934415,COD,West,5,0,0
40,2023-04-09 00:00:00+00:00,Apparel,1,942.05,0.0,3411,1,0.2717750082130737,Prepaid,North,9,4,0
3321,2023-04-09 00:00:00+00:00,Electronics,0,1101.38,0.0,2511,2,0.27153383466640424,Prepaid,West,10,1,0
3523,2023-04-09 00:00:00+00:00,Electronics,0,1621.9,0.0,1855,3,0.028149843597843425,Prepaid,East,1,0,0
3360,2023-04-09 00:00:00+00:00,Footwear,1,5397.65,0.6226322814979446,1594,0,0.0,Prepaid,South,6,0,1
3340,2023-04-09 00:00:00+00:00,Apparel,1,1021.66,0.07651269425024979,3648,1,0.030381081527869225,Prepaid,East,8,2,1
2804,2023-04-09 00:00:00+00:00,Electronics,0,4127.57,0.0,2136,1,0.23267477206205556,Prepaid,South,11,2,0
1997,2023-04-09 00:00:00+00:00,Electronics,0,486.09,0.0,3773,3,0.11287896502385003,Prepaid,South,11,2,0
706,2023-04-09 00:00:00+00:00,Apparel,1,2030.43,0.34166320448334614,3675,1,0.03693851986405195,COD,East,8,0,0
4903,2023-04-09 00:00:00+00:00,Beauty,0,175.89,0.08492634888671897,3526,2,0.01987957623039836,Prepaid,West,9,4,0
4769,2023-04-09 00:00:00+00:00,Beauty,0,523.69,0.21352068053553475,1756,7,0.003634064460192031,COD,East,6,5,0
982,2023-04-09 00:00:00+00:00,Electronics,0,3863.69,0.0572066643452718,3734,1,0.18512328313913695,COD,North,4,8,0
298,2023-04-09 00:00:00+00:00,Beauty,0,396.25,0.0,4223,3,0.19503694915675987,Prepaid,South,3,1,0
148,2023-04-09 00:00:00+00:00,Footwear,1,1394.42,0.0,2297,3,0.040350016307762984,COD,West,13,1,0
3878,2023-04-09 00:00:00+00:00,Electronics,0,113.22,0.114297043120826,2544,2,0.1188189509304678,COD,North,12,0,0
2943,2023-04-09 00:00:00+00:00,Apparel,1,791.43,0.042409185154240525,3963,1,0.24856169240539971,Prepaid,South,14,6,1
1139,2023-04-09 00:00:00+00:00,Apparel,1,2504.21,0.0,3172,1,0.5288495544847496,Prepaid,North,5,1,0
1859,2023-04-09 00:00:00+00:00,Footwear,1,1294.66,0.0,1650,2,0.025485203013119958,Prepaid,East,4,1,0
1841,2023-04-09 00:00:00+00:00,Apparel,1,5467.0,0.0,1823,2,0.12425283928337645,COD,South,2,1,0
769,2023-04-09 00:00:00+00:00,Apparel,1,2287.07,0.2339233820804011,3840,1,0.1265113198308943,Prepaid,South,11,2,1
2392,2023-04-09 00:00:00+00:00,Electronics,0,379.35,0.14874000773331134,3328,2,0.0810014217144888,Prepaid,North,11,0,0
4388,2023-04-09 00:00:00+00:00,Apparel,1,6776.25,0.0,3232,3,0.19647514649467684,Prepaid,South,1,4,0
475,2023-04-09 00:00:00+00:00,Apparel,1,1148.65,0.0,3417,2,0.09711052290443618,Prepaid,North,1,0,0
2696,2023-04-09 00:00:00+00:00,Footwear,1,146.53,0.19461754103117418,3818,3,0.16778187522413893,Prepaid,West,8,3,0
4023,2023-04-09 00:00:00+00:00,Electronics,0,2515.59,0.2678631862455092,1186,3,0.1116608132757268,Prepaid,North,13,3,1
2466,2023-04-09 00:00:00+00:00,Apparel,1,1846.38,0.0,3919,3,0.026737291798696407,COD,West,12,3,0
3318,2023-04-09 00:00:00+00:00,Footwear,1,1753.07,0.0,1276,2,0.0908035600013393,Prepaid,West,10,0,0
4330,2023-04-09 00:00:00+00:00,Apparel,1,1477.01,0.0,1885,0,0.0,Prepaid,North,12,1,0
2162,2023-04-09 00:00:00+00:00,Electronics,0,1816.33,0.0,3920,2,0.2594065969723614,Prepaid,East,1,0,0
1075,2023-04-10 00:00:00+00:00,Beauty,0,312.43,0.25085651914201845,1647,2,0.27455017763664585,Prepaid,West,2,6,0
4502,2023-04-10 00:00:00+00:00,Apparel,1,3454.5,0.09946970754104557,2838,2,0.5087297164229475,COD,South,11,3,0
4221,2023-04-10 00:00:00+00:00,Apparel,1,274.98,0.2514841765253787,3404,2,0.006689940303432098,COD,East,3,0,1
3697,2023-04-10 00:00:00+00:00,Home,0,739.87,0.0,3739,3,0.18959220645659292,Prepaid,East,14,5,0
1095,2023-04-10 00:00:00+00:00,Footwear,1,7198.45,0.10240020257001024,1584,2,0.4608507810049552,Prepaid,North,2,0,0
1873,2023-04-10 00:00:00+00:00,Footwear,1,524.36,0.0,2374,4,0.09319288744145672,COD,East,5,1,0
1300,2023-04-10 00:00:00+00:00,Apparel,1,1053.13,0.0,3811,4,0.11530838222328042,Prepaid,North,10,9,0
1631,2023-04-10 00:00:00+00:00,Apparel,1,2054.72,0.0,2701,4,0.3219362275214857,Prepaid,East,6,1,1
3457,2023-04-10 00:00:00+00:00,Apparel,1,1163.02,0.100333573027082,1018,1,0.23850443530799645,Prepaid,West,3,4,1
4153,2023-04-10 00:00:00+00:00,Apparel,1,2674.6,0.0,2240,4,0.007094270089310673,COD,East,14,1,0
1039,2023-04-10 00:00:00+00:00,Apparel,1,1420.36,0.0,1390,3,0.2971818410981129,Prepaid,South,7,1,0
212,2023-04-10 00:00:00+00:00,Beauty,0,1826.92,0.0,1541,2,0.05250300052881605,Prepaid,South,7,1,0
1990,2023-04-10 00:00:00+00:00,Apparel,1,58.43,0.15448774817572486,2986,2,0.11803409908583957,COD,North,8,0,0
343,2023-04-10 00:00:00+00:00,Footwear,1,1442.09,0.0,3485,2,0.1120888017862746,Prepaid,South,11,1,0
3723,2023-04-10 00:00:00+00:00,Electronics,0,5427.83,0.09400332852100328,2824,0,0.0,Prepaid,South,10,1,1
2175,2023-04-10 00:00:00+00:00,Apparel,1,432.32,0.0,2197,4,0.021691191539660985,COD,West,4,1,0
3289,2023-04-10 00:00:00+00:00,Apparel,1,3656.77,0.0006299868939999287,1463,4,0.28807876751275796,Prepaid,West,6,6,0
3165,2023-04-10 00:00:00+00:00,Apparel,1,316.82,0.3730088983558284,1329,1,0.16395840198840705,Prepaid,South,12,8,0
3003,2023-04-10 00:00:00+00:00,Footwear,1,4051.42,0.0,4475,4,0.14753279062292549,Prepaid,West,7,0,0
414,2023-04-10 00:00:00+00:00,Electronics,0,1913.12,0.20899423009533266,2753,3,0.06292441039854475,Prepaid,South,10,3,0
4861,2023-04-10 00:00:00+00:00,Footwear,1,1588.11,0.0,4228,2,0.5559478359206315,Prepaid,North,2,1,0
2747,2023-04-10 00:00:00+00:00,Apparel,1,106.38,0.0,1795,3,0.04701209856520351,COD,East,5,2,0
2740,2023-04-10 00:00:00+00:00,Beauty,0,1160.96,0.0,1063,1,0.5976183645423402,COD,East,14,0,0
473,2023-04-10 00:00:00+00:00,Footwear,1,316.61,0.3044471424631292,1712,3,0.2417997727462845,COD,North,1,14,0
4331,2023-04-10 00:00:00+00:00,Footwear,1,1070.13,0.0,1102,0,0.0,Prepaid,West,11,1,0
786,2023-04-10 00:00:00+00:00,Apparel,1,2223.87,0.0,1740,2,0.08384482706117166,Prepaid,East,13,1,0
713,2023-04-10 00:00:00+00:00,Electronics,0,1310.77,0.0,1471,1,0.5105530332279062,Prepaid,West,9,1,1
4605,2023-04-10 00:00:00+00:00,Apparel,1,414.54,0.25483835516107844,1382,2,0.07322487690205413,COD,West,10,1,0
2184,2023-04-10 00:00:00+00:00,Apparel,1,2858.14,0.018050857738234213,2493,3,0.3097338406722939,COD,South,1,2,0
4106,2023-04-11 00:00:00+00:00,Electronics,0,1021.51,0.12722836534915594,3962,2,0.3088924917479199,Prepaid,South,12,0,0
1085,2023-04-11 00:00:00+00:00,Apparel,1,103.64,0.0,1437,2,0.25595272005204966,Prepaid,East,6,4,0
789,2023-04-11 00:00:00+00:00,Electronics,0,4244.9,0.10829807969619379,4468,5,0.13345605110758044,COD,West,9,0,0
1657,2023-04-11 00:00:00+00:00,Electronics,0,579.04,0.05092451968281971,2345,3,0.2577993363401404,Prepaid,North,10,0,1
1807,2023-04-11 00:00:00+00:00,Apparel,1,7189.27,0.14174431951089295,1234,2,0.37951095913796024,Prepaid,South,3,2,0
989,2023-04-11 00:00:00+00:00,Home,0,237.63,0.05190349491429326,2907,1,0.19479781592742973,COD,East,9,0,0
3515,2023-04-11 00:00:00+00:00,Electronics,0,601.48,0.17341882021875554,4040,3,0.08218467521712029,Prepaid,East,12,1,0
3061,2023-04-11 00:00:00+00:00,Apparel,1,842.88,0.1690398063625449,3223,1,0.5052938673519404,Prepaid,South,5,2,0
74,2023-04-11 00:00:00+00:00,Electronics,0,5092.64,0.21831703296451807,2625,1,0.1804463161081838,Prepaid,South,5,3,0
422,2023-04-11 00:00:00+00:00,Footwear,1,197.22,0.0,1017,3,0.4824261013303417,Prepaid,West,5,2,0
2879,2023-04-11 00:00:00+00:00,Footwear,1,3156.61,0.0,4023,3,0.13048517934683931,Prepaid,North,7,3,0
878,2023-04-11 00:00:00+00:00,Electronics,0,700.98,0.1035876522110509,3709,1,0.07072251188541674,Prepaid,East,5,2,0
1836,2023-04-11 00:00:00+00:00,Home,0,2426.43,0.0,3241,1,0.033059694146919415,Prepaid,East,1,0,0
3810,2023-04-11 00:00:00+00:00,Beauty,0,227.44,0.2157913501240447,1701,2,0.5913371977295029,COD,North,4,0,1
271,2023-04-11 00:00:00+00:00,Apparel,1,218.76,0.21947815883143582,1551,2,0.13236562592610202,Prepaid,East,11,6,0
906,2023-04-11 00:00:00+00:00,Home,0,1679.38,0.15913780378171508,3823,1,0.17023922250373358,Prepaid,West,13,31,0
3816,2023-04-11 00:00:00+00:00,Apparel,1,392.94,0.0,2142,1,0.4310555556887973,Prepaid,East,3,6,0
2706,2023-04-11 00:00:00+00:00,Apparel,1,1131.39,0.0,3894,2,0.1217802758378662,Prepaid,North,5,0,0
4392,2023-04-11 00:00:00+00:00,Footwear,1,3446.73,0.0,4015,3,0.029007268954225136,COD,South,11,9,0
4516,2023-04-11 00:00:00+00:00,Home,0,172.28,0.15785369488852694,3978,1,0.17212377307756183,COD,South,9,4,0
460,2023-04-11 00:00:00+00:00,Beauty,0,1677.01,0.0,1093,1,0.0589591431805769,COD,East,11,6,0
4629,2023-04-11 00:00:00+00:00,Electronics,0,1319.32,0.0,1583,1,0.08056401387846636,Prepaid,South,13,3,0
3928,2023-04-11 00:00:00+00:00,Footwear,1,749.13,0.4068542937829136,2153,1,0.22479654392895648,Prepaid,South,7,4,0
1909,2023-04-11 00:00:00+00:00,Beauty,0,1469.05,0.43149179413863303,1797,2,0.007884512546210722,Prepaid,South,13,0,0
1984,2023-04-11 00:00:00+00:00,Home,0,3083.31,0.0,1263,2,0.5839506036675083,COD,West,9,0,0
3920,2023-04-11 00:00:00+00:00,Footwear,1,1224.27,0.0,2523,3,0.1910673939425774,COD,South,9,2,0
180,2023-04-11 00:00:00+00:00,Apparel,1,693.62,0.0,1856,1,0.5445442754339205,COD,West,3,1,0
108,2023-04-11 00:00:00+00:00,Apparel,1,933.92,0.0,4082,4,0.1797862039344288,COD,East,1,0,0
4319,2023-04-11 00:00:00+00:00,Apparel,1,1110.99,0.0,1136,0,0.0,COD,East,8,5,0
1254,2023-04-11 00:00:00+00:00,Beauty,0,980.28,0.0,3785,0,0.0,Prepaid,West,13,0,0
858,2023-04-12 00:00:00+00:00,Electronics,0,3252.82,0.0,3636,3,0.031619447987321886,Prepaid,North,5,0,0
4353,2023-04-12 00:00:00+00:00,Footwear,1,1855.5,0.0,2439,2,0.32429396916296116,Prepaid,North,6,0,1
130,2023-04-12 00:00:00+00:00,Apparel,1,1773.59,0.07544606058041398,3997,2,0.1959171910660198,Prepaid,West,13,1,0
3041,2023-04-12 00:00:00+00:00,Apparel,1,788.99,0.0,2757,1,0.1398109009824475,Prepaid,North,3,1,1
4493,2023-04-12 00:00:00+00:00,Apparel,1,3534.28,0.5338560589182286,2831,8,0.4780467963521145,Prepaid,North,7,1,0
1144,2023-04-12 00:00:00+00:00,Apparel,1,5458.1,0.0,2638,1,0.16138822111649373,Prepaid,East,11,1,1
4910,2023-04-12 00:00:00+00:00,Apparel,1,1495.37,0.3975606363665133,2492,1,0.24819676431496976,Prepaid,West,10,2,0
730,2023-04-12 00:00:00+00:00,Beauty,0,297.4,0.0,1821,0,0.0,Prepaid,West,11,10,0
3622,2023-04-12 00:00:00+00:00,Electronics,0,414.55,0.2579513069786744,1859,3,0.5468137452960316,Prepaid,East,5,0,1
4641,2023-04-12 00:00:00+00:00,Electronics,0,8109.6,0.3037616846933575,3321,3,0.06636626321280263,Prepaid,North,13,0,0
114,2023-04-12 00:00:00+00:00,Footwear,1,796.33,0.0,2082,2,0.2493856215363062,Prepaid,North,8,1,0
4758,2023-04-12 00:00:00+00:00,Beauty,0,2519.44,0.0,4318,1,0.2762738532516922,Prepaid,South,2,1,0
4579,2023-04-12 00:00:00+00:00,Apparel,1,2246.08,0.0,3959,2,0.10933194967429632,Prepaid,West,12,7,0
4983,2023-04-12 00:00:00+00:00,Apparel,1,1517.79,0.0,2640,2,0.16658783109907352,COD,East,14,2,0
1309,2023-04-12 00:00:00+00:00,Footwear,1,2845.56,0.14648243870378533,3614,3,0.23548322308149064,Prepaid,North,8,12,1
4444,2023-04-12 00:00:00+00:00,Beauty,0,4262.5,0.0,1263,4,0.02365868575394511,Prepaid,East,13,0,0
4414,2023-04-12 00:00:00+00:00,Electronics,0,1370.19,0.0,3029,1,0.11085048770429876,Prepaid,West,5,1,0
2280,2023-04-12 00:00:00+00:00,Electronics,0,1290.16,0.18841221439066685,4137,3,0.475971075940053,Prepaid,South,7,7,0
2197,2023-04-12 00:00:00+00:00,Apparel,1,3082.51,0.0,4018,1,0.16356040826544158,Prepaid,East,14,1,0
2826,2023-04-12 00:00:00+00:00,Apparel,1,1141.33,0.01867916306935101,2308,0,0.0,COD,West,3,0,1
3187,2023-04-12 00:00:00+00:00,Home,0,1869.58,0.0,3274,0,0.0,COD,North,9,6,1
4018,2023-04-12 00:00:00+00:00,Apparel,1,337.95,0.0,1028,1,0.06123096919774809,COD,West,14,1,0
3876,2023-04-12 00:00:00+00:00,Electronics,0,803.73,0.09290394115242251,1197,0,0.0,Prepaid,West,12,1,0
3724,2023-04-12 00:00:00+00:00,Apparel,1,3250.67,0.14302001818176416,3316,3,0.16213544996092077,COD,South,5,0,0
690,2023-04-12 00:00:00+00:00,Footwear,1,2221.75,0.0,3855,1,0.14110533945202275,Prepaid,East,7,2,0
4806,2023-04-12 00:00:00+00:00,Home,0,2079.72,0.0,1868,4,0.3852665508511769,Prepaid,East,3,4,0
2844,2023-04-12 00:00:00+00:00,Footwear,1,1093.42,0.0,4464,3,0.1647246824639583,COD,East,6,0,0
95,2023-04-13 00:00:00+00:00,Apparel,1,736.91,0.30635188742696423,1611,0,0.0,Prepaid,East,12,0,0
721,2023-04-13 00:00:00+00:00,Beauty,0,8025.14,0.04246022482179604,3223,5,0.42729114459855627,Prepaid,North,1,0,0
1809,2023-04-13 00:00:00+00:00,Beauty,0,2199.68,0.29834736645440996,1531,1,0.04635180062446359,Prepaid,North,11,1,1
3588,2023-04-13 00:00:00+00:00,Apparel,1,4719.86,0.0,1812,0,0.0,Prepaid,South,4,0,1
1118,2023-04-13 00:00:00+00:00,Apparel,1,3050.07,0.10235533382178326,1544,2,0.18091549289588818,Prepaid,South,1,7,1
2354,2023-04-13 00:00:00+00:00,Footwear,1,2865.22,0.0,3727,2,0.13851754628413587,Prepaid,North,5,3,0
4076,2023-04-13 00:00:00+00:00,Footwear,1,2416.1,0.0,1417,4,0.05255622034009607,Prepaid,East,6,8,0
4125,2023-04-13 00:00:00+00:00,Footwear,1,2314.1,0.11710358848344443,3892,1,0.20158877340698678,Prepaid,West,14,0,1
4482,2023-04-13 00:00:00+00:00,Home,0,588.67,0.0,4221,4,0.12659682855478727,COD,East,5,2,0
4642,2023-04-13 00:00:00+00:00,Apparel,1,915.95,0.3050985681384032,4466,0,0.0,Prepaid,North,2,1,0
4185,2023-04-13 00:00:00+00:00,Apparel,1,2795.29,0.0,3830,2,0.3706279866244108,Prepaid,North,12,5,0
2953,2023-04-13 00:00:00+00:00,Footwear,1,542.34,0.2605001940599506,2801,0,0.0,Prepaid,South,1,6,0
4731,2023-04-13 00:00:00+00:00,Apparel,1,1080.74,0.0,2465,1,0.48756155462453993,Prepaid,North,13,1,0
3290,2023-04-13 00:00:00+00:00,Home,0,559.9,0.0,3532,3,0.3152543775634325,Prepaid,North,8,3,0
4307,2023-04-13 00:00:00+00:00,Beauty,0,1007.39,0.13579061939221432,3019,1,0.21826047555601935,COD,West,8,1,0
3673,2023-04-13 00:00:00+00:00,Footwear,1,1292.55,0.44066510225505284,4042,0,0.0,Prepaid,West,9,2,0
1389,2023-04-13 00:00:00+00:00,Footwear,1,611.24,0.26495809303024953,4444,0,0.0,Prepaid,South,2,2,0
2462,2023-04-13 00:00:00+00:00,Footwear,1,532.93,0.563065275116187,2386,0,0.0,COD,North,6,3,0
68,2023-04-13 00:00:00+00:00,Footwear,1,1581.97,0.15646099651498543,1958,1,0.1422433877182035,Prepaid,East,5,2,0
4678,2023-04-13 00:00:00+00:00,Beauty,0,645.5,0.2795810519729697,1022,1,0.5754330419025052,COD,South,2,0,0
1073,2023-04-14 00:00:00+00:00,Apparel,1,246.09,0.18188470251195574,1092,1,0.02894299403894634,COD,East,13,0,0
4043,2023-04-14 00:00:00+00:00,Apparel,1,2903.62,0.0,4142,2,0.05462881598107392,COD,East,10,0,1
4730,2023-04-14 00:00:00+00:00,Home,0,69.13,0.0,2283,2,0.2917224510635637,Prepaid,East,10,1,0
4813,2023-04-14 00:00:00+00:00,Electronics,0,378.13,0.0,3058,1,0.07613871904839675,COD,West,11,0,0
494,2023-04-14 00:00:00+00:00,Home,0,1876.69,0.0,1403,1,0.0004773822279148613,Prepaid,North,1,1,0
4827,2023-04-14 00:00:00+00:00,Apparel,1,1248.3,0.0,4194,2,0.10920554334035562,Prepaid,North,6,7,0
1241,2023-04-14 00:00:00+00:00,Electronics,0,1353.19,0.0,2961,4,0.1121282738260644,Prepaid,South,4,7,0
930,2023-04-14 00:00:00+00:00,Apparel,1,718.7,0.0,1957,1,0.21191568310047568,Prepaid,West,1,0,0
537,2023-04-14 00:00:00+00:00,Apparel,1,1761.74,0.0,1127,4,0.3658542649709307,Prepaid,North,6,4,0
3555,2023-04-14 00:00:00+00:00,Beauty,0,757.98,0.0,2336,4,0.19695355095219008,COD,West,5,4,0
503,2023-04-14 00:00:00+00:00,Home,0,117.16,0.0,1029,3,0.11414680564944785,Prepaid,West,10,1,0
898,2023-04-14 00:00:00+00:00,Apparel,1,1128.78,0.0,1211,2,0.4286231762577602,Prepaid,East,12,0,1
3305,2023-04-14 00:00:00+00:00,Home,0,264.16,0.3532817524589862,3511,1,0.18643806821454792,COD,West,10,0,1
267,2023-04-14 00:00:00+00:00,Apparel,1,304.94,0.0,3084,3,0.11392111366967288,Prepaid,West,1,2,0
236,2023-04-14 00:00:00+00:00,Apparel,1,1016.21,0.2117613146659435,2739,3,0.04841562912239213,COD,South,8,3,0
2370,2023-04-14 00:00:00+00:00,Footwear,1,1758.64,0.01908129185979207,4300,0,0.0,COD,East,11,0,1
3865,2023-04-14 00:00:00+00:00,Electronics,0,3345.74,0.15359464652321655,2797,6,0.4787983439472325,COD,East,7,1,0
3680,2023-04-14 00:00:00+00:00,Electronics,0,2881.11,0.0,1791,3,0.07848448024000265,Prepaid,West,1,4,1
4147,2023-04-14 00:00:00+00:00,Footwear,1,453.59,0.0,2598,1,0.13908996975194013,Prepaid,South,4,6,0
167,2023-04-14 00:00:00+00:00,Apparel,1,828.49,0.3931873152785639,2414,2,0.0421657100044096,COD,North,8,0,0
1761,2023-04-14 00:00:00+00:00,Apparel,1,344.37,0.2024402728664958,2685,0,0.0,Prepaid,East,9,1,0
1786,2023-04-14 00:00:00+00:00,Beauty,0,69.68,0.0,1371,3,0.009205684750371696,Prepaid,West,11,3,0
1575,2023-04-14 00:00:00+00:00,Apparel,1,2086.66,0.0,3949,1,0.24220287664600088,Prepaid,North,10,0,0
1947,2023-04-15 00:00:00+00:00,Electronics,0,1482.03,0.05214928265519273,1317,0,0.0,COD,East,11,0,0
4240,2023-04-15 00:00:00+00:00,Footwear,1,3893.93,0.0,4173,1,0.011658030350125824,Prepaid,North,9,3,1
3766,2023-04-15 00:00:00+00:00,Apparel,1,598.12,0.0,1861,2,0.14489046586119356,COD,South,7,0,0
723,2023-04-15 00:00:00+00:00,Apparel,1,630.11,0.49305994024132305,2692,2,0.46673934813399015,Prepaid,West,3,3,0
633,2023-04-15 00:00:00+00:00,Home,0,580.63,0.0,4344,1,0.188844174773416,Prepaid,West,13,2,0
3430,2023-04-15 00:00:00+00:00,Electronics,0,2257.61,0.23726697648595174,1301,2,0.048056507188837146,COD,North,2,12,0
1968,2023-04-15 00:00:00+00:00,Apparel,1,705.43,0.0,2791,1,0.0777390227775883,Prepaid,West,1,5,0
3446,2023-04-15 00:00:00+00:00,Beauty,0,1916.36,0.3653448404646288,2026,3,0.09010025790575486,Prepaid,South,4,0,1
4747,2023-04-15 00:00:00+00:00,Home,0,2891.25,0.0,2296,3,0.1196875836711006,Prepaid,North,12,0,0
1844,2023-04-15 00:00:00+00:00,Beauty,0,4044.71,0.11454433322322888,2197,2,0.03742941084461322,Prepaid,South,12,3,0
1285,2023-04-15 00:00:00+00:00,Electronics,0,1299.9,0.0,1523,1,0.09636157909272854,Prepaid,North,13,0,0
4805,2023-04-15 00:00:00+00:00,Electronics,0,2073.52,0.0,3116,2,0.009311892716977101,Prepaid,South,13,5,0
3059,2023-04-15 00:00:00+00:00,Footwear,1,779.01,0.009685904235559845,3329,2,0.13071076052058594,COD,North,6,7,0
1373,2023-04-15 00:00:00+00:00,Apparel,1,156.87,0.0,1715,3,0.3900711727706495,Prepaid,West,14,2,0
39,2023-04-15 00:00:00+00:00,Footwear,1,348.61,0.0,3276,0,0.0,Prepaid,East,4,6,0
3856,2023-04-15 00:00:00+00:00,Home,0,10757.56,0.07362994134405275,1474,2,0.3598876474117183,Prepaid,North,12,7,1
4144,2023-04-15 00:00:00+00:00,Electronics,0,1970.15,0.0,1850,1,0.1269165244631955,COD,East,8,4,1
3493,2023-04-15 00:00:00+00:00,Electronics,0,1782.37,0.07880667492578924,1112,1,0.20934313849268912,Prepaid,East,8,4,0
3022,2023-04-15 00:00:00+00:00,Apparel,1,617.1,0.0,2585,3,0.1847761657974957,Prepaid,South,12,8,0
4588,2023-04-15 00:00:00+00:00,Home,0,822.64,0.0,2542,1,0.3145086633940116,COD,East,7,1,0
920,2023-04-15 00:00:00+00:00,Electronics,0,605.19,0.0319754312831152,2676,2,0.41663888219793827,Prepaid,South,14,4,1
767,2023-04-15 00:00:00+00:00,Home,0,899.36,0.08474488459831209,3720,1,0.14080727770648288,COD,West,12,1,0
2996,2023-04-15 00:00:00+00:00,Apparel,1,3575.81,0.0,4106,1,0.22033070420190354,COD,North,12,0,1
2099,2023-04-16 00:00:00+00:00,Home,0,927.85,0.0,3070,0,0.0,Prepaid,East,4,0,0
2287,2023-04-16 00:00:00+00:00,Footwear,1,19090.78,0.0,1817,1,0.015105502989011869,Prepaid,West,7,0,0
2299,2023-04-16 00:00:00+00:00,Electronics,0,305.14,0.0,3618,3,0.24735047125785867,COD,East,6,4,0
3417,2023-04-16 00:00:00+00:00,Apparel,1,4845.72,0.0,3021,4,0.08825172011400045,Prepaid,North,5,11,0
2398,2023-04-16 00:00:00+00:00,Home,0,1612.6,0.0,4452,1,0.004254064147934893,COD,West,11,0,0
4512,2023-04-16 00:00:00+00:00,Electronics,0,157.17,0.18064182516133864,4452,2,0.05951018523757752,Prepaid,North,14,1,0
3375,2023-04-16 00:00:00+00:00,Electronics,0,2242.92,0.16081752522475817,4046,5,0.1365651273049366,Prepaid,South,10,0,1
191,2023-04-16 00:00:00+00:00,Electronics,0,5180.45,0.0,2733,1,0.3849366349031169,Prepaid,East,11,0,1
905,2023-04-16 00:00:00+00:00,Footwear,1,2165.01,0.07207358802123746,2244,3,0.08360505960599211,Prepaid,West,7,0,0
83,2023-04-16 00:00:00+00:00,Electronics,0,5199.08,0.0,2273,2,0.5610597833780927,COD,East,12,2,1
4017,2023-04-16 00:00:00+00:00,Apparel,1,6425.16,0.0,2406,4,0.06555444090004174,Prepaid,West,12,2,0
757,2023-04-16 00:00:00+00:00,Apparel,1,3693.12,0.22527595282335378,3546,1,0.29722816041013117,Prepaid,South,11,0,0
1247,2023-04-16 00:00:00+00:00,Footwear,1,243.26,0.0,3664,2,0.08731058379471361,COD,South,14,1,0
3997,2023-04-16 00:00:00+00:00,Home,0,220.86,0.0,1302,0,0.0,COD,West,10,1,0
534,2023-04-16 00:00:00+00:00,Apparel,1,1491.35,0.02583392807803349,2623,1,0.49128329491456846,COD,West,3,0,0
2707,2023-04-16 00:00:00+00:00,Electronics,0,1286.89,0.06848341475506137,1853,3,0.09642196019084706,Prepaid,North,5,4,0
2737,2023-04-16 00:00:00+00:00,Electronics,0,3010.91,0.0,2662,1,0.23497782897461858,Prepaid,North,1,3,0
4401,2023-04-16 00:00:00+00:00,Electronics,0,1175.83,0.4816070487059625,2993,2,0.012105965953811462,COD,North,2,1,1
675,2023-04-16 00:00:00+00:00,Home,0,1692.82,0.03936745929631429,3482,1,0.16074522390843426,COD,South,12,2,1
451,2023-04-16 00:00:00+00:00,Apparel,1,494.72,0.0,3469,1,0.054129519717253265,Prepaid,East,9,1,0
4662,2023-04-17 00:00:00+00:00,Electronics,0,556.32,0.0,2161,4,0.3503720438753836,Prepaid,South,7,4,0
417,2023-04-17 00:00:00+00:00,Apparel,1,573.06,0.0,2625,2,0.16013719556331354,COD,North,1,3,0
3426,2023-04-17 00:00:00+00:00,Home,0,3296.71,0.08621876976254568,3800,2,0.0058804631990301915,COD,North,2,1,0
2324,2023-04-17 00:00:00+00:00,Home,0,3935.21,0.0,2062,5,0.058945585353704345,Prepaid,West,4,1,0
4874,2023-04-17 00:00:00+00:00,Footwear,1,1969.3,0.11875915705714493,1074,2,0.7019280787665025,Prepaid,North,14,4,0
1294,2023-04-17 00:00:00+00:00,Apparel,1,218.87,0.5196454217688653,1235,4,0.21403845229348606,COD,South,5,0,1
968,2023-04-17 00:00:00+00:00,Footwear,1,457.31,0.0,3376,1,0.18288035870334265,COD,West,8,0,0
2612,2023-04-17 00:00:00+00:00,Beauty,0,1513.53,0.3051111252241582,4498,1,0.16376679087311677,COD,North,7,1,0
3797,2023-04-17 00:00:00+00:00,Home,0,1169.08,0.0,3433,2,0.30763182372973447,Prepaid,East,12,0,0
4265,2023-04-17 00:00:00+00:00,Apparel,1,382.35,0.1558446307000676,2369,3,0.2481685325514867,Prepaid,North,4,2,0
3516,2023-04-17 00:00:00+00:00,Electronics,0,1430.49,0.0,2987,1,0.0535623254666579,Prepaid,South,11,1,0
1403,2023-04-17 00:00:00+00:00,Footwear,1,1443.26,0.19982261836585588,1547,3,0.1608664792326222,COD,North,8,0,0
761,2023-04-17 00:00:00+00:00,Beauty,0,1044.23,0.0008645304240549323,4306,1,0.08886917462853207,Prepaid,South,13,0,0
2097,2023-04-17 00:00:00+00:00,Home,0,971.68,0.0789362911047359,2678,2,0.0016489873962640916,Prepaid,South,1,8,0
1411,2023-04-17 00:00:00+00:00,Footwear,1,1284.37,0.0,1641,0,0.0,COD,South,9,7,1
940,2023-04-17 00:00:00+00:00,Electronics,0,1629.49,0.0,1438,5,0.1877806027860593,Prepaid,South,9,6,0
2187,2023-04-17 00:00:00+00:00,Footwear,1,103.89,0.23476531467470785,3966,2,0.20204533222122706,Prepaid,South,5,0,0
3269,2023-04-17 00:00:00+00:00,Apparel,1,525.92,0.0,3792,3,0.06582175693418978,COD,East,1,14,0
397,2023-04-17 00:00:00+00:00,Apparel,1,780.19,0.06284667511077692,3816,2,0.0878975711533393,Prepaid,East,7,2,0
2775,2023-04-17 00:00:00+00:00,Apparel,1,952.13,0.0,1128,2,0.1355846300017692,Prepaid,North,9,1,0
2769,2023-04-17 00:00:00+00:00,Electronics,0,618.5,0.13119956948815484,1424,1,0.19827836201856705,Prepaid,North,12,0,0
4268,2023-04-17 00:00:00+00:00,Apparel,1,1251.17,0.0,2078,1,0.27982018005802206,Prepaid,North,3,1,0
3552,2023-04-17 00:00:00+00:00,Home,0,241.3,0.0,1582,1,0.3924348621375948,Prepaid,West,8,3,0
1875,2023-04-17 00:00:00+00:00,Beauty,0,1126.64,0.09143898116246485,2527,2,0.2626988888674358,Prepaid,South,2,12,1
1117,2023-04-17 00:00:00+00:00,Apparel,1,248.49,0.2931653650447109,1132,0,0.0,COD,North,6,3,1
929,2023-04-17 00:00:00+00:00,Apparel,1,2930.37,0.0,3549,0,0.0,COD,East,10,2,0
3092,2023-04-18 00:00:00+00:00,Apparel,1,415.66,0.0,1281,1,0.055176098578943115,COD,South,3,2,0
2051,2023-04-18 00:00:00+00:00,Apparel,1,1375.28,0.0,1523,4,0.13141969947891224,Prepaid,West,1,14,1
3366,2023-04-18 00:00:00+00:00,Footwear,1,312.86,0.0,2431,2,0.08054951779762859,Prepaid,North,3,7,0
2019,2023-04-18 00:00:00+00:00,Home,0,2351.1,0.31750075005740963,2595,3,0.5705023921542519,COD,West,11,4,0
3131,2023-04-18 00:00:00+00:00,Home,0,371.97,0.0,3080,0,0.0,Prepaid,North,11,0,0
1276,2023-04-18 00:00:00+00:00,Beauty,0,605.24,0.0,2677,2,0.01252404922384933,Prepaid,South,13,2,0
2841,2023-04-18 00:00:00+00:00,Apparel,1,733.64,0.0,1316,2,0.3807593598447981,Prepaid,South,13,0,0
4009,2023-04-18 00:00:00+00:00,Apparel,1,2567.75,0.2537675674356624,3438,0,0.0,Prepaid,West,1,3,0
3681,2023-04-18 00:00:00+00:00,Electronics,0,606.82,0.14263760692988225,2659,1,0.3064313378118044,Prepaid,East,7,2,0
4400,2023-04-18 00:00:00+00:00,Apparel,1,4732.18,0.07160004935232374,2705,3,0.028156865883335564,Prepaid,South,7,0,0
296,2023-04-18 00:00:00+00:00,Footwear,1,985.79,0.2851314852095269,4334,1,0.13820377691541177,Prepaid,West,13,0,0
2378,2023-04-18 00:00:00+00:00,Apparel,1,839.42,0.0,2684,4,0.7777215200841769,Prepaid,West,5,1,0
1192,2023-04-18 00:00:00+00:00,Footwear,1,412.26,0.3639328864100564,2654,2,0.08754192968530822,Prepaid,South,1,6,0
2431,2023-04-18 00:00:00+00:00,Home,0,614.55,0.3138755817586767,1896,1,0.0565144401664792,Prepaid,East,6,1,0
1576,2023-04-18 00:00:00+00:00,Beauty,0,5388.13,0.0,3686,0,0.0,Prepaid,East,4,8,0
3888,2023-04-18 00:00:00+00:00,Beauty,0,2011.7,0.3403757576934109,3449,1,0.2064902969527604,Prepaid,South,8,0,0
2321,2023-04-18 00:00:00+00:00,Apparel,1,3472.64,0.0,1048,3,0.004813715747908699,Prepaid,West,3,11,0
520,2023-04-18 00:00:00+00:00,Home,0,2989.2,0.0,3331,1,0.1784240997458061,Prepaid,West,10,2,0
479,2023-04-18 00:00:00+00:00,Apparel,1,844.1,0.23614476124682338,1127,1,0.2183767049363364,Prepaid,South,9,4,0
1681,2023-04-18 00:00:00+00:00,Home,0,1481.16,0.3313309528019692,1427,3,0.11603038608243485,Prepaid,West,6,4,0
1608,2023-04-18 00:00:00+00:00,Beauty,0,2037.69,0.14975273644701972,2538,2,0.09869668058938574,Prepaid,West,11,7,0
4305,2023-04-18 00:00:00+00:00,Apparel,1,1960.03,0.0,2060,1,0.20564114996643978,Prepaid,South,2,12,0
1088,2023-04-18 00:00:00+00:00,Beauty,0,3527.29,0.263924452904266,2839,3,0.1930584328646852,Prepaid,East,10,2,0
776,2023-04-18 00:00:00+00:00,Electronics,0,710.59,0.0,2271,3,0.09394280427545915,COD,East,12,0,0
155,2023-04-18 00:00:00+00:00,Electronics,0,501.93,0.0,2123,1,0.721139673838936,Prepaid,North,9,5,1
4510,2023-04-19 00:00:00+00:00,Footwear,1,642.18,0.0,3747,2,0.14931600233293799,COD,East,11,1,0
3044,2023-04-19 00:00:00+00:00,Electronics,0,2033.55,0.2508979952726683,2086,0,0.0,Prepaid,East,4,0,0
2182,2023-04-19 00:00:00+00:00,Apparel,1,469.31,0.0,2101,4,0.07561450896437563,Prepaid,North,11,9,0
654,2023-04-19 00:00:00+00:00,Home,0,2518.42,0.0,1094,3,0.001539632377673231,Prepaid,West,2,9,0
794,2023-04-19 00:00:00+00:00,Home,0,1682.12,0.0,1101,3,0.2727951732939193,Prepaid,South,5,3,0
1119,2023-04-19 00:00:00+00:00,Electronics,0,148.69,0.0,4491,2,0.07015273403908696,COD,West,1,2,0
4407,2023-04-19 00:00:00+00:00,Apparel,1,580.65,0.0,1040,0,0.0,Prepaid,South,2,0,0
3314,2023-04-19 00:00:00+00:00,Home,0,1281.06,0.037262923001429915,3531,2,0.3271664774959593,COD,North,14,7,0
1203,2023-04-19 00:00:00+00:00,Apparel,1,4297.25,0.0,4117,4,0.4857586555107815,Prepaid,West,2,7,0
4058,2023-04-19 00:00:00+00:00,Home,0,716.68,0.0,3647,2,0.03649135080921,COD,South,12,2,0
2621,2023-04-19 00:00:00+00:00,Home,0,1802.55,0.23783845706014023,2566,0,0.0,COD,West,10,0,1
3715,2023-04-19 00:00:00+00:00,Electronics,0,820.93,0.0,2227,3,0.022116800606156967,Prepaid,West,1,2,0
2984,2023-04-19 00:00:00+00:00,Footwear,1,656.72,0.38010915369080644,1514,1,0.031158228211786355,COD,West,13,2,0
688,2023-04-19 00:00:00+00:00,Footwear,1,3892.01,0.25801843553021453,2840,1,0.13069021957181434,Prepaid,South,14,0,0
4841,2023-04-19 00:00:00+00:00,Apparel,1,781.22,0.06806209413471412,3318,1,0.34596293196314204,COD,West,10,7,0
3732,2023-04-19 00:00:00+00:00,Electronics,0,3062.36,0.09115600355624844,1634,3,0.10195577085006896,Prepaid,South,6,0,0
426,2023-04-19 00:00:00+00:00,Footwear,1,2138.9,0.0728822891610141,3583,1,0.3003095673894568,Prepaid,North,9,0,0
4110,2023-04-19 00:00:00+00:00,Apparel,1,3121.21,0.08094949676464165,1610,5,0.005589682569469194,COD,North,11,3,0
1523,2023-04-19 00:00:00+00:00,Footwear,1,1042.17,0.0,3250,2,0.0257349079683993,Prepaid,West,1,16,0
780,2023-04-19 00:00:00+00:00,Footwear,1,599.37,0.310204769914999,3642,3,0.4411291898936307,Prepaid,South,10,0,0
431,2023-04-19 00:00:00+00:00,Footwear,1,1645.04,0.0,3602,2,0.06643710634194312,Prepaid,West,14,2,0
2505,2023-04-19 00:00:00+00:00,Apparel,1,1393.85,0.0,1942,0,0.0,COD,South,1,1,0
4102,2023-04-19 00:00:00+00:00,Home,0,160.82,0.0,2787,2,0.22853157009153346,COD,North,13,1,1
2753,2023-04-19 00:00:00+00:00,Apparel,1,903.63,0.15548164265221392,2057,1,0.0004862879189449009,Prepaid,East,1,0,0
2916,2023-04-19 00:00:00+00:00,Footwear,1,267.39,0.16685203681117858,2352,1,0.15035598299989203,Prepaid,South,7,6,0
1691,2023-04-19 00:00:00+00:00,Apparel,1,845.84,0.0,1316,2,0.11716743485406128,Prepaid,South,2,3,0
3109,2023-04-19 00:00:00+00:00,Apparel,1,351.61,0.0,1780,2,0.07096079610924019,COD,North,12,6,0
184,2023-04-19 00:00:00+00:00,Apparel,1,4542.37,0.08408920400332344,2660,4,0.22895251285482512,COD,East,3,3,0
696,2023-04-19 00:00:00+00:00,Home,0,442.57,0.0,1311,3,0.7187834327432423,Prepaid,West,4,1,0
1556,2023-04-19 00:00:00+00:00,Footwear,1,342.15,0.0,2317,0,0.0,Prepaid,West,2,4,0
2746,2023-04-20 00:00:00+00:00,Beauty,0,597.88,0.1702005253732607,1496,2,0.5787705426227151,COD,West,4,4,0
3302,2023-04-20 00:00:00+00:00,Footwear,1,604.59,0.0,1096,0,0.0,COD,West,11,0,0
4372,2023-04-20 00:00:00+00:00,Home,0,1817.63,0.0,2858,1,0.2632518090843554,Prepaid,East,5,2,0
1410,2023-04-20 00:00:00+00:00,Beauty,0,288.94,0.3101962220707953,2642,1,0.15283445034355292,Prepaid,East,13,2,0
3279,2023-04-20 00:00:00+00:00,Electronics,0,3838.6,0.25836673186603976,4081,1,0.0929279231996202,Prepaid,North,2,3,0
1323,2023-04-20 00:00:00+00:00,Footwear,1,3667.13,0.0,4053,1,0.025557988548979456,Prepaid,West,13,0,0
3294,2023-04-20 00:00:00+00:00,Apparel,1,1359.79,0.0,1861,4,0.3443953121515017,Prepaid,North,14,2,0
4582,2023-04-20 00:00:00+00:00,Footwear,1,941.51,0.0,1141,3,0.1173719668181788,Prepaid,West,7,1,0
3220,2023-04-20 00:00:00+00:00,Apparel,1,2211.16,0.21631757113048797,1677,2,0.05926534560011135,Prepaid,East,8,1,1
4451,2023-04-20 00:00:00+00:00,Beauty,0,214.97,0.0,1041,2,0.011511450734955152,Prepaid,West,10,1,0
3497,2023-04-20 00:00:00+00:00,Home,0,202.38,0.0,4409,2,0.019822387569029026,Prepaid,South,12,0,0
4704,2023-04-20 00:00:00+00:00,Apparel,1,2545.49,0.0,2704,2,0.41850648418730807,Prepaid,East,9,2,0
700,2023-04-20 00:00:00+00:00,Apparel,1,440.18,0.0,4287,3,0.2872221237499723,COD,West,12,8,0
4445,2023-04-20 00:00:00+00:00,Apparel,1,460.29,0.10987055013847696,3947,3,0.08122240365794962,Prepaid,West,1,1,0
4336,2023-04-20 00:00:00+00:00,Apparel,1,2179.78,0.02240326123358835,4233,4,0.22709193234925612,Prepaid,South,5,0,0
3808,2023-04-20 00:00:00+00:00,Apparel,1,727.29,0.0,1354,1,0.1574820774866743,COD,North,6,5,0
249,2023-04-20 00:00:00+00:00,Home,0,4077.44,0.0,1891,2,0.016390396262215383,COD,North,3,8,0
3687,2023-04-20 00:00:00+00:00,Apparel,1,290.63,0.0,2353,1,0.07126378792027131,Prepaid,East,9,1,0
1877,2023-04-20 00:00:00+00:00,Home,0,705.26,0.06103577858574615,1844,1,0.2626170359143148,Prepaid,North,10,0,0
1458,2023-04-20 00:00:00+00:00,Apparel,1,1050.94,0.1364975490782325,2391,1,0.20558533876201027,COD,North,2,5,0
1708,2023-04-20 00:00:00+00:00,Footwear,1,3119.38,0.0,4334,2,0.10566561494678006,Prepaid,South,10,4,0
1453,2023-04-20 00:00:00+00:00,Footwear,1,698.84,0.09930291104731412,1714,0,0.0,Prepaid,North,14,5,0
598,2023-04-20 00:00:00+00:00,Apparel,1,486.4,0.0,1462,4,0.3846247906078068,Prepaid,South,7,4,1
558,2023-04-20 00:00:00+00:00,Apparel,1,602.4,0.0,1092,1,0.17971065041423295,COD,East,8,0,1
4743,2023-04-21 00:00:00+00:00,Apparel,1,3304.24,0.0,1101,1,0.652374759578162,Prepaid,East,2,1,0
4575,2023-04-21 00:00:00+00:00,Apparel,1,4172.38,0.030040135753067673,3297,1,0.04690311392394084,COD,South,2,2,0
2715,2023-04-21 00:00:00+00:00,Electronics,0,4821.67,0.0,3127,3,0.0026632754451988722,Prepaid,North,11,5,0
2393,2023-04-21 00:00:00+00:00,Electronics,0,477.55,0.45960456126443827,1311,0,0.0,COD,West,13,1,1
672,2023-04-21 00:00:00+00:00,Home,0,1201.12,0.05851999813774664,1540,4,0.20487398343544921,Prepaid,East,4,1,0
749,2023-04-21 00:00:00+00:00,Beauty,0,2148.64,0.0,3487,0,0.0,Prepaid,South,4,2,0
2752,2023-04-21 00:00:00+00:00,Beauty,0,5107.0,0.1452375156136003,3893,1,0.10981460972227247,Prepaid,East,1,18,1
2236,2023-04-21 00:00:00+00:00,Apparel,1,900.3,0.0,2278,2,0.29406018433889786,Prepaid,North,11,5,1
1723,2023-04-21 00:00:00+00:00,Home,0,2378.97,0.0,1509,3,0.34149834842717386,COD,East,9,3,1
1221,2023-04-21 00:00:00+00:00,Home,0,311.58,0.22750748480280408,4345,1,0.012406994766429574,COD,North,7,2,0
4005,2023-04-21 00:00:00+00:00,Home,0,1625.91,0.17672494045134607,2124,1,0.6891583754342797,Prepaid,North,12,1,0
3773,2023-04-21 00:00:00+00:00,Apparel,1,854.58,0.14421043319332594,2886,2,0.6196926388238189,Prepaid,South,7,0,0
4415,2023-04-21 00:00:00+00:00,Home,0,2595.46,0.0,3587,5,0.22311403777707667,Prepaid,South,12,1,1
1354,2023-04-21 00:00:00+00:00,Apparel,1,1574.4,0.13228635702085773,4211,3,0.5908838452485675,COD,North,10,0,0
1357,2023-04-21 00:00:00+00:00,Footwear,1,246.73,0.0,2640,2,0.06820508490519289,COD,West,2,0,0
3307,2023-04-21 00:00:00+00:00,Electronics,0,2958.81,0.05925271294935122,3858,0,0.0,Prepaid,North,6,1,0
4639,2023-04-21 00:00:00+00:00,Apparel,1,2596.1,0.0,4231,0,0.0,Prepaid,North,12,0,0
2054,2023-04-21 00:00:00+00:00,Apparel,1,1053.54,0.04469860091401835,2137,1,0.33103316120194093,COD,South,4,0,0
2352,2023-04-21 00:00:00+00:00,Apparel,1,1291.66,0.0,3620,3,0.1923858160872826,Prepaid,West,8,1,1
2675,2023-04-21 00:00:00+00:00,Footwear,1,2096.3,0.0,1461,2,0.20110364613483858,COD,North,12,0,0
2602,2023-04-21 00:00:00+00:00,Apparel,1,3211.23,0.42821311421507924,3755,2,0.04791713238443592,Prepaid,North,10,8,0
49,2023-04-21 00:00:00+00:00,Apparel,1,3174.82,0.2784610850357644,3201,1,0.3763698482906314,COD,East,9,5,0
2880,2023-04-21 00:00:00+00:00,Apparel,1,1338.08,0.0,3008,1,0.11796395827294542,COD,North,9,7,0
1837,2023-04-21 00:00:00+00:00,Apparel,1,1315.2,0.0,2226,5,0.028197434769844498,COD,South,5,6,0
532,2023-04-21 00:00:00+00:00,Apparel,1,399.77,0.38248047089466974,2798,1,0.28114114856618483,Prepaid,South,6,1,0
3538,2023-04-22 00:00:00+00:00,Home,0,933.55,0.0,1578,1,0.22578710295127613,Prepaid,South,13,2,0
3548,2023-04-22 00:00:00+00:00,Apparel,1,777.15,0.0,4291,6,0.2326648082463254,Prepaid,South,11,0,1
1827,2023-04-22 00:00:00+00:00,Apparel,1,773.25,0.0,2462,2,0.18618158504363355,Prepaid,East,2,1,0
1110,2023-04-22 00:00:00+00:00,Apparel,1,542.38,0.24816608495790432,2816,1,0.1328693839980156,Prepaid,West,3,1,0
3315,2023-04-22 00:00:00+00:00,Electronics,0,717.29,0.0,2980,0,0.0,Prepaid,East,13,0,0
1606,2023-04-22 00:00:00+00:00,Beauty,0,722.52,0.0,1445,2,0.24568248922081182,Prepaid,South,9,3,0
518,2023-04-22 00:00:00+00:00,Footwear,1,1255.35,0.3182068764332219,1770,3,0.21446154591149388,Prepaid,North,5,4,0
3730,2023-04-22 00:00:00+00:00,Apparel,1,2103.94,0.3365959651777909,4288,0,0.0,COD,East,12,2,1
3741,2023-04-22 00:00:00+00:00,Apparel,1,555.15,0.0851403266259033,2162,1,0.3083256309924205,Prepaid,North,9,3,0
1222,2023-04-22 00:00:00+00:00,Beauty,0,645.84,0.2169268687805722,1942,6,0.05463465027030942,Prepaid,East,6,8,1
568,2023-04-22 00:00:00+00:00,Home,0,1008.87,0.2750066027584437,1486,1,0.010716489216726185,COD,South,6,0,1
1331,2023-04-22 00:00:00+00:00,Electronics,0,2697.54,0.0,2788,0,0.0,Prepaid,South,12,1,0
1552,2023-04-22 00:00:00+00:00,Apparel,1,5594.39,0.0,1302,3,0.02802986831871195,Prepaid,East,4,0,0
1537,2023-04-22 00:00:00+00:00,Electronics,0,340.95,0.0,3203,0,0.0,Prepaid,East,9,11,1
3837,2023-04-22 00:00:00+00:00,Apparel,1,1473.8,0.0,3638,0,0.0,Prepaid,South,2,0,0
682,2023-04-22 00:00:00+00:00,Electronics,0,300.4,0.0,4278,0,0.0,Prepaid,South,2,1,0
4166,2023-04-22 00:00:00+00:00,Apparel,1,11712.08,0.0,4178,1,0.554628336371703,Prepaid,North,4,1,0
3995,2023-04-22 00:00:00+00:00,Electronics,0,1244.39,0.0,2308,4,0.4602784486196784,Prepaid,West,13,1,0
325,2023-04-22 00:00:00+00:00,Apparel,1,1812.71,0.0,1371,2,0.40911794861363054,Prepaid,North,1,0,0
4036,2023-04-22 00:00:00+00:00,Footwear,1,1667.14,0.3587245328055422,4079,5,0.36860636621090487,COD,South,8,4,0
2356,2023-04-22 00:00:00+00:00,Electronics,0,1303.75,0.0,2921,1,0.07042420922438558,Prepaid,South,14,3,0
2424,2023-04-22 00:00:00+00:00,Electronics,0,1204.54,0.0,2480,3,0.06627695357394295,Prepaid,South,6,2,0
1006,2023-04-22 00:00:00+00:00,Electronics,0,438.8,0.1892433722324857,2746,4,0.22325994588076362,COD,North,13,5,0
4931,2023-04-22 00:00:00+00:00,Beauty,0,4137.92,0.16161220807123428,2593,2,0.5645345937526162,Prepaid,South,11,0,0
2846,2023-04-22 00:00:00+00:00,Apparel,1,210.03,0.005032677892783902,4225,5,0.09393337456008856,Prepaid,South,10,4,0
1050,2023-04-22 00:00:00+00:00,Electronics,0,691.99,0.5412500544962118,1766,2,0.08301069301981162,Prepaid,South,2,4,0
2,2023-04-22 00:00:00+00:00,Beauty,0,1987.36,0.21985923762055273,4169,0,0.0,Prepaid,South,5,2,0
2965,2023-04-22 00:00:00+00:00,Home,0,3758.85,0.1695109119383374,3069,4,0.06339823720270023,Prepaid,West,4,6,0
732,2023-04-22 00:00:00+00:00,Beauty,0,13644.07,0.00603411334928719,4260,1,0.20529338063825195,Prepaid,West,4,0,0
4389,2023-04-22 00:00:00+00:00,Apparel,1,1612.26,0.14948739964069663,4372,1,0.2156638953778211,Prepaid,North,2,1,0
8,2023-04-22 00:00:00+00:00,Apparel,1,498.48,0.0,3055,2,0.2542169747771575,COD,West,8,11,0
2932,2023-04-22 00:00:00+00:00,Apparel,1,885.13,0.0,3493,3,0.07680803473971973,Prepaid,West,12,0,0
3135,2023-04-22 00:00:00+00:00,Electronics,0,1020.94,0.0,3226,1,0.003637491844232818,Prepaid,East,6,0,0
4748,2023-04-23 00:00:00+00:00,Apparel,1,2009.58,0.0,2876,3,0.300541810144228,Prepaid,North,8,2,1
4220,2023-04-23 00:00:00+00:00,Apparel,1,1094.65,0.0,3686,1,0.07652075070251761,COD,North,10,1,1
1754,2023-04-23 00:00:00+00:00,Beauty,0,713.83,0.2281526658566194,2282,4,0.0793388712852912,Prepaid,East,12,3,0
1727,2023-04-23 00:00:00+00:00,Apparel,1,221.58,0.0,1955,0,0.0,COD,East,1,0,0
3123,2023-04-23 00:00:00+00:00,Footwear,1,1365.82,0.0,3152,2,0.007220298061746958,Prepaid,North,10,3,0
2628,2023-04-23 00:00:00+00:00,Electronics,0,2439.37,0.0,1554,0,0.0,COD,West,2,6,0
2536,2023-04-23 00:00:00+00:00,Home,0,966.79,0.0,2325,0,0.0,Prepaid,West,12,2,0
2202,2023-04-23 00:00:00+00:00,Beauty,0,396.41,0.5419605084230195,3279,0,0.0,COD,East,9,2,1
1503,2023-04-23 00:00:00+00:00,Home,0,4266.26,0.14770559517354512,1495,3,0.12166200150399688,Prepaid,East,1,7,0
4982,2023-04-23 00:00:00+00:00,Apparel,1,965.99,0.0,2621,1,0.1920507799996829,Prepaid,West,10,0,0
4947,2023-04-23 00:00:00+00:00,Apparel,1,31.49,0.09224659302881895,3958,2,0.338571919958207,COD,South,13,8,0
3941,2023-04-23 00:00:00+00:00,Apparel,1,447.84,0.0,2720,1,0.3016194825824884,Prepaid,West,1,5,0
1176,2023-04-23 00:00:00+00:00,Beauty,0,1748.81,0.0,2118,2,0.5923144101707714,COD,South,10,0,0
2506,2023-04-23 00:00:00+00:00,Beauty,0,2924.98,0.0,2774,3,0.1400551395216586,Prepaid,South,11,2,0
3932,2023-04-23 00:00:00+00:00,Apparel,1,2855.42,0.307992973645551,1138,1,0.07596188684710277,Prepaid,South,6,2,0
4396,2023-04-23 00:00:00+00:00,Beauty,0,401.45,0.09000441508428245,1128,4,0.025418964669865658,Prepaid,South,6,6,0
3999,2023-04-23 00:00:00+00:00,Electronics,0,2909.34,0.047880834121235616,3593,2,0.023695141448160085,Prepaid,South,11,1,0
3791,2023-04-23 00:00:00+00:00,Apparel,1,1267.93,0.0,1179,2,0.12052403948178848,Prepaid,South,14,5,0
4016,2023-04-23 00:00:00+00:00,Apparel,1,810.53,0.2784536900745038,2551,5,0.11182965018142053,Prepaid,North,11,9,0
2211,2023-04-23 00:00:00+00:00,Apparel,1,1254.8,0.14244465477497048,1960,3,0.11026748490492924,COD,West,12,1,0
4825,2023-04-23 00:00:00+00:00,Apparel,1,1877.04,0.0,3166,2,0.2971556378215532,COD,North,9,0,1
2795,2023-04-23 00:00:00+00:00,Electronics,0,1321.25,0.24412819120583962,1256,1,0.04469679304903015,Prepaid,North,14,2,0
3236,2023-04-23 00:00:00+00:00,Electronics,0,372.12,0.19941754976549037,1968,6,0.08416628112303227,Prepaid,West,13,3,0
4156,2023-04-23 00:00:00+00:00,Apparel,1,2802.46,0.0,1489,2,0.02120718822199243,Prepaid,West,5,0,0
2263,2023-04-23 00:00:00+00:00,Apparel,1,862.08,0.037348038586425145,1023,4,0.02059203595342818,Prepaid,South,12,0,0
430,2023-04-23 00:00:00+00:00,Apparel,1,1293.32,0.17833775370657845,2671,4,0.25860477635886286,Prepaid,West,13,3,0
90,2023-04-23 00:00:00+00:00,Beauty,0,710.01,0.0,1349,2,0.16439961210217124,COD,South,7,0,0
3086,2023-04-24 00:00:00+00:00,Apparel,1,1798.4,0.0,4028,5,0.20047183911717875,COD,West,8,0,1
4234,2023-04-24 00:00:00+00:00,Apparel,1,1045.61,0.3490308524169541,1142,2,0.08201485607599765,COD,West,2,1,0
3223,2023-04-24 00:00:00+00:00,Beauty,0,682.19,0.4045868772925816,1437,2,0.12287422900632304,Prepaid,South,4,0,0
4120,2023-04-24 00:00:00+00:00,Home,0,1690.59,0.0,2025,0,0.0,Prepaid,West,2,5,0
2132,2023-04-24 00:00:00+00:00,Apparel,1,2435.8,0.0,3441,2,0.21563294883772063,Prepaid,North,1,0,0
2564,2023-04-24 00:00:00+00:00,Footwear,1,4144.64,0.15586213144377592,1223,1,0.37135123944886433,COD,West,9,0,0
967,2023-04-24 00:00:00+00:00,Footwear,1,5513.29,0.0,2278,2,0.49459306360825434,Prepaid,West,11,0,0
2904,2023-04-24 00:00:00+00:00,Beauty,0,1799.63,0.0864219349277181,3707,0,0.0,Prepaid,South,3,0,0
2143,2023-04-24 00:00:00+00:00,Electronics,0,10640.22,0.0,2043,2,0.10708163623393717,COD,North,5,6,0
4550,2023-04-24 00:00:00+00:00,Apparel,1,1526.54,0.1913778429329317,3987,2,0.19006982776947953,Prepaid,North,14,4,1
4480,2023-04-24 00:00:00+00:00,Home,0,612.07,0.0,1443,0,0.0,Prepaid,East,9,7,0
810,2023-04-24 00:00:00+00:00,Electronics,0,147.85,0.0,2641,0,0.0,Prepaid,West,14,6,0
4873,2023-04-24 00:00:00+00:00,Apparel,1,257.51,0.0,1975,2,0.5833586362688155,Prepaid,South,10,1,0
1052,2023-04-24 00:00:00+00:00,Apparel,1,704.54,0.2824244258791608,2315,2,0.0738228315072538,Prepaid,West,1,8,0
3800,2023-04-24 00:00:00+00:00,Electronics,0,754.15,0.16253343403632464,1232,0,0.0,COD,North,6,0,0
995,2023-04-24 00:00:00+00:00,Apparel,1,718.31,0.13905835124549945,3613,2,0.10972655386265481,COD,South,1,1,0
2912,2023-04-24 00:00:00+00:00,Apparel,1,247.53,0.22852720714817232,1920,4,0.4566107145871174,COD,South,5,0,0
3373,2023-04-24 00:00:00+00:00,Apparel,1,769.25,0.0,3200,2,0.10763466391620945,Prepaid,North,6,0,0
538,2023-04-24 00:00:00+00:00,Home,0,1193.2,0.0,3570,3,0.14852855356808609,Prepaid,West,2,8,0
4751,2023-04-24 00:00:00+00:00,Apparel,1,639.8,0.0,2031,3,0.5579250186269494,Prepaid,East,7,0,0
3202,2023-04-24 00:00:00+00:00,Footwear,1,880.66,0.14105003933446358,4172,2,0.3766990968426088,Prepaid,East,9,1,0
782,2023-04-24 00:00:00+00:00,Beauty,0,2169.91,0.05560777046494989,1862,2,0.0023557440982705604,Prepaid,North,8,0,0
3094,2023-04-24 00:00:00+00:00,Home,0,566.41,0.2575933338414991,2349,1,0.5163353174193714,Prepaid,South,14,0,0
4929,2023-04-24 00:00:00+00:00,Footwear,1,5037.9,0.0,3723,2,0.06320864606101537,Prepaid,South,1,2,0
1059,2023-04-24 00:00:00+00:00,Footwear,1,394.59,0.0,1731,2,0.03716311570095173,Prepaid,South,10,1,0
120,2023-04-24 00:00:00+00:00,Apparel,1,2037.45,0.0,3306,1,0.04938650754705543,COD,North,1,1,0
4535,2023-04-25 00:00:00+00:00,Home,0,1050.41,0.0,3587,2,0.06969785493080631,COD,South,10,0,1
3067,2023-04-25 00:00:00+00:00,Electronics,0,216.52,0.0,1062,1,0.5629253402121253,Prepaid,West,13,3,0
1845,2023-04-25 00:00:00+00:00,Beauty,0,1286.88,0.42952694176592665,3839,2,0.0016183543036992628,COD,North,4,8,0
2042,2023-04-25 00:00:00+00:00,Home,0,1005.29,0.0,3761,1,0.11078083265524363,Prepaid,East,4,1,1
689,2023-04-25 00:00:00+00:00,Home,0,2263.15,0.0,2236,1,0.07928142130888391,COD,West,6,3,0
1734,2023-04-25 00:00:00+00:00,Apparel,1,1060.39,0.0,2331,0,0.0,COD,North,5,7,0
458,2023-04-25 00:00:00+00:00,Footwear,1,2899.55,0.12619017467204602,1244,1,0.23199474376234958,Prepaid,South,9,0,0
1428,2023-04-25 00:00:00+00:00,Footwear,1,2753.23,0.05309305552832771,2116,2,0.2226861784717815,Prepaid,East,13,3,0
1789,2023-04-25 00:00:00+00:00,Apparel,1,146.4,0.0,2205,5,0.12007463297516786,Prepaid,East,6,5,0
3520,2023-04-25 00:00:00+00:00,Footwear,1,586.94,0.0,2419,2,0.2968001356409441,Prepaid,North,5,1,0
2386,2023-04-25 00:00:00+00:00,Beauty,0,1878.1,0.0,3567,2,0.10509554064298898,COD,South,8,0,0
3119,2023-04-25 00:00:00+00:00,Apparel,1,121.13,0.4307272786912514,3611,1,0.40512904315232984,COD,South,2,4,0
3371,2023-04-25 00:00:00+00:00,Apparel,1,650.13,0.0,3784,2,0.21996004829308222,COD,North,2,5,0
370,2023-04-25 00:00:00+00:00,Footwear,1,3120.04,0.24223470001711367,1336,2,0.007039045407024432,COD,East,13,4,0
262,2023-04-25 00:00:00+00:00,Electronics,0,1099.13,0.09212197829823061,3836,2,0.137438687025273,COD,East,4,8,0
3048,2023-04-25 00:00:00+00:00,Apparel,1,595.17,0.0,1888,4,0.0580113713472124,COD,East,8,3,0
4470,2023-04-25 00:00:00+00:00,Beauty,0,837.62,0.3421755078090948,1390,0,0.0,Prepaid,South,6,0,0
2402,2023-04-25 00:00:00+00:00,Apparel,1,438.68,0.0,4358,0,0.0,Prepaid,West,13,2,1
3626,2023-04-25 00:00:00+00:00,Apparel,1,5582.0,0.0865887707201844,3182,1,0.3246831923325385,Prepaid,North,13,2,0
4030,2023-04-25 00:00:00+00:00,Apparel,1,1386.87,0.4718465359070335,3888,3,0.24660600212476452,Prepaid,South,1,2,0
646,2023-04-25 00:00:00+00:00,Electronics,0,940.71,0.0,1286,1,0.04968567716637981,Prepaid,North,14,0,0
2845,2023-04-25 00:00:00+00:00,Electronics,0,2428.51,0.24172715118392368,3404,3,0.4816547532010579,Prepaid,South,1,2,0
4474,2023-04-25 00:00:00+00:00,Apparel,1,654.56,0.0,1497,0,0.0,COD,West,4,5,0
104,2023-04-25 00:00:00+00:00,Apparel,1,4762.3,0.11657630506439658,2151,5,0.1084855501281268,Prepaid,North,3,0,0
2177,2023-04-25 00:00:00+00:00,Electronics,0,1822.66,0.0,3464,3,0.39959954137441406,COD,North,12,2,0
3962,2023-04-25 00:00:00+00:00,Footwear,1,1682.46,0.0,4407,7,0.1294951273182926,COD,East,13,5,1
3277,2023-04-25 00:00:00+00:00,Beauty,0,3768.54,0.0,2457,2,0.19527816608140436,COD,East,10,8,0
4979,2023-04-25 00:00:00+00:00,Apparel,1,3534.04,0.0,1531,1,0.239585982089155,Prepaid,East,10,2,0
3334,2023-04-26 00:00:00+00:00,Electronics,0,244.85,0.26894933101839824,2090,1,0.07219617744118102,Prepaid,South,4,2,0
3746,2023-04-26 00:00:00+00:00,Footwear,1,2544.16,0.11124174292703387,3673,4,0.28525694715837285,Prepaid,South,12,3,0
2647,2023-04-26 00:00:00+00:00,Electronics,0,4126.47,0.0,2616,1,0.43201509191513593,COD,West,5,0,0
4411,2023-04-26 00:00:00+00:00,Apparel,1,2177.38,0.0,4392,0,0.0,Prepaid,North,6,4,0
4150,2023-04-26 00:00:00+00:00,Beauty,0,3946.26,0.03284286748946061,2528,1,0.2491276100446204,COD,East,2,0,0
4453,2023-04-26 00:00:00+00:00,Apparel,1,702.37,0.07910995578680935,1082,1,0.002755561500997954,Prepaid,South,12,11,0
4937,2023-04-26 00:00:00+00:00,Beauty,0,3922.31,0.0,1796,2,0.0932684152011173,Prepaid,North,13,10,0
4052,2023-04-26 00:00:00+00:00,Footwear,1,577.95,0.0,1637,0,0.0,Prepaid,North,6,19,0
1116,2023-04-26 00:00:00+00:00,Beauty,0,896.35,0.0,2830,3,0.04881238246257107,Prepaid,East,7,3,0
2071,2023-04-26 00:00:00+00:00,Apparel,1,369.15,0.0,3078,2,0.007083597681376248,Prepaid,South,2,6,0
101,2023-04-26 00:00:00+00:00,Home,0,3882.69,0.06225100924265236,1203,2,0.010903618256699998,Prepaid,West,11,9,0
2828,2023-04-26 00:00:00+00:00,Apparel,1,602.34,0.21045516863870017,3981,2,0.024090664968532,COD,West,9,2,0
4432,2023-04-26 00:00:00+00:00,Apparel,1,1850.94,0.0,1410,0,0.0,Prepaid,East,10,1,0
3483,2023-04-26 00:00:00+00:00,Apparel,1,1903.67,0.0,1556,0,0.0,Prepaid,South,9,1,0
4178,2023-04-26 00:00:00+00:00,Apparel,1,809.01,0.0,3345,2,0.17736480718000064,COD,West,1,8,0
3176,2023-04-26 00:00:00+00:00,Electronics,0,278.53,0.0,3784,2,0.3475691551892273,COD,West,6,0,0
3401,2023-04-26 00:00:00+00:00,Home,0,1642.86,0.017782077738731472,3608,1,0.21110053455971206,Prepaid,West,4,10,0
3670,2023-04-26 00:00:00+00:00,Home,0,913.01,0.0,3546,0,0.0,Prepaid,East,5,2,0
4683,2023-04-26 00:00:00+00:00,Apparel,1,3498.43,0.0,1814,0,0.0,COD,East,2,2,1
4186,2023-04-26 00:00:00+00:00,Home,0,6930.0,0.0,2642,4,0.40774392156197764,Prepaid,East,13,2,0
1743,2023-04-26 00:00:00+00:00,Footwear,1,3770.9,0.14820942424253816,3273,3,0.008245884781430474,COD,North,5,5,0
4291,2023-04-26 00:00:00+00:00,Apparel,1,265.04,0.0,4117,2,0.17230028761191318,Prepaid,West,4,1,1
3037,2023-04-26 00:00:00+00:00,Home,0,557.12,0.0,2167,2,0.07092251769219222,Prepaid,North,14,6,0
4600,2023-04-26 00:00:00+00:00,Home,0,215.51,0.0,1474,1,0.04658437838375755,Prepaid,North,12,1,0
3882,2023-04-26 00:00:00+00:00,Apparel,1,516.73,0.23460744263116107,4048,0,0.0,COD,North,1,4,0
4320,2023-04-26 00:00:00+00:00,Electronics,0,2607.61,0.15739900344148533,4144,5,0.19586752975369529,Prepaid,East,14,1,0
1668,2023-04-26 00:00:00+00:00,Electronics,0,1538.71,0.0,2829,3,0.5964578373734024,Prepaid,West,14,0,1
3855,2023-04-27 00:00:00+00:00,Footwear,1,185.74,0.22288222785273898,2647,1,0.4023819150614042,Prepaid,South,1,1,0
4159,2023-04-27 00:00:00+00:00,Home,0,3160.36,0.0,2201,2,0.25267430813514946,COD,North,14,0,0
3138,2023-04-27 00:00:00+00:00,Footwear,1,740.64,0.0,3806,2,0.6497315255409766,Prepaid,North,7,0,1
1020,2023-04-27 00:00:00+00:00,Home,0,2088.38,0.07154368757745345,4322,0,0.0,Prepaid,South,13,0,0
1661,2023-04-27 00:00:00+00:00,Apparel,1,2472.28,0.0,3505,1,0.17759379846416745,Prepaid,South,3,2,0
4583,2023-04-27 00:00:00+00:00,Apparel,1,1522.75,0.0,2207,1,0.20380822364920193,COD,West,4,0,0
1211,2023-04-27 00:00:00+00:00,Electronics,0,3009.58,0.3043821688977296,2751,1,0.46086126293454693,Prepaid,South,2,16,0
1244,2023-04-27 00:00:00+00:00,Apparel,1,1032.38,0.0,3008,1,0.1186673559917276,Prepaid,North,10,3,0
27,2023-04-27 00:00:00+00:00,Apparel,1,1347.58,0.0,1463,0,0.0,COD,East,4,0,0
1622,2023-04-27 00:00:00+00:00,Apparel,1,917.72,0.0,4046,2,0.02032448912686789,Prepaid,South,2,1,0
4339,2023-04-27 00:00:00+00:00,Apparel,1,1585.61,0.0,4492,3,0.10497416202516699,Prepaid,North,1,2,1
970,2023-04-27 00:00:00+00:00,Apparel,1,2213.77,0.0,1968,2,0.21775582623114612,Prepaid,West,4,3,0
3228,2023-04-27 00:00:00+00:00,Beauty,0,1264.65,0.0,1461,1,0.17220730909921636,COD,West,3,0,0
1161,2023-04-27 00:00:00+00:00,Footwear,1,345.95,0.20154346112826357,1173,4,0.06732619793748111,COD,South,4,1,0
3642,2023-04-27 00:00:00+00:00,Apparel,1,1532.56,0.0,3705,1,0.14975596382508236,Prepaid,East,9,18,0
3850,2023-04-27 00:00:00+00:00,Home,0,2694.09,0.0,1822,4,0.05843530367898736,COD,North,6,3,0
1252,2023-04-27 00:00:00+00:00,Home,0,681.75,0.6354842600450802,4406,6,0.06684235035930394,COD,East,6,4,0
3091,2023-04-27 00:00:00+00:00,Apparel,1,7316.12,0.0,3952,0,0.0,Prepaid,North,8,2,0
3541,2023-04-27 00:00:00+00:00,Apparel,1,6264.94,0.15300812307525585,2077,2,0.007085435489246022,Prepaid,South,12,6,0
3116,2023-04-27 00:00:00+00:00,Footwear,1,376.53,0.0,3234,1,0.06280484016272515,Prepaid,South,5,14,0
1147,2023-04-28 00:00:00+00:00,Apparel,1,3432.74,0.0,2432,2,0.05285037835408632,Prepaid,West,7,4,0
4275,2023-04-28 00:00:00+00:00,Beauty,0,1054.88,0.0,3519,0,0.0,COD,East,8,2,1
3721,2023-04-28 00:00:00+00:00,Home,0,161.74,0.0,1469,2,0.35635012415017586,Prepaid,South,1,1,1
4504,2023-04-28 00:00:00+00:00,Beauty,0,5148.14,0.0,1938,3,0.01871530469379032,Prepaid,West,8,2,0
1923,2023-04-28 00:00:00+00:00,Apparel,1,2302.7,0.0,1067,1,0.04152500608207772,Prepaid,West,11,8,0
1823,2023-04-28 00:00:00+00:00,Apparel,1,605.67,0.22655305416203853,1745,3,0.3564314216865712,COD,North,8,1,0
4527,2023-04-28 00:00:00+00:00,Beauty,0,600.2,0.0,2747,0,0.0,Prepaid,North,5,1,0
3507,2023-04-28 00:00:00+00:00,Apparel,1,909.77,0.3561249547848244,1626,2,0.3528687493185736,Prepaid,West,8,2,0
839,2023-04-28 00:00:00+00:00,Home,0,12439.4,0.3729865269428254,4139,2,0.08192984506302893,Prepaid,West,9,2,0
299,2023-04-28 00:00:00+00:00,Apparel,1,512.59,0.0,2527,1,0.11277514668546487,Prepaid,South,11,3,0
1534,2023-04-28 00:00:00+00:00,Apparel,1,438.68,0.0,1698,2,0.12273516541244367,COD,West,8,0,0
2475,2023-04-28 00:00:00+00:00,Apparel,1,347.35,0.3829343136243405,3193,5,0.009735726998639107,Prepaid,South,5,11,0
1652,2023-04-28 00:00:00+00:00,Apparel,1,5632.19,0.0,1743,1,0.29750136405965805,COD,North,10,0,0
3368,2023-04-28 00:00:00+00:00,Apparel,1,1162.48,0.30482762106268946,1453,1,0.3812732557845241,Prepaid,East,12,1,1
4419,2023-04-28 00:00:00+00:00,Electronics,0,3749.67,0.0,2310,5,0.38516298472835914,Prepaid,West,12,1,1
3873,2023-04-28 00:00:00+00:00,Apparel,1,726.02,0.2610157810031657,1124,0,0.0,COD,North,4,4,1
2151,2023-04-28 00:00:00+00:00,Electronics,0,2842.31,0.006959888099577011,3409,1,0.03359270620988336,Prepaid,South,7,0,0
1405,2023-04-28 00:00:00+00:00,Beauty,0,273.9,0.0,4051,2,0.2525281999070918,COD,North,8,2,0
1126,2023-04-28 00:00:00+00:00,Footwear,1,1156.29,0.09745932141381128,3367,2,0.3033363787133595,Prepaid,North,14,8,0
3343,2023-04-28 00:00:00+00:00,Footwear,1,2633.39,0.0,2784,1,0.047147048012272715,COD,North,9,6,0
2077,2023-04-28 00:00:00+00:00,Home,0,706.41,0.0,3855,2,0.2350195967716981,Prepaid,North,9,11,0
3651,2023-04-28 00:00:00+00:00,Apparel,1,897.32,0.39598507990169884,1911,3,0.324889829669079,Prepaid,West,11,2,0
3347,2023-04-28 00:00:00+00:00,Electronics,0,600.94,0.0,4385,4,0.47834726102780184,Prepaid,North,5,4,0
1803,2023-04-28 00:00:00+00:00,Home,0,485.88,0.09745012326077386,1264,1,0.16343157457637258,Prepaid,West,13,3,0
1887,2023-04-28 00:00:00+00:00,Electronics,0,1181.48,0.19095498073727346,4226,0,0.0,Prepaid,North,10,1,0
367,2023-04-28 00:00:00+00:00,Beauty,0,2932.38,0.0,2705,4,0.35591172828953116,COD,East,5,1,1
1342,2023-04-28 00:00:00+00:00,Electronics,0,180.09,0.1774402838220899,1163,1,0.12001314057526088,Prepaid,West,7,0,0
3158,2023-04-28 00:00:00+00:00,Beauty,0,1823.89,0.0,2956,5,0.02245345706403039,Prepaid,North,5,6,0
3974,2023-04-28 00:00:00+00:00,Apparel,1,3143.82,0.05777478772881478,2240,1,0.19457454086407974,Prepaid,South,11,2,1
2055,2023-04-28 00:00:00+00:00,Apparel,1,3956.23,0.0,2797,0,0.0,Prepaid,North,3,1,0
1397,2023-04-28 00:00:00+00:00,Footwear,1,4010.96,0.0,1276,2,0.37281180131630826,Prepaid,East,3,1,0
2463,2023-04-29 00:00:00+00:00,Electronics,0,2622.42,0.139455806389506,1120,3,0.09287948677568826,COD,West,11,6,0
4889,2023-04-29 00:00:00+00:00,Beauty,0,1093.99,0.0,4340,1,0.18893644048149846,COD,North,9,2,0
1243,2023-04-29 00:00:00+00:00,Home,0,889.32,0.1027041421691059,1958,2,0.02710443502735418,Prepaid,East,14,3,0
3110,2023-04-29 00:00:00+00:00,Apparel,1,688.32,0.0,3850,1,0.25325133655740206,Prepaid,West,10,0,0
3734,2023-04-29 00:00:00+00:00,Apparel,1,1644.65,0.0,3440,4,0.24555672051657598,Prepaid,South,14,3,0
899,2023-04-29 00:00:00+00:00,Beauty,0,3600.43,0.31094669440720824,3134,5,0.37577665869547466,Prepaid,South,6,5,0
2399,2023-04-29 00:00:00+00:00,Footwear,1,314.01,0.0,2181,2,0.43005763764213956,Prepaid,South,14,2,1
1378,2023-04-29 00:00:00+00:00,Apparel,1,4410.73,0.0,2718,2,0.08842741435570488,Prepaid,East,8,1,0
4130,2023-04-29 00:00:00+00:00,Footwear,1,3819.22,0.0,1077,0,0.0,COD,South,10,0,1
686,2023-04-29 00:00:00+00:00,Electronics,0,3468.59,0.0,3943,3,0.16317383692114232,Prepaid,South,10,0,0
4230,2023-04-29 00:00:00+00:00,Apparel,1,1381.18,0.23573168102050435,2372,1,0.03802496410339744,COD,West,4,4,0
4019,2023-04-29 00:00:00+00:00,Footwear,1,6976.61,0.0,2935,1,0.39900293031343875,Prepaid,North,5,0,1
4215,2023-04-29 00:00:00+00:00,Home,0,7416.8,0.0,3548,0,0.0,COD,South,12,0,1
539,2023-04-29 00:00:00+00:00,Apparel,1,2581.34,0.0,1167,1,0.06020306778858743,Prepaid,East,3,0,0
3261,2023-04-29 00:00:00+00:00,Apparel,1,1759.75,0.0,2673,4,0.27321197866113117,Prepaid,East,9,0,0
3513,2023-04-29 00:00:00+00:00,Electronics,0,1395.88,0.0,1590,0,0.0,Prepaid,North,6,9,0
3093,2023-04-29 00:00:00+00:00,Home,0,531.12,0.13673945393738884,3365,2,0.15425837290607244,Prepaid,North,13,3,0
540,2023-04-29 00:00:00+00:00,Apparel,1,2966.35,0.0,3741,4,0.01908265533322743,Prepaid,East,10,0,0
4814,2023-04-29 00:00:00+00:00,Apparel,1,2499.54,0.5578405273464777,1264,0,0.0,COD,East,1,0,0
744,2023-04-29 00:00:00+00:00,Home,0,176.61,0.0,2627,1,0.4622760685166489,Prepaid,East,2,3,0
446,2023-04-29 00:00:00+00:00,Home,0,729.93,0.09365960860697563,3608,1,0.02928274749679403,Prepaid,South,8,10,0
1093,2023-04-29 00:00:00+00:00,Apparel,1,571.31,0.0,4389,3,0.26183624515591136,COD,South,11,4,1
2282,2023-04-29 00:00:00+00:00,Beauty,0,3195.24,0.0,2698,0,0.0,Prepaid,South,10,1,0
3597,2023-04-29 00:00:00+00:00,Footwear,1,2164.37,0.0,4118,1,0.054641063566613274,COD,East,3,1,0
156,2023-04-29 00:00:00+00:00,Footwear,1,815.23,0.0,3823,2,0.0236500945813867,COD,East,5,2,0
1352,2023-04-29 00:00:00+00:00,Electronics,0,823.99,0.0,4441,0,0.0,COD,South,1,5,1
2724,2023-04-29 00:00:00+00:00,Beauty,0,205.9,0.20509566171453397,1738,3,0.012681767557204284,Prepaid,South,5,0,0
1695,2023-04-29 00:00:00+00:00,Electronics,0,1465.03,0.0,1927,1,0.22259274476842866,Prepaid,East,5,0,0
2550,2023-04-29 00:00:00+00:00,Apparel,1,972.08,0.05715710216812148,4407,1,0.024921954833203353,Prepaid,East,7,5,0
2021,2023-04-29 00:00:00+00:00,Home,0,3604.65,0.013810673073323801,3282,0,0.0,COD,West,14,1,1
2543,2023-04-29 00:00:00+00:00,Home,0,4985.21,0.0,1564,3,0.1409038367073051,Prepaid,West,3,1,0
4343,2023-04-29 00:00:00+00:00,Apparel,1,4796.18,0.4307423074034019,2058,1,0.6132056815391578,Prepaid,East,4,0,1
350,2023-04-29 00:00:00+00:00,Beauty,0,1836.55,0.1868258324477192,2195,2,0.17399494933608448,Prepaid,South,10,0,0
2538,2023-04-30 00:00:00+00:00,Beauty,0,1040.17,0.0,1488,4,0.23201632175286635,Prepaid,East,4,0,0
294,2023-04-30 00:00:00+00:00,Apparel,1,759.27,0.0,2571,2,0.298599727807122,COD,East,10,10,1
892,2023-04-30 00:00:00+00:00,Electronics,0,1075.03,0.0,3543,1,0.0495295131217149,Prepaid,South,13,4,0
3703,2023-04-30 00:00:00+00:00,Electronics,0,256.73,0.0,4425,0,0.0,Prepaid,West,13,6,0
1100,2023-04-30 00:00:00+00:00,Electronics,0,1338.48,0.0,2096,2,0.22260868566032183,Prepaid,East,4,1,0
405,2023-04-30 00:00:00+00:00,Home,0,1492.52,0.0,1066,1,0.01106633213490341,Prepaid,West,13,0,0
2073,2023-04-30 00:00:00+00:00,Apparel,1,4397.79,0.0,1462,2,0.24351284040067803,Prepaid,West,10,10,0
629,2023-04-30 00:00:00+00:00,Apparel,1,891.61,0.11171160216716133,3330,5,0.2376689280516135,Prepaid,South,7,4,1
32,2023-04-30 00:00:00+00:00,Apparel,1,738.79,0.0,1046,3,0.13158296026268287,COD,North,14,2,0
652,2023-04-30 00:00:00+00:00,Footwear,1,510.56,0.0,1161,1,0.40793270548156446,Prepaid,West,14,1,0
2302,2023-04-30 00:00:00+00:00,Home,0,531.83,0.21025458924606397,3175,1,0.27577128208774143,Prepaid,East,6,2,0
99,2023-04-30 00:00:00+00:00,Electronics,0,1276.88,0.25666358086839336,3509,3,0.20475195148846823,Prepaid,West,13,0,0
1459,2023-04-30 00:00:00+00:00,Beauty,0,10375.8,0.6137525729128257,2748,2,0.014840354149302171,Prepaid,South,13,1,0
2093,2023-04-30 00:00:00+00:00,Apparel,1,694.88,0.0,1192,4,0.07445456789581478,Prepaid,West,5,0,0
3971,2023-04-30 00:00:00+00:00,Footwear,1,1052.79,0.0,1759,0,0.0,Prepaid,West,6,1,0
2495,2023-04-30 00:00:00+00:00,Home,0,1126.66,0.0,3111,2,0.012840711981810025,COD,South,12,0,0
2812,2023-04-30 00:00:00+00:00,Footwear,1,5285.85,0.07393903847600077,1241,2,0.37418871711512747,Prepaid,East,2,4,1
175,2023-04-30 00:00:00+00:00,Apparel,1,1121.27,0.0,4007,6,0.06777663181218546,COD,South,13,3,0
2040,2023-04-30 00:00:00+00:00,Apparel,1,250.18,0.0,3537,1,0.0061308621341194984,COD,South,13,0,1
1190,2023-04-30 00:00:00+00:00,Apparel,1,286.78,0.01429222685502736,4297,1,0.14601733507584078,Prepaid,East,13,0,1
280,2023-04-30 00:00:00+00:00,Electronics,0,6150.54,0.2394579787298744,3779,1,0.06973515486970026,Prepaid,South,2,1,0
2267,2023-04-30 00:00:00+00:00,Home,0,1415.15,0.06547506020152427,4468,3,0.173176949869715,COD,North,9,3,0
3623,2023-04-30 00:00:00+00:00,Home,0,2300.37,0.06009106216720353,3836,1,0.043543846519987627,COD,East,11,1,0
3557,2023-04-30 00:00:00+00:00,Beauty,0,1657.83,0.0,1814,2,0.0043606973945868694,COD,West,3,6,0
1999,2023-04-30 00:00:00+00:00,Apparel,1,942.57,0.18442263265654174,3977,1,0.46678880874139905,COD,South,12,2,0
530,2023-04-30 00:00:00+00:00,Home,0,1229.39,0.27892141140831206,2852,3,0.24286407990926726,COD,West,8,0,0
3769,2023-04-30 00:00:00+00:00,Apparel,1,2744.62,0.0,4015,3,0.24553906035005615,Prepaid,North,9,2,1
2201,2023-05-01 00:00:00+00:00,Beauty,0,370.54,0.15648557167794694,1781,1,0.3049358864368906,Prepaid,East,1,1,0
217,2023-05-01 00:00:00+00:00,Electronics,0,2518.37,0.052838174845801916,4013,2,0.20273759513004264,Prepaid,North,11,9,0
4578,2023-05-01 00:00:00+00:00,Apparel,1,5192.41,0.0,3911,1,0.5337559162050051,COD,North,14,2,1
1819,2023-05-01 00:00:00+00:00,Electronics,0,1258.81,0.0,1468,2,0.0639029939643536,Prepaid,North,11,0,0
529,2023-05-01 00:00:00+00:00,Apparel,1,1664.49,0.011745329638198965,2111,3,0.223606957739252,Prepaid,West,13,0,0
2227,2023-05-01 00:00:00+00:00,Footwear,1,2240.85,0.0,3991,2,0.2605155859864207,Prepaid,North,3,4,0
636,2023-05-01 00:00:00+00:00,Home,0,12674.43,0.0,4420,1,0.05439516464871714,Prepaid,East,2,0,0
3474,2023-05-01 00:00:00+00:00,Apparel,1,1487.05,0.0,3542,3,0.04088968228814936,Prepaid,North,7,3,0
2131,2023-05-01 00:00:00+00:00,Apparel,1,377.7,0.0,3288,2,0.24781913151865775,COD,West,6,2,0
1633,2023-05-01 00:00:00+00:00,Electronics,0,6482.5,0.0,2739,3,0.060149153521339684,Prepaid,South,2,6,0
4934,2023-05-01 00:00:00+00:00,Apparel,1,587.25,0.0,2980,3,0.1071342762834687,Prepaid,South,9,3,0
4653,2023-05-01 00:00:00+00:00,Apparel,1,470.61,0.0499421569678922,3449,1,0.24042495582371826,Prepaid,North,6,0,0
3403,2023-05-01 00:00:00+00:00,Home,0,453.08,0.2921975007421297,4355,2,0.4319425398312096,Prepaid,East,7,0,0
2589,2023-05-01 00:00:00+00:00,Electronics,0,2700.8,0.0,3441,1,0.1799112119745972,Prepaid,North,13,3,0
3393,2023-05-01 00:00:00+00:00,Footwear,1,1376.38,0.17629224862950213,3222,3,0.47782883528323566,COD,North,10,2,0
2459,2023-05-01 00:00:00+00:00,Footwear,1,1049.48,0.0,3327,0,0.0,Prepaid,West,12,0,0
600,2023-05-01 00:00:00+00:00,Beauty,0,342.81,0.0,3512,3,0.03833910280361408,Prepaid,South,13,1,0
4691,2023-05-01 00:00:00+00:00,Apparel,1,869.45,0.0,1797,4,0.013847083856869969,COD,West,9,0,0
2914,2023-05-01 00:00:00+00:00,Apparel,1,2303.42,0.0,1372,1,0.15335455811943233,Prepaid,South,11,4,0
2363,2023-05-01 00:00:00+00:00,Footwear,1,1303.91,0.0,1264,1,0.2528537874755635,COD,West,3,3,0
152,2023-05-01 00:00:00+00:00,Home,0,3768.99,0.0,3901,2,0.015130356654208487,Prepaid,North,1,0,0
36,2023-05-01 00:00:00+00:00,Apparel,1,312.72,0.0,1044,1,0.2457340898244862,Prepaid,East,5,4,0
488,2023-05-01 00:00:00+00:00,Apparel,1,2385.71,0.0,4253,3,0.18242439168760702,Prepaid,East,10,4,0
306,2023-05-02 00:00:00+00:00,Electronics,0,1431.52,0.10985504947442044,3183,5,0.2705687445442098,Prepaid,South,11,1,0
1810,2023-05-02 00:00:00+00:00,Home,0,4044.2,0.0,3515,2,0.05950816718742813,Prepaid,West,12,0,0
2444,2023-05-02 00:00:00+00:00,Apparel,1,680.38,0.22461548495068148,3621,2,0.4836200463201688,Prepaid,South,6,0,1
3499,2023-05-02 00:00:00+00:00,Footwear,1,2612.51,0.01809006843486742,1297,2,0.13834174795818424,Prepaid,East,9,0,0
67,2023-05-02 00:00:00+00:00,Apparel,1,1412.63,0.0,2012,2,0.05445199235977208,Prepaid,West,4,1,0
3372,2023-05-02 00:00:00+00:00,Beauty,0,539.56,0.0,3058,0,0.0,Prepaid,South,3,4,0
4385,2023-05-02 00:00:00+00:00,Apparel,1,1965.93,0.3607805039021278,2582,1,0.14404641178462638,Prepaid,West,9,0,1
4074,2023-05-02 00:00:00+00:00,Apparel,1,539.18,0.04829221292629966,3023,2,0.010722459351342478,COD,East,4,9,0
3416,2023-05-02 00:00:00+00:00,Electronics,0,8570.87,0.0,2550,1,0.09055629750971436,Prepaid,West,12,8,0
2851,2023-05-02 00:00:00+00:00,Apparel,1,1379.8,0.0,1829,3,0.11512710694944678,Prepaid,West,1,3,0
4262,2023-05-02 00:00:00+00:00,Apparel,1,1319.9,0.0,2914,3,0.0080820901308802,COD,South,10,0,0
4958,2023-05-02 00:00:00+00:00,Apparel,1,1348.01,0.0,2093,3,0.23023472990703636,COD,East,3,4,0
2831,2023-05-02 00:00:00+00:00,Electronics,0,1295.95,0.0,2016,2,0.29639305474660343,Prepaid,South,6,1,0
2600,2023-05-02 00:00:00+00:00,Apparel,1,725.26,0.3637071329813406,1927,1,0.276552055788046,Prepaid,East,4,0,1
1455,2023-05-02 00:00:00+00:00,Apparel,1,6023.98,0.4043994959244349,3717,3,0.34802578346257523,Prepaid,North,6,7,0
2366,2023-05-02 00:00:00+00:00,Apparel,1,1364.23,0.18548045363690022,3728,3,0.14681182406485102,COD,East,12,1,0
1703,2023-05-02 00:00:00+00:00,Home,0,135.63,0.4637991575596433,4105,0,0.0,Prepaid,East,2,0,0
3364,2023-05-02 00:00:00+00:00,Apparel,1,7870.49,0.0,1056,1,0.07974316666401286,Prepaid,West,13,3,1
2910,2023-05-02 00:00:00+00:00,Electronics,0,1038.2,0.15141293302898395,3500,3,0.12171908345787862,Prepaid,West,14,4,0
1005,2023-05-02 00:00:00+00:00,Electronics,0,1571.25,0.0,1960,6,0.12381066964216442,COD,South,1,0,0
3774,2023-05-02 00:00:00+00:00,Footwear,1,4189.76,0.0,1140,2,0.07388762004868323,Prepaid,West,2,0,0
3696,2023-05-02 00:00:00+00:00,Apparel,1,1563.14,0.0,4014,3,0.04798060678627067,Prepaid,West,8,3,0
3711,2023-05-02 00:00:00+00:00,Electronics,0,500.03,0.18740973732924765,1417,1,0.12456412950498107,Prepaid,East,12,3,1
3268,2023-05-02 00:00:00+00:00,Electronics,0,420.19,0.0,1536,5,0.11774503950253534,COD,North,9,2,0
4680,2023-05-02 00:00:00+00:00,Home,0,495.54,0.5186209754095392,2718,6,0.05644466586301612,Prepaid,West,7,1,0
1915,2023-05-02 00:00:00+00:00,Apparel,1,785.51,0.0,3296,3,0.3726700129884253,Prepaid,East,3,1,0
4997,2023-05-02 00:00:00+00:00,Apparel,1,1593.27,0.0,4395,3,0.7472654697546357,Prepaid,South,14,3,1
2232,2023-05-02 00:00:00+00:00,Beauty,0,462.4,0.2097224799060838,3989,2,0.5788308058958638,Prepaid,South,4,0,0
3078,2023-05-02 00:00:00+00:00,Beauty,0,1060.08,0.11083931047410198,1517,2,0.2569777627211676,Prepaid,West,9,7,0
958,2023-05-02 00:00:00+00:00,Footwear,1,660.32,0.0,3992,2,0.251379840078119,Prepaid,North,7,2,0
3079,2023-05-02 00:00:00+00:00,Electronics,0,600.63,0.0,4439,1,0.05346479636596773,Prepaid,East,10,5,0
1231,2023-05-02 00:00:00+00:00,Apparel,1,584.28,0.1949219617032245,3200,1,0.1990025412770355,Prepaid,West,5,3,1
2637,2023-05-03 00:00:00+00:00,Electronics,0,939.66,0.4572401892553407,2273,2,0.06054786919651592,Prepaid,West,11,0,0
207,2023-05-03 00:00:00+00:00,Electronics,0,383.22,0.0,4154,2,0.271770684646949,COD,East,9,2,0
364,2023-05-03 00:00:00+00:00,Home,0,3009.73,0.0,3782,1,0.1316404265705011,Prepaid,South,12,1,0
1265,2023-05-03 00:00:00+00:00,Footwear,1,1835.29,0.0,4290,1,0.003962695339570611,Prepaid,South,8,1,0
241,2023-05-03 00:00:00+00:00,Apparel,1,1630.14,0.1387072928209946,3961,1,0.022062585556906517,Prepaid,West,12,3,0
1086,2023-05-03 00:00:00+00:00,Apparel,1,3846.64,0.0,1039,2,0.034249608421905886,Prepaid,East,5,2,0
2487,2023-05-03 00:00:00+00:00,Apparel,1,1503.94,0.37130624470638374,2437,2,0.07060802601765512,COD,West,5,6,0
4598,2023-05-03 00:00:00+00:00,Apparel,1,531.58,0.17331509295143316,1774,1,0.04313312481662395,Prepaid,North,14,2,0
1390,2023-05-03 00:00:00+00:00,Home,0,1367.52,0.046433409235425875,2188,3,0.06044893780627831,Prepaid,North,3,6,0
720,2023-05-03 00:00:00+00:00,Apparel,1,948.1,0.0,4225,3,0.5793461527300532,Prepaid,South,11,0,0
4271,2023-05-03 00:00:00+00:00,Apparel,1,505.44,0.0,2052,2,0.3525482063695117,Prepaid,South,7,0,0
3938,2023-05-03 00:00:00+00:00,Apparel,1,408.71,0.0,2773,3,0.14106169453129988,COD,West,8,0,0
634,2023-05-03 00:00:00+00:00,Home,0,1310.94,0.0,3617,1,0.06844307653930595,Prepaid,East,11,0,0
3032,2023-05-03 00:00:00+00:00,Footwear,1,353.43,0.1491859882836182,1012,0,0.0,Prepaid,East,5,1,0
2273,2023-05-03 00:00:00+00:00,Footwear,1,1302.9,0.0,1026,5,0.4076409709183154,Prepaid,West,14,1,0
947,2023-05-03 00:00:00+00:00,Electronics,0,4134.15,0.10169795599478382,4453,3,0.10858039274622203,COD,North,11,0,0
2339,2023-05-03 00:00:00+00:00,Home,0,799.06,0.0,3049,0,0.0,Prepaid,East,12,1,0
2981,2023-05-03 00:00:00+00:00,Beauty,0,1000.08,0.0,1291,2,0.3557957837106252,COD,East,12,1,0
3599,2023-05-03 00:00:00+00:00,Electronics,0,884.14,0.0,3690,1,0.029233053012018555,Prepaid,West,9,3,0
1169,2023-05-03 00:00:00+00:00,Footwear,1,1170.51,0.24670810333237594,3873,0,0.0,COD,West,7,1,0
837,2023-05-03 00:00:00+00:00,Electronics,0,6185.39,0.26427728842702913,1954,4,0.017357857812964155,Prepaid,North,5,6,0
3688,2023-05-03 00:00:00+00:00,Home,0,553.77,0.06304412895379138,2000,1,0.08246663616914231,Prepaid,North,12,3,0
1880,2023-05-03 00:00:00+00:00,Apparel,1,63.34,0.0,2786,1,0.018077316327292228,Prepaid,East,5,3,0
1950,2023-05-03 00:00:00+00:00,Beauty,0,1399.82,0.036605428269434345,2865,1,0.22123309516671533,Prepaid,East,11,1,0
3492,2023-05-03 00:00:00+00:00,Apparel,1,14028.23,0.0,3668,1,0.009141425388839951,COD,West,13,4,0
870,2023-05-03 00:00:00+00:00,Apparel,1,1052.99,0.12892069194440892,3228,3,0.7037243058390437,COD,West,14,3,1
2000,2023-05-03 00:00:00+00:00,Beauty,0,797.79,0.07251219390484939,1557,4,0.6636526538607269,COD,East,11,0,0
896,2023-05-03 00:00:00+00:00,Apparel,1,3784.86,0.2880743454533697,2301,0,0.0,COD,South,4,4,1
2012,2023-05-03 00:00:00+00:00,Footwear,1,778.1,0.0,4367,2,0.06353639956901519,Prepaid,South,10,0,0
4781,2023-05-03 00:00:00+00:00,Footwear,1,2494.18,0.32154358694144647,2907,1,0.4137273980236554,Prepaid,East,7,1,1
977,2023-05-03 00:00:00+00:00,Footwear,1,2233.48,0.0,1883,3,0.06135609636857562,COD,East,5,5,0
4038,2023-05-03 00:00:00+00:00,Footwear,1,1639.2,0.0,3089,2,0.33292788170180987,Prepaid,North,4,1,1
4766,2023-05-03 00:00:00+00:00,Apparel,1,190.26,0.0,3068,2,0.338657669093856,Prepaid,East,13,0,0
3762,2023-05-03 00:00:00+00:00,Electronics,0,2571.86,0.0,3872,2,0.332954634398073,Prepaid,South,9,1,1
2635,2023-05-04 00:00:00+00:00,Home,0,2857.29,0.0,3346,1,0.12312312876091316,Prepaid,East,1,0,0
4258,2023-05-04 00:00:00+00:00,Electronics,0,1411.81,0.0,1921,1,0.11435002050272755,Prepaid,North,6,1,0
3979,2023-05-04 00:00:00+00:00,Electronics,0,3546.82,0.0,2190,1,0.026881015102041588,Prepaid,South,11,0,0
3691,2023-05-04 00:00:00+00:00,Home,0,1615.33,0.21808541409652704,3515,1,0.1266652634239442,COD,North,6,5,0
1665,2023-05-04 00:00:00+00:00,Beauty,0,657.75,0.0,3932,2,0.19421489750033866,Prepaid,South,3,5,1
2989,2023-05-04 00:00:00+00:00,Apparel,1,445.89,0.0,4018,2,0.38764310863502366,Prepaid,East,10,4,0
4081,2023-05-04 00:00:00+00:00,Apparel,1,424.78,0.3026318678110467,2074,0,0.0,Prepaid,West,11,0,0
3684,2023-05-04 00:00:00+00:00,Electronics,0,6602.09,0.0,1872,3,0.12542080825707724,Prepaid,South,3,0,0
599,2023-05-04 00:00:00+00:00,Beauty,0,2014.01,0.0,2559,4,0.14848226907121653,Prepaid,North,13,2,0
4951,2023-05-04 00:00:00+00:00,Apparel,1,745.18,0.3937254801943676,1054,2,0.15880070587362452,Prepaid,West,5,10,0
3672,2023-05-04 00:00:00+00:00,Apparel,1,262.91,0.0,1799,2,0.24091809757603466,Prepaid,South,2,0,1
194,2023-05-04 00:00:00+00:00,Electronics,0,2361.45,0.0,2470,0,0.0,Prepaid,North,5,0,0
886,2023-05-04 00:00:00+00:00,Electronics,0,971.37,0.0,2709,4,0.11498235633303124,Prepaid,West,1,1,0
1739,2023-05-04 00:00:00+00:00,Apparel,1,2329.02,0.24027075785322383,3434,2,0.22507338183863065,COD,North,14,0,0
2485,2023-05-04 00:00:00+00:00,Apparel,1,6397.19,0.23073922476651054,2132,2,0.07688450827148659,Prepaid,East,7,5,0
2243,2023-05-04 00:00:00+00:00,Apparel,1,1004.68,0.0,4042,2,0.0037554402332790698,Prepaid,West,4,0,0
4160,2023-05-04 00:00:00+00:00,Apparel,1,873.75,0.5970545629934698,2636,0,0.0,Prepaid,North,10,0,0
2327,2023-05-04 00:00:00+00:00,Beauty,0,2540.26,0.0,1032,4,0.44685656473729923,Prepaid,South,11,3,1
2331,2023-05-04 00:00:00+00:00,Beauty,0,667.79,0.0,2074,0,0.0,COD,West,5,4,0
4870,2023-05-04 00:00:00+00:00,Apparel,1,486.82,0.0,4336,1,0.01730993713877442,Prepaid,East,11,12,0
3175,2023-05-04 00:00:00+00:00,Footwear,1,132.0,0.0,2616,3,0.13160181843032448,Prepaid,East,5,1,0
4809,2023-05-04 00:00:00+00:00,Apparel,1,1394.41,0.3395747239065404,4066,0,0.0,Prepaid,East,11,12,0
2260,2023-05-04 00:00:00+00:00,Apparel,1,742.67,0.45849388575207684,2259,5,0.08318169484397801,COD,East,7,3,0
2388,2023-05-04 00:00:00+00:00,Footwear,1,16834.17,0.13736215458085216,1567,1,0.20820822956585666,Prepaid,South,2,9,0
3398,2023-05-04 00:00:00+00:00,Electronics,0,886.55,0.27976072510652117,3927,2,0.007312576400878482,Prepaid,East,14,16,0
2222,2023-05-04 00:00:00+00:00,Home,0,470.45,0.0,1687,2,0.06809167195113755,COD,South,13,1,0
645,2023-05-04 00:00:00+00:00,Footwear,1,942.26,0.008307358739550172,3088,3,0.41367958878013755,Prepaid,South,2,4,1
3031,2023-05-04 00:00:00+00:00,Beauty,0,852.14,0.0,3973,3,0.08315927207421074,Prepaid,East,6,5,0
4853,2023-05-04 00:00:00+00:00,Electronics,0,1481.47,0.397230632053732,4049,0,0.0,Prepaid,West,5,3,0
3357,2023-05-05 00:00:00+00:00,Apparel,1,524.99,0.0,1196,5,0.2358159808727156,Prepaid,South,13,5,0
1029,2023-05-05 00:00:00+00:00,Apparel,1,815.25,0.0,3665,5,0.25207247776525515,COD,West,14,1,0
2820,2023-05-05 00:00:00+00:00,Apparel,1,572.57,0.0,2205,2,0.2844306827155683,Prepaid,West,1,2,0
1530,2023-05-05 00:00:00+00:00,Electronics,0,1779.94,0.38760964961647504,4496,3,0.21993534997464223,Prepaid,West,8,2,0
2757,2023-05-05 00:00:00+00:00,Home,0,634.86,0.0,2550,2,0.3711562105754555,Prepaid,North,9,11,0
4132,2023-05-05 00:00:00+00:00,Beauty,0,665.37,0.17773323748963143,4204,2,0.0034215830541481367,Prepaid,North,10,1,0
3043,2023-05-05 00:00:00+00:00,Beauty,0,800.79,0.16211812414619867,3513,1,0.027184480778116245,Prepaid,South,9,0,0
1634,2023-05-05 00:00:00+00:00,Footwear,1,1128.53,0.0,2103,3,0.3068198675918786,Prepaid,North,1,3,0
1479,2023-05-05 00:00:00+00:00,Apparel,1,659.52,0.025018062680934233,4139,4,0.5651010213778621,Prepaid,South,1,1,0
4762,2023-05-05 00:00:00+00:00,Beauty,0,358.44,0.0,1034,0,0.0,Prepaid,South,7,0,0
3563,2023-05-05 00:00:00+00:00,Beauty,0,801.18,0.22012671393318775,1835,2,0.4426710568813323,Prepaid,East,1,0,1
3099,2023-05-05 00:00:00+00:00,Footwear,1,1944.63,0.357455787131538,4352,0,0.0,Prepaid,North,4,8,1
1644,2023-05-05 00:00:00+00:00,Home,0,727.47,0.16561988554199594,3557,1,0.11810085115075819,Prepaid,North,3,4,0
4286,2023-05-05 00:00:00+00:00,Footwear,1,375.32,0.0,4223,0,0.0,Prepaid,West,8,0,0
1426,2023-05-05 00:00:00+00:00,Footwear,1,2048.51,0.0,2311,2,0.5809828449960716,COD,South,11,2,1
2773,2023-05-05 00:00:00+00:00,Apparel,1,1129.26,0.17094116854516975,1377,2,0.24294488808870826,Prepaid,South,2,3,0
3694,2023-05-05 00:00:00+00:00,Beauty,0,812.74,0.2715021773385425,2361,0,0.0,Prepaid,South,6,3,0
2875,2023-05-05 00:00:00+00:00,Electronics,0,1865.41,0.0,3583,1,0.35649449989651755,Prepaid,West,2,2,0
3224,2023-05-05 00:00:00+00:00,Apparel,1,350.09,0.0,1951,1,0.26780061080838685,Prepaid,East,4,5,0
1925,2023-05-06 00:00:00+00:00,Electronics,0,11805.84,0.0,3830,2,0.04945175674425038,COD,East,6,2,0
869,2023-05-06 00:00:00+00:00,Electronics,0,1731.51,0.0,3389,3,0.07344638491560435,Prepaid,North,7,0,0
2445,2023-05-06 00:00:00+00:00,Apparel,1,647.06,0.0,3664,1,0.10830697167412906,Prepaid,North,2,0,0
801,2023-05-06 00:00:00+00:00,Apparel,1,1714.77,0.0,2681,0,0.0,COD,West,1,6,0
4073,2023-05-06 00:00:00+00:00,Home,0,445.86,0.20231262628591118,2946,3,0.5311978461916435,Prepaid,West,4,2,0
4872,2023-05-06 00:00:00+00:00,Electronics,0,1011.92,0.06991985679075674,2339,4,0.1804270118658763,COD,East,2,1,0
173,2023-05-06 00:00:00+00:00,Apparel,1,1132.99,0.14596512419466326,3615,4,0.10088251802696332,Prepaid,South,10,1,0
1032,2023-05-06 00:00:00+00:00,Footwear,1,591.22,0.0,3904,3,0.18592997911664946,Prepaid,West,13,0,0
4868,2023-05-06 00:00:00+00:00,Footwear,1,1817.79,0.0,3071,1,0.24324952228083335,Prepaid,North,6,2,0
4363,2023-05-06 00:00:00+00:00,Beauty,0,1241.28,0.1362280829812662,3195,0,0.0,Prepaid,East,11,1,0
4843,2023-05-06 00:00:00+00:00,Beauty,0,3608.38,0.04153357656037904,1225,4,0.021096123286478887,Prepaid,North,1,3,0
3428,2023-05-06 00:00:00+00:00,Apparel,1,548.84,0.40377071464095704,2135,3,0.3045313361328125,Prepaid,South,12,8,0
2568,2023-05-06 00:00:00+00:00,Home,0,849.42,0.050468778575549406,4440,1,0.5374711861235462,Prepaid,East,5,7,0
2026,2023-05-06 00:00:00+00:00,Electronics,0,974.68,0.0,3834,2,0.08951579119908568,COD,West,13,0,0
263,2023-05-06 00:00:00+00:00,Electronics,0,1614.36,0.34682113984780927,2978,4,0.01034429895093487,Prepaid,North,12,0,0
659,2023-05-06 00:00:00+00:00,Footwear,1,152.34,0.22395453508371937,2238,3,0.061370436999835985,Prepaid,East,14,7,0
2415,2023-05-06 00:00:00+00:00,Footwear,1,978.58,0.0,2282,0,0.0,COD,North,9,2,1
1533,2023-05-06 00:00:00+00:00,Electronics,0,158.48,0.0,2225,4,0.16777495883242508,Prepaid,East,7,2,0
1822,2023-05-06 00:00:00+00:00,Home,0,566.22,0.0,1901,3,0.43217172990794345,COD,East,5,1,0
2233,2023-05-06 00:00:00+00:00,Home,0,880.29,0.0,2933,1,0.04387345685599522,COD,West,11,2,0
2262,2023-05-06 00:00:00+00:00,Beauty,0,4429.19,0.0,1967,1,0.030851329656826645,Prepaid,East,10,1,0
1232,2023-05-06 00:00:00+00:00,Apparel,1,676.03,0.0,1106,2,0.5441385262157216,Prepaid,East,5,0,1
2671,2023-05-06 00:00:00+00:00,Apparel,1,641.69,0.3028358787875581,2322,1,0.13348307278081553,Prepaid,West,5,0,0
1233,2023-05-06 00:00:00+00:00,Apparel,1,3467.69,0.022819956140725142,2882,2,0.18383493889227662,Prepaid,West,14,3,0
3328,2023-05-06 00:00:00+00:00,Apparel,1,2079.1,0.28715240761809446,1263,2,0.24628347836535508,Prepaid,South,3,5,0
2895,2023-05-06 00:00:00+00:00,Beauty,0,1135.01,0.0,1517,1,0.08198143208504054,COD,South,4,0,0
3237,2023-05-06 00:00:00+00:00,Footwear,1,624.18,0.2346398531704844,3020,1,0.095436298912983,COD,North,3,0,1
1445,2023-05-06 00:00:00+00:00,Apparel,1,590.52,0.0,2260,2,0.2064027636639419,Prepaid,South,11,6,0
4486,2023-05-06 00:00:00+00:00,Apparel,1,2111.23,0.21290120119671557,2478,3,0.5272564712392082,Prepaid,West,11,0,0
3836,2023-05-07 00:00:00+00:00,Apparel,1,337.78,0.022605262508533494,2237,5,0.03200171994728272,Prepaid,East,3,0,0
1720,2023-05-07 00:00:00+00:00,Home,0,180.25,0.0,2390,2,0.10982425918128748,Prepaid,South,13,7,0
2629,2023-05-07 00:00:00+00:00,Footwear,1,1512.77,0.0,4492,2,0.6422444408506862,Prepaid,North,4,1,0
2395,2023-05-07 00:00:00+00:00,Beauty,0,3037.66,0.0,3084,0,0.0,Prepaid,East,11,0,0
480,2023-05-07 00:00:00+00:00,Apparel,1,1929.57,0.43247972939683,2109,6,0.11868314037308567,Prepaid,West,10,6,0
4585,2023-05-07 00:00:00+00:00,Electronics,0,629.59,0.0,3932,1,0.04295672091807138,COD,South,14,5,0
504,2023-05-07 00:00:00+00:00,Home,0,1360.92,0.08373614752499504,2526,2,0.07989168862312207,Prepaid,South,2,0,0
3796,2023-05-07 00:00:00+00:00,Footwear,1,1027.98,0.20342085142460362,3803,5,0.5007831883220668,COD,South,10,1,0
4520,2023-05-07 00:00:00+00:00,Apparel,1,1801.73,0.0,2275,4,0.26989570016060066,COD,West,13,1,0
3904,2023-05-07 00:00:00+00:00,Home,0,820.06,0.0,2037,5,0.00900931637558514,Prepaid,East,11,0,0
903,2023-05-07 00:00:00+00:00,Beauty,0,813.29,0.0,2002,1,0.34116291947693655,Prepaid,East,5,1,0
623,2023-05-07 00:00:00+00:00,Electronics,0,1301.09,0.0,2228,3,0.09397063499237795,Prepaid,South,8,5,0
1542,2023-05-07 00:00:00+00:00,Apparel,1,540.39,0.0,4005,1,0.060338660621482305,Prepaid,East,4,9,0
3325,2023-05-07 00:00:00+00:00,Apparel,1,724.51,0.650193888158942,4384,2,0.06334723345951675,Prepaid,North,5,0,0
3676,2023-05-07 00:00:00+00:00,Apparel,1,1999.49,0.0,1217,3,0.464270862491726,Prepaid,South,7,4,1
3776,2023-05-07 00:00:00+00:00,Apparel,1,727.57,0.6042390169223947,3011,1,0.12275954444707904,Prepaid,West,3,4,0
3153,2023-05-07 00:00:00+00:00,Home,0,541.87,0.0,4469,4,0.0779541035807597,Prepaid,West,8,0,0
4968,2023-05-07 00:00:00+00:00,Apparel,1,1291.62,0.270885405321744,3937,0,0.0,Prepaid,North,13,0,0
3276,2023-05-07 00:00:00+00:00,Beauty,0,281.94,0.0,3927,1,0.04093815917766831,COD,North,14,0,0
3103,2023-05-07 00:00:00+00:00,Apparel,1,1051.09,0.2523618594751932,3553,4,0.5461497051346882,Prepaid,South,6,1,0
2576,2023-05-07 00:00:00+00:00,Home,0,415.27,0.49175016847606856,3613,4,0.6887428379187236,Prepaid,South,11,1,1
1482,2023-05-07 00:00:00+00:00,Footwear,1,2834.19,0.0,1403,1,0.1098811699996765,Prepaid,North,9,5,0
802,2023-05-07 00:00:00+00:00,Apparel,1,726.18,0.0,1617,2,0.010886702677049567,COD,West,10,1,0
2223,2023-05-07 00:00:00+00:00,Home,0,1624.39,0.0,1513,1,0.22200857458303513,Prepaid,South,14,2,0
3891,2023-05-07 00:00:00+00:00,Apparel,1,1148.85,0.10338204094361977,3528,1,0.20600898445464857,Prepaid,North,4,3,0
1513,2023-05-07 00:00:00+00:00,Electronics,0,1098.4,0.3655809724505532,3629,1,0.25149413767948803,Prepaid,East,9,0,0
841,2023-05-07 00:00:00+00:00,Footwear,1,830.98,0.0,1221,2,0.21176595723143196,Prepaid,West,14,0,0
318,2023-05-07 00:00:00+00:00,Apparel,1,1181.09,0.0,3361,2,0.10228676589255092,Prepaid,West,2,4,0
3356,2023-05-07 00:00:00+00:00,Footwear,1,2299.03,0.0,3207,1,0.3304294021712336,COD,South,13,4,1
3832,2023-05-07 00:00:00+00:00,Electronics,0,623.89,0.137727103694737,2453,3,0.1503994822000113,Prepaid,West,14,1,0
2664,2023-05-07 00:00:00+00:00,Footwear,1,1684.6,0.2070514767668118,3167,0,0.0,COD,South,11,11,0
84,2023-05-08 00:00:00+00:00,Footwear,1,2423.65,0.0,3891,7,0.32097965684188706,Prepaid,West,4,2,0
1620,2023-05-08 00:00:00+00:00,Footwear,1,1371.93,0.0,3844,2,0.20656872954577782,Prepaid,South,9,3,0
3140,2023-05-08 00:00:00+00:00,Apparel,1,2853.29,0.0,2133,2,0.18199497651604005,COD,North,1,1,0
4290,2023-05-08 00:00:00+00:00,Footwear,1,4379.32,0.6666114222016503,1570,3,0.4965302580460716,Prepaid,South,10,6,0
3155,2023-05-08 00:00:00+00:00,Apparel,1,796.3,0.0,2032,2,0.010566943365224873,COD,South,10,4,0
804,2023-05-08 00:00:00+00:00,Electronics,0,821.68,0.0,1586,2,0.12534051966654366,Prepaid,North,10,4,0
1918,2023-05-08 00:00:00+00:00,Apparel,1,2252.67,0.0,2158,2,0.020442566912597538,COD,North,7,1,0
4654,2023-05-08 00:00:00+00:00,Apparel,1,621.33,0.22964465796840905,4326,5,0.7833640428439196,Prepaid,North,8,1,1
42,2023-05-08 00:00:00+00:00,Apparel,1,2301.98,0.17207937062639267,2091,2,0.11602021685926536,Prepaid,South,14,3,0
4942,2023-05-08 00:00:00+00:00,Beauty,0,829.77,0.016332179676917732,2590,2,0.012308111648431482,Prepaid,South,5,3,0
4285,2023-05-08 00:00:00+00:00,Footwear,1,351.88,0.10216946177280817,3265,0,0.0,Prepaid,South,11,1,0
1639,2023-05-08 00:00:00+00:00,Apparel,1,491.03,0.0,1663,6,0.44772420685305575,COD,East,2,6,1
406,2023-05-08 00:00:00+00:00,Electronics,0,637.86,0.0,1881,2,0.47053055054117754,Prepaid,North,13,1,0
4447,2023-05-08 00:00:00+00:00,Home,0,3585.03,0.12686287885830586,2207,1,0.00792978790636348,COD,North,1,1,0
3448,2023-05-08 00:00:00+00:00,Home,0,23420.76,0.0,2004,4,0.1115164470813557,Prepaid,East,11,3,0
2373,2023-05-08 00:00:00+00:00,Footwear,1,637.03,0.02667402377312142,3727,1,0.3072539641020262,COD,West,11,3,0
2816,2023-05-08 00:00:00+00:00,Beauty,0,5989.59,0.0,4038,2,0.11127497858740906,COD,North,7,1,0
16,2023-05-08 00:00:00+00:00,Footwear,1,659.26,0.0955002979414874,2441,1,0.32522140629311463,Prepaid,South,3,0,0
1724,2023-05-08 00:00:00+00:00,Apparel,1,1308.85,0.11070594049116037,2753,4,0.24721030273413305,Prepaid,North,14,1,0
1236,2023-05-08 00:00:00+00:00,Apparel,1,2173.57,0.0,2208,5,0.06889108071132945,Prepaid,North,10,2,0
630,2023-05-08 00:00:00+00:00,Apparel,1,343.64,0.0,2247,2,0.1842120844304441,Prepaid,West,11,0,1
1520,2023-05-08 00:00:00+00:00,Apparel,1,706.79,0.0,4007,0,0.0,Prepaid,South,2,3,0
2285,2023-05-08 00:00:00+00:00,Home,0,494.98,0.20174866838823602,4373,2,0.33563673307259817,COD,West,7,10,0
2438,2023-05-08 00:00:00+00:00,Apparel,1,2955.0,0.0,2439,2,0.017931075100936264,Prepaid,South,4,8,0
3163,2023-05-08 00:00:00+00:00,Apparel,1,1779.84,0.05970135982778427,4022,2,0.154739784433555,Prepaid,North,7,1,0
2697,2023-05-08 00:00:00+00:00,Beauty,0,1102.9,0.29689246742684483,1665,0,0.0,Prepaid,East,14,4,0
3530,2023-05-08 00:00:00+00:00,Footwear,1,1769.77,0.0,4493,1,0.17130842775665042,Prepaid,East,12,0,0
4193,2023-05-08 00:00:00+00:00,Beauty,0,2935.27,0.0,1602,2,0.39613469700991194,Prepaid,South,9,0,0
1472,2023-05-08 00:00:00+00:00,Apparel,1,190.84,0.1830287545794269,1511,0,0.0,COD,South,3,6,0
2754,2023-05-08 00:00:00+00:00,Home,0,523.89,0.004167587589477842,3252,1,0.185015916933858,Prepaid,South,8,3,0
1103,2023-05-08 00:00:00+00:00,Footwear,1,2466.29,0.01885067647387456,2689,1,0.09947131273191565,Prepaid,South,1,0,0
2298,2023-05-08 00:00:00+00:00,Home,0,260.4,0.0,1983,3,0.5886618304862075,COD,North,10,3,1
1574,2023-05-08 00:00:00+00:00,Footwear,1,540.15,0.0,1315,1,0.07673048127961234,Prepaid,East,7,4,0
3198,2023-05-08 00:00:00+00:00,Electronics,0,1087.03,0.0,3844,3,0.03392385378207497,Prepaid,West,14,2,0
4225,2023-05-08 00:00:00+00:00,Footwear,1,658.09,0.0,3831,2,0.2671911870259205,Prepaid,West,8,0,0
1000,2023-05-09 00:00:00+00:00,Home,0,7795.41,0.025011647506353707,2449,2,0.0653890846962518,Prepaid,South,13,0,0
1418,2023-05-09 00:00:00+00:00,Footwear,1,286.16,0.2866696905354579,1185,3,0.2515714297204946,Prepaid,East,10,0,0
4584,2023-05-09 00:00:00+00:00,Home,0,1315.99,0.0,2508,3,0.32654499723984776,Prepaid,South,4,1,1
737,2023-05-09 00:00:00+00:00,Beauty,0,411.23,0.39971306559083064,3672,2,0.10775607341967824,COD,West,13,5,0
2265,2023-05-09 00:00:00+00:00,Footwear,1,3026.41,0.0,4426,2,0.08729681952081085,Prepaid,South,11,11,0
378,2023-05-09 00:00:00+00:00,Apparel,1,2641.54,0.0,1205,1,0.18439374509738432,Prepaid,West,6,0,0
4252,2023-05-09 00:00:00+00:00,Home,0,106.0,0.0,3472,4,0.017401139669714388,Prepaid,West,9,2,0
2199,2023-05-09 00:00:00+00:00,Apparel,1,1585.67,0.0,1581,3,0.27761103265988113,Prepaid,West,14,0,0
3593,2023-05-09 00:00:00+00:00,Home,0,2183.28,0.0,2750,4,0.02553223348660909,Prepaid,West,8,11,0
4523,2023-05-09 00:00:00+00:00,Footwear,1,628.98,0.0,1861,0,0.0,COD,East,8,0,1
2147,2023-05-09 00:00:00+00:00,Apparel,1,1552.39,0.4906502140539236,4278,4,0.04073252523713808,COD,West,14,5,0
71,2023-05-09 00:00:00+00:00,Footwear,1,608.07,0.0,2396,0,0.0,COD,South,1,0,0
1287,2023-05-09 00:00:00+00:00,Apparel,1,358.17,0.039982144649007116,3411,1,0.12537040669609978,Prepaid,West,1,0,0
3194,2023-05-09 00:00:00+00:00,Apparel,1,791.61,0.19022794766672524,1288,3,0.5286557865265981,Prepaid,South,5,2,0
2457,2023-05-09 00:00:00+00:00,Apparel,1,4291.99,0.10411801443237528,1800,3,0.04699798616837876,Prepaid,South,6,1,0
3755,2023-05-09 00:00:00+00:00,Home,0,52.75,0.0,2912,1,0.28442114135239877,Prepaid,South,14,0,0
4478,2023-05-09 00:00:00+00:00,Apparel,1,1217.33,0.17175544434268952,3259,6,0.2983481846373118,Prepaid,North,12,0,0
3795,2023-05-09 00:00:00+00:00,Electronics,0,379.73,0.4306516018897546,4235,2,0.0198152082597291,COD,South,11,4,0
1536,2023-05-09 00:00:00+00:00,Home,0,1671.47,0.0,1488,4,0.005382908964280281,COD,West,12,5,0
1826,2023-05-09 00:00:00+00:00,Apparel,1,1645.62,0.0,2027,7,0.20762855468532165,Prepaid,East,1,1,0
80,2023-05-09 00:00:00+00:00,Apparel,1,716.29,0.15732557797899888,2677,3,0.3408314280384913,Prepaid,West,9,4,1
4606,2023-05-09 00:00:00+00:00,Beauty,0,263.54,0.0,3557,1,0.010425236728039924,Prepaid,South,11,2,0
3102,2023-05-09 00:00:00+00:00,Apparel,1,1404.57,0.0,4046,0,0.0,Prepaid,East,1,1,0
2379,2023-05-10 00:00:00+00:00,Footwear,1,2604.61,0.06986074169134386,2427,3,0.012637980371585011,COD,West,9,4,0
3725,2023-05-10 00:00:00+00:00,Apparel,1,704.52,0.0,4443,2,0.37207701471058263,Prepaid,West,5,0,0
3546,2023-05-10 00:00:00+00:00,Home,0,1141.24,0.0,2544,1,0.1363386578643228,Prepaid,North,7,1,0
1615,2023-05-10 00:00:00+00:00,Apparel,1,2170.62,0.0,4426,2,0.1662637860549027,Prepaid,East,9,0,0
2976,2023-05-10 00:00:00+00:00,Electronics,0,4286.1,0.08993047782691505,3092,6,0.1240687674374048,Prepaid,East,5,3,0
2242,2023-05-10 00:00:00+00:00,Apparel,1,2985.59,0.0,3118,0,0.0,COD,West,1,0,0
1857,2023-05-10 00:00:00+00:00,Home,0,2066.16,0.0593886568034616,1955,1,0.18272890125553373,COD,South,2,5,0
2452,2023-05-10 00:00:00+00:00,Electronics,0,2412.87,0.0,4423,3,0.012432568522040397,Prepaid,South,10,0,0
4633,2023-05-10 00:00:00+00:00,Beauty,0,537.95,0.18789301683325924,3024,2,0.032808831116142835,COD,West,12,3,0
2420,2023-05-10 00:00:00+00:00,Apparel,1,1126.26,0.0004821121702043851,2363,3,0.5284564120882563,Prepaid,South,4,0,0
3197,2023-05-10 00:00:00+00:00,Footwear,1,927.11,0.0,2477,3,0.2731785867961206,Prepaid,North,11,6,0
3841,2023-05-10 00:00:00+00:00,Beauty,0,790.39,0.0,1966,2,0.09130105225411726,Prepaid,East,12,3,0
3637,2023-05-10 00:00:00+00:00,Apparel,1,1289.91,0.06311862443316313,4066,1,0.0697165504166902,Prepaid,South,9,5,0
4135,2023-05-10 00:00:00+00:00,Footwear,1,1357.6,0.0,2575,2,0.1990387056275575,Prepaid,West,7,3,0
4044,2023-05-10 00:00:00+00:00,Apparel,1,1241.95,0.16380990834340264,4285,1,0.23245091128783474,Prepaid,West,3,1,0
1701,2023-05-10 00:00:00+00:00,Apparel,1,926.57,0.41481631038452627,2456,2,0.04763546511123626,Prepaid,East,5,7,0
4226,2023-05-10 00:00:00+00:00,Electronics,0,2463.66,0.5201207247844657,3349,4,0.06727479586361766,Prepaid,North,4,0,0
4811,2023-05-10 00:00:00+00:00,Apparel,1,613.94,0.0,4014,2,0.10983269059127729,COD,East,10,1,0
2405,2023-05-10 00:00:00+00:00,Electronics,0,700.75,0.012706855147847362,2243,1,0.17972327615429476,Prepaid,East,11,4,0
23,2023-05-10 00:00:00+00:00,Electronics,0,1076.18,0.2772328260257605,4104,1,0.20781882449842104,Prepaid,West,4,1,1
3575,2023-05-10 00:00:00+00:00,Beauty,0,986.96,0.0,2315,1,0.2577021886287759,COD,West,11,0,0
3975,2023-05-10 00:00:00+00:00,Apparel,1,926.07,0.0,4265,4,0.15881092201178595,Prepaid,North,7,8,0
3748,2023-05-11 00:00:00+00:00,Electronics,0,1728.76,0.14487238157112864,1534,3,0.0016478293504264866,Prepaid,North,9,4,0
1448,2023-05-11 00:00:00+00:00,Apparel,1,300.6,0.0,4007,8,0.004401610136337978,Prepaid,North,11,2,0
2624,2023-05-11 00:00:00+00:00,Footwear,1,567.93,0.0,4370,3,0.046227195973121436,Prepaid,North,3,2,0
2087,2023-05-11 00:00:00+00:00,Home,0,340.38,0.1746066922254062,4273,3,0.23979875481928395,Prepaid,West,3,0,0
3908,2023-05-11 00:00:00+00:00,Apparel,1,1127.44,0.0,2328,1,0.3306195711493014,COD,South,6,2,0
2853,2023-05-11 00:00:00+00:00,Apparel,1,442.39,0.0,2839,3,0.1279640268954103,Prepaid,North,8,1,0
677,2023-05-11 00:00:00+00:00,Apparel,1,4044.4,0.07449264668278457,1487,2,0.01221471747034276,COD,East,14,0,0
4786,2023-05-11 00:00:00+00:00,Apparel,1,625.2,0.14650089508908543,1296,1,0.11425030353183942,Prepaid,East,10,0,1
4062,2023-05-11 00:00:00+00:00,Apparel,1,926.45,0.0,3593,2,0.4641556987913782,Prepaid,North,3,3,0
577,2023-05-11 00:00:00+00:00,Footwear,1,4227.02,0.09065509268543126,2122,2,0.028312393159373242,Prepaid,South,6,0,0
1463,2023-05-11 00:00:00+00:00,Home,0,809.64,0.0,4464,3,0.10467621391862642,Prepaid,West,5,2,0
1436,2023-05-11 00:00:00+00:00,Apparel,1,2284.98,0.0,4344,2,0.044006798711910544,Prepaid,South,10,0,0
4978,2023-05-11 00:00:00+00:00,Beauty,0,208.73,0.0,2510,1,0.25266329356739664,COD,East,4,8,0
2516,2023-05-11 00:00:00+00:00,Apparel,1,653.2,0.17702051777128794,2204,5,0.4978889647198334,Prepaid,North,12,2,1
1264,2023-05-11 00:00:00+00:00,Apparel,1,1461.22,0.0,2195,6,0.0017756749945176786,Prepaid,North,11,3,1
773,2023-05-11 00:00:00+00:00,Electronics,0,3090.8,0.10644082329379308,4099,2,0.008747384316040155,Prepaid,East,9,11,0
945,2023-05-11 00:00:00+00:00,Apparel,1,1805.59,0.0,2733,1,0.16901595771924602,Prepaid,North,13,5,0
1671,2023-05-11 00:00:00+00:00,Home,0,454.11,0.0,4496,2,0.34882710650000803,COD,East,13,3,0
1749,2023-05-11 00:00:00+00:00,Apparel,1,1758.17,0.0,2087,3,0.1734316339950077,Prepaid,South,1,4,0
616,2023-05-11 00:00:00+00:00,Apparel,1,1474.99,0.0,2737,3,0.00130324074052629,Prepaid,West,6,2,0
1013,2023-05-11 00:00:00+00:00,Home,0,585.55,0.4510477809024812,2682,0,0.0,Prepaid,South,7,1,1
3624,2023-05-11 00:00:00+00:00,Home,0,2487.29,0.07351068734681895,3198,3,0.2198095337403326,Prepaid,South,4,1,0
3521,2023-05-11 00:00:00+00:00,Electronics,0,1061.16,0.12425163256420649,2415,1,0.43029941111539044,COD,East,10,2,0
2423,2023-05-11 00:00:00+00:00,Footwear,1,771.95,0.0,2160,0,0.0,Prepaid,East,4,5,0
1010,2023-05-12 00:00:00+00:00,Footwear,1,691.18,0.0,2188,3,0.41738940919745876,COD,East,1,0,0
1337,2023-05-12 00:00:00+00:00,Apparel,1,437.37,0.0,1255,0,0.0,Prepaid,South,8,2,0
3972,2023-05-12 00:00:00+00:00,Apparel,1,721.95,0.35054923348960954,1895,3,0.10421230002907875,Prepaid,East,2,0,0
1902,2023-05-12 00:00:00+00:00,Electronics,0,1158.24,0.23593693268219815,1659,1,0.017483346132431545,Prepaid,East,14,0,0
745,2023-05-12 00:00:00+00:00,Apparel,1,881.76,0.1066674172299811,3559,2,0.1187630012336045,Prepaid,South,12,1,0
781,2023-05-12 00:00:00+00:00,Home,0,14073.11,0.0,3484,0,0.0,COD,East,3,1,0
2918,2023-05-12 00:00:00+00:00,Home,0,1073.79,0.0,4012,4,0.03443435454610275,Prepaid,East,14,1,0
1683,2023-05-12 00:00:00+00:00,Home,0,235.7,0.0,3150,2,0.2563987857766407,Prepaid,South,9,1,0
2091,2023-05-12 00:00:00+00:00,Electronics,0,2840.09,0.0,3079,1,0.1627007465058741,Prepaid,North,7,5,0
4188,2023-05-12 00:00:00+00:00,Electronics,0,681.99,0.1617347240489398,2644,2,0.15547141688712784,COD,North,7,2,0
1257,2023-05-12 00:00:00+00:00,Apparel,1,2586.5,0.0,4307,0,0.0,COD,West,6,0,0
2739,2023-05-12 00:00:00+00:00,Beauty,0,396.66,0.34493666726715977,1987,4,0.8009448691747361,COD,South,6,4,1
3001,2023-05-12 00:00:00+00:00,Apparel,1,1678.14,0.0,3113,1,0.4872303285986486,COD,South,9,2,0
14,2023-05-12 00:00:00+00:00,Electronics,0,3092.37,0.0,3613,1,0.08057483546181975,COD,East,6,0,0
2894,2023-05-12 00:00:00+00:00,Electronics,0,393.24,0.12043479497377275,1545,2,0.3780062201943541,COD,North,7,17,0
2527,2023-05-12 00:00:00+00:00,Apparel,1,294.65,0.3720722300665502,1315,1,0.08162135880999069,COD,West,7,0,1
335,2023-05-12 00:00:00+00:00,Electronics,0,2947.82,0.0,3070,0,0.0,Prepaid,North,4,3,0
4945,2023-05-12 00:00:00+00:00,Footwear,1,233.01,0.34489940566654753,1932,2,0.356024974816817,Prepaid,East,6,0,1
4967,2023-05-12 00:00:00+00:00,Electronics,0,362.9,0.06231301567932342,2044,2,0.1788416723243441,Prepaid,North,8,9,0
4863,2023-05-12 00:00:00+00:00,Beauty,0,613.52,0.0,3525,4,0.3467394718707581,COD,North,1,0,0
885,2023-05-12 00:00:00+00:00,Apparel,1,1116.22,0.0,2412,2,0.19597584846657168,Prepaid,North,11,4,0
3160,2023-05-12 00:00:00+00:00,Footwear,1,8170.76,0.0,2257,2,0.037322276645320215,COD,West,8,1,0
2977,2023-05-12 00:00:00+00:00,Footwear,1,241.4,0.13419842614076272,3001,1,0.21803420339894866,COD,East,2,3,0
4916,2023-05-12 00:00:00+00:00,Electronics,0,1164.38,0.0,1613,1,0.0004904077647483343,Prepaid,West,14,0,0
3701,2023-05-12 00:00:00+00:00,Electronics,0,97.57,0.4458098234237272,2237,2,0.34372800359672223,COD,North,13,0,1
4089,2023-05-12 00:00:00+00:00,Beauty,0,253.38,0.193183401849796,4084,2,0.007018059156167303,COD,West,7,2,0
1595,2023-05-12 00:00:00+00:00,Footwear,1,458.05,0.07509397525687708,4193,2,0.04095000118488039,Prepaid,North,6,5,0
2934,2023-05-12 00:00:00+00:00,Beauty,0,606.29,0.0,2730,3,0.12801547072096128,Prepaid,South,14,0,0
4565,2023-05-12 00:00:00+00:00,Apparel,1,1497.11,0.09266223091718906,2703,1,0.1651353314117242,Prepaid,East,12,1,0
4522,2023-05-12 00:00:00+00:00,Beauty,0,1636.44,0.0,1385,2,0.5455410238317733,Prepaid,North,5,0,0
3924,2023-05-12 00:00:00+00:00,Home,0,6175.87,0.0,4212,8,0.07536743104678224,Prepaid,East,11,0,0
2316,2023-05-12 00:00:00+00:00,Apparel,1,14285.41,0.0,2104,1,0.24580576413032912,Prepaid,North,11,3,0
1344,2023-05-12 00:00:00+00:00,Beauty,0,4248.99,0.02480388061570754,2981,3,0.21615324226914462,Prepaid,East,12,0,0
4386,2023-05-12 00:00:00+00:00,Home,0,238.83,0.08017899619685434,2416,1,0.22189659270571704,Prepaid,South,10,19,0
2939,2023-05-12 00:00:00+00:00,Electronics,0,524.46,0.0,3536,0,0.0,Prepaid,North,14,7,0
2577,2023-05-12 00:00:00+00:00,Footwear,1,683.44,0.0,4257,1,0.5040909466060214,Prepaid,West,13,2,1
2944,2023-05-12 00:00:00+00:00,Apparel,1,3481.56,0.31097504446414864,1588,3,0.45706934871138644,Prepaid,South,4,9,0
1666,2023-05-12 00:00:00+00:00,Home,0,364.18,0.0,3725,4,0.44745914598644526,Prepaid,West,2,4,0
4961,2023-05-13 00:00:00+00:00,Footwear,1,246.45,0.0,4307,4,0.20904092654101078,Prepaid,South,1,0,0
4933,2023-05-13 00:00:00+00:00,Apparel,1,254.55,0.2773443639339015,1929,3,0.21778748521777655,Prepaid,East,2,1,0
1992,2023-05-13 00:00:00+00:00,Home,0,371.48,0.0,4452,3,0.08250931579739158,Prepaid,West,5,0,0
2432,2023-05-13 00:00:00+00:00,Apparel,1,6062.37,0.0,1987,1,0.039414773057735976,Prepaid,South,10,5,0
2865,2023-05-13 00:00:00+00:00,Electronics,0,3144.51,0.041973566177328815,3282,1,0.10953146945281908,Prepaid,South,10,3,0
355,2023-05-13 00:00:00+00:00,Apparel,1,1253.9,0.0,1993,2,0.006025132649187905,COD,South,7,0,0
3605,2023-05-13 00:00:00+00:00,Home,0,402.71,0.0,3095,4,0.14876296109820347,Prepaid,West,6,2,0
917,2023-05-13 00:00:00+00:00,Apparel,1,1525.8,0.0,1851,2,0.4733274064431036,Prepaid,West,10,5,1
2514,2023-05-13 00:00:00+00:00,Electronics,0,93.27,0.0,3989,2,0.17021094806275464,Prepaid,West,7,0,0
1047,2023-05-13 00:00:00+00:00,Home,0,355.01,0.011012509881986182,3054,0,0.0,COD,West,14,0,0
3329,2023-05-13 00:00:00+00:00,Home,0,3364.64,0.0,2332,0,0.0,Prepaid,North,4,0,0
2651,2023-05-13 00:00:00+00:00,Beauty,0,313.75,0.0348701946128052,1086,3,0.07440025500231354,COD,South,9,0,0
2045,2023-05-13 00:00:00+00:00,Footwear,1,1046.92,0.0,2448,2,0.26099968071073765,Prepaid,South,1,8,1
1679,2023-05-13 00:00:00+00:00,Footwear,1,1173.17,0.10855653817757964,2627,3,0.044065087699777905,Prepaid,East,12,2,0
1800,2023-05-13 00:00:00+00:00,Beauty,0,624.39,0.13251391990422035,1934,3,0.04094075903617118,COD,North,2,6,0
1193,2023-05-13 00:00:00+00:00,Home,0,490.0,0.06469653147941826,2502,1,0.1885596053281899,COD,North,1,0,1
3230,2023-05-13 00:00:00+00:00,Home,0,659.38,0.0,2879,1,0.09187707158455362,Prepaid,West,3,0,0
38,2023-05-13 00:00:00+00:00,Beauty,0,545.37,0.3371391020193837,1874,1,0.205575159177079,Prepaid,West,10,1,1
525,2023-05-13 00:00:00+00:00,Apparel,1,3978.69,0.1572455329154419,1349,1,0.17204058002326314,COD,East,6,13,0
972,2023-05-13 00:00:00+00:00,Apparel,1,6444.88,0.1799301458681644,2734,1,0.2110358069276257,Prepaid,South,10,0,0
3951,2023-05-13 00:00:00+00:00,Footwear,1,346.85,0.15225509714318297,4067,0,0.0,COD,North,3,2,1
2920,2023-05-13 00:00:00+00:00,Electronics,0,1416.23,0.16356714527158905,2999,0,0.0,Prepaid,North,2,1,0
3801,2023-05-13 00:00:00+00:00,Apparel,1,3576.26,0.055677842763485454,2261,1,0.04440648730375501,Prepaid,South,8,3,1
563,2023-05-13 00:00:00+00:00,Electronics,0,1438.14,0.0,1940,1,0.014055856104636466,Prepaid,South,6,2,0
2484,2023-05-13 00:00:00+00:00,Beauty,0,4094.34,0.0,2570,3,0.010416024295549617,Prepaid,South,2,2,0
403,2023-05-13 00:00:00+00:00,Electronics,0,144.87,0.055339451569923814,3163,0,0.0,COD,East,13,4,0
4274,2023-05-14 00:00:00+00:00,Footwear,1,1353.36,0.0,2217,3,0.061201814615171095,Prepaid,East,14,1,1
799,2023-05-14 00:00:00+00:00,Footwear,1,716.51,0.0,1133,3,0.08368120564086239,COD,South,8,1,0
2539,2023-05-14 00:00:00+00:00,Apparel,1,1940.2,0.06952395627485916,1493,3,0.07460198736427968,Prepaid,East,10,0,0
3835,2023-05-14 00:00:00+00:00,Home,0,1033.9,0.2079510053827937,2207,1,0.06942625760889153,Prepaid,West,8,0,0
4757,2023-05-14 00:00:00+00:00,Footwear,1,999.85,0.0,2894,2,0.10329488683307098,Prepaid,South,3,1,0
3439,2023-05-14 00:00:00+00:00,Apparel,1,9969.74,0.2482633182114971,3472,0,0.0,COD,West,10,1,1
3504,2023-05-14 00:00:00+00:00,Apparel,1,981.86,0.02889881323130225,3141,1,0.04926956108708482,Prepaid,South,4,0,1
110,2023-05-14 00:00:00+00:00,Beauty,0,399.48,0.0,2269,2,0.3331508985336006,Prepaid,North,12,2,0
1207,2023-05-14 00:00:00+00:00,Apparel,1,2196.02,0.02892643167998314,2913,3,0.24899185554457037,Prepaid,East,7,10,0
3124,2023-05-14 00:00:00+00:00,Electronics,0,270.08,0.0,3110,3,0.26420840629061737,Prepaid,South,9,0,0
3415,2023-05-14 00:00:00+00:00,Beauty,0,985.42,0.0,3213,2,0.1759038964537217,Prepaid,South,10,1,0
1239,2023-05-14 00:00:00+00:00,Apparel,1,1897.23,0.0,2066,3,0.06592617645965959,COD,East,6,0,0
2592,2023-05-14 00:00:00+00:00,Apparel,1,3294.91,0.32914073165935537,1275,3,0.07307441763857439,Prepaid,East,11,1,0
2385,2023-05-14 00:00:00+00:00,Home,0,5993.41,0.0,1072,3,0.11464144034595719,Prepaid,West,6,1,0
4511,2023-05-14 00:00:00+00:00,Footwear,1,1062.99,0.0,3318,0,0.0,COD,South,1,0,1
4476,2023-05-14 00:00:00+00:00,Apparel,1,831.28,0.25344302480622705,3587,1,0.05864760952849596,COD,East,12,10,0
4760,2023-05-14 00:00:00+00:00,Apparel,1,605.96,0.030953146054525094,3961,3,0.3994089184409515,Prepaid,East,14,6,0
1011,2023-05-15 00:00:00+00:00,Home,0,1511.82,0.37938820648508254,3826,2,0.3303622497614719,COD,South,12,5,0
1616,2023-05-15 00:00:00+00:00,Apparel,1,182.4,0.08195399889264451,1227,3,0.34763463947017864,COD,West,9,0,0
4689,2023-05-15 00:00:00+00:00,Apparel,1,1529.48,0.15138469525055562,1283,1,0.21168706475911808,Prepaid,South,1,1,0
1043,2023-05-15 00:00:00+00:00,Home,0,5080.5,0.10353398552288288,3940,3,0.017296957537950505,Prepaid,South,2,7,0
2036,2023-05-15 00:00:00+00:00,Beauty,0,2785.38,0.017949325252418935,2948,0,0.0,Prepaid,North,6,2,0
2935,2023-05-15 00:00:00+00:00,Footwear,1,688.96,0.0,3957,0,0.0,Prepaid,East,8,0,0
2611,2023-05-15 00:00:00+00:00,Electronics,0,2761.25,0.5594484976757228,1196,0,0.0,Prepaid,South,12,0,0
2130,2023-05-15 00:00:00+00:00,Apparel,1,714.61,0.0,2239,1,0.01582578845008771,Prepaid,South,5,3,0
3614,2023-05-15 00:00:00+00:00,Apparel,1,2254.05,0.0,2635,0,0.0,Prepaid,North,4,1,1
567,2023-05-15 00:00:00+00:00,Apparel,1,1321.45,0.0,2446,0,0.0,Prepaid,East,5,5,0
1210,2023-05-15 00:00:00+00:00,Footwear,1,412.6,0.3776129907575039,3773,3,0.03453545308715355,Prepaid,South,13,0,1
219,2023-05-15 00:00:00+00:00,Home,0,957.78,0.0,3953,2,0.1221306818946157,Prepaid,West,5,3,0
4592,2023-05-15 00:00:00+00:00,Apparel,1,842.05,0.21032988186800874,3123,3,0.07713053426611435,Prepaid,West,11,2,0
396,2023-05-15 00:00:00+00:00,Apparel,1,4751.87,0.18524038458181594,2049,1,0.3710731568777397,Prepaid,East,5,2,0
3485,2023-05-15 00:00:00+00:00,Beauty,0,155.9,0.0,2329,1,0.02151416765708358,Prepaid,North,7,4,0
1876,2023-05-15 00:00:00+00:00,Apparel,1,978.33,0.11311191775824668,3308,1,0.2815017225574845,COD,North,3,2,0
1733,2023-05-15 00:00:00+00:00,Electronics,0,694.72,0.1922228467797438,4379,1,0.5249455204025679,Prepaid,North,5,12,0
214,2023-05-15 00:00:00+00:00,Apparel,1,3226.6,0.0,4178,1,0.02141279121651141,Prepaid,East,7,3,0
478,2023-05-15 00:00:00+00:00,Home,0,801.22,0.12711947030256493,2376,2,0.07998215483958415,Prepaid,North,2,0,0
1184,2023-05-15 00:00:00+00:00,Apparel,1,1959.98,0.0,1895,4,0.02926359936248489,Prepaid,North,7,2,0
1356,2023-05-15 00:00:00+00:00,Footwear,1,1409.34,0.0,1512,1,0.1211761760894013,Prepaid,East,11,2,1
4163,2023-05-15 00:00:00+00:00,Electronics,0,7077.01,0.0,2302,2,0.18357937228328858,Prepaid,South,8,0,0
999,2023-05-15 00:00:00+00:00,Home,0,2284.69,0.03037883868739344,1651,3,0.06540205109788913,Prepaid,West,3,1,0
2194,2023-05-15 00:00:00+00:00,Apparel,1,2390.37,0.5046471349848226,1295,3,0.26020078861633467,Prepaid,North,2,1,0
2025,2023-05-15 00:00:00+00:00,Apparel,1,225.0,0.0,3368,0,0.0,Prepaid,West,12,0,0
4066,2023-05-16 00:00:00+00:00,Apparel,1,266.66,0.13217612076507104,3990,2,0.2933280757468897,COD,South,14,2,0
1350,2023-05-16 00:00:00+00:00,Beauty,0,550.81,0.0,2158,1,0.13923688661903605,Prepaid,West,10,4,0
2230,2023-05-16 00:00:00+00:00,Apparel,1,2261.13,0.21970854047985847,2035,1,0.07855034522446905,COD,South,4,3,0
157,2023-05-16 00:00:00+00:00,Electronics,0,1673.01,0.0,2646,3,0.5144161326906309,Prepaid,West,8,1,0
2825,2023-05-16 00:00:00+00:00,Electronics,0,1021.58,0.04181555205340372,1150,2,0.10908299733046589,COD,South,1,0,1
4381,2023-05-16 00:00:00+00:00,Electronics,0,2255.69,0.6027526655496046,1790,2,0.053722890756657773,Prepaid,East,3,0,1
2749,2023-05-16 00:00:00+00:00,Home,0,220.81,0.2488765431674934,3405,1,0.19482862255745292,Prepaid,West,7,0,0
211,2023-05-16 00:00:00+00:00,Footwear,1,1459.54,0.0,1172,2,0.24162276149518513,Prepaid,West,5,1,0
4845,2023-05-16 00:00:00+00:00,Apparel,1,901.36,0.2220341316095037,3919,0,0.0,Prepaid,North,2,0,0
4050,2023-05-16 00:00:00+00:00,Footwear,1,1345.11,0.5390800136071658,2072,2,0.3008683531685663,Prepaid,South,7,5,0
1821,2023-05-16 00:00:00+00:00,Apparel,1,1323.13,0.06529254412244594,4211,3,0.4404181414407809,Prepaid,East,4,1,1
1177,2023-05-16 00:00:00+00:00,Electronics,0,792.44,0.0,3426,2,0.08730006913332686,Prepaid,West,11,0,0
2617,2023-05-16 00:00:00+00:00,Apparel,1,184.14,0.0,1560,1,0.6125091114198185,Prepaid,North,12,3,1
117,2023-05-16 00:00:00+00:00,Apparel,1,1117.01,0.0,1566,3,0.37957151586390586,Prepaid,South,8,4,1
1721,2023-05-16 00:00:00+00:00,Home,0,5121.34,0.0,1054,1,0.11555263645302088,Prepaid,North,10,4,0
1756,2023-05-16 00:00:00+00:00,Apparel,1,1279.2,0.0,1751,3,0.7252808606855707,Prepaid,North,7,0,1
2090,2023-05-16 00:00:00+00:00,Home,0,712.12,0.11123644149371789,3925,5,0.23463938083591418,COD,East,7,4,0
3074,2023-05-16 00:00:00+00:00,Footwear,1,4037.51,0.06905827122374229,2301,3,0.05863538546891743,Prepaid,North,4,9,0
4457,2023-05-16 00:00:00+00:00,Electronics,0,769.81,0.5141953967012948,2193,7,0.10391960199514931,COD,North,9,1,0
2608,2023-05-16 00:00:00+00:00,Home,0,553.9,0.0,3686,4,0.13248370537530244,Prepaid,North,10,1,0
2517,2023-05-16 00:00:00+00:00,Apparel,1,962.67,0.0,1862,2,0.09421780120006389,COD,West,3,5,1
2332,2023-05-16 00:00:00+00:00,Footwear,1,204.62,0.0,1242,3,0.06756232273303056,COD,East,4,1,1
2050,2023-05-16 00:00:00+00:00,Apparel,1,4555.29,0.0,3960,5,0.20511937135549643,COD,West,6,7,0
1593,2023-05-16 00:00:00+00:00,Footwear,1,531.43,0.0,2267,2,0.3463976707302866,Prepaid,South,8,0,0
1653,2023-05-16 00:00:00+00:00,Beauty,0,4367.26,0.0,1978,1,0.5245816437530426,Prepaid,South,1,0,0
2406,2023-05-16 00:00:00+00:00,Beauty,0,155.8,0.0,1315,2,0.07286067102009448,Prepaid,West,12,4,0
4886,2023-05-16 00:00:00+00:00,Apparel,1,530.89,0.0,3708,3,0.12171425857174524,Prepaid,West,4,1,0
4394,2023-05-16 00:00:00+00:00,Home,0,149.15,0.0,1972,3,0.08322759076233044,Prepaid,West,14,23,0
2938,2023-05-16 00:00:00+00:00,Apparel,1,380.88,0.28459864265687645,1093,4,0.2589177088179803,COD,South,10,1,0
2955,2023-05-16 00:00:00+00:00,Home,0,953.27,0.0,1665,2,0.07129425017027696,COD,West,10,0,0
2111,2023-05-16 00:00:00+00:00,Home,0,1375.77,0.0,1327,5,0.008274276177680952,COD,South,5,4,0
2490,2023-05-16 00:00:00+00:00,Electronics,0,4632.64,0.0,2882,1,0.08738185175055316,Prepaid,South,14,0,0
1531,2023-05-17 00:00:00+00:00,Home,0,265.42,0.0,2926,1,0.11601120739315206,COD,South,2,0,0
2815,2023-05-17 00:00:00+00:00,Apparel,1,645.28,0.0,1776,1,0.17125499158447602,Prepaid,East,6,4,0
2701,2023-05-17 00:00:00+00:00,Beauty,0,381.28,0.0,1982,4,0.01990639762963446,Prepaid,East,13,0,0
1899,2023-05-17 00:00:00+00:00,Electronics,0,253.17,0.22308774636570203,3439,4,0.3563467571748152,Prepaid,South,2,1,0
4497,2023-05-17 00:00:00+00:00,Footwear,1,775.5,0.0,3020,2,0.26063151081632024,Prepaid,East,1,0,0
991,2023-05-17 00:00:00+00:00,Electronics,0,4284.61,0.34661649398634475,3038,4,0.44072868280492006,Prepaid,North,14,2,0
2149,2023-05-17 00:00:00+00:00,Electronics,0,1363.05,0.198134736815065,2655,2,0.17882817177895668,COD,South,11,8,0
4518,2023-05-17 00:00:00+00:00,Apparel,1,3705.04,0.27821578711045125,3435,2,0.24033770184003314,Prepaid,East,6,1,0
4402,2023-05-17 00:00:00+00:00,Electronics,0,306.99,0.0,1842,0,0.0,COD,South,4,5,0
627,2023-05-17 00:00:00+00:00,Footwear,1,2774.77,0.0,4458,2,0.5005939876210067,COD,South,11,8,1
107,2023-05-17 00:00:00+00:00,Apparel,1,1564.73,0.0,2204,3,0.09888866339515304,Prepaid,North,11,1,0
1850,2023-05-17 00:00:00+00:00,Beauty,0,2393.18,0.0,4369,0,0.0,COD,North,2,0,0
4113,2023-05-17 00:00:00+00:00,Footwear,1,2758.37,0.0,2572,2,0.0016471163786129536,Prepaid,East,8,2,1
1865,2023-05-17 00:00:00+00:00,Apparel,1,2108.26,0.0,2237,5,0.11772051913447787,COD,South,4,10,0
2786,2023-05-17 00:00:00+00:00,Apparel,1,694.62,0.0,3609,3,0.2408474782987659,Prepaid,West,3,2,0
3848,2023-05-17 00:00:00+00:00,Apparel,1,526.71,0.0,2816,2,0.06841057092628344,Prepaid,East,13,12,0
4345,2023-05-17 00:00:00+00:00,Footwear,1,293.21,0.0,2044,3,0.10247717322115078,Prepaid,East,10,0,0
1274,2023-05-17 00:00:00+00:00,Home,0,809.42,0.0,3140,2,0.27120310955344074,Prepaid,West,3,1,0
4347,2023-05-17 00:00:00+00:00,Footwear,1,327.64,0.0,1562,1,0.0432152751473681,COD,West,4,3,0
2630,2023-05-17 00:00:00+00:00,Home,0,462.49,0.0,1004,1,0.1948851419962183,COD,East,3,3,0
1197,2023-05-17 00:00:00+00:00,Electronics,0,1465.08,0.0,2797,0,0.0,Prepaid,North,6,0,0
966,2023-05-18 00:00:00+00:00,Electronics,0,154.08,0.0,1226,4,0.0807885010813223,Prepaid,South,11,1,0
1663,2023-05-18 00:00:00+00:00,Footwear,1,1023.44,0.0,4428,2,0.1657338466024001,Prepaid,South,9,2,0
505,2023-05-18 00:00:00+00:00,Apparel,1,2512.98,0.0,2969,1,0.2871882834216551,Prepaid,North,11,0,0
2762,2023-05-18 00:00:00+00:00,Electronics,0,361.4,0.0,3431,2,0.27488196355761596,Prepaid,North,8,0,1
4976,2023-05-18 00:00:00+00:00,Home,0,1978.94,0.0,1181,2,0.021326410470160255,Prepaid,South,13,0,1
1937,2023-05-18 00:00:00+00:00,Apparel,1,465.5,0.0,1897,1,0.15028138153385368,COD,South,1,1,0
3402,2023-05-18 00:00:00+00:00,Apparel,1,791.9,0.0,2277,3,0.002457829832382402,Prepaid,West,10,1,0
2758,2023-05-18 00:00:00+00:00,Home,0,2235.49,0.27897565463137936,3969,0,0.0,Prepaid,East,9,2,0
1175,2023-05-18 00:00:00+00:00,Electronics,0,2351.48,0.0,4286,1,0.0253739497027123,Prepaid,North,9,1,0
4507,2023-05-18 00:00:00+00:00,Apparel,1,1748.08,0.0,1601,1,0.30388398900600544,Prepaid,South,12,0,0
1560,2023-05-18 00:00:00+00:00,Beauty,0,697.84,0.13811367698071503,1966,4,0.48041053023009345,COD,South,14,2,0
2860,2023-05-18 00:00:00+00:00,Beauty,0,1314.95,0.11700156073146475,2803,4,0.0400019026430151,COD,East,7,3,0
1781,2023-05-18 00:00:00+00:00,Apparel,1,219.77,0.0,3300,1,0.22568556492736655,Prepaid,West,10,6,0
4867,2023-05-18 00:00:00+00:00,Footwear,1,904.57,0.0,2794,1,0.4094454731769812,COD,West,5,0,0
657,2023-05-18 00:00:00+00:00,Home,0,585.77,0.0,3462,2,0.2690484945859468,Prepaid,East,7,4,0
377,2023-05-18 00:00:00+00:00,Electronics,0,853.13,0.0,3159,0,0.0,COD,South,12,2,1
1565,2023-05-18 00:00:00+00:00,Electronics,0,1565.49,0.0,1897,3,0.020561784273077897,Prepaid,North,9,4,0
2049,2023-05-18 00:00:00+00:00,Electronics,0,603.35,0.0,2587,0,0.0,COD,West,1,0,1
86,2023-05-18 00:00:00+00:00,Home,0,1176.13,0.0,4266,2,0.13625308523615273,COD,South,6,0,0
3970,2023-05-19 00:00:00+00:00,Electronics,0,116.92,0.007025762276491876,1394,4,0.03600104695686803,COD,East,8,4,0
3026,2023-05-19 00:00:00+00:00,Apparel,1,645.51,0.15673057606963534,2750,3,0.11688384800129556,COD,North,8,0,0
341,2023-05-19 00:00:00+00:00,Apparel,1,624.69,0.07170357080537086,3081,2,0.008255770854617263,Prepaid,West,1,1,0
2530,2023-05-19 00:00:00+00:00,Electronics,0,896.33,0.15613685521677273,1119,2,0.15934591657359715,COD,West,11,0,1
75,2023-05-19 00:00:00+00:00,Home,0,3441.21,0.0,3379,0,0.0,Prepaid,East,5,5,1
1271,2023-05-19 00:00:00+00:00,Home,0,1564.65,0.0,3334,2,0.5110167555486865,Prepaid,North,9,1,1
4746,2023-05-19 00:00:00+00:00,Electronics,0,982.7,0.3060686984045027,3764,4,0.42549059521480614,COD,East,8,2,0
3985,2023-05-19 00:00:00+00:00,Home,0,4049.6,0.06843611989732534,2877,2,0.028986204728220114,Prepaid,East,6,5,0
1710,2023-05-19 00:00:00+00:00,Electronics,0,1158.33,0.0,3651,2,0.0381522141560867,Prepaid,South,5,5,1
3075,2023-05-19 00:00:00+00:00,Home,0,125.99,0.0,1784,4,0.029685385985685733,COD,North,9,2,0
1109,2023-05-19 00:00:00+00:00,Electronics,0,1882.25,0.0,1744,2,0.5829403455790039,COD,North,9,5,0
1956,2023-05-19 00:00:00+00:00,Footwear,1,1069.79,0.15091207621641178,3254,1,0.17179985299834288,Prepaid,East,7,2,0
743,2023-05-19 00:00:00+00:00,Apparel,1,7536.95,0.26108358787123687,2338,5,0.25754023910715823,Prepaid,South,14,0,0
2003,2023-05-19 00:00:00+00:00,Apparel,1,440.77,0.14907462711972927,1762,3,0.023299768860207164,COD,South,12,2,0
437,2023-05-19 00:00:00+00:00,Beauty,0,5719.98,0.0,3425,2,0.0633445632997008,Prepaid,North,5,1,0
4068,2023-05-19 00:00:00+00:00,Electronics,0,715.38,0.1715383640560695,2648,3,0.015763625256697795,Prepaid,South,9,5,0
2574,2023-05-19 00:00:00+00:00,Electronics,0,619.71,0.0,3930,3,0.25483561801523696,Prepaid,North,1,2,0
4235,2023-05-19 00:00:00+00:00,Apparel,1,3259.89,0.0,3714,2,0.10408698084211365,Prepaid,West,9,1,0
2350,2023-05-19 00:00:00+00:00,Apparel,1,1971.44,0.14190548406816691,1491,0,0.0,Prepaid,East,13,9,0
3121,2023-05-19 00:00:00+00:00,Electronics,0,1819.54,0.0,1392,1,0.1876411539131056,Prepaid,North,4,3,0
1499,2023-05-19 00:00:00+00:00,Home,0,883.91,0.342108118010773,1556,0,0.0,Prepaid,East,7,0,0
4944,2023-05-19 00:00:00+00:00,Electronics,0,328.44,0.0,3162,0,0.0,Prepaid,West,13,5,0
2689,2023-05-20 00:00:00+00:00,Home,0,759.09,0.0,3732,0,0.0,Prepaid,North,14,2,0
1684,2023-05-20 00:00:00+00:00,Apparel,1,1884.45,0.0,2415,4,0.6312471908714539,Prepaid,West,2,1,1
4772,2023-05-20 00:00:00+00:00,Apparel,1,522.23,0.0,4434,3,0.3178172849387976,Prepaid,North,1,5,0
4801,2023-05-20 00:00:00+00:00,Home,0,2584.69,0.0,2386,0,0.0,COD,East,2,16,0
2613,2023-05-20 00:00:00+00:00,Apparel,1,3789.71,0.0,1478,1,0.015885847586427835,Prepaid,North,5,0,0
3897,2023-05-20 00:00:00+00:00,Apparel,1,590.04,0.0,4454,2,0.12949134305753163,Prepaid,East,6,0,0
3844,2023-05-20 00:00:00+00:00,Electronics,0,1969.56,0.0,1070,2,0.03403843090529047,Prepaid,North,11,1,1
94,2023-05-20 00:00:00+00:00,Beauty,0,1825.93,0.05191252511176016,4085,1,0.2731437016968009,Prepaid,South,4,10,0
3004,2023-05-20 00:00:00+00:00,Apparel,1,3743.29,0.36871631688257345,4276,3,0.4994641360044291,COD,North,9,4,1
1847,2023-05-20 00:00:00+00:00,Apparel,1,2300.24,0.18446349919469315,3573,1,0.11580629484234684,Prepaid,West,14,0,0
974,2023-05-20 00:00:00+00:00,Home,0,342.83,0.0,1975,4,0.09416720307701923,COD,East,14,1,0
4835,2023-05-20 00:00:00+00:00,Home,0,1872.49,0.0,4340,4,0.12318063762463119,Prepaid,South,9,5,0
2241,2023-05-20 00:00:00+00:00,Beauty,0,165.42,0.0,1297,0,0.0,COD,North,3,0,0
549,2023-05-20 00:00:00+00:00,Electronics,0,701.89,0.0,3700,3,0.2660164061375957,Prepaid,West,10,0,0
2672,2023-05-20 00:00:00+00:00,Electronics,0,4957.37,0.0,2943,0,0.0,Prepaid,East,13,0,0
2975,2023-05-20 00:00:00+00:00,Apparel,1,11653.48,0.08147158728275963,3599,0,0.0,Prepaid,South,10,0,0
1988,2023-05-20 00:00:00+00:00,Home,0,373.15,0.0,2585,2,0.0762651682914332,Prepaid,West,6,0,1
2007,2023-05-20 00:00:00+00:00,Home,0,589.87,0.0,2615,0,0.0,Prepaid,North,2,0,0
2698,2023-05-20 00:00:00+00:00,Electronics,0,634.29,0.22093277384795088,2060,3,0.5194162508766237,COD,West,1,1,0
1044,2023-05-20 00:00:00+00:00,Apparel,1,1947.77,0.0,2628,2,0.38802231059990755,Prepaid,East,6,0,0
3930,2023-05-20 00:00:00+00:00,Electronics,0,788.33,0.0,3445,3,0.23670565214040737,COD,East,5,2,0
1220,2023-05-20 00:00:00+00:00,Apparel,1,308.56,0.0,1249,0,0.0,Prepaid,East,7,2,0
166,2023-05-20 00:00:00+00:00,Apparel,1,2087.31,0.0984965598365067,4496,2,0.06740316472626769,COD,South,4,4,0
1079,2023-05-20 00:00:00+00:00,Apparel,1,3240.89,0.0,3460,2,0.40115410119805267,Prepaid,West,4,0,0
3297,2023-05-21 00:00:00+00:00,Footwear,1,4128.35,0.2514122826388602,2801,1,0.04151797587582029,COD,North,14,4,0
2164,2023-05-21 00:00:00+00:00,Home,0,139.15,0.0,2405,2,0.3069165041765326,Prepaid,North,6,0,0
2329,2023-05-21 00:00:00+00:00,Beauty,0,431.01,0.0,3439,4,0.3338691882201728,Prepaid,East,1,4,0
2871,2023-05-21 00:00:00+00:00,Electronics,0,1479.49,0.0,3422,2,0.1056586303637863,Prepaid,West,14,6,0
4617,2023-05-21 00:00:00+00:00,Apparel,1,739.48,0.12766218272791152,3275,1,0.05554493323176672,COD,South,4,2,0
3000,2023-05-21 00:00:00+00:00,Apparel,1,671.45,0.0,3823,2,0.0329303649937812,Prepaid,West,8,2,0
1796,2023-05-21 00:00:00+00:00,Apparel,1,738.57,0.0,1300,1,0.1029500139418249,Prepaid,South,1,2,0
3751,2023-05-21 00:00:00+00:00,Apparel,1,600.26,0.0,3702,1,0.11913212166277619,COD,East,12,2,0
4777,2023-05-21 00:00:00+00:00,Beauty,0,4190.23,0.09853912500249236,1240,3,0.305599017923552,Prepaid,South,10,2,1
4999,2023-05-21 00:00:00+00:00,Footwear,1,254.1,0.0,3784,2,0.08361466831833378,COD,West,5,0,0
2250,2023-05-21 00:00:00+00:00,Apparel,1,117.68,0.0,2139,0,0.0,Prepaid,East,3,12,0
3537,2023-05-21 00:00:00+00:00,Apparel,1,321.04,0.0,1543,0,0.0,Prepaid,South,5,4,0
4554,2023-05-21 00:00:00+00:00,Apparel,1,346.78,0.0,1882,2,0.09870954756051105,COD,East,2,4,0
1834,2023-05-21 00:00:00+00:00,Apparel,1,524.81,0.1768283389636981,3450,1,0.39032502109740863,COD,North,1,2,0
4528,2023-05-21 00:00:00+00:00,Footwear,1,6424.48,0.0,1783,1,0.2500584396875955,Prepaid,East,1,1,0
4876,2023-05-21 00:00:00+00:00,Apparel,1,1244.76,0.0,2321,2,0.2948348923348484,Prepaid,North,2,1,0
1338,2023-05-21 00:00:00+00:00,Beauty,0,1077.3,0.0,4303,4,0.1405758166202503,COD,South,7,2,0
238,2023-05-21 00:00:00+00:00,Electronics,0,1063.1,0.0,3544,3,0.3306037008856176,Prepaid,North,14,2,0
1972,2023-05-21 00:00:00+00:00,Apparel,1,142.37,0.0,3984,1,0.06678724959308406,Prepaid,West,12,5,0
3833,2023-05-21 00:00:00+00:00,Electronics,0,1100.31,0.0,3822,3,0.4426343722557528,Prepaid,West,9,2,0
1430,2023-05-21 00:00:00+00:00,Apparel,1,2457.35,0.0,3616,1,0.20195406276733607,Prepaid,North,11,3,0
2725,2023-05-21 00:00:00+00:00,Electronics,0,570.07,0.2788134550035556,2877,2,0.002636020931292509,Prepaid,West,2,2,0
3968,2023-05-21 00:00:00+00:00,Apparel,1,4120.47,0.0,1948,1,0.2612528627849622,COD,North,8,9,0
4987,2023-05-21 00:00:00+00:00,Footwear,1,781.84,0.0,4306,2,0.2051066669011094,Prepaid,South,14,0,0
4140,2023-05-21 00:00:00+00:00,Footwear,1,362.85,0.3818075675524979,1170,3,0.018963775216375628,Prepaid,North,12,0,0
4219,2023-05-21 00:00:00+00:00,Beauty,0,2652.49,0.48152281682997955,4390,3,0.03842412481617151,Prepaid,North,3,6,0
2688,2023-05-21 00:00:00+00:00,Apparel,1,394.84,0.38278041914032535,2161,0,0.0,Prepaid,South,13,0,0
4237,2023-05-21 00:00:00+00:00,Beauty,0,456.08,0.21077944163148443,3500,5,0.555591402988404,COD,North,2,7,0
800,2023-05-21 00:00:00+00:00,Apparel,1,1952.49,0.0,3033,1,0.17419469704707147,Prepaid,South,11,9,0
3777,2023-05-21 00:00:00+00:00,Apparel,1,702.79,0.13216564844359108,2898,2,0.07588030469442142,COD,East,11,2,0
4083,2023-05-22 00:00:00+00:00,Apparel,1,1036.59,0.0,4266,0,0.0,COD,South,3,4,0
2759,2023-05-22 00:00:00+00:00,Apparel,1,828.96,0.0,1590,2,0.3692172256426517,Prepaid,East,12,0,0
470,2023-05-22 00:00:00+00:00,Electronics,0,2708.87,0.0,2791,2,0.034011050701067747,Prepaid,East,1,7,0
1450,2023-05-22 00:00:00+00:00,Home,0,10339.49,0.37145697103320674,2252,3,0.03597061130660999,COD,South,13,3,0
3271,2023-05-22 00:00:00+00:00,Home,0,1135.08,0.0,2405,1,0.1897157699033739,Prepaid,West,14,0,0
806,2023-05-22 00:00:00+00:00,Beauty,0,4677.41,0.2004882500650327,1121,1,0.10756613938162908,Prepaid,North,8,1,1
3076,2023-05-22 00:00:00+00:00,Electronics,0,1060.18,0.0,3229,1,0.11794941028759748,Prepaid,North,9,2,0
4768,2023-05-22 00:00:00+00:00,Home,0,405.89,0.0,3033,3,0.2176265401757981,Prepaid,West,6,0,0
3404,2023-05-22 00:00:00+00:00,Footwear,1,320.42,0.25905362005302096,3962,3,0.09757522030210652,Prepaid,East,3,6,0
353,2023-05-22 00:00:00+00:00,Home,0,1541.16,0.0,3022,0,0.0,COD,North,14,1,1
1204,2023-05-22 00:00:00+00:00,Apparel,1,390.14,0.021463053496227846,4423,2,0.06067435814302552,Prepaid,North,6,0,0
1835,2023-05-22 00:00:00+00:00,Apparel,1,507.96,0.0,3417,3,0.2814551634621605,Prepaid,North,11,2,0
3073,2023-05-22 00:00:00+00:00,Apparel,1,8588.97,0.024279750410468995,2438,0,0.0,COD,South,4,2,0
382,2023-05-22 00:00:00+00:00,Apparel,1,3676.69,0.0,2193,3,0.03423885147426146,Prepaid,West,7,0,0
1798,2023-05-22 00:00:00+00:00,Footwear,1,3984.08,0.1869291941487905,1681,2,0.02388797388278229,Prepaid,North,10,14,0
3903,2023-05-22 00:00:00+00:00,Apparel,1,1898.48,0.0,4367,3,0.5408394396400671,COD,South,10,3,0
3792,2023-05-22 00:00:00+00:00,Apparel,1,5839.95,0.0,3368,1,0.021531232829973657,Prepaid,West,1,1,0
2905,2023-05-22 00:00:00+00:00,Apparel,1,5021.07,0.0,2093,2,0.2601889380844884,COD,South,6,3,0
1511,2023-05-22 00:00:00+00:00,Electronics,0,742.34,0.0,2179,3,0.7549056208894646,Prepaid,South,1,5,1
1341,2023-05-22 00:00:00+00:00,Footwear,1,524.83,0.03205063541162306,1446,2,0.3944379405022222,Prepaid,West,7,0,0
3482,2023-05-22 00:00:00+00:00,Electronics,0,4897.13,0.18077453401925572,4427,2,0.04540617771270042,Prepaid,West,6,2,0
1603,2023-05-22 00:00:00+00:00,Footwear,1,944.66,0.0,3880,2,0.06187189120688319,Prepaid,West,6,1,0
1544,2023-05-22 00:00:00+00:00,Apparel,1,312.44,0.0,2539,3,0.2751382132945582,Prepaid,West,6,0,0
1959,2023-05-22 00:00:00+00:00,Electronics,0,2747.67,0.0,4047,0,0.0,COD,North,12,1,1
1443,2023-05-22 00:00:00+00:00,Footwear,1,980.57,0.0,2505,2,0.37225431296111017,Prepaid,North,10,1,0
2547,2023-05-22 00:00:00+00:00,Electronics,0,334.69,0.0,1559,3,0.12178857641298521,Prepaid,East,13,1,0
4189,2023-05-22 00:00:00+00:00,Electronics,0,3149.65,0.36989143390449397,3681,1,0.04560956058328502,Prepaid,West,8,2,0
3143,2023-05-22 00:00:00+00:00,Beauty,0,10034.24,0.010672734685162999,3878,2,0.2970956392360089,Prepaid,North,14,1,0
4701,2023-05-22 00:00:00+00:00,Apparel,1,2494.88,0.3197054333689565,2067,4,0.0161774038447825,Prepaid,West,3,0,1
3266,2023-05-22 00:00:00+00:00,Home,0,3266.42,0.18511158492718582,4458,2,0.08211078451868924,COD,South,12,1,0
1348,2023-05-22 00:00:00+00:00,Home,0,7732.81,0.0,2414,1,0.3887061917498418,Prepaid,West,4,0,1
3875,2023-05-22 00:00:00+00:00,Apparel,1,837.48,0.0,3562,2,0.054031406869636804,Prepaid,West,8,0,0
2982,2023-05-22 00:00:00+00:00,Apparel,1,1335.2,0.0,3179,1,0.28056514726438975,Prepaid,North,13,0,0
4115,2023-05-23 00:00:00+00:00,Apparel,1,552.32,0.10790958552867101,2388,3,0.010804026461303741,COD,North,5,1,0
4244,2023-05-23 00:00:00+00:00,Electronics,0,2064.17,0.0,2191,5,0.2229934109934487,COD,West,4,1,0
2268,2023-05-23 00:00:00+00:00,Home,0,1082.66,0.4278204287726751,4092,1,0.19512763541256023,Prepaid,West,11,3,0
3433,2023-05-23 00:00:00+00:00,Beauty,0,162.05,0.0,4114,1,0.033165418181210694,COD,South,9,1,0
3014,2023-05-23 00:00:00+00:00,Apparel,1,916.93,0.3058655128186555,1068,3,0.39429734587481674,Prepaid,South,2,7,0
1926,2023-05-23 00:00:00+00:00,Beauty,0,1366.67,0.0,2996,1,0.6242210922386201,Prepaid,North,1,14,0
4927,2023-05-23 00:00:00+00:00,Footwear,1,545.05,0.0,3808,1,0.09568736491270148,Prepaid,North,1,4,0
441,2023-05-23 00:00:00+00:00,Electronics,0,897.31,0.2546043853950254,3951,3,0.040382518138963236,Prepaid,North,8,1,1
438,2023-05-23 00:00:00+00:00,Apparel,1,2934.14,0.0,1135,1,0.4949422652706824,COD,East,5,0,0
2409,2023-05-23 00:00:00+00:00,Footwear,1,888.42,0.0,3780,3,0.0028692815124264632,Prepaid,East,14,0,0
1548,2023-05-23 00:00:00+00:00,Electronics,0,3962.15,0.0,2244,4,0.5731919547883214,Prepaid,South,1,7,0
1580,2023-05-23 00:00:00+00:00,Apparel,1,1343.69,0.0,3048,4,0.08700313187957191,Prepaid,East,14,6,0
1858,2023-05-23 00:00:00+00:00,Apparel,1,949.64,0.18796691904564572,3495,1,0.1817120619813208,Prepaid,West,3,2,0
3567,2023-05-23 00:00:00+00:00,Footwear,1,305.35,0.13582691424328153,3454,2,0.037504755303728175,Prepaid,South,7,0,0
851,2023-05-23 00:00:00+00:00,Apparel,1,1621.11,0.0,3604,3,0.03635456901896822,Prepaid,North,10,0,0
3201,2023-05-23 00:00:00+00:00,Home,0,3927.92,0.29120184264999893,1636,1,0.1898741617358039,Prepaid,South,1,0,0
3682,2023-05-23 00:00:00+00:00,Electronics,0,391.05,0.0,4410,1,0.10242287091366561,Prepaid,North,1,2,0
3618,2023-05-23 00:00:00+00:00,Beauty,0,1105.48,0.0,2427,4,0.014064105416487577,COD,East,1,0,0
2678,2023-05-23 00:00:00+00:00,Home,0,1324.69,0.24655552143175663,1214,3,0.1480522442863155,Prepaid,North,5,0,0
2116,2023-05-23 00:00:00+00:00,Apparel,1,690.53,0.0,3891,1,0.023835122836003395,Prepaid,North,7,5,0
4752,2023-05-23 00:00:00+00:00,Electronics,0,192.77,0.3424690323448417,2101,2,0.021447913894116332,Prepaid,East,1,5,0
1324,2023-05-23 00:00:00+00:00,Apparel,1,1457.19,0.0,2076,0,0.0,Prepaid,East,2,3,0
499,2023-05-23 00:00:00+00:00,Electronics,0,743.37,0.5882582350473635,2681,0,0.0,COD,East,7,1,1
3251,2023-05-23 00:00:00+00:00,Apparel,1,6104.55,0.0,4030,1,0.20184098106032228,Prepaid,West,5,4,0
2326,2023-05-23 00:00:00+00:00,Apparel,1,1687.81,0.05848973512120081,1375,1,0.031254105630294925,COD,East,3,0,0
1246,2023-05-23 00:00:00+00:00,Home,0,689.55,0.1952304978896268,1290,3,0.08565635747903509,Prepaid,East,5,10,0
2205,2023-05-23 00:00:00+00:00,Footwear,1,3533.29,0.32362672888514377,1398,2,0.05565987582289647,Prepaid,East,7,1,0
2159,2023-05-23 00:00:00+00:00,Apparel,1,77.96,0.010443725065338846,2519,1,0.2535201386433066,Prepaid,North,8,4,0
1319,2023-05-23 00:00:00+00:00,Electronics,0,5438.65,0.0,4388,4,0.4141056980991121,Prepaid,East,10,0,0
3185,2023-05-23 00:00:00+00:00,Apparel,1,2152.94,0.0,1361,1,0.7862312500994014,Prepaid,South,13,4,1
3667,2023-05-24 00:00:00+00:00,Electronics,0,2347.86,0.0,4202,3,0.05944519970367712,Prepaid,South,6,2,0
988,2023-05-24 00:00:00+00:00,Electronics,0,603.12,0.2277492476688422,3368,1,0.35204989388584385,Prepaid,East,12,2,0
1771,2023-05-24 00:00:00+00:00,Apparel,1,1941.79,0.0,2333,1,0.03443207803875748,Prepaid,East,6,6,0
1150,2023-05-24 00:00:00+00:00,Electronics,0,3531.39,0.0846189857842814,1739,1,0.24781878001303373,Prepaid,South,3,3,0
2434,2023-05-24 00:00:00+00:00,Electronics,0,751.39,0.0,1828,4,0.13631321849131625,COD,South,8,3,0
2174,2023-05-24 00:00:00+00:00,Apparel,1,160.03,0.0,4462,2,0.6025793310645224,COD,North,9,7,1
2732,2023-05-24 00:00:00+00:00,Electronics,0,898.72,0.11428144532533159,2439,0,0.0,Prepaid,East,7,0,0
1573,2023-05-24 00:00:00+00:00,Apparel,1,2290.58,0.03503160973144641,3809,0,0.0,Prepaid,West,3,7,0
432,2023-05-24 00:00:00+00:00,Home,0,824.15,0.0,1085,1,0.3184890233542805,Prepaid,South,7,2,1
315,2023-05-24 00:00:00+00:00,Apparel,1,1824.8,0.0,1160,2,0.25150113653797773,Prepaid,West,1,1,0
1713,2023-05-24 00:00:00+00:00,Home,0,2021.87,0.0,4118,2,0.003416363609525026,COD,South,3,5,0
3479,2023-05-24 00:00:00+00:00,Home,0,475.87,0.0,3169,3,0.11489271451682262,COD,East,12,0,0
614,2023-05-24 00:00:00+00:00,Apparel,1,2375.53,0.25645700207781885,4334,2,0.32773541920686017,Prepaid,East,12,6,1
2496,2023-05-24 00:00:00+00:00,Electronics,0,1593.21,0.2618583219993937,3212,2,0.41820450864029507,Prepaid,South,12,0,0
4938,2023-05-24 00:00:00+00:00,Electronics,0,1266.41,0.18597687843719315,3178,0,0.0,COD,North,9,0,0
1917,2023-05-24 00:00:00+00:00,Footwear,1,7301.94,0.0,1407,1,0.45122252047251615,Prepaid,South,10,2,1
1225,2023-05-24 00:00:00+00:00,Electronics,0,549.81,0.0,1557,0,0.0,COD,West,14,3,0
2330,2023-05-24 00:00:00+00:00,Apparel,1,713.49,0.1765723522753545,4219,3,0.019651684831240836,COD,North,5,6,1
4800,2023-05-24 00:00:00+00:00,Apparel,1,6302.1,0.0,1543,1,0.4189191874784274,Prepaid,West,4,8,1
3125,2023-05-24 00:00:00+00:00,Home,0,6447.3,0.2356226349446514,3590,1,0.060171215791420464,Prepaid,East,5,4,0
1408,2023-05-24 00:00:00+00:00,Apparel,1,1396.08,0.27242678127856856,3005,2,0.12651413986865023,Prepaid,East,11,0,0
711,2023-05-24 00:00:00+00:00,Footwear,1,4051.25,0.0,2160,1,0.4145737898714641,COD,West,13,1,0
4477,2023-05-24 00:00:00+00:00,Electronics,0,934.87,0.0,1299,2,0.2070996567347953,Prepaid,North,13,5,0
2869,2023-05-24 00:00:00+00:00,Electronics,0,621.95,0.14473689180395263,1627,0,0.0,Prepaid,North,1,2,0
4780,2023-05-24 00:00:00+00:00,Electronics,0,442.28,0.0,2037,1,0.27047059535272033,Prepaid,West,2,5,0
2668,2023-05-24 00:00:00+00:00,Apparel,1,552.15,0.1113286706473877,3251,1,0.4413860937230539,Prepaid,West,8,3,0
2483,2023-05-25 00:00:00+00:00,Apparel,1,315.67,0.0,3442,2,0.12118110001233158,Prepaid,North,6,3,0
237,2023-05-25 00:00:00+00:00,Apparel,1,383.77,0.1469960172519904,4443,5,0.14048531095448322,Prepaid,North,13,0,0
3619,2023-05-25 00:00:00+00:00,Electronics,0,2205.86,0.16107409712461007,2611,3,0.20114720153258192,Prepaid,East,14,1,0
3349,2023-05-25 00:00:00+00:00,Apparel,1,5409.04,0.038177716597462656,4043,1,0.3509471955070806,Prepaid,West,8,1,0
2137,2023-05-25 00:00:00+00:00,Apparel,1,945.31,0.0,1253,1,0.09067347535128649,COD,West,7,0,0
3274,2023-05-25 00:00:00+00:00,Apparel,1,1377.81,0.0,3473,3,0.06327961878490321,Prepaid,South,13,7,0
985,2023-05-25 00:00:00+00:00,Electronics,0,1666.5,0.0,4069,0,0.0,Prepaid,North,12,0,0
3558,2023-05-25 00:00:00+00:00,Apparel,1,262.86,0.0,4176,3,0.12864265718333376,Prepaid,East,12,0,0
3312,2023-05-25 00:00:00+00:00,Beauty,0,1548.94,0.0,2742,1,0.09237386801430117,Prepaid,West,4,6,0
1940,2023-05-25 00:00:00+00:00,Apparel,1,85.33,0.0,1073,1,0.4068647780677328,COD,North,8,2,1
979,2023-05-25 00:00:00+00:00,Apparel,1,747.82,0.0,1635,3,0.38944979386530987,Prepaid,East,10,2,1
2170,2023-05-25 00:00:00+00:00,Electronics,0,2090.98,0.0,1907,0,0.0,Prepaid,South,6,4,0
1784,2023-05-25 00:00:00+00:00,Footwear,1,801.45,0.0,2278,2,0.0643358587495635,COD,East,4,0,0
125,2023-05-25 00:00:00+00:00,Home,0,4255.09,0.0,1803,5,0.17433638685932118,Prepaid,North,3,6,0
4901,2023-05-25 00:00:00+00:00,Beauty,0,846.36,0.29235440760692755,2608,1,0.1793778185220895,COD,South,9,0,1
1366,2023-05-25 00:00:00+00:00,Beauty,0,2280.89,0.3487096990010033,4325,0,0.0,Prepaid,South,14,2,0
1555,2023-05-25 00:00:00+00:00,Apparel,1,363.74,0.0,1649,0,0.0,COD,South,12,6,0
4459,2023-05-25 00:00:00+00:00,Home,0,1687.88,0.0,3311,6,0.15718856021278782,Prepaid,South,6,0,0
2950,2023-05-25 00:00:00+00:00,Apparel,1,2901.78,0.0,1989,3,0.017937007453297068,Prepaid,West,11,0,0
763,2023-05-25 00:00:00+00:00,Home,0,4048.67,0.019955596706740214,2987,1,0.23016762237490734,Prepaid,West,7,8,1
2847,2023-05-25 00:00:00+00:00,Footwear,1,2602.36,0.0,2114,3,0.0780109862166787,Prepaid,East,3,2,0
943,2023-05-25 00:00:00+00:00,Home,0,2034.74,0.0,2126,3,0.16826147271785002,Prepaid,West,2,0,0
1637,2023-05-25 00:00:00+00:00,Apparel,1,1446.7,0.2831380314362828,1243,5,0.2518876116235611,COD,South,1,0,1
1507,2023-05-25 00:00:00+00:00,Apparel,1,696.98,0.1331042954347466,1807,2,0.009569245878650084,COD,East,6,3,0
4032,2023-05-25 00:00:00+00:00,Electronics,0,3629.5,0.1628062713941603,3136,0,0.0,Prepaid,North,8,0,0
3986,2023-05-25 00:00:00+00:00,Apparel,1,650.37,0.0,1541,5,0.187281648132756,Prepaid,North,13,3,0
2800,2023-05-25 00:00:00+00:00,Footwear,1,2142.26,0.06540233278343319,2987,0,0.0,Prepaid,North,11,2,1
4049,2023-05-25 00:00:00+00:00,Apparel,1,3586.17,0.14261433408032242,3437,2,0.11238745922244961,Prepaid,East,7,1,0
1922,2023-05-26 00:00:00+00:00,Home,0,133.68,0.3916917324405561,2038,1,0.055276621791476084,Prepaid,South,8,0,0
1501,2023-05-26 00:00:00+00:00,Electronics,0,13707.4,0.671120098389131,1297,2,0.5813161915051323,Prepaid,South,12,3,1
4829,2023-05-26 00:00:00+00:00,Footwear,1,692.43,0.0,4329,0,0.0,COD,North,3,1,1
2229,2023-05-26 00:00:00+00:00,Electronics,0,446.38,0.0,1059,3,0.001353989403209546,Prepaid,West,7,1,0
1099,2023-05-26 00:00:00+00:00,Electronics,0,836.25,0.0,1609,1,0.15650476345019615,Prepaid,South,13,5,0
818,2023-05-26 00:00:00+00:00,Apparel,1,3442.38,0.015000114208187892,1498,3,0.11990288734150019,Prepaid,West,3,1,0
2013,2023-05-26 00:00:00+00:00,Beauty,0,579.19,0.2829798222364323,2461,1,0.4468444877679734,Prepaid,South,4,1,0
469,2023-05-26 00:00:00+00:00,Apparel,1,246.59,0.0,4077,0,0.0,COD,South,8,0,1
3977,2023-05-26 00:00:00+00:00,Home,0,681.49,0.0,1530,3,0.05822732796221794,COD,East,7,0,0
3353,2023-05-26 00:00:00+00:00,Beauty,0,511.3,0.0,2977,5,0.23443430648692076,Prepaid,East,9,0,0
1417,2023-05-26 00:00:00+00:00,Beauty,0,1210.5,0.0,3170,1,0.31214187931846976,Prepaid,South,6,11,0
4789,2023-05-26 00:00:00+00:00,Beauty,0,9936.42,0.0,3372,3,0.6657179094572286,COD,South,6,2,0
2565,2023-05-26 00:00:00+00:00,Apparel,1,1182.3,0.0,4169,1,0.14805818339345778,Prepaid,South,9,11,0
663,2023-05-26 00:00:00+00:00,Apparel,1,850.03,0.0,2116,7,0.40426943485557515,COD,East,13,0,0
3954,2023-05-26 00:00:00+00:00,Apparel,1,819.67,0.14071545938984048,2683,5,0.34794463243554785,Prepaid,East,10,1,0
2124,2023-05-26 00:00:00+00:00,Apparel,1,1673.85,0.0,1539,3,0.01957189773672075,COD,West,4,7,0
959,2023-05-26 00:00:00+00:00,Apparel,1,1890.9,0.2860553147309507,1671,2,0.10619844416731243,COD,West,4,5,0
3301,2023-05-26 00:00:00+00:00,Electronics,0,5321.52,0.0,3961,2,0.10461796959865705,COD,East,6,1,0
3860,2023-05-26 00:00:00+00:00,Footwear,1,2195.75,0.0,1173,2,0.14665148420885854,COD,West,2,8,0
3641,2023-05-26 00:00:00+00:00,Apparel,1,1110.45,0.2545679126983561,2853,2,0.295345199941751,COD,West,10,13,0
911,2023-05-26 00:00:00+00:00,Electronics,0,442.93,0.0,3194,3,0.2961846482411887,Prepaid,North,10,8,0
4700,2023-05-26 00:00:00+00:00,Home,0,295.38,0.0,1537,1,0.2072301861773564,COD,North,7,3,0
4925,2023-05-26 00:00:00+00:00,Electronics,0,2144.62,0.4008946793525333,4158,2,0.02295833383722134,COD,North,13,1,1
848,2023-05-26 00:00:00+00:00,Electronics,0,709.21,0.10107227570356876,4138,1,0.1793574196328191,COD,East,9,0,0
1036,2023-05-26 00:00:00+00:00,Home,0,264.99,0.0,2293,2,0.06830803642900285,Prepaid,East,8,1,0
2429,2023-05-26 00:00:00+00:00,Footwear,1,1133.91,0.10793972096665766,4207,3,0.5388683237653366,Prepaid,West,2,1,0
2546,2023-05-26 00:00:00+00:00,Electronics,0,110.01,0.0,3409,2,0.13480202873453617,COD,North,3,6,0
2417,2023-05-26 00:00:00+00:00,Beauty,0,1432.56,0.0,1044,1,0.7082770881129444,COD,South,3,1,0
1619,2023-05-26 00:00:00+00:00,Electronics,0,4235.59,0.0,3097,3,0.6019750900047163,Prepaid,South,13,0,0
1903,2023-05-27 00:00:00+00:00,Apparel,1,944.2,0.13394213053257176,3937,0,0.0,Prepaid,North,2,0,0
3982,2023-05-27 00:00:00+00:00,Electronics,0,2227.01,0.18083047922608952,2908,1,0.10576496741213867,Prepaid,North,11,2,0
3789,2023-05-27 00:00:00+00:00,Footwear,1,1426.5,0.0,1791,1,0.3219555122639983,Prepaid,North,14,0,1
3710,2023-05-27 00:00:00+00:00,Apparel,1,233.12,0.1968299111550287,1848,2,0.07269722311659574,Prepaid,West,13,2,0
3556,2023-05-27 00:00:00+00:00,Apparel,1,11042.78,0.0,4416,1,0.13540532923247664,Prepaid,East,12,3,0
1840,2023-05-27 00:00:00+00:00,Apparel,1,1548.95,0.2325066496511754,3026,2,0.3760065533865311,COD,East,10,1,0
17,2023-05-27 00:00:00+00:00,Footwear,1,1080.36,0.0,2010,0,0.0,Prepaid,West,12,1,0
888,2023-05-27 00:00:00+00:00,Apparel,1,467.25,0.15922931433913648,2625,3,0.1376355308888634,COD,East,12,3,0
2991,2023-05-27 00:00:00+00:00,Footwear,1,781.25,0.0,3929,2,0.7200460955895703,Prepaid,North,2,10,0
400,2023-05-27 00:00:00+00:00,Electronics,0,3787.08,0.5471086720587149,3836,1,0.17823294254071848,Prepaid,North,1,2,0
1881,2023-05-27 00:00:00+00:00,Apparel,1,956.31,0.0,2326,2,0.055619204878675374,Prepaid,South,5,4,0
1924,2023-05-27 00:00:00+00:00,Apparel,1,873.84,0.0,4314,1,0.3842712219070136,Prepaid,South,6,9,1
4649,2023-05-27 00:00:00+00:00,Home,0,220.57,0.35785581478672457,1575,0,0.0,Prepaid,East,7,3,0
2272,2023-05-27 00:00:00+00:00,Apparel,1,460.3,0.0,2389,2,0.5126563749228544,Prepaid,South,5,5,0
624,2023-05-27 00:00:00+00:00,Electronics,0,1888.17,0.0,4388,3,0.5047254043902751,Prepaid,East,7,3,0
3047,2023-05-27 00:00:00+00:00,Electronics,0,740.7,0.07910872336549232,2702,2,0.04570979403203002,Prepaid,East,6,3,0
4378,2023-05-28 00:00:00+00:00,Footwear,1,1343.94,0.0,2196,0,0.0,COD,East,12,9,0
3695,2023-05-28 00:00:00+00:00,Footwear,1,1237.52,0.0,1021,3,0.4296635628665553,COD,West,12,1,1
1259,2023-05-28 00:00:00+00:00,Apparel,1,3985.98,0.0,4008,2,0.17320354682928027,Prepaid,North,8,1,0
4458,2023-05-28 00:00:00+00:00,Beauty,0,1294.12,0.4293957411201128,1157,1,0.015247004889132386,Prepaid,North,9,0,0
3007,2023-05-28 00:00:00+00:00,Home,0,454.24,0.3290240600739468,3994,1,0.11143739704418437,COD,West,7,6,0
4232,2023-05-28 00:00:00+00:00,Footwear,1,420.6,0.0,3353,0,0.0,Prepaid,East,8,0,1
2009,2023-05-28 00:00:00+00:00,Apparel,1,2835.96,0.0,3423,1,0.06119123791434074,Prepaid,South,2,6,0
76,2023-05-28 00:00:00+00:00,Beauty,0,3648.57,0.0,1915,0,0.0,Prepaid,North,4,4,0
3461,2023-05-28 00:00:00+00:00,Beauty,0,8246.78,0.0,2448,0,0.0,COD,North,12,4,0
143,2023-05-28 00:00:00+00:00,Electronics,0,1668.8,0.0,3183,3,0.16114207526314758,Prepaid,West,11,2,0
1101,2023-05-28 00:00:00+00:00,Home,0,73.39,0.0,4262,0,0.0,COD,East,3,2,1
4630,2023-05-28 00:00:00+00:00,Electronics,0,470.32,0.0,3785,1,0.07809969762929914,Prepaid,North,11,4,0
3069,2023-05-28 00:00:00+00:00,Apparel,1,1459.28,0.0,1820,2,0.058426433532362224,Prepaid,East,13,2,0
1804,2023-05-28 00:00:00+00:00,Footwear,1,630.1,0.0,1017,3,0.2989782165382657,Prepaid,North,1,3,1
965,2023-05-28 00:00:00+00:00,Electronics,0,1506.96,0.0323184625020012,2075,0,0.0,Prepaid,East,2,3,0
1830,2023-05-28 00:00:00+00:00,Beauty,0,569.6,0.33871388202106567,2680,3,0.3083162839453233,Prepaid,North,2,0,0
2545,2023-05-28 00:00:00+00:00,Footwear,1,474.03,0.1806452236911802,2646,1,0.29123552091015176,COD,North,14,3,1
1587,2023-05-28 00:00:00+00:00,Electronics,0,379.9,0.0,3194,1,0.03406225473304299,Prepaid,North,6,2,0
34,2023-05-28 00:00:00+00:00,Beauty,0,1064.32,0.13535772331795043,2681,2,0.04731767773264874,Prepaid,West,6,0,0
1811,2023-05-28 00:00:00+00:00,Electronics,0,1361.16,0.0,3942,2,0.25901442401651414,Prepaid,South,6,1,0
4875,2023-05-28 00:00:00+00:00,Electronics,0,7590.02,0.25546697255716927,1985,3,0.08582128928065647,COD,West,4,2,1
2315,2023-05-29 00:00:00+00:00,Apparel,1,254.96,0.0,3522,1,0.3343449100849275,Prepaid,West,2,0,0
2978,2023-05-29 00:00:00+00:00,Apparel,1,2602.01,0.0,3757,2,0.1907812431349206,Prepaid,West,10,9,1
3034,2023-05-29 00:00:00+00:00,Apparel,1,293.88,0.0,3518,5,0.08174569875597086,COD,North,10,3,0
374,2023-05-29 00:00:00+00:00,Electronics,0,6933.69,0.3494434547635451,2014,3,0.19161102386307863,Prepaid,West,13,1,0
3231,2023-05-29 00:00:00+00:00,Apparel,1,535.3,0.4919867629714336,4478,4,0.07650945939808958,COD,East,5,1,1
1589,2023-05-29 00:00:00+00:00,Apparel,1,302.87,0.10951323240973518,3542,0,0.0,Prepaid,West,4,8,0
1506,2023-05-29 00:00:00+00:00,Home,0,829.52,0.0,1117,3,0.35207988791454736,COD,East,3,1,1
391,2023-05-29 00:00:00+00:00,Apparel,1,18256.68,0.3451598510708531,1394,3,0.07001746202243264,Prepaid,West,10,2,0
4296,2023-05-29 00:00:00+00:00,Footwear,1,476.85,0.0,4366,2,0.2694436207100247,Prepaid,South,3,1,0
1152,2023-05-29 00:00:00+00:00,Footwear,1,3433.41,0.0,4211,3,0.15260642503708455,COD,East,7,6,0
4717,2023-05-29 00:00:00+00:00,Apparel,1,353.04,0.0,1072,0,0.0,COD,South,1,0,0
4637,2023-05-29 00:00:00+00:00,Apparel,1,1172.49,0.21959927630246714,1607,4,0.43297293690251093,COD,North,12,0,0
3528,2023-05-29 00:00:00+00:00,Footwear,1,120.6,0.0,3424,2,0.14322688366730815,Prepaid,South,13,2,0
1846,2023-05-29 00:00:00+00:00,Footwear,1,2375.11,0.5666797646479316,3291,3,0.03772147665729938,Prepaid,East,2,0,1
3901,2023-05-29 00:00:00+00:00,Electronics,0,7247.27,0.0,3276,2,0.1999736276117016,Prepaid,West,3,1,0
1584,2023-05-29 00:00:00+00:00,Electronics,0,916.35,0.29503681559280526,1973,1,0.24494731295219688,COD,East,7,6,0
4472,2023-05-29 00:00:00+00:00,Apparel,1,2637.15,0.0,4160,1,0.3939866013209707,Prepaid,East,6,0,0
2041,2023-05-29 00:00:00+00:00,Home,0,930.02,0.0,1127,5,0.07855202328876085,Prepaid,East,2,0,0
2113,2023-05-29 00:00:00+00:00,Footwear,1,796.16,0.0,3298,2,0.286160884379138,COD,West,10,0,1
1896,2023-05-29 00:00:00+00:00,Home,0,1941.58,0.0,1973,4,0.12539666248699602,COD,South,4,0,0
4576,2023-05-29 00:00:00+00:00,Home,0,322.22,0.0,3490,2,0.007381922044226119,Prepaid,West,12,4,0
4033,2023-05-30 00:00:00+00:00,Electronics,0,427.62,0.3985021635945487,1659,3,0.4931803035546219,Prepaid,South,1,1,0
13,2023-05-30 00:00:00+00:00,Apparel,1,901.9,0.0,1187,5,0.3442591436745983,Prepaid,North,5,3,0
464,2023-05-30 00:00:00+00:00,Footwear,1,862.79,0.0,3943,3,0.4730303771700209,Prepaid,East,4,0,0
4404,2023-05-30 00:00:00+00:00,Home,0,7376.83,0.006414649990437213,2860,1,0.06021214128886873,Prepaid,South,3,0,0
2942,2023-05-30 00:00:00+00:00,Home,0,650.04,0.0,3656,2,0.008963775778025403,Prepaid,East,3,0,0
2861,2023-05-30 00:00:00+00:00,Electronics,0,1011.95,0.0,4266,2,0.43480672402211573,Prepaid,West,7,8,0
921,2023-05-30 00:00:00+00:00,Apparel,1,1486.96,0.18796883038448578,2080,0,0.0,Prepaid,South,11,6,0
1205,2023-05-30 00:00:00+00:00,Apparel,1,8521.63,0.0,2202,1,0.09518310173972153,COD,South,13,4,0
2868,2023-05-30 00:00:00+00:00,Footwear,1,1111.33,0.15237659553402466,2591,2,0.7224304074695541,COD,East,12,0,1
1346,2023-05-30 00:00:00+00:00,Footwear,1,2457.24,0.0,2102,0,0.0,COD,North,10,5,1
2690,2023-05-30 00:00:00+00:00,Footwear,1,657.49,0.0,2458,0,0.0,COD,East,11,1,1
1391,2023-05-30 00:00:00+00:00,Apparel,1,1131.15,0.01838076553498444,1017,1,0.05424094688104736,COD,East,10,0,0
4013,2023-05-30 00:00:00+00:00,Footwear,1,1836.18,0.19549658928689473,3642,1,0.22829284600745278,Prepaid,North,14,1,0
3869,2023-05-30 00:00:00+00:00,Electronics,0,166.57,0.35482183386380994,2599,4,0.10765297297160273,COD,East,12,8,0
3704,2023-05-30 00:00:00+00:00,Apparel,1,2141.58,0.12829619912780527,4081,5,0.09723798027711461,Prepaid,West,9,3,1
1188,2023-05-30 00:00:00+00:00,Apparel,1,1847.19,0.0,4285,1,0.22631027689644265,Prepaid,East,8,0,0
4380,2023-05-30 00:00:00+00:00,Footwear,1,1299.86,0.34415609953264054,2362,1,0.437700522437608,Prepaid,North,10,4,1
4803,2023-05-30 00:00:00+00:00,Electronics,0,645.17,0.0,2795,0,0.0,Prepaid,West,13,3,0
1045,2023-05-30 00:00:00+00:00,Electronics,0,2291.04,0.18760187131694733,3244,1,0.34920024118674753,Prepaid,East,3,0,0
1961,2023-05-30 00:00:00+00:00,Apparel,1,1032.36,0.18786625678015142,3444,3,0.3322102707205365,Prepaid,East,14,1,0
2401,2023-05-30 00:00:00+00:00,Electronics,0,616.08,0.0,3381,2,0.167809274587577,Prepaid,East,1,1,0
1234,2023-05-30 00:00:00+00:00,Apparel,1,847.47,0.0,3981,2,0.13984066645301044,Prepaid,East,7,0,0
4735,2023-05-30 00:00:00+00:00,Apparel,1,1597.34,0.0,2497,1,0.003464909356617792,Prepaid,North,3,0,0
3072,2023-05-30 00:00:00+00:00,Beauty,0,1407.84,0.0,2790,4,0.50088409184978,Prepaid,West,14,0,0
4644,2023-05-30 00:00:00+00:00,Electronics,0,1577.88,0.4748069585447455,4338,1,0.41702272547156044,Prepaid,East,11,0,0
1832,2023-05-30 00:00:00+00:00,Apparel,1,465.0,0.17931985394342664,3023,0,0.0,Prepaid,East,10,5,1
3592,2023-05-30 00:00:00+00:00,Apparel,1,638.2,0.0,4018,3,0.051211786802644516,Prepaid,South,13,1,0
648,2023-05-30 00:00:00+00:00,Footwear,1,1226.88,0.0,4331,6,0.3576690686771258,COD,East,3,0,0
1731,2023-05-30 00:00:00+00:00,Footwear,1,1284.44,0.0,4309,3,0.37518669693909695,COD,North,2,0,0
1719,2023-05-30 00:00:00+00:00,Apparel,1,1731.5,0.0,4134,1,0.08790197320640111,COD,West,3,4,0
4673,2023-05-30 00:00:00+00:00,Electronics,0,801.93,0.0,1323,1,0.3678221129084914,Prepaid,South,7,7,0
3210,2023-05-30 00:00:00+00:00,Footwear,1,751.59,0.0,2882,2,0.38053600124870024,Prepaid,East,2,0,0
1638,2023-05-30 00:00:00+00:00,Electronics,0,717.08,0.1894686061958893,1057,1,0.07545678824033344,COD,North,13,0,0
3578,2023-05-30 00:00:00+00:00,Apparel,1,537.51,0.18358636403962175,2483,0,0.0,COD,South,2,1,1
862,2023-05-31 00:00:00+00:00,Apparel,1,1618.23,0.11315379308644122,3525,3,0.2715409234596873,COD,South,7,4,0
4369,2023-05-31 00:00:00+00:00,Electronics,0,2444.47,0.0,2963,2,0.07995563191171007,Prepaid,North,7,2,0
836,2023-05-31 00:00:00+00:00,Electronics,0,1203.07,0.0,3406,0,0.0,COD,West,9,4,0
2500,2023-05-31 00:00:00+00:00,Beauty,0,3873.04,0.24692847909898138,2663,5,0.15459321651996,Prepaid,West,10,1,0
1958,2023-05-31 00:00:00+00:00,Home,0,2427.45,0.0,4189,2,0.028444712867963195,Prepaid,East,5,12,0
4908,2023-05-31 00:00:00+00:00,Electronics,0,3779.15,0.0,4023,2,0.2839887012295625,Prepaid,East,6,2,0
4837,2023-05-31 00:00:00+00:00,Apparel,1,562.8,0.26267742150544215,2132,0,0.0,Prepaid,South,7,4,0
404,2023-05-31 00:00:00+00:00,Apparel,1,288.49,0.0,1016,1,0.022850898556114108,Prepaid,West,10,2,0
2153,2023-05-31 00:00:00+00:00,Electronics,0,6073.02,0.02281163017651086,2113,3,0.010281442234885049,Prepaid,East,10,0,0
229,2023-05-31 00:00:00+00:00,Home,0,349.27,0.0,2120,2,0.54303102426846,COD,North,5,13,0
1982,2023-05-31 00:00:00+00:00,Apparel,1,801.32,0.08695461599511578,3472,2,0.03301566893206833,Prepaid,East,10,0,0
2993,2023-05-31 00:00:00+00:00,Home,0,1663.5,0.037927192630152866,3767,3,0.03822020433147215,Prepaid,North,6,0,0
3437,2023-05-31 00:00:00+00:00,Footwear,1,499.45,0.05656252823417913,1473,3,0.053003406772464165,Prepaid,North,5,4,0
4744,2023-05-31 00:00:00+00:00,Apparel,1,712.92,0.0,2417,0,0.0,Prepaid,West,14,2,0
3502,2023-05-31 00:00:00+00:00,Footwear,1,3513.96,0.0,1355,2,0.05102112912972092,Prepaid,South,5,0,0
3915,2023-05-31 00:00:00+00:00,Footwear,1,493.77,0.0,4415,2,0.12047760679612035,Prepaid,East,14,4,0
656,2023-05-31 00:00:00+00:00,Home,0,1501.48,0.0,3379,1,0.02451681659501082,Prepaid,East,13,1,0
1818,2023-05-31 00:00:00+00:00,Apparel,1,1130.3,0.0,1672,5,0.19915499850491605,Prepaid,South,6,5,0
375,2023-05-31 00:00:00+00:00,Electronics,0,702.69,0.0,3123,3,0.29485510327311304,Prepaid,West,3,2,0
3976,2023-05-31 00:00:00+00:00,Apparel,1,499.6,0.07920812523912926,1840,1,0.03963128400274592,COD,South,10,0,0
4924,2023-05-31 00:00:00+00:00,Electronics,0,600.32,0.12097392097739677,3296,4,0.39939792970965815,Prepaid,North,4,0,0
1255,2023-05-31 00:00:00+00:00,Home,0,3030.99,0.10947128433315356,1355,3,0.19047944423964022,Prepaid,South,1,0,0
1066,2023-05-31 00:00:00+00:00,Apparel,1,1833.15,0.0,2772,1,0.03971543288915632,Prepaid,West,6,2,0
412,2023-05-31 00:00:00+00:00,Home,0,539.9,0.0,2381,2,0.1244148546456628,COD,West,7,2,0
2793,2023-05-31 00:00:00+00:00,Home,0,1369.88,0.0,1338,2,0.018677785190278705,COD,South,8,5,0
2878,2023-05-31 00:00:00+00:00,Apparel,1,270.91,0.0,3333,2,0.2072003286588948,Prepaid,North,14,1,0
4992,2023-05-31 00:00:00+00:00,Apparel,1,594.41,0.0,3308,0,0.0,Prepaid,West,6,4,0
4145,2023-05-31 00:00:00+00:00,Apparel,1,296.05,0.13569726359178308,2642,2,0.058204477258875134,Prepaid,West,7,0,0
3472,2023-06-01 00:00:00+00:00,Apparel,1,317.13,0.0,2381,2,0.04184921009430455,COD,South,6,1,0
1320,2023-06-01 00:00:00+00:00,Apparel,1,916.69,0.0,3553,3,0.2386003172275962,COD,East,5,0,1
1861,2023-06-01 00:00:00+00:00,Electronics,0,782.46,0.05459659533710267,1683,3,0.16723349097505713,Prepaid,South,10,0,0
1654,2023-06-01 00:00:00+00:00,Footwear,1,227.45,0.12218420534957539,3179,4,0.16991239446477943,COD,West,7,0,0
3471,2023-06-01 00:00:00+00:00,Electronics,0,8065.76,0.0,2263,5,0.012535751036996815,COD,North,6,0,0
883,2023-06-01 00:00:00+00:00,Apparel,1,109.87,0.0,4385,1,0.16020331790595158,Prepaid,West,13,2,1
4994,2023-06-01 00:00:00+00:00,Apparel,1,771.99,0.0,2338,6,0.31538305668256555,Prepaid,North,6,4,1
4216,2023-06-01 00:00:00+00:00,Electronics,0,7225.7,0.0,2402,0,0.0,Prepaid,East,7,0,0
4223,2023-06-01 00:00:00+00:00,Electronics,0,1240.09,0.0,1030,0,0.0,COD,South,9,4,0
395,2023-06-01 00:00:00+00:00,Beauty,0,875.95,0.0,4466,1,0.1822211592160006,Prepaid,East,6,0,0
466,2023-06-01 00:00:00+00:00,Apparel,1,4293.35,0.0,1178,3,0.4215719426696622,COD,West,12,1,0
1423,2023-06-01 00:00:00+00:00,Electronics,0,434.47,0.0,1427,1,0.005380669506989091,COD,South,9,1,0
4157,2023-06-01 00:00:00+00:00,Home,0,838.01,0.0,3697,0,0.0,Prepaid,North,11,1,0
289,2023-06-01 00:00:00+00:00,Footwear,1,154.48,0.36669603395158,1889,0,0.0,Prepaid,West,7,1,1
2059,2023-06-01 00:00:00+00:00,Electronics,0,1629.59,0.20697994342006712,3274,2,0.09131165383339512,Prepaid,North,13,0,0
20,2023-06-01 00:00:00+00:00,Apparel,1,702.01,0.0,3307,3,0.4513684939597926,Prepaid,North,1,2,0
750,2023-06-01 00:00:00+00:00,Beauty,0,838.76,0.0,1601,1,0.3189413671791832,Prepaid,South,14,4,0
2178,2023-06-01 00:00:00+00:00,Beauty,0,739.81,0.0,1269,1,0.1955059315059131,Prepaid,North,3,2,0
4613,2023-06-01 00:00:00+00:00,Apparel,1,1822.76,0.035806726628804186,4279,0,0.0,COD,South,11,1,0
2269,2023-06-01 00:00:00+00:00,Apparel,1,2217.51,0.0,4173,2,0.3600261096109865,Prepaid,South,6,2,0
1525,2023-06-01 00:00:00+00:00,Home,0,4109.53,0.0,2496,1,0.04235515006776319,Prepaid,South,6,2,0
2902,2023-06-01 00:00:00+00:00,Footwear,1,880.71,0.0,4463,3,0.3010994429400364,Prepaid,South,7,5,0
4676,2023-06-02 00:00:00+00:00,Apparel,1,624.81,0.0,4376,3,0.04652338089274313,COD,North,5,1,0
3628,2023-06-02 00:00:00+00:00,Electronics,0,2334.11,0.018997864233792544,3309,2,0.08480049586857738,Prepaid,East,7,2,0
1659,2023-06-02 00:00:00+00:00,Apparel,1,5162.02,0.0,1385,1,0.6090903701687446,Prepaid,South,9,0,1
3677,2023-06-02 00:00:00+00:00,Footwear,1,2704.8,0.0039138056044447644,4043,3,0.24316320336376954,Prepaid,East,4,2,0
4487,2023-06-02 00:00:00+00:00,Home,0,222.81,0.23443086859323628,3452,1,0.45518403093397763,COD,South,13,2,0
1801,2023-06-02 00:00:00+00:00,Apparel,1,156.48,0.28132947874189673,3529,2,0.24381483883993033,Prepaid,North,13,6,0
346,2023-06-02 00:00:00+00:00,Home,0,398.55,0.07261149371150337,4144,3,0.26893591708044634,Prepaid,South,9,16,0
1825,2023-06-02 00:00:00+00:00,Home,0,347.99,0.22754340355968275,3365,3,0.18520169755243782,Prepaid,West,7,0,0
843,2023-06-02 00:00:00+00:00,Electronics,0,637.31,0.322696964580221,2648,2,0.008928869734941334,Prepaid,West,2,2,0
4724,2023-06-02 00:00:00+00:00,Beauty,0,2580.67,0.10721972127732243,2931,3,0.17188064958090885,COD,South,11,6,0
3707,2023-06-02 00:00:00+00:00,Home,0,426.54,0.0,2650,0,0.0,COD,South,4,0,0
216,2023-06-02 00:00:00+00:00,Electronics,0,1610.39,0.36349321951928815,1139,1,0.07753152394233705,COD,South,7,0,0
81,2023-06-02 00:00:00+00:00,Electronics,0,1941.98,0.0,4209,3,0.011795552387690126,Prepaid,West,7,1,0
54,2023-06-02 00:00:00+00:00,Footwear,1,1222.76,0.0,3599,0,0.0,COD,South,7,7,0
2643,2023-06-02 00:00:00+00:00,Apparel,1,1614.52,0.208333958238339,2474,3,0.08981366137980112,Prepaid,East,13,4,0
733,2023-06-02 00:00:00+00:00,Apparel,1,5209.57,0.0,1399,2,0.26448385627621673,COD,North,5,0,0
4424,2023-06-02 00:00:00+00:00,Apparel,1,229.91,0.0,1267,3,0.11363890264313438,Prepaid,North,12,0,0
3595,2023-06-02 00:00:00+00:00,Apparel,1,756.13,0.0,4343,2,0.38957019984324753,Prepaid,East,4,12,0
1645,2023-06-02 00:00:00+00:00,Electronics,0,406.76,0.0,4155,0,0.0,Prepaid,South,10,0,1
4430,2023-06-02 00:00:00+00:00,Apparel,1,1135.62,0.1775492529227671,3463,3,0.15698066392463705,Prepaid,West,2,0,0
4661,2023-06-02 00:00:00+00:00,Electronics,0,1085.41,0.0,1327,2,0.07490247718939015,COD,East,11,9,0
4597,2023-06-02 00:00:00+00:00,Electronics,0,1055.06,0.0,3837,2,0.15262433496315944,Prepaid,South,14,1,0
4075,2023-06-02 00:00:00+00:00,Home,0,995.5,0.0,1049,4,0.20676393464416665,Prepaid,North,10,0,1
4101,2023-06-02 00:00:00+00:00,Home,0,279.14,0.011040528691309476,4119,1,0.047474720117797665,Prepaid,South,7,10,0
1149,2023-06-02 00:00:00+00:00,Home,0,294.84,0.02818505422375081,2381,4,0.40424510469952757,Prepaid,West,1,0,1
651,2023-06-02 00:00:00+00:00,Home,0,639.43,0.0,1010,3,0.08662988523595504,Prepaid,West,7,2,0
1642,2023-06-03 00:00:00+00:00,Apparel,1,2836.13,0.47502647917272955,3130,3,0.43591420793832036,Prepaid,South,3,2,0
3931,2023-06-03 00:00:00+00:00,Apparel,1,467.09,0.0,3147,1,0.2906610639557303,Prepaid,North,9,0,0
584,2023-06-03 00:00:00+00:00,Home,0,1145.72,0.0,3786,1,0.14558423120945882,COD,West,14,8,0
1863,2023-06-03 00:00:00+00:00,Home,0,2798.41,0.43023446124910214,2876,2,0.08022486472548437,Prepaid,East,6,0,0
4078,2023-06-03 00:00:00+00:00,Home,0,94.42,0.015211172576866744,3168,1,0.06966429695452549,Prepaid,West,14,2,0
3254,2023-06-03 00:00:00+00:00,Apparel,1,360.47,0.08863163107573074,2922,0,0.0,Prepaid,East,4,1,0
3452,2023-06-03 00:00:00+00:00,Beauty,0,1173.29,0.0,1772,3,0.41722296301483863,COD,East,7,7,0
4001,2023-06-03 00:00:00+00:00,Home,0,354.36,0.0,1641,3,0.12184337939252594,COD,West,13,8,0
4276,2023-06-03 00:00:00+00:00,Footwear,1,1748.62,0.0,3386,5,0.03146673476567269,Prepaid,West,12,3,0
2521,2023-06-03 00:00:00+00:00,Beauty,0,790.25,0.0,4014,2,0.01921526715502404,Prepaid,North,12,0,0
4608,2023-06-03 00:00:00+00:00,Home,0,518.55,0.0,1964,2,0.6023842832996361,Prepaid,North,9,1,0
515,2023-06-03 00:00:00+00:00,Electronics,0,1733.02,0.3026542256976162,2906,3,0.11983194313543001,COD,West,14,0,1
1281,2023-06-03 00:00:00+00:00,Electronics,0,1509.34,0.0,3333,0,0.0,Prepaid,South,5,1,0
3419,2023-06-03 00:00:00+00:00,Electronics,0,1346.33,0.18217311095719468,2262,0,0.0,Prepaid,North,1,1,0
3363,2023-06-03 00:00:00+00:00,Footwear,1,1526.51,0.2620751941181624,1043,0,0.0,Prepaid,South,12,0,0
2449,2023-06-03 00:00:00+00:00,Footwear,1,371.18,0.0,3107,2,0.0388995758862162,Prepaid,South,10,1,0
4848,2023-06-03 00:00:00+00:00,Apparel,1,2265.03,0.40073402580996664,2733,3,0.21728286966949031,Prepaid,South,2,2,0
2945,2023-06-03 00:00:00+00:00,Home,0,1920.97,0.0,3946,1,0.09333075192204336,Prepaid,South,4,1,0
3211,2023-06-03 00:00:00+00:00,Electronics,0,333.87,0.07836182477024134,3005,3,0.32662398648455415,Prepaid,South,10,6,0
1741,2023-06-03 00:00:00+00:00,Beauty,0,4350.14,0.07036000387302362,2446,1,0.2760193621734603,COD,South,13,5,0
1753,2023-06-03 00:00:00+00:00,Electronics,0,787.19,0.0,1518,5,0.06083943168011653,COD,South,1,3,0
1124,2023-06-03 00:00:00+00:00,Beauty,0,1951.17,0.0,3728,3,0.7739141966482094,Prepaid,South,8,6,1
3743,2023-06-03 00:00:00+00:00,Electronics,0,1767.89,0.0,1670,2,0.2203774736755232,COD,South,12,0,0
1794,2023-06-03 00:00:00+00:00,Home,0,1006.32,0.0,1759,4,0.2355967321809846,Prepaid,East,5,1,0
4973,2023-06-03 00:00:00+00:00,Apparel,1,496.1,0.0,2640,4,0.29611158223445627,Prepaid,East,14,5,0
2642,2023-06-03 00:00:00+00:00,Home,0,644.42,0.0,2232,2,0.08440896282844033,Prepaid,North,7,7,0
223,2023-06-04 00:00:00+00:00,Electronics,0,344.22,0.0,2424,0,0.0,Prepaid,West,4,6,0
1090,2023-06-04 00:00:00+00:00,Apparel,1,1011.78,0.04660770116236909,1856,3,0.06685974497732035,Prepaid,North,13,1,0
809,2023-06-04 00:00:00+00:00,Footwear,1,1532.6,0.29731901256496746,4235,2,0.09846551854894652,COD,West,1,1,0
3408,2023-06-04 00:00:00+00:00,Apparel,1,4019.68,0.3602417600625345,2058,1,0.0985048363632262,Prepaid,South,2,13,0
1312,2023-06-04 00:00:00+00:00,Beauty,0,240.23,0.0,4430,1,0.1816873345714158,COD,West,6,1,0
729,2023-06-04 00:00:00+00:00,Footwear,1,2228.76,0.5256954733190525,3171,2,0.1687035781875424,Prepaid,North,3,1,0
450,2023-06-04 00:00:00+00:00,Apparel,1,1909.16,0.13738402983404252,4493,2,0.3308943058941641,Prepaid,South,14,0,1
955,2023-06-04 00:00:00+00:00,Footwear,1,257.14,0.20189999090878594,3559,4,0.6927686616162491,Prepaid,West,5,2,0
1514,2023-06-04 00:00:00+00:00,Apparel,1,472.91,0.0,3307,5,0.389126967539537,Prepaid,East,4,1,0
4570,2023-06-04 00:00:00+00:00,Footwear,1,2075.47,0.20174285366072087,1917,1,0.12305473227445705,Prepaid,West,5,10,0
3159,2023-06-04 00:00:00+00:00,Apparel,1,3443.18,0.35651180399963045,3365,1,0.1507031264309553,Prepaid,West,7,5,0
2011,2023-06-04 00:00:00+00:00,Footwear,1,1109.86,0.0,1506,0,0.0,Prepaid,North,3,2,1
4555,2023-06-04 00:00:00+00:00,Apparel,1,918.48,0.0,4196,4,0.09274326216739714,Prepaid,North,12,0,0
1286,2023-06-04 00:00:00+00:00,Apparel,1,3096.83,0.0,1590,3,0.10787073562232755,COD,South,5,1,0
3313,2023-06-04 00:00:00+00:00,Electronics,0,575.73,0.0,3689,4,0.3376004885949614,Prepaid,South,13,5,0
508,2023-06-04 00:00:00+00:00,Apparel,1,1761.17,0.06755701839949023,1503,2,0.13856894525013502,Prepaid,West,11,2,0
4412,2023-06-04 00:00:00+00:00,Apparel,1,170.17,0.0,3567,2,0.29512013817836225,Prepaid,West,12,6,0
669,2023-06-04 00:00:00+00:00,Home,0,1398.16,0.461338411564734,2101,4,0.11352341999493135,Prepaid,East,11,0,0
1429,2023-06-04 00:00:00+00:00,Apparel,1,2396.83,0.17371607446122392,3521,3,0.2568703138331776,Prepaid,East,14,1,0
2214,2023-06-04 00:00:00+00:00,Beauty,0,5622.19,0.0,4307,2,0.28674600248077325,COD,West,5,4,0
3936,2023-06-04 00:00:00+00:00,Footwear,1,319.13,0.20129269631163874,4231,1,0.465363820758118,Prepaid,West,6,5,0
597,2023-06-04 00:00:00+00:00,Electronics,0,1658.03,0.0,1670,0,0.0,Prepaid,West,10,7,0
3540,2023-06-04 00:00:00+00:00,Apparel,1,130.87,0.0,2791,2,0.14501873728388479,Prepaid,West,2,2,0
4021,2023-06-04 00:00:00+00:00,Footwear,1,164.48,0.0,3745,1,0.1474177016573346,COD,East,10,1,0
4435,2023-06-04 00:00:00+00:00,Apparel,1,705.25,0.0,3062,3,0.4798124135091704,Prepaid,South,10,7,0
1415,2023-06-04 00:00:00+00:00,Apparel,1,513.62,0.12820290655088076,2879,3,0.1425441702047102,Prepaid,South,3,5,0
2573,2023-06-04 00:00:00+00:00,Footwear,1,949.21,0.0,4418,0,0.0,Prepaid,South,11,4,1
2320,2023-06-04 00:00:00+00:00,Footwear,1,942.1,0.0,4120,0,0.0,COD,North,14,0,1
3107,2023-06-04 00:00:00+00:00,Apparel,1,268.9,0.0916399520157792,3016,1,0.38388387394006884,Prepaid,East,2,1,1
4431,2023-06-05 00:00:00+00:00,Beauty,0,313.97,0.0,3139,1,0.2384130389038538,Prepaid,North,9,0,0
596,2023-06-05 00:00:00+00:00,Apparel,1,2062.12,0.0,4396,3,0.07583044198708735,COD,West,10,6,0
726,2023-06-05 00:00:00+00:00,Electronics,0,9065.02,0.0,1020,1,0.22234750610097248,Prepaid,North,10,1,0
3010,2023-06-05 00:00:00+00:00,Home,0,1427.52,0.0,1353,1,0.12456510940349037,Prepaid,East,5,0,0
2627,2023-06-05 00:00:00+00:00,Beauty,0,3331.63,0.4910745065094505,3134,0,0.0,Prepaid,West,5,2,0
2646,2023-06-05 00:00:00+00:00,Beauty,0,2015.05,0.0,2098,3,0.42532952211593805,Prepaid,East,6,8,1
2537,2023-06-05 00:00:00+00:00,Apparel,1,370.06,0.0,2417,0,0.0,Prepaid,North,7,6,0
2958,2023-06-05 00:00:00+00:00,Electronics,0,1354.44,0.0,3753,3,0.4632159582044603,COD,West,7,2,0
4932,2023-06-05 00:00:00+00:00,Electronics,0,8560.03,0.0,2675,1,0.03752302917079572,Prepaid,North,10,1,1
2809,2023-06-05 00:00:00+00:00,Apparel,1,1381.03,0.2161890816064269,1675,3,0.07267030895072986,Prepaid,East,1,5,0
2717,2023-06-05 00:00:00+00:00,Apparel,1,125.08,0.18419603532641282,3294,3,0.014808133934871053,Prepaid,South,12,1,0
4799,2023-06-05 00:00:00+00:00,Apparel,1,1154.67,0.2751185836557912,1527,0,0.0,Prepaid,South,9,3,0
4454,2023-06-05 00:00:00+00:00,Electronics,0,1239.56,0.0,1593,2,0.1268506925555388,Prepaid,East,13,6,0
4715,2023-06-05 00:00:00+00:00,Apparel,1,254.15,0.17310727234633494,1484,0,0.0,Prepaid,West,2,0,0
372,2023-06-05 00:00:00+00:00,Apparel,1,894.07,0.24310575568692933,1127,3,0.01884348840136718,Prepaid,West,13,2,0
390,2023-06-05 00:00:00+00:00,Apparel,1,951.06,0.0,4458,3,0.35922918111264834,Prepaid,North,14,1,0
1866,2023-06-05 00:00:00+00:00,Home,0,1488.49,0.14740557351760697,2758,4,0.22277219010339702,Prepaid,West,12,3,0
1306,2023-06-05 00:00:00+00:00,Apparel,1,627.48,0.0,1075,3,0.2717250815952813,Prepaid,North,3,0,0
3414,2023-06-05 00:00:00+00:00,Electronics,0,1452.6,0.0414158889310199,2430,2,0.19034103336867894,Prepaid,West,3,0,0
708,2023-06-05 00:00:00+00:00,Beauty,0,1281.27,0.024115026900886308,1669,0,0.0,Prepaid,East,14,2,0
2135,2023-06-05 00:00:00+00:00,Beauty,0,3825.82,0.0,3537,5,0.08898360855273274,Prepaid,North,13,1,0
3259,2023-06-05 00:00:00+00:00,Footwear,1,1379.1,0.0,1514,0,0.0,Prepaid,East,12,1,0
4643,2023-06-05 00:00:00+00:00,Apparel,1,3678.73,0.0,2406,2,0.4911608037660589,Prepaid,East,4,1,0
4710,2023-06-05 00:00:00+00:00,Home,0,6943.51,0.2709665323192777,1104,2,0.005779155513146555,Prepaid,North,11,0,0
55,2023-06-06 00:00:00+00:00,Home,0,304.35,0.09454681972339565,2640,1,0.026605380797852123,Prepaid,East,7,1,0
1053,2023-06-06 00:00:00+00:00,Electronics,0,2049.34,0.0,4078,0,0.0,COD,East,5,5,1
3839,2023-06-06 00:00:00+00:00,Electronics,0,519.01,0.0,3446,0,0.0,COD,West,4,4,0
1037,2023-06-06 00:00:00+00:00,Footwear,1,1402.41,0.3843274997074353,1618,6,0.05966388080542991,COD,West,10,7,0
1108,2023-06-06 00:00:00+00:00,Apparel,1,950.8,0.1046252312111611,4154,0,0.0,Prepaid,East,1,0,0
467,2023-06-06 00:00:00+00:00,Apparel,1,3040.17,0.09573650561257184,1780,2,0.10258248228192542,COD,West,3,2,0
1439,2023-06-06 00:00:00+00:00,Home,0,1216.47,0.027343937348011757,2526,5,0.043044122476961225,Prepaid,North,11,1,0
1767,2023-06-06 00:00:00+00:00,Footwear,1,7370.42,0.0,3224,1,0.06682143884152811,Prepaid,East,7,1,0
1138,2023-06-06 00:00:00+00:00,Beauty,0,1489.59,0.0,3150,0,0.0,Prepaid,North,10,0,0
753,2023-06-06 00:00:00+00:00,Apparel,1,400.87,0.0,1663,3,0.3249259838007089,Prepaid,South,1,15,0
1419,2023-06-06 00:00:00+00:00,Electronics,0,317.6,0.0,3652,1,0.41897257050827574,Prepaid,North,14,1,1
894,2023-06-06 00:00:00+00:00,Beauty,0,501.89,0.0,1313,3,0.04227968573110801,Prepaid,East,9,2,0
4684,2023-06-06 00:00:00+00:00,Apparel,1,465.1,0.19324524194672785,4097,3,0.11571847857303333,COD,North,8,0,0
1217,2023-06-06 00:00:00+00:00,Footwear,1,4580.53,0.060353615972919133,3020,1,0.0757483162381955,Prepaid,South,6,13,0
2084,2023-06-06 00:00:00+00:00,Apparel,1,2102.64,0.0,3488,2,0.28077936211548415,Prepaid,South,2,0,0
1267,2023-06-06 00:00:00+00:00,Footwear,1,533.54,0.0,3198,1,0.020794490501955473,COD,East,12,5,1
2328,2023-06-06 00:00:00+00:00,Apparel,1,572.04,0.0,1394,2,0.504119949073424,COD,East,2,5,1
2338,2023-06-06 00:00:00+00:00,Apparel,1,1316.74,0.0,1147,3,0.43829127409845314,Prepaid,East,3,0,0
2133,2023-06-06 00:00:00+00:00,Footwear,1,1217.66,0.1709533945964018,3751,3,0.0027926246464907863,Prepaid,East,3,0,0
4365,2023-06-06 00:00:00+00:00,Footwear,1,200.68,0.0259422130479825,2852,0,0.0,Prepaid,North,6,1,0
3383,2023-06-06 00:00:00+00:00,Apparel,1,648.94,0.0,4411,3,0.08126685705375965,Prepaid,South,7,4,0
3572,2023-06-06 00:00:00+00:00,Apparel,1,483.73,0.0,2176,2,0.18960846163659814,Prepaid,South,13,3,0
1853,2023-06-06 00:00:00+00:00,Apparel,1,1993.55,0.0,1736,0,0.0,COD,South,1,1,0
1364,2023-06-06 00:00:00+00:00,Footwear,1,601.19,0.07619253700792597,2770,2,0.14964929391033993,Prepaid,West,5,6,0
3910,2023-06-06 00:00:00+00:00,Home,0,2802.97,0.0,4142,1,0.14019512064640188,Prepaid,South,11,0,0
309,2023-06-06 00:00:00+00:00,Home,0,2076.4,0.0,2302,1,0.41692058922118375,Prepaid,West,5,2,0
4980,2023-06-07 00:00:00+00:00,Apparel,1,227.1,0.046299358531021934,2166,2,0.2628325742162758,COD,North,13,0,0
4562,2023-06-07 00:00:00+00:00,Apparel,1,501.89,0.0,2561,0,0.0,COD,East,5,6,0
4627,2023-06-07 00:00:00+00:00,Footwear,1,1629.29,0.0,2571,0,0.0,Prepaid,East,10,0,0
4793,2023-06-07 00:00:00+00:00,Footwear,1,416.63,0.0,2920,2,0.2079479921975285,Prepaid,West,9,0,0
442,2023-06-07 00:00:00+00:00,Apparel,1,370.32,0.0,3637,3,0.7559689292918346,Prepaid,South,7,2,0
4723,2023-06-07 00:00:00+00:00,Apparel,1,1936.72,0.0,4322,1,0.08893408161625978,COD,North,4,1,0
495,2023-06-07 00:00:00+00:00,Footwear,1,1325.78,0.0,3175,0,0.0,Prepaid,South,6,15,0
420,2023-06-07 00:00:00+00:00,Electronics,0,594.07,0.0,2226,3,0.30890847182194003,Prepaid,North,9,1,1
72,2023-06-07 00:00:00+00:00,Electronics,0,367.19,0.0,1046,1,0.031202618327336153,Prepaid,South,11,5,0
3892,2023-06-07 00:00:00+00:00,Apparel,1,1451.04,0.48355915261155213,1235,3,0.24054924888985388,Prepaid,South,11,5,0
739,2023-06-07 00:00:00+00:00,Apparel,1,1828.34,0.0,2977,3,0.18701312790195504,Prepaid,West,3,0,0
1700,2023-06-07 00:00:00+00:00,Electronics,0,923.04,0.0,3637,1,0.40547282914139343,COD,East,1,3,0
4294,2023-06-07 00:00:00+00:00,Beauty,0,551.11,0.0,4203,2,0.0528551306520481,Prepaid,West,14,1,0
1604,2023-06-07 00:00:00+00:00,Apparel,1,2386.59,0.0,1865,0,0.0,Prepaid,North,6,2,0
1602,2023-06-07 00:00:00+00:00,Beauty,0,1173.53,0.0,2735,1,0.17791670471093632,Prepaid,North,13,1,0
2410,2023-06-07 00:00:00+00:00,Beauty,0,173.6,0.0,3205,3,0.19079601510699917,Prepaid,West,7,0,0
3991,2023-06-07 00:00:00+00:00,Footwear,1,822.24,0.0,1781,4,0.30589504656252076,Prepaid,East,14,2,0
944,2023-06-07 00:00:00+00:00,Apparel,1,5596.65,0.0,3409,3,0.4609539196894901,COD,South,10,0,0
2956,2023-06-07 00:00:00+00:00,Electronics,0,4025.46,0.22167173440912677,1321,2,0.09544416068178188,Prepaid,South,12,1,1
1702,2023-06-07 00:00:00+00:00,Beauty,0,1300.96,0.29429951692886847,1770,1,0.33557634382925683,Prepaid,South,1,6,0
4087,2023-06-07 00:00:00+00:00,Beauty,0,390.24,0.0,2946,2,0.38545062263796714,COD,East,5,2,0
1474,2023-06-07 00:00:00+00:00,Apparel,1,892.83,0.0,3067,1,0.2668681826390807,COD,West,11,2,0
969,2023-06-07 00:00:00+00:00,Apparel,1,2091.46,0.0,3172,3,0.014623206318856101,Prepaid,West,6,4,0
3171,2023-06-07 00:00:00+00:00,Apparel,1,5584.83,0.0,1609,1,0.15177640191521088,Prepaid,West,9,3,0
1400,2023-06-07 00:00:00+00:00,Apparel,1,1041.23,0.0,3831,3,0.07949094972974306,Prepaid,West,7,19,0
3950,2023-06-07 00:00:00+00:00,Home,0,1326.75,0.024321392446362347,4168,6,0.16982434237755226,Prepaid,South,7,0,0
4245,2023-06-07 00:00:00+00:00,Apparel,1,1227.75,0.131076492651153,3261,2,0.038768993885060346,Prepaid,North,6,6,0
4025,2023-06-07 00:00:00+00:00,Apparel,1,1864.6,0.0646198604048952,2527,3,0.028050535849472726,Prepaid,West,7,6,0
4205,2023-06-07 00:00:00+00:00,Home,0,866.37,0.01849149572807887,3806,2,0.0027259452885062285,Prepaid,West,9,7,0
1299,2023-06-07 00:00:00+00:00,Electronics,0,14220.13,0.0,1776,2,0.09957504837245688,COD,East,11,2,0
1290,2023-06-07 00:00:00+00:00,Home,0,2017.97,0.0,1515,3,0.6250951636595036,Prepaid,South,12,0,1
681,2023-06-08 00:00:00+00:00,Apparel,1,2047.67,0.0,4061,2,0.09540221250319779,Prepaid,East,6,2,0
332,2023-06-08 00:00:00+00:00,Apparel,1,1494.86,0.0,3141,5,0.19086897112572807,Prepaid,West,10,2,0
132,2023-06-08 00:00:00+00:00,Footwear,1,831.91,0.0,3315,4,0.09285338346265169,COD,East,10,3,0
1070,2023-06-08 00:00:00+00:00,Electronics,0,842.99,0.0,4380,6,0.09903215825754225,COD,West,9,1,0
3391,2023-06-08 00:00:00+00:00,Apparel,1,589.27,0.0,4489,1,0.015588066128337926,COD,South,12,1,0
1938,2023-06-08 00:00:00+00:00,Apparel,1,909.8,0.0,3620,0,0.0,Prepaid,East,2,0,1
1067,2023-06-08 00:00:00+00:00,Electronics,0,428.25,0.0,2854,1,0.4266024975264248,Prepaid,East,2,1,1
1946,2023-06-08 00:00:00+00:00,Apparel,1,405.0,0.19144486718270726,1349,2,0.2520951247669901,COD,North,6,2,0
3554,2023-06-08 00:00:00+00:00,Beauty,0,1901.63,0.0,2352,0,0.0,Prepaid,North,4,0,0
4706,2023-06-08 00:00:00+00:00,Apparel,1,4172.42,0.0,1300,0,0.0,Prepaid,West,6,0,0
4250,2023-06-08 00:00:00+00:00,Apparel,1,542.5,0.6744207427711969,2307,1,0.09873498544967337,Prepaid,North,14,1,0
1738,2023-06-08 00:00:00+00:00,Apparel,1,964.43,0.0,1647,1,0.05665694400984339,COD,North,11,0,0
3668,2023-06-08 00:00:00+00:00,Home,0,1107.21,0.0,1651,1,0.1346636541751042,COD,East,11,1,0
835,2023-06-08 00:00:00+00:00,Home,0,7595.31,0.0,3659,2,0.4251158704633745,COD,South,14,5,1
3990,2023-06-08 00:00:00+00:00,Apparel,1,1878.14,0.0912334619789436,3743,2,0.09321740564677763,COD,West,9,0,1
1307,2023-06-08 00:00:00+00:00,Home,0,156.55,0.0,1559,2,0.20922229483759305,Prepaid,West,5,5,0
3889,2023-06-08 00:00:00+00:00,Home,0,640.81,0.1730330476910164,3609,2,0.48207467291218553,COD,South,3,2,0
2258,2023-06-08 00:00:00+00:00,Electronics,0,1245.03,0.5496717997300332,1876,1,0.23936188104321793,Prepaid,East,3,2,1
1495,2023-06-08 00:00:00+00:00,Home,0,408.16,0.0,1916,4,0.06585574789303897,Prepaid,South,1,1,0
1083,2023-06-08 00:00:00+00:00,Home,0,1248.56,0.13837772165786372,1921,2,0.1158015516200627,COD,South,3,4,0
3821,2023-06-08 00:00:00+00:00,Electronics,0,1927.85,0.2188125826119388,3583,2,0.21008804352604216,Prepaid,East,5,5,1
29,2023-06-08 00:00:00+00:00,Apparel,1,996.59,0.0,1287,1,0.29789842523378446,Prepaid,South,11,5,0
3786,2023-06-08 00:00:00+00:00,Apparel,1,958.27,0.10463903242713227,3560,1,0.004964278980937612,Prepaid,West,8,4,0
3309,2023-06-08 00:00:00+00:00,Apparel,1,413.5,0.0,3728,3,0.46940760320348335,Prepaid,South,7,1,0
4665,2023-06-08 00:00:00+00:00,Electronics,0,352.7,0.0,3814,3,0.3635767576366798,Prepaid,South,5,0,0
2660,2023-06-09 00:00:00+00:00,Apparel,1,964.52,0.0,3504,6,0.01885870219964327,Prepaid,East,3,2,1
2992,2023-06-09 00:00:00+00:00,Beauty,0,714.06,0.0,1322,0,0.0,COD,West,1,0,0
4179,2023-06-09 00:00:00+00:00,Footwear,1,1319.36,0.0,2102,2,0.3683860245737434,Prepaid,East,10,1,0
1358,2023-06-09 00:00:00+00:00,Footwear,1,4436.64,0.0,3583,3,0.07237320168745337,Prepaid,East,13,0,0
3944,2023-06-09 00:00:00+00:00,Apparel,1,179.43,0.3654045205160461,2253,2,0.19332150027925016,Prepaid,North,9,1,1
3024,2023-06-09 00:00:00+00:00,Home,0,168.15,0.20536035922076354,1868,1,0.1256638489194924,COD,South,10,2,0
410,2023-06-09 00:00:00+00:00,Home,0,98.71,0.25330175018045675,3059,6,0.02197310625748687,Prepaid,West,10,0,0
2634,2023-06-09 00:00:00+00:00,Apparel,1,315.79,0.0,3270,5,0.545134474424986,Prepaid,North,3,0,0
320,2023-06-09 00:00:00+00:00,Apparel,1,668.85,0.0,3981,4,0.27124179828314476,Prepaid,North,6,10,0
3799,2023-06-09 00:00:00+00:00,Electronics,0,871.51,0.0,1438,4,0.023066301486098156,COD,East,2,1,0
2969,2023-06-09 00:00:00+00:00,Footwear,1,2795.67,0.0,1897,2,0.12760576569781243,Prepaid,East,5,1,0
3609,2023-06-09 00:00:00+00:00,Electronics,0,708.71,0.0,3756,1,0.3060249459002924,Prepaid,West,13,2,0
997,2023-06-09 00:00:00+00:00,Apparel,1,2838.62,0.00554687744298793,1833,4,0.0625449129069918,Prepaid,West,9,0,1
4865,2023-06-09 00:00:00+00:00,Footwear,1,3163.38,0.40296368491024126,2892,1,0.5912774624374044,Prepaid,North,12,4,0
2355,2023-06-09 00:00:00+00:00,Apparel,1,680.85,0.0,4448,6,0.318346041707848,Prepaid,West,8,3,1
2303,2023-06-09 00:00:00+00:00,Apparel,1,2045.43,0.0,3246,1,0.02960254774692167,Prepaid,North,1,1,0
793,2023-06-09 00:00:00+00:00,Apparel,1,237.57,0.0,2837,4,0.0019912566089221356,Prepaid,South,4,4,0
4366,2023-06-09 00:00:00+00:00,Beauty,0,1293.73,0.0,1316,2,0.04166813043229708,Prepaid,North,4,2,0
4826,2023-06-09 00:00:00+00:00,Apparel,1,674.48,0.0,3164,3,0.25124096291696296,Prepaid,North,11,1,0
4351,2023-06-09 00:00:00+00:00,Electronics,0,663.69,0.0,2280,0,0.0,COD,East,10,3,1
4820,2023-06-09 00:00:00+00:00,Apparel,1,5145.6,0.07408788812021762,1645,3,0.02907774794399713,COD,West,14,1,0
3247,2023-06-09 00:00:00+00:00,Home,0,885.92,0.276379780463624,4172,1,0.21781004720600264,Prepaid,East,13,0,0
2139,2023-06-09 00:00:00+00:00,Apparel,1,328.69,0.0,4026,3,0.025925944472851202,Prepaid,North,6,1,0
4879,2023-06-09 00:00:00+00:00,Beauty,0,1475.34,0.044424655606305534,2549,1,0.09002826760318575,COD,East,4,3,0
3376,2023-06-09 00:00:00+00:00,Apparel,1,589.63,0.0,3074,3,0.12428234187811328,COD,North,1,2,0
3431,2023-06-09 00:00:00+00:00,Electronics,0,1298.63,0.02177045523653133,1170,1,0.5159966831920049,COD,South,10,4,0
4574,2023-06-09 00:00:00+00:00,Footwear,1,1104.83,0.09657848764332604,1735,0,0.0,Prepaid,West,6,0,0
51,2023-06-10 00:00:00+00:00,Apparel,1,743.0,0.0,2486,4,0.2069908611261387,COD,South,2,1,0
4496,2023-06-10 00:00:00+00:00,Apparel,1,301.64,0.0,2287,0,0.0,Prepaid,East,14,0,0
4895,2023-06-10 00:00:00+00:00,Electronics,0,224.99,0.0,4392,2,0.29789991588379233,Prepaid,East,13,0,0
987,2023-06-10 00:00:00+00:00,Apparel,1,1069.43,0.0,3593,3,0.05243097591120657,COD,West,6,2,0
183,2023-06-10 00:00:00+00:00,Home,0,1138.63,0.0,2880,2,0.08229609066640067,Prepaid,East,6,8,0
611,2023-06-10 00:00:00+00:00,Apparel,1,2873.49,0.0,2653,3,0.009528903265199642,COD,West,11,2,0
2150,2023-06-10 00:00:00+00:00,Apparel,1,880.73,0.0,3329,2,0.14535078338523813,Prepaid,West,7,1,0
3898,2023-06-10 00:00:00+00:00,Electronics,0,1038.49,0.0,1226,3,0.013568404480062137,Prepaid,South,4,26,0
1522,2023-06-10 00:00:00+00:00,Apparel,1,1121.0,0.0,1477,3,0.22015734168211976,Prepaid,South,7,0,1
1517,2023-06-10 00:00:00+00:00,Apparel,1,367.78,0.0,3496,4,0.20155846747548434,COD,North,9,1,0
4093,2023-06-10 00:00:00+00:00,Beauty,0,335.53,0.0,4373,1,0.20416301200546874,Prepaid,North,13,9,0
2889,2023-06-10 00:00:00+00:00,Apparel,1,1211.19,0.32474824383853895,3896,0,0.0,Prepaid,West,11,1,1
2540,2023-06-10 00:00:00+00:00,Footwear,1,1385.77,0.0,4418,4,0.10799361711797428,Prepaid,North,11,0,0
1473,2023-06-10 00:00:00+00:00,Home,0,1179.61,0.09954932053766961,2888,0,0.0,Prepaid,South,9,3,0
2217,2023-06-10 00:00:00+00:00,Footwear,1,1394.93,0.21038820709259365,2640,4,0.29039085960227046,COD,South,4,2,1
4070,2023-06-10 00:00:00+00:00,Apparel,1,674.89,0.0,2825,3,0.029063844982421445,COD,South,10,2,0
4794,2023-06-10 00:00:00+00:00,Apparel,1,2422.76,0.0,4117,4,0.12712538354907285,Prepaid,West,4,12,0
4525,2023-06-10 00:00:00+00:00,Apparel,1,1059.71,0.0,4063,1,0.11328642981091848,Prepaid,East,14,7,0
2266,2023-06-10 00:00:00+00:00,Apparel,1,495.88,0.0,4333,2,0.30515671005899003,COD,East,7,17,0
3438,2023-06-10 00:00:00+00:00,Apparel,1,1383.51,0.07632464768159306,3783,2,0.012472472585520483,COD,East,5,1,0
1757,2023-06-10 00:00:00+00:00,Home,0,704.21,0.33055535998420554,2368,2,0.3827296064550465,COD,West,9,1,0
21,2023-06-10 00:00:00+00:00,Apparel,1,767.61,0.0,2175,1,0.1301766878025866,Prepaid,East,14,1,0
4969,2023-06-10 00:00:00+00:00,Electronics,0,204.54,0.3607123199808885,2872,0,0.0,COD,South,8,0,0
1914,2023-06-10 00:00:00+00:00,Beauty,0,175.66,0.08975067611932655,2867,1,0.10379111095935165,Prepaid,West,8,1,0
4167,2023-06-10 00:00:00+00:00,Home,0,692.97,0.0,1956,3,0.12025674061789282,COD,North,9,1,0
1087,2023-06-10 00:00:00+00:00,Apparel,1,1023.24,0.0,3963,0,0.0,Prepaid,North,13,1,0
61,2023-06-10 00:00:00+00:00,Apparel,1,401.27,0.0,1909,0,0.0,Prepaid,North,2,1,0
3511,2023-06-10 00:00:00+00:00,Apparel,1,692.44,0.3307182307598928,4147,1,0.10047333279122318,Prepaid,South,13,1,0
4672,2023-06-10 00:00:00+00:00,Footwear,1,3587.53,0.0,3031,2,0.15000272670850895,Prepaid,North,6,0,0
4622,2023-06-10 00:00:00+00:00,Beauty,0,3707.64,0.0,3256,0,0.0,Prepaid,West,10,4,0
4065,2023-06-11 00:00:00+00:00,Footwear,1,6152.43,0.25289209753716796,1928,1,0.3568821583916252,Prepaid,West,5,1,0
2580,2023-06-11 00:00:00+00:00,Home,0,1113.96,0.0,2607,1,0.13797022096193864,Prepaid,West,12,0,0
2779,2023-06-11 00:00:00+00:00,Apparel,1,1412.21,0.44123762252490306,1279,2,0.13974586784795795,Prepaid,North,13,2,0
2866,2023-06-11 00:00:00+00:00,Apparel,1,725.07,0.0,3151,1,0.39417598349045146,Prepaid,East,8,0,1
2858,2023-06-11 00:00:00+00:00,Beauty,0,554.98,0.0,3427,0,0.0,Prepaid,West,7,1,0
2923,2023-06-11 00:00:00+00:00,Apparel,1,520.57,0.0,2462,6,0.36691726987199397,Prepaid,West,14,1,0
151,2023-06-11 00:00:00+00:00,Apparel,1,927.79,0.29244032459305347,3449,2,0.0747140013864966,Prepaid,East,5,5,0
3842,2023-06-11 00:00:00+00:00,Apparel,1,546.93,0.13871531066197973,3429,0,0.0,Prepaid,North,9,6,1
2344,2023-06-11 00:00:00+00:00,Apparel,1,2029.59,0.0,4403,2,0.0008661115528839794,Prepaid,North,8,0,0
1195,2023-06-11 00:00:00+00:00,Electronics,0,1918.0,0.0,4065,0,0.0,COD,North,2,3,0
4391,2023-06-11 00:00:00+00:00,Home,0,1969.81,0.05891220064093564,1986,3,0.12842396459043418,Prepaid,East,7,1,1
2726,2023-06-11 00:00:00+00:00,Beauty,0,898.27,0.0,2191,1,0.1608569689662546,Prepaid,West,8,5,0
2248,2023-06-11 00:00:00+00:00,Electronics,0,989.32,0.0,2112,4,0.24276955973607012,Prepaid,East,6,18,0
243,2023-06-11 00:00:00+00:00,Apparel,1,1566.12,0.0,4100,1,0.19670575489786699,Prepaid,West,12,0,0
1194,2023-06-11 00:00:00+00:00,Home,0,7680.46,0.4686486122808541,4370,3,0.03404836190000755,COD,South,5,1,0
260,2023-06-11 00:00:00+00:00,Home,0,2810.77,0.23613582379243087,1487,3,0.17520389074795037,COD,South,9,6,0
1955,2023-06-11 00:00:00+00:00,Apparel,1,252.73,0.0,2518,4,0.4218056853297032,COD,South,13,0,0
4648,2023-06-11 00:00:00+00:00,Apparel,1,1688.2,0.0,2984,1,0.1112363964540136,COD,South,11,1,0
3046,2023-06-11 00:00:00+00:00,Home,0,2287.4,0.0859859409057204,3458,6,0.13078286682659354,Prepaid,South,12,2,0
2549,2023-06-11 00:00:00+00:00,Apparel,1,664.6,0.31775494962916984,3647,2,0.04148240822251981,COD,South,9,1,0
2562,2023-06-11 00:00:00+00:00,Apparel,1,312.61,0.0,3715,1,0.030961600487753056,COD,East,6,0,0
3470,2023-06-11 00:00:00+00:00,Electronics,0,3842.4,0.10454006474100463,1290,2,0.19538842661546554,Prepaid,East,9,1,0
342,2023-06-11 00:00:00+00:00,Electronics,0,187.9,0.0,4263,2,0.2536673185409637,Prepaid,West,11,1,0
2070,2023-06-12 00:00:00+00:00,Electronics,0,5577.72,0.20114538459703105,1518,0,0.0,Prepaid,East,7,0,0
1706,2023-06-12 00:00:00+00:00,Footwear,1,877.21,0.0,3344,3,0.05856981206257561,Prepaid,South,6,1,1
2317,2023-06-12 00:00:00+00:00,Footwear,1,527.52,0.0,3328,3,0.23725213311106125,Prepaid,North,6,0,0
3655,2023-06-12 00:00:00+00:00,Apparel,1,721.54,0.13426698508021098,3224,2,0.010695450292109452,Prepaid,West,5,6,0
276,2023-06-12 00:00:00+00:00,Apparel,1,641.05,0.0,1523,1,0.3560328866951354,Prepaid,West,9,0,1
275,2023-06-12 00:00:00+00:00,Beauty,0,1433.53,0.0,2819,4,0.11719930859235643,COD,East,2,4,0
3907,2023-06-12 00:00:00+00:00,Electronics,0,3831.64,0.0,3954,2,0.1347818169302691,Prepaid,East,8,5,0
498,2023-06-12 00:00:00+00:00,Apparel,1,8696.4,0.0,3434,3,0.32423529250125754,COD,South,2,2,0
242,2023-06-12 00:00:00+00:00,Apparel,1,2657.43,0.0,4257,4,0.11960200382339133,Prepaid,East,8,7,0
486,2023-06-12 00:00:00+00:00,Footwear,1,1012.28,0.46007559571597445,4239,4,0.21537619643459854,Prepaid,South,2,6,0
4658,2023-06-12 00:00:00+00:00,Apparel,1,1155.18,0.0,4433,1,0.2211328195875911,COD,West,14,4,0
4645,2023-06-12 00:00:00+00:00,Electronics,0,3067.19,0.0,2710,4,0.005671078342910657,Prepaid,North,11,2,0
3459,2023-06-12 00:00:00+00:00,Apparel,1,1863.51,0.0,3208,3,0.08979918802075104,Prepaid,North,11,5,1
4620,2023-06-12 00:00:00+00:00,Apparel,1,1557.41,0.0,3363,2,0.14447145436555206,Prepaid,West,1,2,0
2952,2023-06-12 00:00:00+00:00,Apparel,1,2535.63,0.05943856014588301,3043,4,0.06086427280480458,Prepaid,East,4,8,0
1694,2023-06-12 00:00:00+00:00,Apparel,1,230.18,0.0,2612,6,0.11769093938431754,Prepaid,West,5,1,0
2377,2023-06-12 00:00:00+00:00,Apparel,1,3148.88,0.16076417139883864,3951,1,0.10865076470712144,COD,North,13,10,0
3782,2023-06-12 00:00:00+00:00,Footwear,1,454.75,0.2128350393995738,3684,2,0.13099459226525548,COD,South,4,1,0
4469,2023-06-12 00:00:00+00:00,Apparel,1,5580.92,0.0,4224,1,0.08593399548405418,Prepaid,East,14,0,0
4460,2023-06-12 00:00:00+00:00,Apparel,1,381.59,0.0,1052,4,0.5292755273504901,Prepaid,West,12,0,0
2814,2023-06-12 00:00:00+00:00,Beauty,0,1369.52,0.0,3053,2,0.45325099499021315,Prepaid,South,13,1,0
4041,2023-06-12 00:00:00+00:00,Apparel,1,835.56,0.15440279073407692,3277,3,0.006125317345059526,Prepaid,North,8,6,1
772,2023-06-12 00:00:00+00:00,Beauty,0,828.57,0.0,1579,3,0.006150113430297829,COD,West,1,4,0
1178,2023-06-12 00:00:00+00:00,Electronics,0,8478.01,0.02369818282151641,1734,1,0.12812301099396647,Prepaid,West,8,0,0
3967,2023-06-13 00:00:00+00:00,Beauty,0,443.39,0.0752167487631501,1240,2,0.7248447518168522,Prepaid,North,13,3,1
2558,2023-06-13 00:00:00+00:00,Apparel,1,1029.58,0.0,1019,5,0.15540120224404758,Prepaid,East,11,4,0
3825,2023-06-13 00:00:00+00:00,Home,0,1890.36,0.0,1283,5,0.21440744068655185,Prepaid,South,3,0,0
4962,2023-06-13 00:00:00+00:00,Apparel,1,1064.73,0.0,2774,0,0.0,COD,East,5,3,0
1491,2023-06-13 00:00:00+00:00,Apparel,1,2697.39,0.0,3155,5,0.6304643497168879,Prepaid,North,9,7,1
1817,2023-06-13 00:00:00+00:00,Footwear,1,358.05,0.10170250985282298,4308,0,0.0,Prepaid,North,8,4,1
3161,2023-06-13 00:00:00+00:00,Apparel,1,361.18,0.0,2131,3,0.016772622177349317,Prepaid,South,6,2,0
4322,2023-06-13 00:00:00+00:00,Electronics,0,448.42,0.4982098284878329,1662,1,0.018892596022537407,Prepaid,North,11,9,0
4795,2023-06-13 00:00:00+00:00,Electronics,0,601.28,0.010837930460069617,1157,2,0.12119750326630167,Prepaid,East,12,3,0
2226,2023-06-13 00:00:00+00:00,Apparel,1,210.24,0.12215162823228726,1269,2,0.07180595731945633,Prepaid,North,12,0,0
63,2023-06-13 00:00:00+00:00,Electronics,0,1761.0,0.0,1249,2,0.11010428413380245,COD,North,5,0,0
1275,2023-06-13 00:00:00+00:00,Home,0,2703.84,0.2903030237601514,3330,0,0.0,Prepaid,West,9,0,0
4393,2023-06-13 00:00:00+00:00,Footwear,1,18039.19,0.19434954896187578,3239,4,0.04553648690856708,Prepaid,West,14,1,0
4847,2023-06-13 00:00:00+00:00,Home,0,561.5,0.0,1003,3,0.10453006575230091,Prepaid,North,7,2,0
2228,2023-06-14 00:00:00+00:00,Apparel,1,965.95,0.14524046334240132,4485,1,0.027967640785757527,Prepaid,South,2,4,0
3966,2023-06-14 00:00:00+00:00,Footwear,1,426.31,0.012354760015946292,2994,2,0.3061856710559648,COD,North,5,4,0
2666,2023-06-14 00:00:00+00:00,Home,0,1264.18,0.20735433029702924,1675,4,0.012954320964072914,Prepaid,North,1,0,0
428,2023-06-14 00:00:00+00:00,Apparel,1,558.29,0.0,2487,3,0.13915812916011935,Prepaid,South,1,0,0
3663,2023-06-14 00:00:00+00:00,Apparel,1,3633.01,0.0,1158,0,0.0,Prepaid,East,9,0,0
1104,2023-06-14 00:00:00+00:00,Beauty,0,751.88,0.0,1321,2,0.016442317713190636,Prepaid,North,1,0,0
1058,2023-06-14 00:00:00+00:00,Apparel,1,377.42,0.0,4269,0,0.0,Prepaid,South,11,3,0
2994,2023-06-14 00:00:00+00:00,Electronics,0,1074.85,0.0,4002,1,0.02009324471763907,Prepaid,East,9,0,0
93,2023-06-14 00:00:00+00:00,Beauty,0,18686.98,0.0,1987,1,0.16713285288189958,COD,East,4,0,0
3561,2023-06-14 00:00:00+00:00,Footwear,1,1594.38,0.08791663499994191,4141,2,0.008961676842685992,Prepaid,South,2,0,0
1935,2023-06-14 00:00:00+00:00,Apparel,1,3491.33,0.0,2401,2,0.04263431016872227,Prepaid,South,3,8,1
2832,2023-06-14 00:00:00+00:00,Home,0,1449.67,0.0,2123,0,0.0,COD,East,5,0,0
3442,2023-06-14 00:00:00+00:00,Electronics,0,1389.31,0.0,1324,1,0.13959146829253763,Prepaid,West,7,2,0
4103,2023-06-14 00:00:00+00:00,Beauty,0,991.56,0.0,3682,1,0.3039274702823478,Prepaid,South,4,1,0
3370,2023-06-14 00:00:00+00:00,Apparel,1,1554.35,0.0,1292,0,0.0,Prepaid,South,4,0,0
4862,2023-06-14 00:00:00+00:00,Apparel,1,1771.56,0.0,1596,1,0.33183534388014047,Prepaid,East,9,5,0
1226,2023-06-14 00:00:00+00:00,Footwear,1,976.66,0.0,1408,0,0.0,COD,South,7,0,0
4790,2023-06-14 00:00:00+00:00,Apparel,1,995.51,0.0,3670,1,0.2922846782386435,Prepaid,West,3,0,0
2921,2023-06-14 00:00:00+00:00,Footwear,1,1707.04,0.0,4101,3,0.116234819454309,Prepaid,East,5,1,0
926,2023-06-15 00:00:00+00:00,Electronics,0,202.21,0.0,1556,1,0.23025509958370163,Prepaid,South,14,3,0
3120,2023-06-15 00:00:00+00:00,Apparel,1,969.61,0.35679824352048084,2855,2,0.2280750682674588,Prepaid,West,12,0,0
1546,2023-06-15 00:00:00+00:00,Beauty,0,532.1,0.11658226498768245,2983,4,0.20449353572760826,Prepaid,West,10,1,0
2764,2023-06-15 00:00:00+00:00,Footwear,1,778.61,0.0,4462,2,0.12494447323871528,Prepaid,South,5,2,1
2296,2023-06-15 00:00:00+00:00,Home,0,4280.81,0.0,1125,3,0.08317729093325248,Prepaid,West,10,0,0
2313,2023-06-15 00:00:00+00:00,Electronics,0,5583.62,0.0,3670,1,0.15560579754037832,Prepaid,South,12,0,1
2963,2023-06-15 00:00:00+00:00,Apparel,1,18565.52,0.0,4217,4,0.02773648761839702,Prepaid,West,6,5,0
619,2023-06-15 00:00:00+00:00,Apparel,1,956.94,0.0,1869,0,0.0,Prepaid,East,8,3,0
3144,2023-06-15 00:00:00+00:00,Beauty,0,10626.69,0.08142742000564836,4439,2,0.3733470148468735,Prepaid,South,3,0,0
4383,2023-06-15 00:00:00+00:00,Apparel,1,544.03,0.0,3676,0,0.0,COD,North,12,0,1
938,2023-06-15 00:00:00+00:00,Home,0,3725.23,0.2099389309084534,2694,2,0.06877250302954675,Prepaid,North,14,3,0
4191,2023-06-15 00:00:00+00:00,Footwear,1,3852.42,0.06506149393247762,3265,4,0.6257253651914051,Prepaid,West,14,0,1
2081,2023-06-15 00:00:00+00:00,Footwear,1,629.91,0.0,4475,2,0.35994642420460277,Prepaid,East,9,5,1
2995,2023-06-15 00:00:00+00:00,Home,0,4276.95,0.014664709331082798,3236,1,0.38632626512796203,Prepaid,South,5,1,0
3005,2023-06-15 00:00:00+00:00,Apparel,1,1951.12,0.36732264060967346,3170,1,0.05796285258993404,COD,West,3,0,0
4709,2023-06-15 00:00:00+00:00,Home,0,296.38,0.08446423563975007,2927,2,0.020828374242566446,COD,North,12,0,0
2237,2023-06-15 00:00:00+00:00,Footwear,1,366.95,0.0,4235,1,0.18105323664281617,Prepaid,East,7,1,0
902,2023-06-15 00:00:00+00:00,Home,0,2920.39,0.39431741564090317,4464,5,0.2887919455539241,COD,East,5,2,0
4129,2023-06-15 00:00:00+00:00,Electronics,0,964.88,0.0018357501589537917,4374,2,0.08696671583580441,COD,East,10,0,1
103,2023-06-15 00:00:00+00:00,Apparel,1,731.01,0.0,2825,2,0.19226062624505036,Prepaid,North,4,0,0
3141,2023-06-15 00:00:00+00:00,Apparel,1,177.04,0.07485582728239278,1432,3,0.11275784476727957,Prepaid,North,2,0,0
1377,2023-06-15 00:00:00+00:00,Footwear,1,427.05,0.22967131808638108,2098,1,0.7186496523753219,Prepaid,East,8,0,1
70,2023-06-15 00:00:00+00:00,Apparel,1,398.57,0.0,2494,3,0.04651156638797162,Prepaid,South,14,2,0
585,2023-06-15 00:00:00+00:00,Electronics,0,1139.93,0.0,2312,5,0.1088847733022541,COD,South,11,1,0
1500,2023-06-15 00:00:00+00:00,Apparel,1,1708.67,0.0,3031,0,0.0,Prepaid,South,2,4,1
1401,2023-06-15 00:00:00+00:00,Beauty,0,1991.99,0.0,1652,4,0.13458552583267486,Prepaid,North,6,6,0
1427,2023-06-15 00:00:00+00:00,Beauty,0,982.07,0.0,1079,4,0.07631705138762208,Prepaid,West,11,3,0
2896,2023-06-15 00:00:00+00:00,Apparel,1,1902.76,0.0,1547,3,0.2876118495971465,Prepaid,North,13,6,1
2396,2023-06-16 00:00:00+00:00,Apparel,1,5084.02,0.0,3462,3,0.02264627724914643,COD,East,13,0,1
2279,2023-06-16 00:00:00+00:00,Apparel,1,2884.77,0.0,1611,1,0.07325266635389302,Prepaid,West,1,4,0
2636,2023-06-16 00:00:00+00:00,Apparel,1,1032.29,0.12115328193193592,2152,1,0.06823402268001282,COD,South,6,2,0
415,2023-06-16 00:00:00+00:00,Electronics,0,7719.36,0.0,1330,1,0.13521797376273123,Prepaid,South,14,1,0
1130,2023-06-16 00:00:00+00:00,Apparel,1,288.59,0.2778427198300998,1349,4,0.21267280608863876,Prepaid,East,13,0,1
3449,2023-06-16 00:00:00+00:00,Footwear,1,1260.41,0.0,2452,3,0.345745006349148,COD,East,12,4,0
283,2023-06-16 00:00:00+00:00,Electronics,0,2674.91,0.0,3445,4,0.0484359956257669,Prepaid,East,13,2,0
4243,2023-06-16 00:00:00+00:00,Beauty,0,593.72,0.0,1603,2,0.009498706318135769,Prepaid,North,11,6,0
566,2023-06-16 00:00:00+00:00,Home,0,2211.09,0.16340814991063823,2098,2,0.5206969917082852,Prepaid,North,1,4,0
1105,2023-06-16 00:00:00+00:00,Footwear,1,2690.65,0.0,3886,2,0.596231678246012,Prepaid,South,5,5,1
4993,2023-06-16 00:00:00+00:00,Electronics,0,1081.23,0.043876504771631686,2634,3,0.2659262632038759,Prepaid,North,6,1,0
560,2023-06-16 00:00:00+00:00,Electronics,0,2713.45,0.0,3722,3,0.02470499097223275,Prepaid,South,6,6,0
2971,2023-06-16 00:00:00+00:00,Electronics,0,6086.77,0.37704019114994347,4484,2,0.10266979820648575,Prepaid,West,2,2,1
2542,2023-06-16 00:00:00+00:00,Home,0,2788.08,0.0,3683,4,0.08423955605354257,COD,South,5,7,0
3847,2023-06-16 00:00:00+00:00,Apparel,1,1124.03,0.0,2535,2,0.38307922597148775,COD,North,11,4,0
1007,2023-06-16 00:00:00+00:00,Home,0,1335.7,0.0,2637,3,0.08208661105950606,Prepaid,West,4,7,0
3270,2023-06-16 00:00:00+00:00,Beauty,0,3663.94,0.0,3129,1,0.4883561536717503,Prepaid,West,11,11,0
4195,2023-06-16 00:00:00+00:00,Apparel,1,1206.82,0.0,2180,1,0.37132651547944245,COD,South,2,0,0
3514,2023-06-16 00:00:00+00:00,Apparel,1,2284.37,0.08991208945382587,3329,4,0.07589212151841243,Prepaid,North,1,0,0
3956,2023-06-16 00:00:00+00:00,Footwear,1,664.59,0.0,1929,2,0.3397383046456616,Prepaid,South,12,0,0
4417,2023-06-16 00:00:00+00:00,Home,0,570.94,0.20585454389675922,4323,2,0.06918419187824561,Prepaid,North,2,0,0
1614,2023-06-16 00:00:00+00:00,Electronics,0,3264.91,0.0,1901,1,0.683671783111921,Prepaid,North,11,0,0
641,2023-06-16 00:00:00+00:00,Footwear,1,3768.51,0.0,2536,4,0.07573220306915165,COD,North,4,13,0
2903,2023-06-16 00:00:00+00:00,Home,0,694.67,0.28667653370864027,2940,1,0.08294370841576096,COD,East,10,2,0
1269,2023-06-16 00:00:00+00:00,Apparel,1,1251.28,0.0,3723,2,0.135656970405966,Prepaid,North,4,0,0
2663,2023-06-17 00:00:00+00:00,Apparel,1,400.84,0.0,3794,5,0.11251769690909554,Prepaid,South,1,5,1
1716,2023-06-17 00:00:00+00:00,Electronics,0,449.66,0.14643590750906807,1262,4,0.35019869038544865,Prepaid,South,12,3,0
2806,2023-06-17 00:00:00+00:00,Electronics,0,295.23,0.4086051229158222,1155,1,0.06336759667385686,Prepaid,East,6,3,0
4342,2023-06-17 00:00:00+00:00,Electronics,0,1141.34,0.0,1557,3,0.13594187165941424,Prepaid,North,11,1,0
2736,2023-06-17 00:00:00+00:00,Apparel,1,1570.87,0.026401688604672555,2679,1,0.241862757317714,Prepaid,South,11,0,0
2805,2023-06-17 00:00:00+00:00,Electronics,0,921.31,0.0,4074,1,0.016569629094325376,Prepaid,East,3,9,0
3590,2023-06-17 00:00:00+00:00,Footwear,1,1787.23,0.0,3854,2,0.21420616045393231,Prepaid,South,9,2,0
310,2023-06-17 00:00:00+00:00,Apparel,1,1575.41,0.0,2036,1,0.3547364312213452,Prepaid,South,2,0,0
91,2023-06-17 00:00:00+00:00,Home,0,1213.78,0.0,1390,2,0.34681056154993234,COD,South,7,3,0
1526,2023-06-17 00:00:00+00:00,Electronics,0,1752.0,0.013745346390428098,3028,1,0.18683118032190313,Prepaid,East,10,1,0
4448,2023-06-17 00:00:00+00:00,Home,0,6930.87,0.02963719720201484,2565,3,0.1685766959896747,COD,East,6,2,0
4170,2023-06-17 00:00:00+00:00,Electronics,0,73.85,0.6620154146146856,2923,2,0.36912747856576855,COD,West,5,1,1
2192,2023-06-17 00:00:00+00:00,Electronics,0,1907.91,0.4897651232306226,1491,1,0.06242731287194816,Prepaid,East,12,4,0
256,2023-06-17 00:00:00+00:00,Apparel,1,632.24,0.06746260833275061,1323,2,0.22534780334834156,Prepaid,West,14,0,1
4067,2023-06-17 00:00:00+00:00,Apparel,1,2055.08,0.0,1840,1,0.031247446175638398,COD,North,10,0,0
3826,2023-06-17 00:00:00+00:00,Home,0,149.88,0.0,3207,3,0.14367876551241704,COD,North,6,5,0
1128,2023-06-17 00:00:00+00:00,Beauty,0,1536.44,0.0703900144528612,3064,2,0.24408500083572254,COD,West,1,9,0
1682,2023-06-17 00:00:00+00:00,Electronics,0,811.96,0.09623640076161999,3795,2,0.22791321525545688,COD,West,14,0,0
640,2023-06-17 00:00:00+00:00,Apparel,1,3273.76,0.0,1349,0,0.0,Prepaid,West,13,12,1
255,2023-06-17 00:00:00+00:00,Home,0,373.57,0.0855753149097252,4049,3,0.2132918381674395,Prepaid,South,14,1,0
946,2023-06-17 00:00:00+00:00,Apparel,1,354.43,0.0,3770,3,0.0008400303320374007,Prepaid,West,8,2,0
4866,2023-06-17 00:00:00+00:00,Apparel,1,1072.22,0.0,3848,0,0.0,Prepaid,West,13,0,0
2744,2023-06-17 00:00:00+00:00,Footwear,1,1514.23,0.0,2803,2,0.06373703371811174,Prepaid,South,8,1,0
4907,2023-06-17 00:00:00+00:00,Footwear,1,599.69,0.0,4169,1,0.3621303532097571,COD,East,11,1,0
4298,2023-06-17 00:00:00+00:00,Apparel,1,182.21,0.0,2052,1,0.07947361362941306,Prepaid,South,14,2,0
2469,2023-06-18 00:00:00+00:00,Apparel,1,1408.51,0.0,3892,3,0.05200086319275462,Prepaid,East,5,2,0
4807,2023-06-18 00:00:00+00:00,Electronics,0,2711.11,0.0,4111,2,0.04148231541339083,Prepaid,South,8,3,0
2119,2023-06-18 00:00:00+00:00,Home,0,400.34,0.3634223940559995,3329,1,0.05475253156885975,Prepaid,North,6,0,0
1279,2023-06-18 00:00:00+00:00,Apparel,1,966.86,0.1897682701722887,2608,2,0.059880628772179686,Prepaid,South,6,2,0
4902,2023-06-18 00:00:00+00:00,Apparel,1,10740.41,0.0,3385,0,0.0,Prepaid,East,2,0,0
2085,2023-06-18 00:00:00+00:00,Apparel,1,4651.19,0.2336008063876404,3864,3,0.07303236986538976,COD,South,2,3,0
3219,2023-06-18 00:00:00+00:00,Home,0,11918.47,0.100401579169428,3730,0,0.0,Prepaid,South,8,1,0
463,2023-06-18 00:00:00+00:00,Footwear,1,3219.93,0.37894001095011176,2611,4,0.12865938910600683,COD,West,3,0,1
1288,2023-06-18 00:00:00+00:00,Apparel,1,2540.8,0.0,3476,2,0.49300578094811603,COD,South,13,4,1
436,2023-06-18 00:00:00+00:00,Home,0,384.93,0.0,2382,4,0.0550126949550322,Prepaid,West,9,3,0
3745,2023-06-18 00:00:00+00:00,Home,0,2476.17,0.06256774407577903,2590,3,0.19720319897203037,COD,South,2,1,0
4031,2023-06-18 00:00:00+00:00,Footwear,1,635.35,0.0,4289,2,0.27015596067728787,COD,East,12,4,1
3899,2023-06-18 00:00:00+00:00,Electronics,0,2934.55,0.0023579893417406406,1954,0,0.0,COD,West,3,1,0
2056,2023-06-18 00:00:00+00:00,Electronics,0,3838.14,0.11093208896438803,1726,4,0.07032433535921162,Prepaid,South,11,3,0
4817,2023-06-18 00:00:00+00:00,Footwear,1,1331.78,0.08354170583634107,2635,0,0.0,Prepaid,West,1,1,0
3699,2023-06-18 00:00:00+00:00,Electronics,0,516.96,0.0,1717,0,0.0,Prepaid,South,3,0,0
4965,2023-06-18 00:00:00+00:00,Apparel,1,297.61,0.2923819852419268,1057,4,0.2535015898353873,Prepaid,North,13,2,0
3887,2023-06-18 00:00:00+00:00,Apparel,1,2359.62,0.04771989872542829,1549,3,0.14369368407201813,Prepaid,East,14,2,0
196,2023-06-18 00:00:00+00:00,Beauty,0,358.91,0.0,1287,3,0.02960404090013424,Prepaid,South,10,2,0
3298,2023-06-18 00:00:00+00:00,Home,0,21212.38,0.43167405044070406,2662,2,0.006110204590604092,Prepaid,East,12,0,0
4563,2023-06-18 00:00:00+00:00,Apparel,1,415.65,0.06634982850621146,3787,2,0.10167154917124177,Prepaid,West,4,0,1
3351,2023-06-18 00:00:00+00:00,Apparel,1,2000.58,0.0,4439,3,0.027815565977969456,Prepaid,North,11,4,0
3934,2023-06-18 00:00:00+00:00,Home,0,1463.2,0.0,4343,2,0.25294167891699243,Prepaid,East,7,1,0
2369,2023-06-18 00:00:00+00:00,Apparel,1,367.62,0.0,2014,2,0.5003536715948568,Prepaid,South,2,1,1
2830,2023-06-19 00:00:00+00:00,Apparel,1,1114.94,0.048279527614444255,3064,2,0.013732739496620981,Prepaid,East,7,8,0
900,2023-06-19 00:00:00+00:00,Electronics,0,2592.71,0.17580079114972716,3051,1,0.3079864372066203,Prepaid,North,13,2,0
3386,2023-06-19 00:00:00+00:00,Electronics,0,231.01,0.0,3962,2,0.04148622699503673,Prepaid,West,10,7,0
3070,2023-06-19 00:00:00+00:00,Beauty,0,2534.48,0.0,3506,4,0.02046602290468981,Prepaid,West,2,0,0
244,2023-06-19 00:00:00+00:00,Apparel,1,540.86,0.06320010262739091,4236,2,0.14610579610603902,Prepaid,West,5,5,0
2023,2023-06-19 00:00:00+00:00,Apparel,1,1315.8,0.014732372924604262,3785,2,0.16885504279701602,Prepaid,South,1,18,0
2930,2023-06-19 00:00:00+00:00,Apparel,1,4857.76,0.0,4459,3,0.11124627704340015,Prepaid,East,3,1,1
1015,2023-06-19 00:00:00+00:00,Electronics,0,1183.93,0.16128649306409146,2718,2,0.26260611862988636,Prepaid,West,12,3,0
1769,2023-06-19 00:00:00+00:00,Electronics,0,307.71,0.14793895080065037,3531,0,0.0,Prepaid,South,12,5,0
844,2023-06-19 00:00:00+00:00,Apparel,1,269.85,0.0,2768,1,0.03613443147083269,Prepaid,West,9,3,0
3790,2023-06-19 00:00:00+00:00,Beauty,0,3263.99,0.03714923482500615,2417,2,0.052894046940345024,Prepaid,North,2,2,0
3959,2023-06-19 00:00:00+00:00,Apparel,1,1486.96,0.22494263203792975,1112,1,0.22561407198857947,Prepaid,North,1,1,0
2607,2023-06-19 00:00:00+00:00,Apparel,1,3267.11,0.09742957128391633,4217,3,0.027162177937295855,COD,North,7,3,1
2962,2023-06-19 00:00:00+00:00,Apparel,1,938.54,0.0,3331,0,0.0,Prepaid,North,11,8,1
3728,2023-06-19 00:00:00+00:00,Home,0,1103.66,0.11787001285725812,3855,2,0.06139182132245541,Prepaid,West,7,2,0
3726,2023-06-19 00:00:00+00:00,Footwear,1,31966.57,0.0,2544,1,0.14586860653750713,Prepaid,South,10,13,0
3718,2023-06-19 00:00:00+00:00,Electronics,0,520.92,0.20354525293759762,2297,0,0.0,Prepaid,North,6,1,0
2277,2023-06-19 00:00:00+00:00,Apparel,1,197.86,0.0,3798,3,0.2593751019897145,Prepaid,West,11,3,0
2246,2023-06-19 00:00:00+00:00,Electronics,0,1909.25,0.0,3436,2,0.09302817302014428,COD,South,11,1,1
1762,2023-06-19 00:00:00+00:00,Beauty,0,232.01,0.08871217640024567,3864,1,0.5296707736670183,COD,South,12,0,1
2979,2023-06-19 00:00:00+00:00,Apparel,1,1046.47,0.0,3162,2,0.068990020186423,Prepaid,West,9,2,0
4355,2023-06-19 00:00:00+00:00,Apparel,1,2155.88,0.10723781135483464,3914,3,0.4971296391201052,COD,South,14,0,1
1802,2023-06-19 00:00:00+00:00,Electronics,0,290.74,0.0,3556,2,0.2793616626290831,Prepaid,North,3,0,0
3291,2023-06-19 00:00:00+00:00,Electronics,0,409.06,0.0,1749,3,0.1541993894125089,Prepaid,South,13,1,0
3112,2023-06-19 00:00:00+00:00,Footwear,1,694.1,0.1315865426386114,1736,0,0.0,Prepaid,North,1,3,0
3011,2023-06-19 00:00:00+00:00,Home,0,581.26,0.0,3269,2,0.5444173198171497,COD,South,2,1,0
3859,2023-06-19 00:00:00+00:00,Beauty,0,5287.61,0.053801887892855275,3649,4,0.05752997812124833,Prepaid,West,8,3,0
2525,2023-06-19 00:00:00+00:00,Home,0,895.35,0.12952354813910336,1371,1,0.17726132064998643,Prepaid,East,3,1,0
2407,2023-06-19 00:00:00+00:00,Apparel,1,874.31,0.25792463362921236,2373,0,0.0,COD,North,13,1,0
2196,2023-06-19 00:00:00+00:00,Apparel,1,958.07,0.005421152239648702,3074,3,0.31088724157565506,Prepaid,East,3,0,0
2792,2023-06-20 00:00:00+00:00,Apparel,1,1873.77,0.2004617967600996,2101,5,0.18417105021765026,COD,South,12,3,1
4842,2023-06-20 00:00:00+00:00,Apparel,1,4891.06,0.0,3377,0,0.0,Prepaid,South,13,2,0
2198,2023-06-20 00:00:00+00:00,Home,0,1683.98,0.0,1420,1,0.010576138225203388,Prepaid,East,14,3,0
4334,2023-06-20 00:00:00+00:00,Electronics,0,3395.4,0.02864537185939227,2914,2,0.18652500023352822,COD,East,11,2,0
1336,2023-06-20 00:00:00+00:00,Electronics,0,634.29,0.0,4067,1,0.12490862357412896,Prepaid,East,12,0,0
2306,2023-06-20 00:00:00+00:00,Apparel,1,2431.01,0.008059596339935887,4329,2,0.30302757414341835,Prepaid,North,2,10,0
2219,2023-06-20 00:00:00+00:00,Apparel,1,4046.37,0.08594446698336516,1098,3,0.15849628798007184,COD,East,1,6,1
3288,2023-06-20 00:00:00+00:00,Apparel,1,599.27,0.0,4103,2,0.13603852163758257,Prepaid,South,14,3,1
4808,2023-06-20 00:00:00+00:00,Home,0,443.72,0.19275442599676196,1118,1,0.0234250180292227,Prepaid,West,10,10,0
1230,2023-06-20 00:00:00+00:00,Apparel,1,705.73,0.2388932345302055,2751,1,0.06172729322051736,Prepaid,North,11,1,0
798,2023-06-20 00:00:00+00:00,Apparel,1,281.32,0.0,3926,3,0.059634592741748246,Prepaid,East,13,2,0
4818,2023-06-20 00:00:00+00:00,Beauty,0,1520.29,0.0,3405,1,0.024634200520729125,COD,East,10,1,0
4636,2023-06-20 00:00:00+00:00,Beauty,0,4990.21,0.320613322675547,1414,0,0.0,Prepaid,East,2,2,0
3559,2023-06-20 00:00:00+00:00,Apparel,1,1041.28,0.0,3159,0,0.0,Prepaid,East,4,0,0
356,2023-06-20 00:00:00+00:00,Apparel,1,548.65,0.0,2044,7,0.14894144907888066,Prepaid,West,2,0,0
128,2023-06-20 00:00:00+00:00,Beauty,0,1864.27,0.0,3560,0,0.0,Prepaid,South,11,6,0
4427,2023-06-20 00:00:00+00:00,Footwear,1,2429.23,0.0,3408,1,0.3222278784122695,Prepaid,South,9,10,0
4508,2023-06-20 00:00:00+00:00,Home,0,701.79,0.0,1379,2,0.7141516581272864,Prepaid,North,8,0,1
4162,2023-06-20 00:00:00+00:00,Apparel,1,780.52,0.0,4146,5,0.18836970455491686,Prepaid,South,12,0,0
401,2023-06-20 00:00:00+00:00,Apparel,1,1275.05,0.18495389067410062,3784,0,0.0,Prepaid,West,14,3,0
2418,2023-06-20 00:00:00+00:00,Apparel,1,809.51,0.3278577543762897,3797,2,0.062317903075882815,Prepaid,East,13,2,0
1898,2023-06-20 00:00:00+00:00,Apparel,1,3172.62,0.0,1241,2,0.44422139321948856,Prepaid,South,13,2,1
1461,2023-06-20 00:00:00+00:00,Apparel,1,530.21,0.0,1946,3,0.03163801646168983,Prepaid,South,7,2,0
2839,2023-06-20 00:00:00+00:00,Electronics,0,582.19,0.0,3951,6,0.07862348124439797,Prepaid,East,14,2,0
3068,2023-06-20 00:00:00+00:00,Apparel,1,2512.43,0.22060785506044087,3160,1,0.1504110167856804,Prepaid,East,13,1,0
1617,2023-06-20 00:00:00+00:00,Apparel,1,1845.27,0.3413444861661761,1498,2,0.11269031868073918,COD,South,5,1,1
4054,2023-06-20 00:00:00+00:00,Beauty,0,1207.0,0.0,2524,1,0.214719825187479,Prepaid,South,13,7,0
1675,2023-06-20 00:00:00+00:00,Apparel,1,638.88,0.33615439139663306,1879,0,0.0,Prepaid,West,14,7,0
56,2023-06-20 00:00:00+00:00,Electronics,0,718.81,0.0,4468,2,0.09355527055120066,COD,East,11,3,0
1141,2023-06-20 00:00:00+00:00,Electronics,0,2394.42,0.08307388660508543,3765,2,0.2620921635824268,Prepaid,West,2,1,0
2669,2023-06-20 00:00:00+00:00,Electronics,0,121.36,0.0,3046,4,0.21246485012860314,Prepaid,North,7,1,0
935,2023-06-21 00:00:00+00:00,Apparel,1,400.39,0.0,4183,1,0.04062622035064026,COD,South,6,1,0
1096,2023-06-21 00:00:00+00:00,Beauty,0,910.39,0.324452625628155,1686,1,0.23755617995522638,Prepaid,South,11,2,0
3785,2023-06-21 00:00:00+00:00,Beauty,0,196.15,0.0,4406,3,0.2531905523668233,Prepaid,South,10,1,0
3510,2023-06-21 00:00:00+00:00,Home,0,1560.91,0.1371756526240042,2255,4,0.22252028121011883,COD,North,13,1,0
4165,2023-06-21 00:00:00+00:00,Electronics,0,506.69,0.0,3649,3,0.13379652847653706,Prepaid,North,9,5,1
1235,2023-06-21 00:00:00+00:00,Beauty,0,753.89,0.0,2734,2,0.4026382313039178,Prepaid,East,12,13,0
2870,2023-06-21 00:00:00+00:00,Apparel,1,245.86,0.0,1624,1,0.16039675740916925,Prepaid,South,11,3,0
379,2023-06-21 00:00:00+00:00,Beauty,0,3736.16,0.0,1581,0,0.0,Prepaid,West,6,12,0
4196,2023-06-21 00:00:00+00:00,Beauty,0,1065.44,0.0,3321,2,0.16424322203030478,Prepaid,East,8,1,0
281,2023-06-21 00:00:00+00:00,Footwear,1,7404.87,0.3346390068431893,4389,2,0.054247603496935096,Prepaid,North,1,2,0
1196,2023-06-21 00:00:00+00:00,Home,0,2701.32,0.0,2478,4,0.17317611008000383,Prepaid,South,14,4,0
1978,2023-06-21 00:00:00+00:00,Electronics,0,1017.36,0.0,2286,2,0.09614209401171522,Prepaid,West,7,2,0
2533,2023-06-21 00:00:00+00:00,Footwear,1,3942.94,0.24131883306461227,1058,0,0.0,Prepaid,North,3,6,0
1009,2023-06-21 00:00:00+00:00,Apparel,1,2791.01,0.2194480584828899,3078,0,0.0,COD,West,6,3,0
1685,2023-06-21 00:00:00+00:00,Beauty,0,900.37,0.0,3902,0,0.0,Prepaid,East,2,0,0
7,2023-06-21 00:00:00+00:00,Apparel,1,3303.44,0.0,2893,3,0.021674454098606893,Prepaid,South,4,0,0
4948,2023-06-21 00:00:00+00:00,Apparel,1,637.54,0.0,1529,1,0.17639877238274906,Prepaid,North,8,1,1
1229,2023-06-21 00:00:00+00:00,Electronics,0,1264.03,0.0,4464,3,0.25822816214808514,COD,West,2,6,0
2046,2023-06-21 00:00:00+00:00,Apparel,1,7803.73,0.5787524097079688,3478,3,0.4727837681499086,COD,West,13,1,1
4246,2023-06-21 00:00:00+00:00,Home,0,1358.08,0.3086240158289585,3768,0,0.0,Prepaid,East,7,4,0
1655,2023-06-21 00:00:00+00:00,Apparel,1,1555.99,0.0,1387,3,0.23575295704242244,Prepaid,West,4,3,0
533,2023-06-21 00:00:00+00:00,Home,0,2794.2,0.054292532883981864,1058,2,0.16449097892388945,Prepaid,East,10,0,0
3129,2023-06-21 00:00:00+00:00,Electronics,0,1812.59,0.0,1995,1,0.6915824059492599,COD,South,5,4,0
820,2023-06-21 00:00:00+00:00,Apparel,1,13370.82,0.0,1291,3,0.5907231645639737,COD,South,4,0,0
4883,2023-06-21 00:00:00+00:00,Beauty,0,1014.38,0.0,4277,1,0.24041413141877255,Prepaid,West,4,2,0
2659,2023-06-21 00:00:00+00:00,Apparel,1,279.65,0.0,4070,4,0.08872161035776241,COD,North,1,0,0
1787,2023-06-22 00:00:00+00:00,Apparel,1,929.47,0.0,3734,0,0.0,COD,West,2,3,0
3987,2023-06-22 00:00:00+00:00,Apparel,1,691.66,0.0,2635,2,0.3400403929159938,Prepaid,South,9,16,0
779,2023-06-22 00:00:00+00:00,Beauty,0,846.71,0.0,3778,1,0.09836795356428268,Prepaid,West,13,0,0
425,2023-06-22 00:00:00+00:00,Electronics,0,1591.8,0.0,4174,0,0.0,Prepaid,East,14,5,0
4370,2023-06-22 00:00:00+00:00,Apparel,1,1940.39,0.0,1408,1,0.09893778165637672,Prepaid,East,12,0,0
2541,2023-06-22 00:00:00+00:00,Footwear,1,1485.69,0.5787832374097096,2689,2,0.0902221315991149,Prepaid,West,2,0,0
1080,2023-06-22 00:00:00+00:00,Electronics,0,388.48,0.0,2914,1,0.018506076677832294,Prepaid,North,11,1,0
588,2023-06-22 00:00:00+00:00,Beauty,0,773.23,0.0,2135,0,0.0,COD,East,8,0,0
1134,2023-06-22 00:00:00+00:00,Apparel,1,3127.28,0.0,2067,3,0.028780536512706734,COD,South,1,0,1
4860,2023-06-22 00:00:00+00:00,Apparel,1,1213.41,0.0,2056,0,0.0,Prepaid,North,3,0,1
3793,2023-06-22 00:00:00+00:00,Footwear,1,2207.01,0.0,4433,2,0.21316442263739568,COD,North,6,11,0
457,2023-06-22 00:00:00+00:00,Beauty,0,2598.64,0.045181183391657866,2978,5,0.09736040740876427,Prepaid,North,2,0,1
2384,2023-06-22 00:00:00+00:00,Home,0,77.51,0.0,3671,2,0.07369878447912577,Prepaid,East,7,1,0
133,2023-06-22 00:00:00+00:00,Electronics,0,7817.44,0.0,4345,4,0.054789838861401485,Prepaid,East,2,1,0
4048,2023-06-22 00:00:00+00:00,Footwear,1,3084.71,0.0,2091,1,0.37873866452922955,Prepaid,South,7,0,1
3035,2023-06-22 00:00:00+00:00,Footwear,1,426.56,0.0,2497,3,0.09496686892263646,Prepaid,North,8,4,0
2821,2023-06-22 00:00:00+00:00,Footwear,1,326.7,0.0,3404,1,0.2128567239554496,COD,South,11,9,0
3323,2023-06-22 00:00:00+00:00,Apparel,1,164.06,0.30994573831007577,4042,1,0.027014117153978497,Prepaid,South,9,0,1
4880,2023-06-22 00:00:00+00:00,Beauty,0,2382.79,0.0,3992,2,0.35980437710018154,Prepaid,North,13,3,0
2937,2023-06-22 00:00:00+00:00,Apparel,1,1006.04,0.0,1287,2,0.3129050375972431,Prepaid,North,4,1,0
3852,2023-06-22 00:00:00+00:00,Electronics,0,612.06,0.04333337548103923,1153,4,0.1559162903417697,Prepaid,North,9,2,0
4771,2023-06-22 00:00:00+00:00,Apparel,1,282.36,0.0,4057,1,0.08440195008653284,COD,West,14,1,0
3409,2023-06-22 00:00:00+00:00,Apparel,1,1136.84,0.0,3408,1,0.0510036660018651,COD,West,5,1,1
2037,2023-06-22 00:00:00+00:00,Footwear,1,345.0,0.0,3043,2,0.05441258212682576,Prepaid,North,9,4,0
1966,2023-06-22 00:00:00+00:00,Electronics,0,1392.22,0.0,1410,2,0.10801820346601554,Prepaid,East,14,2,0
1424,2023-06-22 00:00:00+00:00,Footwear,1,917.82,0.17050909888251672,2299,2,0.3562316257024421,Prepaid,North,12,1,0
4966,2023-06-22 00:00:00+00:00,Home,0,608.77,0.0,3178,1,0.009268396931301747,COD,West,9,2,0
272,2023-06-23 00:00:00+00:00,Apparel,1,4304.58,0.0,4330,1,0.04791859494126529,Prepaid,West,8,5,0
4770,2023-06-23 00:00:00+00:00,Electronics,0,1031.21,0.02813389169006207,1372,1,0.12534976317780053,COD,South,13,5,0
248,2023-06-23 00:00:00+00:00,Apparel,1,2216.91,0.16951159290741624,4291,0,0.0,Prepaid,North,10,4,1
140,2023-06-23 00:00:00+00:00,Apparel,1,846.59,0.0,3965,1,0.294424650727019,Prepaid,East,9,3,1
2711,2023-06-23 00:00:00+00:00,Footwear,1,993.16,0.0,2918,3,0.21261872381981944,Prepaid,North,7,2,0
1640,2023-06-23 00:00:00+00:00,Apparel,1,403.5,0.05166361230390992,1045,2,0.22126781147174937,Prepaid,North,2,5,1
146,2023-06-23 00:00:00+00:00,Electronics,0,991.15,0.13766538649032045,3629,4,0.2658313979080526,Prepaid,North,6,2,0
3189,2023-06-23 00:00:00+00:00,Apparel,1,1220.9,0.0,3589,1,0.10104843969936456,COD,East,9,6,1
2404,2023-06-23 00:00:00+00:00,Beauty,0,1612.03,0.0,4060,3,0.24943375723410335,Prepaid,West,11,3,1
1189,2023-06-23 00:00:00+00:00,Footwear,1,349.79,0.1672437495270303,2680,3,0.08392014984330294,Prepaid,South,11,0,0
493,2023-06-23 00:00:00+00:00,Electronics,0,544.5,0.0,1069,2,0.29525282665548885,Prepaid,East,11,0,1
4297,2023-06-23 00:00:00+00:00,Footwear,1,331.69,0.20902751166015632,3391,2,0.3264922582182588,COD,East,1,2,1
3661,2023-06-23 00:00:00+00:00,Home,0,8422.88,0.0,3043,0,0.0,Prepaid,East,2,1,0
3918,2023-06-23 00:00:00+00:00,Electronics,0,3170.0,0.0927891769469532,4229,0,0.0,Prepaid,South,6,2,0
2588,2023-06-23 00:00:00+00:00,Footwear,1,393.01,0.3582233710457129,3904,2,0.05274857024038503,Prepaid,South,11,5,0
2115,2023-06-23 00:00:00+00:00,Electronics,0,1070.12,0.0,2113,6,0.056624918322046566,COD,West,3,2,0
2239,2023-06-23 00:00:00+00:00,Electronics,0,1700.41,0.34875960339149026,2657,2,0.030210227334993255,COD,South,5,4,0
331,2023-06-23 00:00:00+00:00,Apparel,1,3083.16,0.030652655990062047,2037,1,0.08462692734368873,COD,South,8,1,0
3229,2023-06-23 00:00:00+00:00,Apparel,1,1056.1,0.0,3833,1,0.2897404518109396,COD,East,7,2,0
3522,2023-06-23 00:00:00+00:00,Electronics,0,8521.39,0.20196513367524793,1279,8,0.06389149370796207,Prepaid,East,8,2,0
1167,2023-06-23 00:00:00+00:00,Home,0,4935.18,0.0,2151,2,0.005084063754066437,Prepaid,West,7,3,0
4690,2023-06-23 00:00:00+00:00,Apparel,1,1369.87,0.0,3993,4,0.23698222576759237,Prepaid,South,12,1,1
3549,2023-06-23 00:00:00+00:00,Apparel,1,4425.62,0.0,1301,0,0.0,COD,South,4,3,0
3200,2023-06-23 00:00:00+00:00,Electronics,0,472.63,0.20741648985254557,3478,1,0.3162010278220269,Prepaid,West,4,1,0
154,2023-06-23 00:00:00+00:00,Home,0,364.76,0.0,3940,0,0.0,COD,West,6,0,0
3016,2023-06-24 00:00:00+00:00,Home,0,324.18,0.0,3573,6,0.058771920481547384,COD,East,4,6,0
147,2023-06-24 00:00:00+00:00,Home,0,160.15,0.0,4396,1,0.7480125028745448,Prepaid,North,2,2,0
106,2023-06-24 00:00:00+00:00,Apparel,1,6950.61,0.0,3674,2,0.034608208357109406,COD,East,11,0,0
2493,2023-06-24 00:00:00+00:00,Beauty,0,2723.25,0.0,3246,4,0.056926058138681186,COD,East,7,7,0
3052,2023-06-24 00:00:00+00:00,Apparel,1,3060.64,0.0,1965,4,0.44574181925735096,Prepaid,West,10,6,1
2578,2023-06-24 00:00:00+00:00,Apparel,1,1281.66,0.0,4197,2,0.07029163313291154,COD,South,11,4,0
3562,2023-06-24 00:00:00+00:00,Apparel,1,835.76,0.0,2739,2,0.3922158572928843,COD,East,9,1,0
159,2023-06-24 00:00:00+00:00,Apparel,1,5137.08,0.2634142554262188,3097,4,0.3947258411829103,COD,West,13,0,0
2061,2023-06-24 00:00:00+00:00,Apparel,1,2410.93,0.0,1794,1,0.12180095425762853,COD,North,4,0,1
251,2023-06-24 00:00:00+00:00,Apparel,1,390.93,0.0,4057,1,0.06605291401881187,Prepaid,West,12,3,0
4626,2023-06-24 00:00:00+00:00,Apparel,1,233.21,0.18899268390077262,2914,3,0.045417194989302336,Prepaid,West,10,6,0
366,2023-06-24 00:00:00+00:00,Electronics,0,424.15,0.0,2522,2,0.18188581693144995,Prepaid,West,10,1,0
3945,2023-06-24 00:00:00+00:00,Apparel,1,2247.97,0.0,2518,1,0.0039335532447713675,COD,North,6,1,0
1292,2023-06-24 00:00:00+00:00,Apparel,1,981.88,0.0,2247,5,0.023576718851481535,Prepaid,North,7,0,0
590,2023-06-24 00:00:00+00:00,Apparel,1,1201.82,0.0,3121,1,0.08082738884894163,Prepaid,South,2,3,0
285,2023-06-24 00:00:00+00:00,Home,0,619.18,0.0,4456,0,0.0,Prepaid,West,4,7,0
4509,2023-06-24 00:00:00+00:00,Electronics,0,1091.78,0.10355762860131339,1266,3,0.5019892860276769,Prepaid,South,13,2,0
2203,2023-06-24 00:00:00+00:00,Electronics,0,183.68,0.0,3975,1,0.2614053499353416,COD,East,14,3,0
952,2023-06-24 00:00:00+00:00,Apparel,1,2727.26,0.0,1975,2,0.36452895196031687,Prepaid,South,5,1,0
670,2023-06-24 00:00:00+00:00,Footwear,1,694.41,0.315113663325016,3946,0,0.0,Prepaid,North,12,1,1
360,2023-06-24 00:00:00+00:00,Apparel,1,180.15,0.18339245512341135,4442,4,0.029262577900951655,Prepaid,South,2,1,0
176,2023-06-24 00:00:00+00:00,Apparel,1,663.27,0.11357650141302647,3226,1,0.3727250862494529,Prepaid,West,13,2,0
4311,2023-06-24 00:00:00+00:00,Apparel,1,1902.33,0.0,4354,3,0.6873196260867399,Prepaid,West,6,10,1
1806,2023-06-24 00:00:00+00:00,Electronics,0,1701.52,0.13788427356852215,2853,4,0.26884993758299286,Prepaid,South,1,0,1
4749,2023-06-24 00:00:00+00:00,Apparel,1,877.77,0.0,2232,2,0.17496369082272917,Prepaid,South,9,0,1
1815,2023-06-24 00:00:00+00:00,Home,0,4395.53,0.14425766104791315,3951,0,0.0,Prepaid,South,6,2,0
768,2023-06-24 00:00:00+00:00,Footwear,1,3177.83,0.04945330894464592,3659,5,0.17146513883378642,Prepaid,East,12,2,1
4693,2023-06-24 00:00:00+00:00,Home,0,1062.59,0.0,3588,0,0.0,Prepaid,West,6,2,0
1763,2023-06-25 00:00:00+00:00,Home,0,140.96,0.0,1951,1,0.044689390389191605,Prepaid,East,12,5,0
3596,2023-06-25 00:00:00+00:00,Footwear,1,3712.0,0.0,1348,1,0.028290862617801612,Prepaid,South,1,0,0
4913,2023-06-25 00:00:00+00:00,Beauty,0,1341.37,0.36361736593339467,1657,0,0.0,Prepaid,South,7,2,0
4625,2023-06-25 00:00:00+00:00,Electronics,0,1514.24,0.0,3863,1,0.197033855853425,COD,North,8,4,0
3787,2023-06-25 00:00:00+00:00,Beauty,0,2220.94,0.0,1331,2,0.041359069425749115,Prepaid,East,7,2,0
3566,2023-06-25 00:00:00+00:00,Electronics,0,1765.92,0.0,2334,2,0.08684326283327445,COD,East,2,0,1
618,2023-06-25 00:00:00+00:00,Apparel,1,425.75,0.3254175487394537,1740,2,0.36620043933743873,COD,East,11,2,0
26,2023-06-25 00:00:00+00:00,Apparel,1,445.66,0.0,2864,2,0.026363372067798634,Prepaid,East,9,0,1
4299,2023-06-25 00:00:00+00:00,Apparel,1,567.62,0.0,1509,6,0.15775950874622938,Prepaid,East,1,6,0
4338,2023-06-25 00:00:00+00:00,Apparel,1,9461.75,0.09480383644601148,3496,2,0.23108810041980316,COD,West,12,0,0
2751,2023-06-25 00:00:00+00:00,Apparel,1,3658.23,0.0,3010,0,0.0,Prepaid,East,4,0,0
816,2023-06-25 00:00:00+00:00,Electronics,0,1684.64,0.35982946622107614,1774,2,0.0935800257484094,Prepaid,East,10,0,0
1728,2023-06-25 00:00:00+00:00,Apparel,1,744.42,0.0,1397,2,0.3958083696987845,COD,East,7,0,0
3509,2023-06-25 00:00:00+00:00,Footwear,1,753.25,0.0,3424,4,0.4596116133706438,COD,South,13,0,1
3824,2023-06-25 00:00:00+00:00,Home,0,647.34,0.0,3000,3,0.4816295519868534,Prepaid,South,9,1,1
3090,2023-06-25 00:00:00+00:00,Apparel,1,2576.78,0.3244520047527056,2557,3,0.16545689732931737,COD,East,1,1,0
3273,2023-06-25 00:00:00+00:00,Electronics,0,1598.46,0.0,3452,2,0.01180262367491898,COD,South,4,0,0
2308,2023-06-25 00:00:00+00:00,Footwear,1,424.58,0.1178036936898913,3965,1,0.11493417245127074,Prepaid,West,8,3,0
177,2023-06-25 00:00:00+00:00,Apparel,1,201.19,0.005062354478859027,3538,3,0.13841405340091198,COD,West,12,0,1
3367,2023-06-25 00:00:00+00:00,Apparel,1,4413.02,0.21327448172266475,2474,2,0.13714542655390236,Prepaid,South,11,3,0
1212,2023-06-26 00:00:00+00:00,Apparel,1,520.23,0.07536342985990258,1168,0,0.0,Prepaid,East,7,0,0
3506,2023-06-26 00:00:00+00:00,Footwear,1,1433.22,0.0,3224,1,0.3097450401523026,COD,North,9,0,0
2595,2023-06-26 00:00:00+00:00,Home,0,3181.5,0.018297848951409873,2083,3,0.5414591102049394,COD,East,8,1,1
2249,2023-06-26 00:00:00+00:00,Home,0,1978.68,0.0,2533,3,0.6154829872814841,COD,West,7,3,0
2848,2023-06-26 00:00:00+00:00,Beauty,0,258.72,0.0,3657,0,0.0,Prepaid,West,12,0,0
3146,2023-06-26 00:00:00+00:00,Apparel,1,3545.55,0.0,1465,0,0.0,Prepaid,North,9,0,1
1557,2023-06-26 00:00:00+00:00,Home,0,1763.31,0.0,4065,1,0.07647957612542812,Prepaid,North,1,0,0
47,2023-06-26 00:00:00+00:00,Apparel,1,829.39,0.0,2667,4,0.26126844642207775,COD,East,3,2,0
986,2023-06-26 00:00:00+00:00,Electronics,0,3509.3,0.012326582416611484,2733,3,0.02197633815602936,COD,East,6,0,0
1262,2023-06-26 00:00:00+00:00,Beauty,0,1462.74,0.0,4380,0,0.0,COD,North,12,0,1
3608,2023-06-26 00:00:00+00:00,Footwear,1,395.35,0.0,4059,1,0.1111504496404252,Prepaid,North,5,0,0
3996,2023-06-26 00:00:00+00:00,Electronics,0,4630.6,0.10606334140165627,1881,1,0.04169525540932322,Prepaid,North,6,5,0
3587,2023-06-26 00:00:00+00:00,Home,0,2537.5,0.22515277115407462,1158,1,0.06561646610839002,COD,South,2,0,0
4728,2023-06-26 00:00:00+00:00,Electronics,0,1060.13,0.14708499243768633,1963,5,0.20566228931915878,Prepaid,East,14,3,0
831,2023-06-26 00:00:00+00:00,Apparel,1,3487.93,0.0,4293,4,0.007063298960197503,Prepaid,South,1,0,0
3525,2023-06-26 00:00:00+00:00,Electronics,0,432.7,0.0,3391,3,0.15167136278763915,Prepaid,West,14,7,0
288,2023-06-26 00:00:00+00:00,Footwear,1,2444.15,0.0,3633,1,0.20315903580590777,COD,North,14,1,0
3527,2023-06-26 00:00:00+00:00,Apparel,1,565.4,0.1337913395475928,3674,2,0.10693324701888354,Prepaid,South,1,6,0
1793,2023-06-27 00:00:00+00:00,Beauty,0,2257.28,0.0,3824,2,0.08974441014371537,Prepaid,East,14,2,0
4028,2023-06-27 00:00:00+00:00,Apparel,1,2455.83,0.0,1893,3,0.35692205134251515,COD,South,6,0,0
4855,2023-06-27 00:00:00+00:00,Apparel,1,4888.71,0.0,4044,1,0.41072078607659707,Prepaid,East,14,3,0
1396,2023-06-27 00:00:00+00:00,Apparel,1,148.5,0.12502235093755765,4177,3,0.2056816415518457,Prepaid,North,5,2,0
2685,2023-06-27 00:00:00+00:00,Home,0,457.41,0.0,3528,1,0.2922096076580382,Prepaid,South,2,1,0
352,2023-06-27 00:00:00+00:00,Apparel,1,1639.37,0.38129374408500016,2102,1,0.10451662554707415,Prepaid,South,3,6,0
2123,2023-06-27 00:00:00+00:00,Apparel,1,1140.78,0.0,2239,1,0.613068721113747,Prepaid,North,6,1,0
3327,2023-06-27 00:00:00+00:00,Beauty,0,4117.95,0.25416379249230914,4308,2,0.14290057748788085,Prepaid,North,14,1,0
842,2023-06-27 00:00:00+00:00,Footwear,1,505.59,0.0,1535,1,0.21333699652988977,Prepaid,North,2,16,0
4241,2023-06-27 00:00:00+00:00,Apparel,1,914.8,0.0,1204,2,0.0073323654138631395,Prepaid,North,8,1,0
4481,2023-06-27 00:00:00+00:00,Footwear,1,3523.84,0.0,2763,2,0.014546188764428897,Prepaid,North,7,2,0
3455,2023-06-27 00:00:00+00:00,Electronics,0,3297.86,0.0,2855,2,0.04683661061975135,Prepaid,East,2,6,0
2639,2023-06-27 00:00:00+00:00,Footwear,1,2412.48,0.0,3929,5,0.13830334290478588,COD,South,14,3,0
691,2023-06-27 00:00:00+00:00,Apparel,1,5887.89,0.0667457359303203,2830,0,0.0,Prepaid,West,12,1,1
1187,2023-06-27 00:00:00+00:00,Footwear,1,659.62,0.13991941524728532,1529,4,0.07290504595141324,COD,North,9,0,0
3362,2023-06-27 00:00:00+00:00,Footwear,1,1055.83,0.0,3855,2,0.1647050941361125,Prepaid,North,13,8,0
1186,2023-06-27 00:00:00+00:00,Home,0,887.79,0.005522245418221536,1214,2,0.05750651719498465,COD,West,7,2,0
2010,2023-06-27 00:00:00+00:00,Home,0,977.87,0.0,3634,1,0.34223259659728295,Prepaid,North,12,5,0
2728,2023-06-27 00:00:00+00:00,Apparel,1,451.42,0.14852109180727263,3962,4,0.07393733247300427,Prepaid,South,5,6,0
4850,2023-06-27 00:00:00+00:00,Apparel,1,5161.4,0.07196152044452242,1243,2,0.02113893008361877,Prepaid,North,6,0,0
2458,2023-06-27 00:00:00+00:00,Electronics,0,3264.08,0.0,3073,1,0.3496886972114539,Prepaid,South,11,2,0
4126,2023-06-28 00:00:00+00:00,Apparel,1,470.63,0.0,1815,4,0.1801691054741448,Prepaid,West,8,3,0
1143,2023-06-28 00:00:00+00:00,Home,0,1345.45,0.0,1747,1,0.10421093467459602,Prepaid,South,13,2,0
2716,2023-06-28 00:00:00+00:00,Apparel,1,355.65,0.30754083461191517,2886,1,0.49774921790367094,Prepaid,South,13,12,0
1017,2023-06-28 00:00:00+00:00,Footwear,1,9771.44,0.052730124621306745,2715,2,0.031870544571552015,Prepaid,East,3,0,0
649,2023-06-28 00:00:00+00:00,Home,0,287.11,0.0,4212,0,0.0,Prepaid,North,11,1,0
2676,2023-06-28 00:00:00+00:00,Beauty,0,518.8,0.059095884458828,2969,0,0.0,COD,South,6,2,0
1008,2023-06-28 00:00:00+00:00,Apparel,1,1005.09,0.19212792596000688,1342,2,0.19518039092178371,COD,West,14,2,0
4834,2023-06-28 00:00:00+00:00,Electronics,0,2224.1,0.0,2895,3,0.1654400640353448,Prepaid,North,5,0,0
3122,2023-06-28 00:00:00+00:00,Footwear,1,1107.05,0.0,2421,5,0.03499364753241857,COD,South,1,2,0
861,2023-06-28 00:00:00+00:00,Apparel,1,468.97,0.0,1271,0,0.0,Prepaid,South,4,1,0
2745,2023-06-28 00:00:00+00:00,Beauty,0,1398.62,0.0,2575,2,0.003675734632022397,COD,South,1,2,0
2346,2023-06-28 00:00:00+00:00,Apparel,1,29271.05,0.11418946943253842,3610,3,0.1611994715112639,Prepaid,West,7,1,0
2873,2023-06-28 00:00:00+00:00,Electronics,0,1292.38,0.0,3124,4,0.28379548939962224,Prepaid,West,2,3,0
1160,2023-06-28 00:00:00+00:00,Footwear,1,6092.33,0.0,1076,3,0.0847392882167323,Prepaid,North,4,1,1
4551,2023-06-28 00:00:00+00:00,Electronics,0,554.7,0.06300437377116164,1660,2,0.4153373484262906,Prepaid,West,2,1,1
4538,2023-06-28 00:00:00+00:00,Home,0,731.55,0.01943287719294501,3538,2,0.2916436262705864,Prepaid,West,3,0,0
3586,2023-06-28 00:00:00+00:00,Electronics,0,2145.19,0.0,1373,5,0.33696057096791154,COD,East,10,4,0
2018,2023-06-28 00:00:00+00:00,Electronics,0,2031.68,0.0,2883,4,0.04385883762435937,Prepaid,South,14,0,0
2027,2023-06-28 00:00:00+00:00,Apparel,1,330.43,0.08073997230657878,1935,1,0.3662082766370947,COD,West,7,0,0
1770,2023-06-28 00:00:00+00:00,Beauty,0,1147.64,0.0,3877,1,0.1643584846374801,COD,West,7,1,0
1705,2023-06-28 00:00:00+00:00,Apparel,1,1412.48,0.0,2337,2,0.04825603326481135,Prepaid,North,11,3,0
1704,2023-06-28 00:00:00+00:00,Apparel,1,1321.34,0.05832936178586098,3293,0,0.0,COD,North,5,5,0
3654,2023-06-28 00:00:00+00:00,Home,0,1221.99,0.0,1959,3,0.1391239520532684,Prepaid,East,9,4,0
1407,2023-06-28 00:00:00+00:00,Apparel,1,1567.96,0.0800024845177261,2698,2,0.11567310450279039,Prepaid,North,5,3,0
2057,2023-06-28 00:00:00+00:00,Apparel,1,1568.18,0.4219003627677408,2780,7,0.24701365681393034,Prepaid,West,5,0,1
519,2023-06-28 00:00:00+00:00,Footwear,1,441.72,0.0,2412,4,0.24512151154912243,Prepaid,East,8,3,0
2638,2023-06-28 00:00:00+00:00,Apparel,1,1768.18,0.0,1921,0,0.0,Prepaid,West,6,2,0
2785,2023-06-28 00:00:00+00:00,Beauty,0,951.95,0.0,3448,3,0.2760711806449126,COD,East,2,5,0
4586,2023-06-29 00:00:00+00:00,Apparel,1,1027.73,0.0,2275,1,0.26806084635729455,Prepaid,East,5,0,1
3489,2023-06-29 00:00:00+00:00,Apparel,1,1402.35,0.0,1069,2,0.023081796468127153,Prepaid,North,6,2,0
323,2023-06-29 00:00:00+00:00,Apparel,1,506.19,0.15554251333624275,4057,0,0.0,Prepaid,East,9,9,1
1848,2023-06-29 00:00:00+00:00,Apparel,1,2977.12,0.1081590875613754,4048,3,0.07367124037359833,Prepaid,West,6,2,0
4851,2023-06-29 00:00:00+00:00,Electronics,0,335.89,0.0,3574,5,0.004400671466115872,Prepaid,South,5,0,0
1895,2023-06-29 00:00:00+00:00,Apparel,1,258.36,0.3012062728154493,3393,5,0.051653563837398386,Prepaid,South,6,1,0
290,2023-06-29 00:00:00+00:00,Apparel,1,784.83,0.0,1413,1,0.04606071414043436,Prepaid,South,11,3,0
2507,2023-06-29 00:00:00+00:00,Apparel,1,2201.83,0.10744151002986758,1785,0,0.0,COD,North,13,5,0
4878,2023-06-29 00:00:00+00:00,Beauty,0,455.29,0.0,4075,6,0.5185293729447057,Prepaid,South,11,1,0
1133,2023-06-29 00:00:00+00:00,Footwear,1,489.62,0.0,3445,3,0.11041110706757166,Prepaid,South,6,0,0
4326,2023-06-29 00:00:00+00:00,Electronics,0,605.11,0.28154574725567805,1878,1,0.5333935367557457,COD,North,1,2,0
4312,2023-06-29 00:00:00+00:00,Electronics,0,1199.82,0.22501616976130842,2660,3,0.014157088932873277,Prepaid,East,9,0,0
2167,2023-06-29 00:00:00+00:00,Footwear,1,245.68,0.0,3182,1,0.09513683390850323,COD,East,13,3,0
2730,2023-06-29 00:00:00+00:00,Footwear,1,279.79,0.0,2101,1,0.39167131062708116,Prepaid,North,13,0,0
2899,2023-06-29 00:00:00+00:00,Apparel,1,932.15,0.1996037792527226,3156,1,0.018305591121331323,Prepaid,North,4,2,0
2867,2023-06-29 00:00:00+00:00,Home,0,2328.08,0.0,1091,0,0.0,COD,East,5,0,1
3113,2023-06-29 00:00:00+00:00,Home,0,10341.97,0.21193826338705213,1882,1,0.34873500173487154,Prepaid,West,5,2,0
1033,2023-06-29 00:00:00+00:00,Apparel,1,7768.18,0.0049225792625146175,2651,0,0.0,Prepaid,South,4,5,0
1688,2023-06-29 00:00:00+00:00,Apparel,1,783.39,0.28253079237471446,4235,2,0.06680493554072336,Prepaid,West,4,4,0
3706,2023-06-29 00:00:00+00:00,Footwear,1,4332.45,0.0,1832,3,0.0863619307069468,Prepaid,East,13,4,0
1182,2023-06-29 00:00:00+00:00,Apparel,1,1848.06,0.13261124965992138,3725,2,0.05402709144192901,Prepaid,North,1,0,0
1519,2023-06-29 00:00:00+00:00,Footwear,1,190.17,0.0,3356,1,0.16743109201775858,Prepaid,South,8,0,0
2842,2023-06-29 00:00:00+00:00,Home,0,370.65,0.11625629432717599,1217,0,0.0,COD,North,3,2,1
1414,2023-06-29 00:00:00+00:00,Apparel,1,878.47,0.0,2808,1,0.6568144268585671,COD,West,8,0,0
3983,2023-06-29 00:00:00+00:00,Electronics,0,411.03,0.0,2871,0,0.0,COD,North,3,0,0
3896,2023-06-29 00:00:00+00:00,Apparel,1,338.23,0.0,1508,3,0.12175297229620705,Prepaid,West,10,1,0
990,2023-06-29 00:00:00+00:00,Electronics,0,3816.1,0.0,3017,2,0.22040783524317778,Prepaid,West,2,1,0
3308,2023-06-29 00:00:00+00:00,Electronics,0,1418.44,0.0,3886,2,0.08356181242248503,COD,West,7,0,0
2863,2023-06-29 00:00:00+00:00,Electronics,0,725.36,0.0,1518,1,0.16821335632647574,Prepaid,East,2,4,0
4492,2023-06-29 00:00:00+00:00,Apparel,1,1410.82,0.3176664268716529,3019,3,0.24567601116694027,Prepaid,North,8,7,0
