order_id,order_date,category,is_size_sensitive,price,discount_pct,customer_id,customer_past_orders,customer_past_return_rate,payment_method,region,delivery_days,days_to_purchase,returned
483,2023-01-01,Electronics,0,318.96,0.25194492575542704,1948,4,0.021177725932183335,Prepaid,East,7,1,0
422,2023-01-01,Apparel,1,818.78,0.2388900374018983,1668,1,0.5029169590302484,Prepaid,West,11,2,0
362,2023-01-01,Beauty,0,664.71,0.0,4103,3,0.1617543472819747,COD,East,8,2,0
4147,2023-01-01,Beauty,0,2534.6,0.21796837611866443,2723,0,0.0,Prepaid,West,13,1,0
3431,2023-01-01,Footwear,1,420.3,0.41328514676806427,2598,2,0.0002981219910418701,Prepaid,South,12,0,0
915,2023-01-01,Beauty,0,6796.87,0.0,3084,4,0.39050149883525576,Prepaid,West,12,1,0
2612,2023-01-01,Apparel,1,960.32,0.1306545829895455,3885,1,0.28077829465175613,Prepaid,North,7,3,0
4643,2023-01-01,Electronics,0,2855.52,0.4277398395352482,2413,2,0.08562025456386853,Prepaid,South,8,0,0
2613,2023-01-01,Footwear,1,777.57,0.0,1466,3,0.20065522436100378,Prepaid,South,9,1,0
460,2023-01-01,Footwear,1,682.3,0.3587483762742687,2663,2,0.04963399842863187,Prepaid,West,13,2,0
2273,2023-01-01,Beauty,0,910.28,0.3651887448679998,2920,4,0.1659993529872677,COD,South,11,0,0
2688,2023-01-01,Home,0,3356.76,0.6608028027972646,3817,6,0.13464627645373406,Prepaid,South,1,1,0
1012,2023-01-01,Beauty,0,443.12,0.0,3567,3,0.08305740003899963,Prepaid,East,9,0,0
2468,2023-01-01,Apparel,1,1598.28,0.010107605049420515,3166,2,0.0501455412463123,Prepaid,West,3,2,0
4870,2023-01-01,Footwear,1,1174.4,0.438359601491798,3011,3,0.32835418076322304,Prepaid,South,3,0,0
853,2023-01-01,Footwear,1,304.33,0.6187802784653647,3083,2,0.058624723787822484,COD,South,5,6,0
4790,2023-01-01,Apparel,1,5516.22,0.0068529597955823696,2505,2,0.016236425608591027,Prepaid,East,8,0,0
926,2023-01-01,Footwear,1,1353.48,0.0,1024,1,0.14672161221832644,COD,West,8,0,0
3144,2023-01-01,Apparel,1,556.12,0.0,3297,2,0.22001865259654038,Prepaid,West,8,4,0
1148,2023-01-01,Apparel,1,2716.34,0.0,3246,1,0.12252068076502108,Prepaid,South,14,0,0
194,2023-01-01,Beauty,0,2708.44,0.0,2680,2,0.18505397025769413,Prepaid,North,7,4,0
4343,2023-01-01,Beauty,0,2701.66,0.0,2769,2,0.23796623968805855,COD,East,14,1,1
1049,2023-01-01,Apparel,1,3582.09,0.0,2444,2,0.23828831140009207,COD,East,13,1,0
106,2023-01-01,Footwear,1,441.12,0.3774275436747224,4173,3,0.28772179966404055,Prepaid,South,5,1,0
524,2023-01-01,Electronics,0,459.77,0.0683637149896501,3690,4,0.14166480367128545,COD,South,7,1,0
1274,2023-01-01,Electronics,0,1036.53,0.0,2969,1,0.2353312788569786,Prepaid,West,7,14,0
2831,2023-01-01,Footwear,1,2290.77,0.2727840202506412,2409,1,0.026422527390540587,COD,West,4,0,0
4546,2023-01-01,Home,0,411.41,0.0,4399,1,0.13117160501143596,COD,North,3,12,1
1482,2023-01-01,Apparel,1,3042.09,0.022283610357684336,2564,2,0.12345512451945613,Prepaid,West,9,0,0
990,2023-01-01,Apparel,1,1985.18,0.0,1873,2,0.2616098527225414,Prepaid,South,14,0,1
2133,2023-01-01,Apparel,1,2860.56,0.08710440382784698,1786,3,0.15307439493710578,Prepaid,North,3,6,0
375,2023-01-02,Apparel,1,692.55,0.0,4271,3,0.008468539251435675,Prepaid,West,14,5,0
2635,2023-01-02,Apparel,1,2754.78,0.0,1251,0,0.0,Prepaid,East,3,2,0
1011,2023-01-02,Beauty,0,2895.8,0.0,1161,0,0.0,Prepaid,East,12,6,0
3515,2023-01-02,Footwear,1,904.99,0.0,1086,2,0.43860395483151726,Prepaid,North,13,7,0
4430,2023-01-02,Electronics,0,1046.36,0.0,2129,1,0.5099527385330209,Prepaid,West,12,0,0
1501,2023-01-02,Apparel,1,1060.71,4.8586161698283004e-05,3368,0,0.0,COD,East,14,2,0
4842,2023-01-02,Apparel,1,4674.38,0.0,2339,3,0.12541953207093018,COD,North,2,0,0
4712,2023-01-02,Apparel,1,3693.8,0.4469759902512398,4030,4,0.09041982745462075,Prepaid,West,7,0,1
2123,2023-01-02,Home,0,448.56,0.1812817102551656,4425,0,0.0,COD,South,5,4,0
3778,2023-01-02,Beauty,0,2020.77,0.0,2532,4,0.2700082116014395,Prepaid,South,7,0,1
399,2023-01-02,Beauty,0,624.68,0.0,2792,1,0.32396743100469644,Prepaid,South,2,0,0
4812,2023-01-02,Home,0,2954.7,0.04011540369068692,2594,2,0.5770217104549834,Prepaid,South,6,0,0
4618,2023-01-02,Footwear,1,247.69,0.0,3753,5,0.07625068542054961,Prepaid,South,14,4,0
90,2023-01-02,Apparel,1,164.07,0.0,1839,4,0.02957038127005713,Prepaid,South,2,6,0
3025,2023-01-02,Home,0,1014.89,0.0,2330,2,0.0586731007155281,Prepaid,West,11,2,0
3690,2023-01-02,Footwear,1,457.13,0.4594885916594942,2363,0,0.0,COD,South,14,2,0
4759,2023-01-02,Apparel,1,887.55,0.0,2562,2,0.13285960046680081,COD,West,6,5,0
1198,2023-01-02,Home,0,1215.17,0.17927429117168692,2886,2,0.021163613535929264,COD,East,6,0,0
1881,2023-01-02,Electronics,0,230.94,0.4202837888599067,4118,5,0.6922177415521678,COD,East,5,4,0
3310,2023-01-02,Beauty,0,24213.68,0.0,3121,3,0.04418534947354144,Prepaid,East,12,3,0
2401,2023-01-02,Home,0,1728.67,0.0,3397,4,0.23030949461357267,Prepaid,South,14,1,0
1671,2023-01-02,Footwear,1,216.23,0.0,3625,1,0.010217432554341493,Prepaid,West,12,6,0
554,2023-01-02,Apparel,1,1448.11,0.0,2573,0,0.0,Prepaid,North,11,3,0
4285,2023-01-02,Electronics,0,1217.68,0.0,2493,2,0.33972777030679974,Prepaid,North,6,0,0
4659,2023-01-02,Beauty,0,2055.36,0.0,4246,2,0.053370378918113213,Prepaid,West,13,6,0
4332,2023-01-02,Apparel,1,961.03,0.0,3820,2,0.21131640623402126,COD,West,6,0,0
843,2023-01-02,Electronics,0,1020.39,0.03520178111938917,3997,3,0.18806322350503324,Prepaid,West,5,5,1
2360,2023-01-02,Footwear,1,707.33,0.0,2726,1,0.0512695852596312,COD,East,3,3,0
1019,2023-01-02,Apparel,1,1512.6,0.3937572645946227,3168,3,0.318627281948096,Prepaid,North,3,1,0
4324,2023-01-02,Electronics,0,1040.97,0.0,2432,0,0.0,Prepaid,East,3,0,0
1102,2023-01-02,Beauty,0,108.46,0.0,1862,3,0.04740412615347512,COD,North,13,2,0
297,2023-01-03,Apparel,1,201.77,0.0,4487,1,0.2285794173132653,Prepaid,South,9,0,0
1575,2023-01-03,Electronics,0,617.4,0.4557522443311325,1780,3,0.08651974846598554,Prepaid,East,13,2,0
1452,2023-01-03,Footwear,1,1739.01,0.0,1211,1,0.1852071085986582,Prepaid,West,8,2,0
4670,2023-01-03,Footwear,1,604.76,0.0,1087,1,0.37529930761842617,Prepaid,South,1,2,1
4781,2023-01-03,Apparel,1,472.63,0.0,3576,3,0.32490588082445376,COD,South,10,0,1
12,2023-01-03,Apparel,1,1534.32,0.14445866745737365,1042,5,0.48523844504368147,Prepaid,North,11,0,0
4537,2023-01-03,Home,0,1445.0,0.0,1854,1,0.806316922146958,COD,East,13,2,0
762,2023-01-03,Electronics,0,7102.57,0.26959471520186995,1099,2,0.1998531335366858,Prepaid,South,2,2,0
3383,2023-01-03,Apparel,1,1234.5,0.19097778107396832,4310,8,0.29753719956806135,COD,South,14,4,0
1607,2023-01-03,Beauty,0,3062.82,0.0,4308,1,0.04613590233002793,Prepaid,West,3,9,0
4626,2023-01-03,Home,0,4088.3,0.35741520910732427,1283,2,0.007450956310826858,Prepaid,East,9,11,0
3980,2023-01-03,Apparel,1,5428.79,0.0,3547,1,0.0950104756075816,Prepaid,East,9,1,0
4725,2023-01-03,Footwear,1,1175.6,0.3595303056042226,2390,2,0.007812181450011558,Prepaid,North,12,1,0
167,2023-01-03,Home,0,1285.38,0.10050205371044393,2538,4,0.36506398423326664,COD,South,6,3,0
1383,2023-01-03,Apparel,1,1020.36,0.0,4207,3,0.6303119795803684,COD,East,1,0,0
4330,2023-01-03,Beauty,0,558.26,0.04150102025309911,1332,4,0.010358331641288292,Prepaid,West,7,1,0
1793,2023-01-03,Footwear,1,199.87,0.34518463397843857,2561,3,0.15983644753259477,Prepaid,North,1,7,0
500,2023-01-03,Beauty,0,2909.92,0.0,3094,0,0.0,Prepaid,North,12,5,0
157,2023-01-03,Beauty,0,4307.13,0.1934584202353063,2007,1,0.5417302635890063,Prepaid,South,9,0,0
3780,2023-01-03,Footwear,1,643.45,0.01678620825540099,3973,3,0.08382555177377397,Prepaid,East,13,15,0
1666,2023-01-03,Beauty,0,4352.76,0.0,2635,4,0.11908605619544545,Prepaid,North,6,3,0
2378,2023-01-03,Home,0,22106.06,0.0,1088,0,0.0,Prepaid,South,9,0,0
3078,2023-01-03,Beauty,0,2105.27,0.2416485136795444,2941,2,0.0030912896129613606,Prepaid,East,2,4,0
1637,2023-01-03,Apparel,1,1304.0,0.0041591880313957,4030,1,0.1880108375254631,COD,West,12,1,0
1915,2023-01-03,Beauty,0,624.65,0.1697852821638442,1288,3,0.05294123174916276,Prepaid,West,2,0,0
4486,2023-01-03,Apparel,1,11496.81,0.0,2931,3,0.14292424307626395,Prepaid,East,2,0,0
1397,2023-01-04,Apparel,1,1797.41,0.08966675714871569,4329,1,0.16938215389704595,COD,East,4,4,0
1456,2023-01-04,Electronics,0,796.82,0.4188659643731999,4467,3,0.33951943259640743,Prepaid,West,4,2,0
3741,2023-01-04,Apparel,1,150.85,0.0,1505,2,0.1232305374465222,COD,East,4,0,0
768,2023-01-04,Beauty,0,455.18,0.0,1859,3,0.3042030964318426,COD,West,4,6,0
3608,2023-01-04,Beauty,0,1493.01,0.31716815028006146,1391,0,0.0,COD,West,7,1,0
2572,2023-01-04,Beauty,0,978.81,0.36986884958531396,2428,1,0.19682165502229923,Prepaid,South,6,3,0
2964,2023-01-04,Apparel,1,408.91,0.0,2729,1,0.09822023913654349,Prepaid,East,3,2,0
4795,2023-01-04,Electronics,0,1233.49,0.0,2637,3,0.4235662609463174,COD,East,14,1,0
3484,2023-01-04,Footwear,1,287.68,0.0,3723,2,0.07499856238502647,COD,West,9,2,1
4631,2023-01-04,Home,0,366.65,0.1459725747627367,3726,3,0.10123366862913774,Prepaid,East,13,0,0
4363,2023-01-04,Home,0,848.39,0.0,3810,3,0.12180927989961968,COD,South,10,0,0
2895,2023-01-04,Footwear,1,855.16,0.0,1925,1,0.145957734960946,Prepaid,North,14,1,0
4866,2023-01-04,Footwear,1,190.79,0.0,2742,3,0.11773735678876485,Prepaid,North,7,0,0
3818,2023-01-04,Apparel,1,1061.69,0.0,3926,3,0.11412521062596932,Prepaid,East,9,0,1
184,2023-01-04,Apparel,1,234.6,0.0,2367,2,0.2693550742190366,Prepaid,West,10,5,0
3528,2023-01-04,Electronics,0,4275.7,0.0,4298,1,0.06172122363632517,Prepaid,West,11,1,0
3911,2023-01-04,Footwear,1,1822.88,0.0,3016,4,0.12268049386071862,COD,West,8,8,0
3869,2023-01-04,Footwear,1,1602.27,0.1814687332168559,2128,2,0.5476815236980345,Prepaid,North,11,3,0
2991,2023-01-04,Apparel,1,1577.72,0.22115285723786282,1319,2,0.14783456841159562,Prepaid,North,13,2,0
4658,2023-01-04,Apparel,1,487.8,0.26324679097666054,2778,1,0.2997886057168613,Prepaid,East,4,2,0
3200,2023-01-04,Footwear,1,1901.77,0.3943872665751613,1285,1,0.18592268414146043,Prepaid,South,9,1,0
4445,2023-01-04,Footwear,1,3291.92,0.0,1450,3,0.08341067724115452,Prepaid,West,1,0,0
3041,2023-01-04,Apparel,1,1983.33,0.0,1127,1,0.1531617554327162,Prepaid,North,11,7,0
2046,2023-01-04,Apparel,1,1153.71,0.6048435179194926,2670,3,0.17802640225828772,Prepaid,East,8,1,1
851,2023-01-04,Apparel,1,1630.12,0.0,1485,5,0.24755114636843817,COD,South,2,2,0
4299,2023-01-04,Apparel,1,1892.45,0.0,1588,1,0.5904556677433432,Prepaid,West,11,0,0
3875,2023-01-04,Apparel,1,382.21,0.0,1364,3,0.3752239785060151,Prepaid,North,6,1,0
4571,2023-01-04,Beauty,0,854.09,0.2966997259459592,3999,0,0.0,COD,South,11,0,0
99,2023-01-04,Electronics,0,15119.53,0.0,1651,0,0.0,Prepaid,East,6,1,0
1092,2023-01-04,Electronics,0,748.69,0.07726419703405862,3446,2,0.2281623417208165,COD,South,12,1,0
2365,2023-01-04,Home,0,644.3,0.0,1028,7,0.6397998553605173,COD,East,10,0,1
2386,2023-01-04,Apparel,1,6027.15,0.0,3109,2,0.4358098371215414,COD,South,3,1,0
1485,2023-01-04,Electronics,0,2094.56,0.0,1126,0,0.0,Prepaid,South,1,0,0
1965,2023-01-05,Apparel,1,1012.03,0.0,4361,1,0.029507515932621572,Prepaid,East,12,0,0
228,2023-01-05,Apparel,1,1194.28,0.0,1143,1,0.4973226699335617,COD,North,13,0,0
582,2023-01-05,Home,0,1259.61,0.010357076364442303,4406,5,0.057541362553821314,Prepaid,West,5,0,0
2670,2023-01-05,Electronics,0,2013.98,0.0,1351,2,0.0891828685813069,Prepaid,West,10,4,0
4155,2023-01-05,Apparel,1,2909.41,0.3241252078023449,2679,0,0.0,Prepaid,South,11,1,0
2914,2023-01-05,Apparel,1,1207.28,0.0,3136,1,0.05547540195889433,Prepaid,North,14,5,0
1601,2023-01-05,Apparel,1,3693.35,0.13771762390544492,1971,2,0.1123592616367418,COD,East,13,0,1
1266,2023-01-05,Beauty,0,333.92,0.0,1268,1,0.03297998164592454,Prepaid,West,8,4,0
3376,2023-01-05,Apparel,1,1862.97,0.06623084349239058,2129,0,0.0,COD,South,4,0,0
3396,2023-01-05,Apparel,1,4620.26,0.3789672499222626,1941,0,0.0,COD,South,2,2,1
751,2023-01-05,Electronics,0,11753.69,0.0,1652,1,0.09543006571242396,COD,East,14,0,0
3226,2023-01-05,Apparel,1,5808.84,0.0,2578,3,0.22321643030643562,Prepaid,West,13,0,1
364,2023-01-05,Electronics,0,244.39,0.0,2108,3,0.13022990219185265,Prepaid,South,8,0,0
1237,2023-01-05,Apparel,1,910.65,0.07773857668867788,4079,1,0.11064212087079427,Prepaid,West,14,5,0
2472,2023-01-05,Home,0,3138.12,0.0,1141,1,0.362613621161461,Prepaid,North,4,2,0
700,2023-01-05,Footwear,1,763.75,0.19743662468583795,3954,1,0.23985933341047583,Prepaid,West,9,1,0
3101,2023-01-05,Home,0,860.1,0.10775245201381085,2520,5,0.07279739617902414,Prepaid,East,12,1,0
2590,2023-01-05,Apparel,1,315.61,0.0,1175,2,0.38389533979189167,Prepaid,West,13,3,0
683,2023-01-05,Apparel,1,258.95,0.0,2707,4,0.28087265149690843,Prepaid,West,9,0,0
3966,2023-01-05,Footwear,1,7501.04,0.37234157472594875,2040,1,0.1136885895301524,COD,East,14,0,1
1025,2023-01-05,Electronics,0,390.2,0.028101467497052446,3645,2,0.06928554666156167,Prepaid,East,1,0,0
4442,2023-01-05,Apparel,1,346.12,0.0,4481,1,0.21069705553045642,Prepaid,West,14,1,0
3576,2023-01-05,Apparel,1,1986.26,0.19555633765362168,2208,1,0.2554196747781361,COD,South,10,2,0
2187,2023-01-05,Footwear,1,556.14,0.0,2441,1,0.17123418555864342,Prepaid,East,4,1,0
4173,2023-01-05,Apparel,1,141.74,0.0,3274,1,0.5330082504366832,COD,South,6,2,0
405,2023-01-05,Footwear,1,76.5,0.0,2757,3,0.15079921453735212,Prepaid,South,14,0,0
1855,2023-01-05,Apparel,1,5086.82,0.0,2640,1,0.0737444859849399,Prepaid,North,13,0,1
1348,2023-01-05,Apparel,1,1771.85,0.0,2940,2,0.13711569850709876,Prepaid,North,2,4,0
3972,2023-01-05,Beauty,0,3722.5,0.33866906047553236,3070,4,0.02188183207216164,COD,East,5,6,0
936,2023-01-05,Electronics,0,508.19,0.36292270303667695,2695,2,0.04711054441468414,Prepaid,South,11,1,0
1069,2023-01-06,Beauty,0,1179.37,0.1089965506473245,3806,0,0.0,Prepaid,South,4,3,0
1084,2023-01-06,Apparel,1,4815.53,0.0,1102,1,0.4415645501515076,COD,South,14,1,1
3971,2023-01-06,Electronics,0,339.14,0.20146166343646804,2242,2,0.10800540078991266,COD,South,2,3,0
1078,2023-01-06,Apparel,1,493.87,0.08328839951959072,3832,1,0.25581429003178907,COD,South,10,0,1
3939,2023-01-06,Apparel,1,527.29,0.02167495621259638,1067,5,0.07757705369402783,Prepaid,North,14,11,0
3952,2023-01-06,Beauty,0,1771.03,0.16440153656062378,1711,2,0.19426605785167947,COD,East,8,2,0
2051,2023-01-06,Footwear,1,2084.6,0.0,3603,0,0.0,Prepaid,South,1,2,0
3006,2023-01-06,Electronics,0,607.47,0.2944699227503459,4408,1,0.4438087178898766,COD,South,9,0,0
2647,2023-01-06,Electronics,0,774.46,0.04187951090568318,4125,0,0.0,Prepaid,West,14,0,0
810,2023-01-06,Apparel,1,9577.08,0.11120275204830989,1331,1,0.3501713653887898,Prepaid,West,1,6,0
4397,2023-01-06,Electronics,0,1781.51,0.0,1526,5,0.016666518775852818,Prepaid,North,3,6,0
3456,2023-01-06,Beauty,0,5170.09,0.0,3829,0,0.0,Prepaid,South,3,0,0
1558,2023-01-06,Apparel,1,597.39,0.1649536235926077,4256,4,0.05897744893934568,COD,West,9,1,1
4880,2023-01-06,Beauty,0,6971.35,0.0,3841,2,0.27452631126578236,Prepaid,North,3,2,0
366,2023-01-06,Beauty,0,1253.2,0.0,1012,3,0.004156990440578512,COD,North,7,9,0
2505,2023-01-06,Electronics,0,1634.08,0.0,1147,0,0.0,Prepaid,North,6,0,0
687,2023-01-06,Footwear,1,526.48,0.14223351921760957,2357,1,0.005656220285964273,COD,East,4,3,0
3084,2023-01-06,Apparel,1,496.4,0.03095759250253287,2099,3,0.11997103228568998,COD,North,10,1,0
4846,2023-01-06,Beauty,0,796.5,0.04358710683740025,3040,1,0.10201727774174135,Prepaid,East,6,11,0
151,2023-01-06,Electronics,0,2297.93,0.2945877723732274,3784,1,0.29174551429102485,Prepaid,North,2,1,0
251,2023-01-06,Apparel,1,191.39,0.0,2595,2,0.06350934310106139,Prepaid,North,10,4,0
1341,2023-01-06,Electronics,0,687.09,0.0,4495,1,0.16445379415507808,Prepaid,South,10,2,0
1330,2023-01-06,Electronics,0,789.38,0.0,2909,3,0.04998205933380903,Prepaid,North,7,0,0
1469,2023-01-06,Home,0,401.11,0.5546858491794505,2859,5,0.22693285730055587,Prepaid,West,14,6,0
4123,2023-01-06,Apparel,1,1609.13,0.1395300840058925,2751,0,0.0,Prepaid,North,8,0,0
3674,2023-01-06,Electronics,0,1981.92,0.0,3589,3,0.061822952973137335,Prepaid,East,3,0,0
108,2023-01-06,Apparel,1,867.16,0.0,2655,0,0.0,COD,South,14,0,1
1350,2023-01-06,Apparel,1,3030.73,0.14807395868906592,3220,1,0.07915653374968211,Prepaid,South,2,18,0
2579,2023-01-06,Apparel,1,1078.87,0.0,2111,0,0.0,Prepaid,West,1,3,0
4727,2023-01-06,Apparel,1,803.17,0.1712640244079915,3723,1,0.13030118635179086,Prepaid,South,2,1,0
3717,2023-01-06,Electronics,0,166.19,0.0,3850,3,0.06013491918890025,COD,North,1,5,0
1152,2023-01-06,Electronics,0,813.94,0.39875968690680985,2326,0,0.0,COD,East,14,5,0
633,2023-01-06,Apparel,1,616.71,0.0,1815,1,0.1215951575272911,Prepaid,West,1,0,0
4099,2023-01-06,Apparel,1,9675.75,0.1654648733102887,3291,1,0.20501778574127025,Prepaid,South,4,1,0
2641,2023-01-06,Electronics,0,1329.18,0.3057802367507869,3942,1,0.4413137711015999,Prepaid,West,6,1,1
1967,2023-01-06,Apparel,1,1084.56,0.0,3838,4,0.24376810075841354,Prepaid,West,14,1,0
300,2023-01-07,Apparel,1,320.7,0.0,3958,0,0.0,COD,North,9,0,1
4539,2023-01-07,Beauty,0,532.72,0.0,2513,0,0.0,Prepaid,West,7,2,0
334,2023-01-07,Apparel,1,1082.13,0.0,1504,0,0.0,Prepaid,South,7,2,0
2158,2023-01-07,Apparel,1,3219.62,0.39965643465714884,4111,2,0.3120698231316343,Prepaid,South,1,2,0
285,2023-01-07,Footwear,1,279.91,0.0,1446,5,0.1105816919481924,Prepaid,West,13,2,0
1109,2023-01-07,Apparel,1,454.93,0.0,4047,1,0.21948443744879836,Prepaid,North,4,0,0
477,2023-01-07,Apparel,1,3358.62,0.0,1127,1,0.036365395238485504,Prepaid,North,6,8,0
339,2023-01-07,Apparel,1,804.85,0.0,3401,3,0.18276660267797223,Prepaid,West,13,6,0
155,2023-01-07,Footwear,1,3063.13,0.0,3395,1,0.46913656152523564,Prepaid,North,7,14,1
4367,2023-01-07,Beauty,0,5760.33,0.06613883389046055,3952,5,0.13779911961193575,COD,West,4,1,1
3496,2023-01-07,Apparel,1,842.63,0.053116318890441584,3418,3,0.03898638245625417,COD,West,2,5,0
819,2023-01-07,Apparel,1,175.08,0.0,3288,1,0.1335571633842836,Prepaid,East,2,10,0
4684,2023-01-07,Footwear,1,598.74,0.0,4107,3,0.6047304135877878,Prepaid,North,6,6,1
4664,2023-01-07,Home,0,11407.41,0.0,3945,0,0.0,Prepaid,East,2,1,0
2917,2023-01-07,Electronics,0,458.89,0.0,2837,0,0.0,Prepaid,East,11,1,0
956,2023-01-07,Apparel,1,128.54,0.0,3966,2,0.035748201250480276,Prepaid,West,7,0,0
2888,2023-01-07,Footwear,1,3052.59,0.31456294969941156,3571,4,0.021471099285914886,Prepaid,East,10,4,0
4797,2023-01-07,Home,0,1039.15,0.454469425853657,2093,3,0.21597675339312886,Prepaid,South,2,0,0
748,2023-01-07,Home,0,3010.3,0.0,4281,2,0.01289138849722403,COD,North,6,0,0
873,2023-01-07,Home,0,290.71,0.0,2866,5,0.3353772898916845,COD,North,1,3,1
3480,2023-01-07,Apparel,1,1176.0,0.19879782812375296,2466,4,0.01986011315837875,Prepaid,North,6,0,0
1073,2023-01-07,Apparel,1,839.42,0.2015650722171852,3969,1,0.1053113166587867,Prepaid,East,13,0,0
1462,2023-01-07,Beauty,0,939.81,0.06607739851228475,4155,2,0.20663606940617965,Prepaid,West,4,2,0
4868,2023-01-07,Footwear,1,757.63,0.34828743976422427,3873,1,0.3086840707462398,Prepaid,East,2,0,0
2893,2023-01-07,Electronics,0,308.73,0.09010068980517422,3344,2,0.6710763685533713,COD,North,5,6,0
4841,2023-01-07,Apparel,1,712.87,0.0,4392,3,0.5679991117007851,COD,North,1,3,1
3917,2023-01-07,Apparel,1,8543.68,0.0,3841,4,0.2732806960417339,Prepaid,West,2,5,0
1776,2023-01-07,Home,0,592.47,0.12529056047965942,3260,2,0.17494086606440354,COD,East,5,3,0
2044,2023-01-07,Apparel,1,3460.93,0.0,1639,2,0.029442239165367656,Prepaid,West,1,6,0
3950,2023-01-07,Beauty,0,533.84,0.550780075642007,1976,3,0.23507475835421893,Prepaid,West,9,1,1
782,2023-01-07,Home,0,932.28,0.0,4249,2,0.20880029903943867,Prepaid,East,14,4,0
3126,2023-01-07,Apparel,1,158.86,0.3082058521629475,1623,0,0.0,Prepaid,West,10,2,1
1937,2023-01-07,Beauty,0,925.18,0.0,2141,3,0.2246711425410974,Prepaid,East,4,1,0
860,2023-01-08,Footwear,1,5539.47,0.4179407386017888,2277,0,0.0,Prepaid,North,9,2,0
4459,2023-01-08,Beauty,0,2003.63,0.0,1039,1,0.106535776801041,Prepaid,South,10,15,1
4103,2023-01-08,Home,0,1976.03,0.0,4332,2,0.11590434865646003,Prepaid,South,7,2,0
3489,2023-01-08,Electronics,0,1881.04,0.0,1588,1,0.3115732217127672,COD,North,2,2,0
1173,2023-01-08,Apparel,1,456.3,0.0,4183,2,0.0826184079345679,Prepaid,West,9,0,0
3625,2023-01-08,Footwear,1,3899.23,0.2582162982718814,1985,1,0.5307327761190813,Prepaid,East,12,0,0
4190,2023-01-08,Apparel,1,2936.54,0.13779123288992415,3362,3,0.05759392067722757,Prepaid,South,10,3,0
3675,2023-01-08,Apparel,1,883.77,0.11155315728404082,2940,1,0.6522296049008033,Prepaid,South,4,8,0
2287,2023-01-08,Electronics,0,637.45,0.10114956279908943,1216,1,0.4181401102654084,COD,West,6,7,0
1140,2023-01-08,Apparel,1,571.72,0.0,3627,1,0.20925985552827017,Prepaid,West,13,5,0
4086,2023-01-08,Apparel,1,2087.3,0.27939621494327177,4269,2,0.06756753703472254,Prepaid,East,3,2,0
313,2023-01-08,Beauty,0,1649.77,0.0,3101,2,0.41366984173428306,COD,North,3,0,0
4345,2023-01-08,Electronics,0,1332.8,0.0,3375,3,0.08120091232149065,Prepaid,West,2,1,0
2735,2023-01-08,Footwear,1,696.35,0.14732834777782838,2008,1,0.16438651184589276,COD,South,8,0,0
793,2023-01-08,Electronics,0,1434.26,0.2194431747828025,3042,3,0.03605016744224184,Prepaid,North,14,1,0
3975,2023-01-08,Home,0,2384.43,0.0,2881,0,0.0,Prepaid,East,8,5,0
534,2023-01-08,Electronics,0,881.87,0.0005147489991693538,3239,2,0.3969456782532678,COD,West,4,1,0
4921,2023-01-08,Beauty,0,1303.1,0.0,3310,1,0.11535411222935517,Prepaid,East,12,1,0
550,2023-01-08,Apparel,1,4421.21,0.14099446643633695,2333,1,0.2368892048759811,COD,North,4,3,0
1579,2023-01-08,Beauty,0,2856.14,0.0,3352,4,0.5106517349100356,Prepaid,West,11,0,1
4007,2023-01-08,Apparel,1,337.1,0.0,3503,4,0.15883790601838352,COD,East,8,8,1
1968,2023-01-08,Footwear,1,1118.2,0.0,2959,2,0.124628385060485,COD,West,4,0,0
1447,2023-01-08,Electronics,0,782.1,0.22143497902114406,2022,0,0.0,Prepaid,North,6,2,0
4072,2023-01-08,Home,0,3397.42,0.0,4028,3,0.1352633082410379,COD,South,2,1,0
916,2023-01-08,Home,0,2466.77,0.18238790267586735,2574,5,0.2845729502305572,COD,North,11,2,0
3792,2023-01-08,Apparel,1,977.7,0.4054836837149164,3302,3,0.039045837321870974,Prepaid,West,8,2,0
4937,2023-01-09,Footwear,1,5042.38,0.3383486175116575,3498,2,0.18968354967177614,Prepaid,East,7,6,1
867,2023-01-09,Home,0,5126.2,0.0,2799,2,0.2642843595611838,COD,West,9,0,0
3283,2023-01-09,Home,0,1417.16,0.09535120925320863,1928,1,0.44318593701558434,Prepaid,East,10,1,0
1310,2023-01-09,Electronics,0,1682.21,0.460281327306024,1950,1,0.023827739556145023,COD,South,11,0,0
1717,2023-01-09,Footwear,1,1774.36,0.0,4124,1,0.001338256119929229,COD,East,8,3,0
4386,2023-01-09,Home,0,617.86,0.5837903610453857,2446,1,0.07347979696793495,COD,North,8,3,0
4307,2023-01-09,Apparel,1,432.34,0.0,1239,2,0.011084367334167677,COD,East,1,2,0
3303,2023-01-09,Apparel,1,3165.25,0.0,3887,2,0.5592285579237954,Prepaid,East,4,7,0
1190,2023-01-09,Footwear,1,1616.68,0.0,3589,0,0.0,Prepaid,South,11,0,1
4576,2023-01-09,Beauty,0,2467.07,0.0,2755,1,0.38430105952011107,Prepaid,North,14,7,0
1195,2023-01-09,Electronics,0,1487.44,0.0,1187,2,0.2550414472956308,Prepaid,South,1,0,0
2550,2023-01-09,Apparel,1,1405.9,0.0,1537,1,0.09030818025536926,Prepaid,West,12,0,0
249,2023-01-09,Electronics,0,531.3,0.22825064848889975,2415,0,0.0,Prepaid,West,13,7,0
2593,2023-01-09,Beauty,0,2007.2,0.0,2089,1,0.016027855204584777,Prepaid,West,11,3,0
3691,2023-01-09,Apparel,1,2022.01,0.0,2099,0,0.0,Prepaid,West,7,3,0
2701,2023-01-09,Beauty,0,276.99,0.22315883950867593,4405,1,0.08794719709192336,Prepaid,South,11,0,0
4824,2023-01-09,Home,0,612.12,0.10339930686664893,4386,1,0.05288799770187813,COD,North,14,0,0
2732,2023-01-10,Apparel,1,1361.93,0.11493855857058789,3124,3,0.14595570672805008,Prepaid,North,5,0,0
4560,2023-01-10,Home,0,1449.77,0.0,3462,4,0.037249238982855086,COD,North,2,5,0
3388,2023-01-10,Beauty,0,234.21,0.0,3905,1,0.3493556507375736,COD,East,6,16,0
16,2023-01-10,Electronics,0,4072.51,0.0,3508,3,0.44640193099047587,Prepaid,North,8,7,0
3401,2023-01-10,Apparel,1,2150.8,0.18125267012574564,4175,4,0.23352475660013036,Prepaid,South,14,0,0
2835,2023-01-10,Footwear,1,5594.21,0.0,1899,2,0.1962960114601419,Prepaid,West,2,2,0
4938,2023-01-10,Apparel,1,1992.69,0.0,1929,3,0.025851204150685328,COD,West,3,1,0
2707,2023-01-10,Electronics,0,749.21,0.14781595909158293,1540,2,0.516956814266139,Prepaid,North,4,0,0
4523,2023-01-10,Beauty,0,4963.87,0.0686340324755366,1006,5,0.10003807815563406,Prepaid,East,3,1,0
4699,2023-01-10,Apparel,1,1146.07,0.22299681121200512,1375,1,0.2666428215657322,COD,South,7,3,0
3767,2023-01-10,Home,0,3579.01,0.16953346957923132,2525,1,0.026711908362535654,COD,East,7,2,0
3445,2023-01-10,Beauty,0,1507.56,0.0,1562,0,0.0,COD,North,8,0,0
2028,2023-01-10,Apparel,1,1053.06,0.0,1820,2,0.005755878718831059,Prepaid,North,9,0,0
4389,2023-01-10,Apparel,1,535.46,0.0,1554,4,0.1115614639831949,Prepaid,North,4,8,0
4895,2023-01-10,Electronics,0,686.6,0.0,4133,4,0.01516165160117786,COD,East,6,8,0
1340,2023-01-10,Electronics,0,9296.73,0.0,1714,2,0.07464101590741547,COD,West,5,2,0
1850,2023-01-10,Home,0,1813.77,0.1368574756503582,3940,1,0.3109496350734463,Prepaid,East,9,0,0
4859,2023-01-10,Home,0,817.15,0.0,3559,1,0.3508906449821286,COD,East,13,0,0
2195,2023-01-10,Home,0,2358.71,0.0,2329,3,0.020461879954283224,Prepaid,West,8,0,0
1177,2023-01-10,Electronics,0,7927.55,0.0,2446,2,0.12516224745017393,COD,East,2,5,0
870,2023-01-10,Apparel,1,561.88,0.0,2405,2,0.04110433294422918,Prepaid,South,1,0,1
3104,2023-01-10,Apparel,1,3406.44,0.1396360606732288,4015,0,0.0,Prepaid,West,1,2,0
660,2023-01-10,Apparel,1,2055.1,0.0,3195,2,0.16685538486615262,Prepaid,North,14,1,0
3045,2023-01-10,Home,0,939.48,0.0,3855,5,0.13414265469491243,Prepaid,North,10,5,0
2353,2023-01-11,Electronics,0,2514.75,0.1459264523440287,2326,5,0.004804866826528945,Prepaid,East,4,5,0
892,2023-01-11,Apparel,1,3354.68,0.015099072782113657,3139,2,0.11302866972366843,COD,North,9,1,0
3575,2023-01-11,Footwear,1,1031.13,0.0,3849,3,0.08231488490558299,Prepaid,North,7,1,0
3876,2023-01-11,Footwear,1,1283.9,0.009548380095714376,2716,0,0.0,Prepaid,North,7,2,0
3060,2023-01-11,Apparel,1,4284.95,0.0,4024,1,0.007679773238911775,COD,North,2,0,0
3563,2023-01-11,Apparel,1,4952.16,0.0,3246,5,0.544147765151744,Prepaid,West,4,3,1
2828,2023-01-11,Footwear,1,532.77,0.16362137314808767,1233,1,0.335497467223166,Prepaid,South,6,9,0
3605,2023-01-11,Apparel,1,147.65,0.0,3886,1,0.2598751933240196,Prepaid,East,7,1,1
3053,2023-01-11,Apparel,1,638.67,0.3826641547475431,3483,1,0.00028630493639754444,Prepaid,North,13,7,0
3658,2023-01-11,Electronics,0,653.63,0.4110434754109006,2174,2,0.10642364136782967,Prepaid,North,2,0,0
4325,2023-01-11,Home,0,1212.78,0.0,4164,3,0.16391393122562511,COD,North,9,2,0
2666,2023-01-11,Beauty,0,172.0,0.15208265544593558,1125,2,0.051084792883221396,COD,East,11,6,0
2864,2023-01-11,Home,0,970.29,0.25108419679444627,2878,1,0.38572239987246004,COD,West,5,2,0
415,2023-01-11,Electronics,0,7480.97,0.03411576620021947,4449,2,0.14096223853870066,Prepaid,West,3,1,0
3209,2023-01-11,Apparel,1,868.34,0.0,2871,2,0.09644523681924846,COD,East,12,0,0
340,2023-01-11,Footwear,1,1457.15,0.0,1030,3,0.32201179810522884,Prepaid,West,4,0,0
2536,2023-01-11,Electronics,0,785.19,0.0,3118,3,0.27551478414333774,Prepaid,North,8,2,0
991,2023-01-11,Electronics,0,1046.84,0.0,1655,4,0.024352753100682783,COD,North,7,0,0
2957,2023-01-11,Footwear,1,212.17,0.28108949457270926,3293,3,0.16298077491001375,Prepaid,East,7,1,1
2419,2023-01-11,Home,0,4293.07,0.0,3769,1,0.2779490284314131,Prepaid,East,4,0,0
4189,2023-01-11,Home,0,469.66,0.23243439995040752,2480,0,0.0,Prepaid,West,7,0,0
3607,2023-01-11,Apparel,1,786.41,0.0,3623,2,0.07723784477162632,Prepaid,West,9,0,0
1597,2023-01-11,Footwear,1,1700.59,0.0,2553,3,0.02737964100413257,Prepaid,East,8,1,0
2081,2023-01-11,Home,0,1502.41,0.0,1706,3,0.4878581462815662,COD,West,3,1,0
229,2023-01-11,Apparel,1,346.28,0.2404551205884976,1835,1,0.22815182150284793,Prepaid,West,11,1,1
4475,2023-01-11,Electronics,0,377.13,0.0,1155,1,0.1670861463671313,Prepaid,North,10,0,0
4542,2023-01-11,Apparel,1,611.52,0.2280402492210324,1849,1,0.05310843418476607,Prepaid,West,3,0,0
4920,2023-01-11,Beauty,0,1094.84,0.3065497936153734,2856,1,0.11428879935161344,Prepaid,South,12,2,0
1370,2023-01-11,Apparel,1,2695.37,0.460705125992417,3149,2,0.015782954435567428,Prepaid,East,10,0,1
2060,2023-01-11,Apparel,1,1023.71,0.1587067447611792,1179,0,0.0,Prepaid,West,1,2,1
1557,2023-01-11,Home,0,525.8,0.0,1709,0,0.0,Prepaid,North,10,1,0
4967,2023-01-11,Apparel,1,1156.09,0.205300459705513,3858,2,0.0758330392939467,Prepaid,South,8,1,1
1301,2023-01-11,Home,0,2968.1,0.0,4159,1,0.23193406977833667,Prepaid,South,2,0,0
269,2023-01-11,Apparel,1,1257.6,0.0,3054,2,0.03871465640987218,Prepaid,West,1,0,0
2007,2023-01-11,Electronics,0,7096.39,0.2704053353142286,1364,3,0.023648832302741216,COD,West,8,4,1
4642,2023-01-12,Apparel,1,2218.55,0.0,1939,3,0.08791170613027158,COD,West,9,1,1
3797,2023-01-12,Apparel,1,610.94,0.0,1351,3,0.7025579262073806,Prepaid,East,12,0,1
164,2023-01-12,Apparel,1,891.21,0.0,2562,6,0.38131823807042936,Prepaid,North,11,4,0
673,2023-01-12,Footwear,1,4680.23,0.04006579796202933,3140,5,0.06968249218230274,Prepaid,North,12,0,0
908,2023-01-12,Electronics,0,856.13,0.0,1577,3,0.21150350766497453,Prepaid,South,1,2,0
4835,2023-01-12,Beauty,0,348.91,0.0,1983,1,0.271296601950309,COD,East,8,1,0
3114,2023-01-12,Apparel,1,16898.06,0.0,1512,5,0.17570665562903942,Prepaid,North,8,2,0
569,2023-01-12,Beauty,0,697.48,0.2630717687640244,2491,6,0.07736411366138951,COD,East,7,14,0
1010,2023-01-12,Apparel,1,915.95,0.11132337102360682,3771,1,0.13438359532352162,Prepaid,East,2,0,0
1800,2023-01-12,Apparel,1,4193.06,0.04655472342121382,1886,2,0.15833049909634145,Prepaid,South,13,2,0
357,2023-01-12,Beauty,0,326.76,0.6107962449967748,2027,3,0.19596458194877114,Prepaid,West,1,0,0
1495,2023-01-12,Apparel,1,576.09,0.0,3662,4,0.027666372405205336,COD,South,3,3,0
3021,2023-01-12,Apparel,1,2470.59,0.0,3266,4,0.1965449535927454,Prepaid,North,1,2,0
2995,2023-01-12,Apparel,1,675.13,0.015099632745088673,1692,2,0.3475262475215996,Prepaid,North,13,5,1
2471,2023-01-12,Apparel,1,2364.57,0.0,1078,1,0.07281992880109481,Prepaid,North,7,0,0
4678,2023-01-12,Footwear,1,412.95,0.23553838691128448,4158,2,0.029550371618715474,Prepaid,North,13,1,0
2015,2023-01-12,Apparel,1,643.42,0.0,2222,2,0.028600115180944723,Prepaid,South,13,1,0
3727,2023-01-12,Beauty,0,1192.25,0.0,3364,1,0.18832070845027368,Prepaid,South,10,2,0
2019,2023-01-12,Footwear,1,1137.92,0.0,4296,1,0.17416689343426486,COD,West,12,2,0
1099,2023-01-12,Apparel,1,779.45,0.07684164877490329,4297,0,0.0,Prepaid,North,9,2,0
444,2023-01-12,Electronics,0,319.19,0.16738096651804885,2267,3,0.2820323987515611,Prepaid,South,12,5,0
1679,2023-01-12,Beauty,0,1713.7,0.14097557674006095,3216,0,0.0,COD,East,4,0,0
4574,2023-01-12,Footwear,1,1595.24,0.0,3433,3,0.06229058315640973,Prepaid,East,9,1,0
4075,2023-01-12,Beauty,0,936.06,0.0,3706,1,0.0836021386957873,COD,South,1,2,0
2632,2023-01-12,Apparel,1,1320.53,0.21383236660449623,3741,3,0.496901949432083,COD,East,13,13,1
287,2023-01-12,Apparel,1,1054.2,0.5257542614602483,1017,2,0.02233206511782426,Prepaid,West,6,1,0
580,2023-01-13,Apparel,1,1817.83,0.0,2631,2,0.06899723921054343,Prepaid,North,1,0,0
270,2023-01-13,Apparel,1,2265.69,0.0,1509,1,0.36253487617082736,Prepaid,North,7,3,0
1351,2023-01-13,Footwear,1,2713.05,0.4238699416440789,1513,5,0.2616902565696521,COD,West,13,3,0
2602,2023-01-13,Electronics,0,411.15,0.10159080022263207,2487,2,0.3473893327614993,Prepaid,South,7,13,0
4514,2023-01-13,Electronics,0,336.65,0.0,2574,1,0.3225327848742698,Prepaid,East,2,0,0
4520,2023-01-13,Electronics,0,423.41,0.0,1772,0,0.0,Prepaid,West,6,3,0
1388,2023-01-13,Apparel,1,1310.53,0.3664275393870886,1540,3,0.13190807195625126,Prepaid,East,8,7,0
2160,2023-01-13,Electronics,0,6837.12,0.38309120074718184,3970,6,0.4112880081986494,COD,East,11,2,0
4567,2023-01-13,Apparel,1,555.18,0.0,1632,3,0.10972207604049193,COD,West,11,4,0
4154,2023-01-13,Apparel,1,2068.05,0.0,4116,2,0.1532152011485291,Prepaid,East,14,1,1
2343,2023-01-13,Home,0,534.05,0.0,2372,1,0.2083771265752059,COD,South,6,5,1
1185,2023-01-13,Footwear,1,1547.7,0.0,1103,1,0.00886736263510915,COD,North,10,3,1
2721,2023-01-13,Home,0,598.95,0.0,1026,0,0.0,Prepaid,North,12,2,0
2001,2023-01-13,Electronics,0,444.14,0.0,3630,0,0.0,Prepaid,North,3,4,0
4615,2023-01-13,Apparel,1,1191.5,0.0,1043,4,0.05316998680081239,Prepaid,South,14,8,0
175,2023-01-13,Footwear,1,1084.36,0.0,4286,4,0.03199609667632812,Prepaid,East,8,3,0
1004,2023-01-13,Apparel,1,7408.85,0.0,1749,1,0.29913044050454224,Prepaid,South,7,7,0
1905,2023-01-13,Electronics,0,746.87,0.22993050229579526,4411,2,0.24072342804960872,Prepaid,East,11,1,0
435,2023-01-13,Beauty,0,1012.23,0.31670891339800566,1030,4,0.26026771716464253,Prepaid,East,5,1,0
2318,2023-01-13,Footwear,1,328.21,0.0,4350,3,0.21246706778635213,COD,East,1,2,0
3149,2023-01-13,Electronics,0,4466.84,0.0,2543,1,0.2133744018099225,COD,North,10,1,0
4881,2023-01-13,Apparel,1,3300.92,0.06743905018550449,2644,3,0.35130084668642336,COD,East,7,0,0
736,2023-01-13,Beauty,0,807.07,0.1867016839913317,3581,2,0.33605384659154897,Prepaid,East,10,1,1
1624,2023-01-13,Electronics,0,841.53,0.024269283156769378,2776,1,0.5015026731755042,COD,South,13,6,0
1721,2023-01-13,Home,0,941.78,0.14179636609063692,3299,1,0.33061204958682977,COD,South,5,1,0
4822,2023-01-13,Footwear,1,2656.87,0.0,2030,2,0.332267228683799,Prepaid,South,12,10,1
279,2023-01-13,Home,0,1363.74,0.0,2528,1,0.08200396552822427,Prepaid,North,6,3,0
4336,2023-01-13,Beauty,0,664.48,0.0,1344,0,0.0,COD,East,13,2,0
4289,2023-01-13,Electronics,0,881.22,0.0,4458,2,0.18998968497187302,Prepaid,South,12,1,0
14,2023-01-13,Apparel,1,3280.61,0.386029593685154,3405,4,0.25706730903416797,COD,North,12,1,0
1315,2023-01-13,Apparel,1,543.34,0.08243964897905108,1928,4,0.2958511194348489,Prepaid,South,11,11,0
3289,2023-01-13,Apparel,1,1030.7,0.2822950500853725,4489,2,0.07227446740971805,Prepaid,North,8,3,0
3350,2023-01-13,Footwear,1,513.25,0.09084259917183636,3725,3,0.24146702149423713,Prepaid,West,13,1,0
3345,2023-01-13,Footwear,1,368.02,0.0,1436,0,0.0,COD,South,6,4,0
2341,2023-01-13,Footwear,1,256.2,0.0,3998,3,0.024817307200069163,Prepaid,South,1,3,0
58,2023-01-13,Home,0,805.38,0.22828589439321184,1251,2,0.13346106934339255,Prepaid,East,2,3,0
820,2023-01-13,Footwear,1,1705.38,0.0,3208,3,0.2652417085518382,Prepaid,North,2,0,0
2376,2023-01-14,Footwear,1,758.72,0.24258126261020702,2266,0,0.0,Prepaid,North,7,1,0
4872,2023-01-14,Electronics,0,589.89,0.0,2930,5,0.003139984882943445,Prepaid,North,9,2,0
1539,2023-01-14,Electronics,0,1359.89,0.0,1360,1,0.36383975637208255,COD,East,1,0,0
4722,2023-01-14,Electronics,0,582.11,0.0,2881,3,0.021880797694943516,Prepaid,East,4,0,0
2175,2023-01-14,Apparel,1,1770.79,0.0,2605,3,0.3675830335450483,COD,West,12,3,1
4142,2023-01-14,Home,0,438.69,0.0,1106,1,0.23372494242365244,Prepaid,East,4,1,0
1384,2023-01-14,Electronics,0,588.48,0.0,1693,0,0.0,COD,East,12,0,0
2155,2023-01-14,Electronics,0,158.1,0.0,2067,1,0.4780901831147822,COD,West,4,2,0
3192,2023-01-14,Footwear,1,604.99,0.4888727784291883,4217,5,0.04662666262823191,COD,West,2,5,0
2755,2023-01-14,Apparel,1,1443.15,0.0,3897,4,0.7282131456765786,Prepaid,North,1,3,0
257,2023-01-14,Footwear,1,1131.46,0.0,4139,2,0.15215464673981374,Prepaid,South,14,8,0
2874,2023-01-14,Electronics,0,1296.62,0.0,2034,3,0.01454379008656122,Prepaid,West,5,10,0
579,2023-01-14,Electronics,0,468.21,0.0,1177,1,0.1422347765420813,COD,West,11,0,0
1511,2023-01-14,Beauty,0,1108.69,0.0,2787,1,0.2582465872030372,Prepaid,South,1,1,0
1519,2023-01-14,Footwear,1,924.02,0.0,4026,5,0.18015743521889488,Prepaid,South,3,1,0
1039,2023-01-14,Apparel,1,1043.95,0.15918429054682298,3340,4,0.16541805182150976,Prepaid,North,14,0,0
2197,2023-01-14,Electronics,0,670.32,0.10468094633249396,2076,1,0.00031142169542699435,COD,North,5,4,0
2854,2023-01-14,Footwear,1,2814.69,0.3410297933256923,1484,4,0.022221332456382574,Prepaid,West,2,1,0
1755,2023-01-14,Electronics,0,1688.59,0.15559620829620593,3560,3,0.3364169350472408,Prepaid,East,12,2,0
2788,2023-01-14,Apparel,1,3776.55,0.0,3285,1,0.08909423871120813,COD,West,3,0,1
3711,2023-01-14,Apparel,1,516.94,0.0,3996,2,0.005271570023525325,Prepaid,East,1,0,0
360,2023-01-14,Apparel,1,1072.09,0.0,1752,2,0.33035858521791717,COD,West,13,0,0
3367,2023-01-15,Apparel,1,4220.39,0.367500633612197,2288,4,0.032522494697369696,Prepaid,West,10,0,0
2084,2023-01-15,Apparel,1,641.98,0.039551295293401595,3217,0,0.0,Prepaid,South,5,0,0
4702,2023-01-15,Beauty,0,1107.79,0.08970423857718961,3089,0,0.0,Prepaid,North,6,1,0
2945,2023-01-15,Beauty,0,1671.19,0.0,3595,0,0.0,Prepaid,North,6,1,0
4042,2023-01-15,Electronics,0,346.09,0.2559119771249966,3381,1,0.6824220549816229,Prepaid,West,11,6,0
3746,2023-01-15,Apparel,1,1001.33,0.0,2366,1,0.34068157540446864,Prepaid,East,1,13,0
612,2023-01-15,Home,0,1754.15,0.0,4460,3,0.026311178370146238,Prepaid,West,6,1,0
4774,2023-01-15,Apparel,1,2196.37,0.34311460376315006,1581,2,0.23952837102584693,COD,West,10,2,0
2098,2023-01-15,Electronics,0,923.87,0.2624838106826848,3661,3,0.012282775816942655,COD,East,6,0,1
3307,2023-01-15,Apparel,1,4351.37,0.0,1107,0,0.0,Prepaid,South,11,0,0
902,2023-01-15,Electronics,0,1772.54,0.08040573772404733,2931,1,0.15280958346402357,Prepaid,East,6,6,0
3867,2023-01-15,Apparel,1,522.56,0.0,3672,1,0.31064786325138716,Prepaid,North,3,3,0
77,2023-01-15,Apparel,1,10525.7,0.0,1330,2,0.4473031674875425,COD,North,6,3,0
1014,2023-01-15,Apparel,1,1879.81,0.26309349577354724,4497,3,0.18021140534630398,COD,South,3,4,0
677,2023-01-15,Apparel,1,279.27,0.0,1896,4,0.08648177254553528,COD,East,2,3,1
1648,2023-01-15,Apparel,1,207.28,0.04454131646621467,1804,2,0.1551432882335897,COD,North,1,3,0
907,2023-01-15,Electronics,0,426.76,0.13686173809015037,3351,0,0.0,Prepaid,South,11,0,0
542,2023-01-15,Footwear,1,274.58,0.27720758098261167,3716,2,0.0568631534181318,Prepaid,West,6,1,0
4869,2023-01-15,Apparel,1,9848.03,0.37506160121715937,2310,4,0.5049959535319825,Prepaid,East,5,3,0
2006,2023-01-15,Electronics,0,932.19,0.0,3643,3,0.3043976236579433,Prepaid,North,4,4,0
3714,2023-01-15,Electronics,0,462.81,0.6334186892024191,1237,0,0.0,COD,East,8,1,0
64,2023-01-15,Apparel,1,2918.4,0.0,3223,2,0.1563569022587885,COD,West,10,1,0
1571,2023-01-15,Home,0,729.01,0.3257530124542152,3627,3,0.07381739867180913,COD,East,10,7,0
1277,2023-01-15,Electronics,0,2487.74,0.17516619778998668,4375,1,0.03941004495243501,COD,East,12,3,0
3323,2023-01-15,Apparel,1,590.2,0.0,1162,2,0.0396782341025602,COD,West,13,6,1
4188,2023-01-15,Home,0,1091.54,0.0,2055,2,0.10060332717781201,Prepaid,North,12,2,0
2348,2023-01-15,Apparel,1,1471.22,0.0,4469,3,0.14020088810240475,Prepaid,West,11,0,1
1914,2023-01-16,Footwear,1,576.05,0.2053384632283739,1506,3,0.0772551203938144,COD,North,8,2,0
4237,2023-01-16,Electronics,0,1867.27,0.14911370131516852,3060,1,0.474936203587047,Prepaid,East,7,2,0
4483,2023-01-16,Electronics,0,1869.19,0.10360289901424778,1379,2,0.283351463008957,Prepaid,North,13,3,0
2905,2023-01-16,Electronics,0,1312.64,0.0,1189,0,0.0,Prepaid,East,3,0,0
3183,2023-01-16,Electronics,0,1095.47,0.0,3552,3,0.0886826572730178,Prepaid,East,13,7,0
3612,2023-01-16,Home,0,2183.89,0.0,2122,4,0.10314090833502823,Prepaid,West,8,0,0
2522,2023-01-16,Footwear,1,165.58,0.0,2057,4,0.5269225490703934,Prepaid,East,9,0,1
2744,2023-01-16,Apparel,1,3167.3,0.0,3374,4,0.10751348333680998,Prepaid,East,13,3,0
4747,2023-01-16,Electronics,0,868.42,0.0,3716,3,0.11111890460717959,Prepaid,East,8,5,1
1089,2023-01-16,Home,0,936.55,0.0,1629,1,0.1557159372362937,Prepaid,South,11,6,0
504,2023-01-16,Apparel,1,1748.45,0.0,2688,0,0.0,Prepaid,North,3,2,0
2264,2023-01-16,Footwear,1,1130.94,0.0,2771,1,0.47332238795872805,COD,East,9,1,0
2063,2023-01-16,Apparel,1,1890.42,0.0,2651,1,0.052109651551624975,Prepaid,South,1,0,0
2061,2023-01-16,Apparel,1,1128.84,0.0,2103,2,0.009425113623837144,Prepaid,West,5,8,0
1110,2023-01-16,Footwear,1,550.25,0.0,3694,1,0.0719409406686542,COD,West,7,1,0
3942,2023-01-16,Apparel,1,282.19,0.0,2695,2,0.08008924810248197,Prepaid,West,2,5,0
2255,2023-01-16,Home,0,1990.12,0.0,3920,2,0.15307398557462792,Prepaid,South,1,1,0
4061,2023-01-16,Home,0,543.92,0.0,4131,2,0.09568431083555978,COD,North,13,8,1
2508,2023-01-16,Apparel,1,1219.57,0.10387820320454332,4370,1,0.026182946881557284,COD,East,13,2,0
1840,2023-01-16,Beauty,0,1227.74,0.0,1786,1,0.22203323319428878,Prepaid,South,2,3,0
3744,2023-01-16,Electronics,0,2655.16,0.0,2225,1,0.02170658216232409,Prepaid,West,10,7,0
4303,2023-01-16,Footwear,1,1113.52,0.0,1536,1,0.06391620917077419,COD,West,9,0,0
2844,2023-01-16,Beauty,0,319.46,0.0,1325,0,0.0,Prepaid,West,6,0,0
2875,2023-01-16,Apparel,1,2514.98,0.0,3263,3,0.11702253422250507,Prepaid,North,1,9,0
570,2023-01-16,Apparel,1,1579.66,0.0,2089,3,0.6282253637208465,Prepaid,North,14,2,1
2889,2023-01-16,Home,0,1431.58,0.0,3073,1,0.07043078761561807,COD,North,2,5,0
2350,2023-01-16,Beauty,0,783.55,0.12571432617458106,2112,2,0.13421385952036322,Prepaid,West,4,0,0
4416,2023-01-16,Beauty,0,150.84,0.0,1142,4,0.20783651748492754,Prepaid,West,14,0,0
4088,2023-01-16,Beauty,0,123.93,0.02078122239664283,3830,2,0.025897901023570116,Prepaid,North,13,5,1
1976,2023-01-16,Home,0,2378.73,0.0,3656,1,0.599683444772104,Prepaid,West,12,0,0
572,2023-01-17,Home,0,2352.35,0.3222795860570696,3639,3,0.17799149589647523,COD,West,3,0,0
3429,2023-01-17,Home,0,2093.74,0.0,4066,2,0.18012221987207255,COD,West,6,0,0
2040,2023-01-17,Apparel,1,2142.02,0.0,4154,1,0.06378024093720831,Prepaid,North,7,1,0
4408,2023-01-17,Electronics,0,423.35,0.0,3410,4,0.2647800456036204,Prepaid,South,8,7,0
1205,2023-01-17,Electronics,0,989.86,0.0,3433,2,0.09808856113316984,Prepaid,East,8,9,0
3483,2023-01-17,Footwear,1,764.14,0.4206550649269273,2776,1,0.6811638390994217,Prepaid,East,3,6,1
2009,2023-01-17,Footwear,1,917.59,0.0,1842,4,0.02074936183949723,Prepaid,West,9,0,0
2806,2023-01-17,Beauty,0,2917.42,0.0,4167,1,0.48427416629714676,COD,North,4,1,0
734,2023-01-17,Footwear,1,959.14,0.20430813346237753,1932,1,0.11126145593904244,Prepaid,East,11,5,0
3565,2023-01-17,Beauty,0,402.35,0.0,2659,3,0.2477339853197575,Prepaid,East,1,9,0
4176,2023-01-17,Home,0,2568.39,0.06454882122029251,3731,2,0.09779898239456106,COD,South,2,2,0
4288,2023-01-17,Apparel,1,1064.05,0.1711462264932439,1937,2,0.44688802182376874,Prepaid,West,11,0,1
2767,2023-01-17,Footwear,1,2031.04,0.0,2287,2,0.21926787753985724,Prepaid,West,11,5,0
3733,2023-01-17,Electronics,0,1752.54,0.37124477218296204,3424,2,0.4873574383730895,Prepaid,East,4,0,1
4279,2023-01-17,Electronics,0,566.12,0.0,1819,1,0.4640610556395566,COD,West,10,16,0
984,2023-01-17,Beauty,0,5522.03,0.0164600045271157,3008,1,0.5165782985067997,COD,North,7,3,0
4451,2023-01-17,Home,0,2314.51,0.15905108697342618,1905,1,0.008202042344370351,Prepaid,South,12,2,0
3913,2023-01-17,Beauty,0,402.94,0.0,2504,3,0.5072608413799929,COD,West,7,0,0
4569,2023-01-17,Apparel,1,4956.67,0.0,3984,0,0.0,Prepaid,West,12,0,0
948,2023-01-17,Electronics,0,500.92,0.0,1738,3,0.17909067721469896,COD,East,11,3,0
3061,2023-01-17,Footwear,1,1072.35,0.0,3261,1,0.196307315649337,Prepaid,East,2,6,0
4261,2023-01-17,Apparel,1,547.16,0.0,3966,0,0.0,Prepaid,South,8,1,0
1128,2023-01-17,Footwear,1,1006.52,0.3710389843330697,4447,0,0.0,Prepaid,East,10,6,1
1602,2023-01-17,Electronics,0,857.93,0.28753154029698635,1178,2,0.31648738864986214,Prepaid,South,11,0,0
3624,2023-01-17,Electronics,0,697.88,0.35258875661919886,1197,3,0.13035036955313148,Prepaid,South,4,1,0
3628,2023-01-17,Electronics,0,974.91,0.400324046086846,2076,1,0.1704856505132425,Prepaid,South,13,0,0
3230,2023-01-18,Beauty,0,547.76,0.35219552524772835,2496,2,0.5689508261865567,Prepaid,South,11,0,0
3661,2023-01-18,Apparel,1,378.51,0.11103403976268023,2155,1,0.31005819368128645,Prepaid,North,4,2,1
3623,2023-01-18,Footwear,1,2790.65,0.0,1045,1,0.16061903602210634,Prepaid,North,8,2,0
3708,2023-01-18,Apparel,1,2932.66,0.0,2672,1,0.07218805079159563,COD,East,1,0,0
1643,2023-01-18,Home,0,195.95,0.0,4221,2,0.2281765030335883,COD,West,11,1,0
3296,2023-01-18,Apparel,1,2020.89,0.21715241287268836,2246,2,0.007562089869555303,Prepaid,North,11,6,0
1590,2023-01-18,Electronics,0,534.45,0.45896304862770776,3181,1,0.37341335729363095,Prepaid,North,4,1,0
3171,2023-01-18,Apparel,1,640.51,0.0,2469,2,0.0022895288972372505,Prepaid,East,2,7,0
816,2023-01-18,Apparel,1,1786.89,0.07997770629643838,2476,1,0.2799521572882971,COD,South,11,1,0
3459,2023-01-18,Home,0,812.57,0.0,4454,1,0.006993954854824091,Prepaid,North,1,5,0
3463,2023-01-18,Electronics,0,1841.31,0.09983143874614638,2326,1,0.0636585014055225,Prepaid,West,2,3,0
1874,2023-01-18,Home,0,2740.46,0.4457077281007934,3127,1,0.002941427034443138,Prepaid,South,13,11,0
2291,2023-01-18,Home,0,411.84,0.0,3429,0,0.0,Prepaid,North,9,4,0
593,2023-01-18,Home,0,854.8,0.1911030600451182,3664,3,0.34222335513489444,COD,East,10,1,0
103,2023-01-18,Apparel,1,78.48,0.0,3191,2,0.29489304729843413,COD,South,12,0,0
3155,2023-01-18,Beauty,0,1270.83,0.0,2258,1,0.20958970709318606,COD,North,14,2,0
2194,2023-01-18,Electronics,0,311.08,0.0,4387,0,0.0,Prepaid,East,1,2,0
450,2023-01-18,Electronics,0,2115.51,0.0,2200,3,0.1499069064804282,Prepaid,East,2,0,0
267,2023-01-18,Home,0,1624.55,0.0,4287,1,0.04673597492979726,COD,East,9,11,0
331,2023-01-18,Beauty,0,205.44,0.2993081632040402,4411,4,0.19139388222651962,COD,East,5,0,0
268,2023-01-18,Home,0,1313.56,0.0643076394056394,3762,2,0.36530665998250705,COD,East,4,4,0
1474,2023-01-18,Apparel,1,3691.53,0.0,1084,1,0.33426281359098886,Prepaid,East,1,1,0
1609,2023-01-18,Home,0,1868.48,0.0,4225,3,0.011403433462594797,Prepaid,North,8,4,0
4301,2023-01-18,Electronics,0,1967.14,0.05667113175289495,3784,3,0.37575657437557397,Prepaid,South,7,0,1
3404,2023-01-18,Apparel,1,1851.01,0.13767900051292115,1448,1,0.08253818032002826,COD,West,11,4,0
1802,2023-01-18,Apparel,1,2959.14,0.0,3026,1,0.359852360580153,COD,North,1,5,0
4326,2023-01-18,Apparel,1,275.11,0.0,4074,1,0.15373356634858634,Prepaid,North,14,2,0
3389,2023-01-18,Apparel,1,525.93,0.0,3577,1,0.12541266923315145,Prepaid,North,14,3,0
4858,2023-01-18,Apparel,1,1338.77,0.0,2796,2,0.23248851137089596,Prepaid,West,3,7,0
2180,2023-01-18,Footwear,1,41.73,0.0,3208,2,0.08528734141605061,Prepaid,West,13,2,0
2053,2023-01-18,Footwear,1,733.63,0.06528596818601146,4310,4,0.03774757059892956,Prepaid,North,12,10,0
2475,2023-01-18,Apparel,1,5835.47,0.14248802233740326,2930,4,0.03913831271246208,Prepaid,West,5,0,0
3271,2023-01-18,Apparel,1,1439.2,0.0,2269,5,0.1014277884436303,COD,West,2,1,0
661,2023-01-18,Apparel,1,243.68,0.0,2873,3,0.10348700552343595,COD,South,4,0,0
65,2023-01-18,Home,0,7397.36,0.0969955482390215,2717,1,0.40728991066308967,Prepaid,East,5,6,0
878,2023-01-19,Footwear,1,379.79,0.0,1680,3,0.3005271940504217,Prepaid,North,5,0,1
2992,2023-01-19,Beauty,0,811.24,0.0,3586,4,0.04825626710812814,Prepaid,North,12,4,0
3947,2023-01-19,Apparel,1,5792.87,0.16243232540900837,3447,2,0.0047155990813878826,Prepaid,East,9,4,0
1450,2023-01-19,Home,0,944.79,0.0,1811,1,0.6800076330566636,Prepaid,West,5,0,0
3037,2023-01-19,Home,0,2442.03,0.05832797328950503,3185,0,0.0,Prepaid,North,11,0,0
274,2023-01-19,Electronics,0,3031.5,0.0,1681,3,0.3711861777655039,COD,East,9,0,0
547,2023-01-19,Electronics,0,931.71,0.03334295656759957,2207,5,0.1554631110457435,Prepaid,West,8,3,1
3960,2023-01-19,Electronics,0,759.48,0.0,3108,1,0.13479164063330376,Prepaid,West,7,0,0
2715,2023-01-19,Apparel,1,344.68,0.16859552263522515,2552,2,0.21850438950966503,Prepaid,East,1,2,0
1264,2023-01-19,Home,0,3207.16,0.0,3244,2,0.3811864220115245,Prepaid,South,6,2,0
3446,2023-01-19,Footwear,1,1804.01,0.0,1801,3,0.055097193565744725,COD,East,11,10,0
1866,2023-01-19,Home,0,1348.09,0.0,1704,2,0.13954718423437076,Prepaid,South,13,0,0
910,2023-01-19,Home,0,3385.47,0.0,2899,3,0.5816667500752511,Prepaid,North,11,4,1
3272,2023-01-19,Beauty,0,2754.38,0.0,1133,2,0.22672076838548252,Prepaid,West,10,6,0
1614,2023-01-19,Apparel,1,1146.24,0.0,2949,2,0.0981444562136303,Prepaid,South,11,9,0
2529,2023-01-19,Electronics,0,682.68,0.02649034141262241,3984,4,0.14498156835078027,Prepaid,South,1,6,0
4721,2023-01-19,Apparel,1,957.59,0.23608375300441067,1424,3,0.1373791847176509,Prepaid,West,3,1,0
2403,2023-01-19,Home,0,717.52,0.06614802455668733,3145,0,0.0,Prepaid,West,2,2,0
2749,2023-01-19,Apparel,1,2270.13,0.0,3981,2,0.1263163904700569,COD,East,13,0,0
4297,2023-01-20,Beauty,0,5910.45,0.0,3708,4,0.3539055840008252,Prepaid,North,4,0,0
85,2023-01-20,Electronics,0,309.16,0.3217621527064042,3485,3,0.16915742540321427,Prepaid,South,3,0,0
4649,2023-01-20,Electronics,0,1070.83,0.0,2466,1,0.050976588594471274,COD,East,1,0,0
3354,2023-01-20,Footwear,1,676.9,0.29984427477513365,4096,2,0.016225829430072218,COD,West,5,3,0
1740,2023-01-20,Footwear,1,2038.6,0.0,4098,1,0.2291313308179115,COD,South,10,7,0
3090,2023-01-20,Apparel,1,1872.68,0.19670515831100044,1829,1,0.4152918658356515,Prepaid,East,4,1,0
2392,2023-01-20,Apparel,1,1752.52,0.0,1174,2,0.048658930520927485,Prepaid,East,12,3,0
4125,2023-01-20,Electronics,0,2725.55,0.0,3271,1,0.05161647964053362,Prepaid,South,4,1,0
165,2023-01-20,Apparel,1,452.56,0.2596425762158461,1111,2,0.3251101601347094,Prepaid,North,2,6,0
2961,2023-01-20,Beauty,0,4028.13,0.0,4070,2,0.012439000657461641,COD,West,12,2,0
4277,2023-01-20,Electronics,0,343.58,0.0,1215,0,0.0,COD,South,5,5,0
3719,2023-01-20,Footwear,1,776.95,0.0,1832,2,0.2944596198920359,Prepaid,South,5,0,1
4954,2023-01-20,Electronics,0,2159.41,0.0,4411,1,0.03405839276965831,COD,East,4,2,0
4606,2023-01-20,Home,0,415.15,0.0,2204,1,0.17191088072368227,COD,West,6,0,0
72,2023-01-20,Footwear,1,353.28,0.0,3334,0,0.0,Prepaid,North,9,2,0
4889,2023-01-20,Apparel,1,587.82,0.0,2056,1,0.011629443366181245,COD,North,14,4,0
3438,2023-01-20,Electronics,0,315.2,0.5684764941417203,1108,3,0.08171400450799914,Prepaid,South,3,1,0
2747,2023-01-20,Apparel,1,4696.31,0.28108049716550815,3423,3,0.10807775839695427,Prepaid,South,3,0,0
1056,2023-01-20,Apparel,1,1200.5,0.026696186544363856,3400,4,0.2564790920310967,Prepaid,South,1,2,0
1292,2023-01-20,Electronics,0,1030.9,0.0,2837,2,0.1187291821130103,COD,East,9,1,0
1133,2023-01-20,Home,0,1991.08,0.0,2460,5,0.17746734840757802,COD,West,12,0,0
3299,2023-01-20,Electronics,0,2522.24,0.04701381434197254,1548,2,0.1508220344014274,COD,West,6,0,0
3633,2023-01-20,Apparel,1,2497.4,0.0,4161,2,0.10822164716412659,Prepaid,West,9,1,1
2651,2023-01-20,Apparel,1,1400.15,0.0,2934,4,0.3629870941185033,Prepaid,East,13,1,1
4512,2023-01-20,Home,0,631.18,0.0,3645,4,0.2640870802487921,Prepaid,East,5,2,0
2396,2023-01-21,Home,0,1112.03,0.06329195704054139,1601,2,0.13002090694863364,Prepaid,East,6,7,0
959,2023-01-21,Apparel,1,72.7,0.2557475330890737,2244,1,0.005063704998188382,COD,South,4,2,0
3066,2023-01-21,Beauty,0,242.29,0.0,3672,0,0.0,Prepaid,North,8,1,0
1359,2023-01-21,Home,0,14125.76,0.0,2558,4,0.04225308252740902,Prepaid,East,10,0,0
4422,2023-01-21,Footwear,1,2763.49,0.0,4162,1,0.02611965582470976,Prepaid,East,7,0,0
4890,2023-01-21,Beauty,0,450.05,0.21142990475019843,2820,0,0.0,COD,North,12,4,1
4066,2023-01-21,Apparel,1,1281.99,0.14524411872677234,4414,1,0.13069801649653293,COD,East,8,0,0
1620,2023-01-21,Home,0,1556.28,0.0,2350,2,0.2541398621905588,Prepaid,East,5,0,0
2776,2023-01-21,Electronics,0,4766.88,0.0,3370,1,0.2033108618202803,COD,North,9,1,0
2704,2023-01-21,Home,0,1606.85,0.0,3488,2,0.16591843992782734,Prepaid,West,3,7,1
1419,2023-01-21,Apparel,1,63.32,0.0,2093,0,0.0,Prepaid,West,2,3,0
2340,2023-01-21,Electronics,0,2657.22,0.33559448373877726,1756,1,0.39262688138535,Prepaid,North,3,6,1
557,2023-01-21,Home,0,2535.3,0.18153414272794083,4391,3,0.1606115671496049,Prepaid,North,2,0,0
305,2023-01-21,Footwear,1,938.58,0.044718853421078876,1668,2,0.380592568734506,COD,North,14,4,1
3873,2023-01-21,Beauty,0,3338.16,0.0,3035,4,0.10855171436047475,Prepaid,South,9,0,1
2498,2023-01-21,Electronics,0,2894.18,0.10209215078237731,2412,3,0.20035437298779948,COD,North,3,4,1
4082,2023-01-21,Electronics,0,5306.02,0.16348744933802167,3115,2,0.2998619537235375,Prepaid,East,12,0,0
3338,2023-01-21,Footwear,1,329.04,0.0,4323,2,0.046685065387110515,COD,South,12,8,0
1745,2023-01-21,Apparel,1,833.48,0.233369153206608,3750,2,0.17014189330612448,Prepaid,North,8,0,0
426,2023-01-21,Electronics,0,182.5,0.0,3289,3,0.3257261441369814,Prepaid,West,4,0,1
3091,2023-01-21,Apparel,1,596.16,0.0,2073,3,0.19273221650686342,Prepaid,North,14,3,0
1163,2023-01-21,Apparel,1,491.32,0.2996438284016698,1780,2,0.5619751815328126,Prepaid,North,12,11,1
2117,2023-01-22,Footwear,1,288.08,0.22876926347726304,2804,1,0.17731468760016225,Prepaid,North,3,1,0
4591,2023-01-22,Apparel,1,2006.07,0.11986847052284086,1393,1,0.10585233977823326,COD,West,14,12,0
1782,2023-01-22,Apparel,1,324.49,0.1241563367013135,1960,3,0.08355796924231863,COD,West,12,1,0
766,2023-01-22,Footwear,1,870.46,0.2532235272930029,3939,1,0.4658668688064071,Prepaid,East,10,4,1
1577,2023-01-22,Footwear,1,685.96,0.0,1342,3,0.28285614026121975,Prepaid,East,13,0,0
1586,2023-01-22,Beauty,0,981.08,0.06419872665439053,2224,2,0.11601194632118998,Prepaid,North,6,1,0
1854,2023-01-22,Apparel,1,1713.75,0.03889966481642848,1805,3,0.3292394210820967,COD,South,3,6,0
401,2023-01-22,Electronics,0,538.97,0.6322833521844179,1240,4,0.40377626434942293,Prepaid,North,13,0,1
927,2023-01-22,Footwear,1,858.92,0.0,3929,0,0.0,COD,North,5,3,0
1400,2023-01-22,Electronics,0,1928.24,0.0,3006,2,0.08087977693026129,Prepaid,East,3,0,0
1815,2023-01-22,Apparel,1,953.69,0.054827625918924566,1087,0,0.0,Prepaid,East,12,3,0
2434,2023-01-22,Home,0,273.65,0.24881663315535385,1154,1,0.10527938488033428,COD,North,9,10,0
1918,2023-01-22,Apparel,1,1895.91,0.2768473105237123,3971,6,0.2496730958308634,COD,West,9,0,0
2474,2023-01-22,Home,0,702.76,0.0,1055,3,0.0694709659566144,COD,South,1,7,0
4211,2023-01-22,Electronics,0,468.18,0.0,2932,3,0.03523139997713019,Prepaid,South,6,3,0
3800,2023-01-22,Beauty,0,1008.24,0.10867193266708025,2557,1,0.01013459686800232,COD,West,6,4,0
286,2023-01-22,Home,0,852.29,0.0,2520,5,0.13757031585064056,Prepaid,North,2,11,0
2312,2023-01-22,Apparel,1,425.21,0.0,2347,1,0.04306142028728956,Prepaid,North,1,4,0
3760,2023-01-22,Electronics,0,1158.14,0.0,1233,0,0.0,Prepaid,West,12,0,0
2193,2023-01-22,Footwear,1,203.07,0.0,2044,3,0.11015895344055936,COD,North,5,1,0
2800,2023-01-23,Electronics,0,722.07,0.1899530317945649,2178,3,0.025579214591207978,Prepaid,East,13,1,0
1047,2023-01-23,Electronics,0,256.46,0.0,2299,3,0.10229869255257584,Prepaid,North,2,3,0
800,2023-01-23,Home,0,1299.64,0.0,3073,1,0.5150418047365243,Prepaid,West,5,0,0
158,2023-01-23,Apparel,1,803.46,0.0,3641,2,0.04026503535551948,COD,North,1,0,0
4981,2023-01-23,Apparel,1,4341.11,0.03873304822781492,3824,2,0.13088111447256723,Prepaid,East,4,1,0
998,2023-01-23,Footwear,1,1378.85,0.21103169405490224,4378,1,0.47111332682384094,Prepaid,West,9,1,0
780,2023-01-23,Apparel,1,1268.18,0.0,3745,1,0.0031940084134711956,Prepaid,South,11,1,0
3020,2023-01-23,Footwear,1,1850.76,0.44588676107673797,4232,0,0.0,Prepaid,South,7,2,0
1141,2023-01-23,Electronics,0,3731.14,0.0,3994,4,0.1392703387980814,COD,South,14,2,1
4513,2023-01-23,Beauty,0,2320.83,0.0,2841,5,0.030003165726930407,Prepaid,East,12,8,0
4290,2023-01-23,Footwear,1,239.98,0.11584127385662076,3424,2,0.14319023661788738,Prepaid,North,9,0,0
2678,2023-01-23,Apparel,1,443.46,0.0,2951,2,0.300903724649643,COD,South,9,4,0
4805,2023-01-23,Home,0,963.96,0.0,3907,1,0.04920881950189767,Prepaid,North,12,14,0
201,2023-01-23,Beauty,0,5796.2,0.3581528861405978,1559,1,0.0069992191337021415,Prepaid,West,13,6,0
2398,2023-01-23,Home,0,2583.33,0.06968516454148557,1903,1,0.09722712289133645,Prepaid,South,13,5,0
4600,2023-01-23,Home,0,806.9,0.22816134746346672,4434,1,0.044937157373728887,Prepaid,South,4,5,0
725,2023-01-23,Footwear,1,2866.99,0.0,2304,1,0.02929495730372409,Prepaid,North,9,10,0
278,2023-01-23,Apparel,1,242.6,0.0,2739,0,0.0,Prepaid,West,8,1,0
837,2023-01-23,Electronics,0,1626.01,0.454905097361172,3734,3,0.40127874673617925,Prepaid,South,8,1,0
4949,2023-01-23,Apparel,1,758.25,0.0,1667,3,0.27080166643282144,Prepaid,West,3,1,0
1416,2023-01-23,Apparel,1,1025.9,0.32215883930185196,3322,3,0.019210920263850486,COD,West,1,6,0
3472,2023-01-23,Apparel,1,181.47,0.0,4337,1,0.31468974089868335,Prepaid,West,2,2,0
2484,2023-01-23,Apparel,1,2650.71,0.1705113357150388,2560,4,0.2802670393950111,Prepaid,West,14,0,0
3594,2023-01-23,Apparel,1,2413.4,0.07076317736298503,3418,2,0.2534595176002269,Prepaid,East,9,4,0
3945,2023-01-23,Apparel,1,254.64,0.0017812631600368223,2355,0,0.0,Prepaid,North,11,1,0
4272,2023-01-23,Electronics,0,1156.31,0.0,3162,0,0.0,Prepaid,East,6,0,0
1573,2023-01-23,Home,0,1244.81,0.0,3961,1,0.14181005388576706,Prepaid,North,4,6,0
4715,2023-01-23,Apparel,1,1170.9,0.0,1128,1,0.06133075052960934,COD,East,1,1,0
1472,2023-01-23,Footwear,1,66.7,0.02150231736027755,1834,2,0.19765376612212218,COD,South,11,1,0
3233,2023-01-23,Home,0,1019.84,0.03998774741344029,3228,1,0.12279886068549885,Prepaid,East,1,2,0
2486,2023-01-23,Apparel,1,2318.63,0.2745608875895901,3488,3,0.17405091599216813,Prepaid,West,8,0,1
796,2023-01-24,Beauty,0,5183.12,0.2133341417585958,4267,3,0.1375154074406986,COD,East,5,0,0
4359,2023-01-24,Beauty,0,1010.16,0.0,3958,3,0.027117841303830107,Prepaid,West,10,0,0
4857,2023-01-24,Home,0,1467.68,0.0,2046,0,0.0,COD,South,5,13,0
1621,2023-01-24,Apparel,1,388.37,0.0,1403,4,0.1635053925325489,Prepaid,North,5,1,0
3578,2023-01-24,Electronics,0,914.85,0.0,3910,0,0.0,Prepaid,North,8,2,0
1031,2023-01-24,Home,0,309.68,0.0,3883,2,0.09979741194013278,COD,South,14,2,0
1058,2023-01-24,Electronics,0,5265.16,0.0,3186,4,0.22397098596394058,COD,South,9,6,0
374,2023-01-24,Electronics,0,1374.23,0.0,2339,2,0.1691227022950724,Prepaid,West,13,0,0
2496,2023-01-24,Electronics,0,133.54,0.0,2657,3,0.2078733958565212,Prepaid,South,7,1,0
1947,2023-01-24,Electronics,0,425.66,0.3073240055666452,3304,5,0.2510845344310698,Prepaid,East,4,4,0
3786,2023-01-24,Apparel,1,541.21,0.23024962544385427,3105,3,0.02303364428920299,Prepaid,South,7,1,0
1433,2023-01-24,Apparel,1,1427.78,0.10581589309190316,1934,1,0.008516293129897632,Prepaid,North,5,0,0
2784,2023-01-24,Apparel,1,914.55,0.0,3913,1,0.14319995466351296,COD,South,10,1,0
1160,2023-01-24,Apparel,1,212.64,0.0202192418826332,2563,2,0.06714106459650558,Prepaid,West,5,4,0
3865,2023-01-24,Footwear,1,1889.7,0.0,1927,2,0.08222529555875667,Prepaid,South,8,0,0
3324,2023-01-24,Home,0,1510.51,0.0,3462,1,0.1831835533404403,COD,East,8,5,0
4619,2023-01-24,Home,0,1680.18,0.0,3244,4,0.04140966586077211,Prepaid,East,6,3,0
4446,2023-01-24,Apparel,1,3412.02,0.0,1231,3,0.07830695918197726,Prepaid,West,1,6,0
2728,2023-01-24,Home,0,658.91,0.020923059795080343,4288,2,0.047819636774828984,COD,West,4,11,1
2716,2023-01-24,Beauty,0,764.69,0.0,1866,1,0.1396703994107436,Prepaid,North,14,1,0
3941,2023-01-24,Apparel,1,1307.8,0.08020513102148175,4195,1,0.16760559417620713,COD,South,12,0,1
2547,2023-01-24,Electronics,0,465.92,0.09028591581476433,3885,4,0.6196811543164429,COD,South,3,0,1
1908,2023-01-24,Apparel,1,2544.52,0.0,2492,2,0.2690932048442833,Prepaid,East,13,6,0
608,2023-01-24,Footwear,1,803.11,0.0,3296,2,0.17790242545293428,Prepaid,South,9,5,0
2619,2023-01-24,Apparel,1,59.63,0.0,4196,1,0.013954445340025998,Prepaid,South,4,6,0
1839,2023-01-24,Home,0,648.52,0.0,1569,2,0.20570590602853372,Prepaid,West,1,1,1
2927,2023-01-24,Beauty,0,1442.68,0.0,4471,1,0.46114656268405707,Prepaid,East,1,11,1
2970,2023-01-24,Beauty,0,2128.29,0.0,3663,2,0.06705914168590929,Prepaid,North,3,3,0
895,2023-01-25,Electronics,0,818.2,0.0,4267,1,0.24814200329420041,COD,West,13,7,0
620,2023-01-25,Electronics,0,294.51,0.0810221784523406,3098,3,0.25234375416486804,Prepaid,West,9,0,0
2309,2023-01-25,Footwear,1,1721.05,0.0,1332,3,0.01946104026424083,Prepaid,East,13,1,0
4906,2023-01-25,Apparel,1,237.91,0.20885998551678617,1190,3,0.011675824160362537,Prepaid,East,4,6,0
1797,2023-01-25,Apparel,1,363.45,0.0,4476,1,0.44188089327891017,Prepaid,South,14,1,0
3584,2023-01-25,Electronics,0,786.03,0.2413601734853698,2563,2,0.25306472303463173,COD,East,2,1,0
2796,2023-01-25,Apparel,1,1366.83,0.0,2738,2,0.17712805687257593,Prepaid,West,1,0,0
2822,2023-01-25,Apparel,1,871.91,0.0,3424,1,0.24195301649230727,COD,North,11,0,0
3125,2023-01-25,Apparel,1,381.9,0.0,2723,2,0.021948614842902114,Prepaid,South,12,3,0
1030,2023-01-25,Beauty,0,649.5,0.0,2754,1,0.3730851142758279,Prepaid,South,12,1,0
1978,2023-01-25,Electronics,0,3044.76,0.13168696971204924,1531,1,0.4269055621918633,Prepaid,North,11,4,0
49,2023-01-25,Footwear,1,237.16,0.0,3636,3,0.17434542958945182,Prepaid,North,12,8,0
1284,2023-01-25,Electronics,0,1425.43,0.1963996735701815,1455,2,0.1202786839394832,Prepaid,West,6,0,0
4652,2023-01-25,Apparel,1,812.19,0.0,3807,2,0.22128591052770769,Prepaid,North,13,0,0
3065,2023-01-25,Apparel,1,7923.43,0.26920183936206166,1701,1,0.008965996784662863,Prepaid,West,3,0,0
302,2023-01-25,Apparel,1,1751.88,0.11910567321625636,3272,1,0.03713717047632279,Prepaid,East,14,5,0
2159,2023-01-25,Beauty,0,5653.92,0.0,3007,1,0.05698415820760377,Prepaid,West,6,4,0
4526,2023-01-25,Home,0,360.35,0.0,3446,2,0.2594297379031499,Prepaid,West,12,3,0
4573,2023-01-25,Electronics,0,2070.06,0.0,3835,1,0.06682800890366648,COD,East,13,0,0
2683,2023-01-25,Apparel,1,368.12,0.0,1476,0,0.0,Prepaid,South,13,1,0
602,2023-01-25,Apparel,1,163.64,0.31447448948869117,2922,2,0.3317602485441959,COD,North,5,5,0
2136,2023-01-25,Apparel,1,5723.55,0.256171652992529,2047,2,0.1566346057450376,COD,South,11,2,0
25,2023-01-25,Electronics,0,285.53,0.20152324687026438,3398,2,0.2509739065393574,Prepaid,East,4,1,0
222,2023-01-25,Apparel,1,1413.14,0.0,4040,2,0.14436223696554434,COD,North,11,1,0
763,2023-01-26,Home,0,469.62,0.049422045337041434,1850,3,0.060856013543796834,COD,West,8,5,0
2507,2023-01-26,Electronics,0,213.77,0.0,4376,3,0.1413425961236927,COD,South,6,1,0
4956,2023-01-26,Apparel,1,125.77,0.09260882973920732,2619,3,0.3480027008452246,Prepaid,West,3,4,1
213,2023-01-26,Apparel,1,1718.24,0.0,4495,0,0.0,Prepaid,East,7,4,0
319,2023-01-26,Footwear,1,1102.63,0.0,4149,2,0.16548744056329995,COD,West,12,1,0
4519,2023-01-26,Apparel,1,1161.4,0.0,3274,3,0.24297391811597024,COD,South,11,1,0
260,2023-01-26,Apparel,1,800.4,0.0,2819,3,0.02138124758005379,Prepaid,South,8,0,0
3447,2023-01-26,Footwear,1,2256.38,0.35257708872749516,1850,2,0.15147252494731608,Prepaid,West,12,4,0
1238,2023-01-26,Apparel,1,946.17,0.0,4472,3,0.03915930301918984,COD,East,10,2,0
4150,2023-01-26,Apparel,1,7389.65,0.11227923826510576,1397,2,0.17871410524492248,Prepaid,West,6,4,0
733,2023-01-26,Apparel,1,1470.23,0.0,3825,0,0.0,Prepaid,South,3,1,0
4310,2023-01-26,Electronics,0,1346.57,0.19218009131932182,3447,1,0.08696107373704368,COD,North,1,0,0
515,2023-01-26,Footwear,1,1441.66,0.26533142266831017,2716,0,0.0,Prepaid,North,8,4,0
3647,2023-01-26,Footwear,1,660.01,0.0,1874,5,0.039981894080308826,Prepaid,East,4,0,1
3847,2023-01-26,Apparel,1,131.37,0.0,3348,2,0.6232015530487232,Prepaid,West,9,6,0
2840,2023-01-26,Apparel,1,110.77,0.0,1013,4,0.31550377280992675,Prepaid,East,7,0,0
1477,2023-01-26,Electronics,0,224.38,0.0,4496,1,0.2469220591974337,Prepaid,North,12,4,0
1461,2023-01-26,Electronics,0,87.46,0.10096033019730602,3570,2,0.33811650810024807,Prepaid,North,8,7,0
3088,2023-01-26,Electronics,0,3854.1,0.0,2908,3,0.2438327423204879,Prepaid,South,10,1,0
2143,2023-01-26,Electronics,0,284.77,0.0,3321,1,0.10928416528350623,COD,North,11,0,0
1000,2023-01-26,Footwear,1,936.99,0.0,1314,3,0.477398131812875,Prepaid,West,2,1,0
1223,2023-01-26,Footwear,1,142.4,0.18305148817950764,4134,1,0.053960628152058224,COD,North,12,3,0
4742,2023-01-26,Apparel,1,175.25,0.0,3737,1,0.23354735441109153,COD,South,9,0,0
3077,2023-01-26,Electronics,0,2318.3,0.0,2286,1,0.3130775474608436,COD,South,12,2,0
676,2023-01-26,Beauty,0,1437.77,0.2640824812734761,2319,6,0.08502867449724397,Prepaid,North,7,1,0
3773,2023-01-26,Home,0,5099.61,0.0,1482,1,0.09832979139737344,COD,East,4,3,0
880,2023-01-26,Apparel,1,614.49,0.16085607379230993,2092,0,0.0,Prepaid,East,14,3,0
4723,2023-01-26,Home,0,1480.79,0.0,3221,1,0.33549084839874155,COD,West,12,0,0
982,2023-01-26,Beauty,0,655.72,0.0,1197,3,0.26753708857780606,COD,North,2,17,0
2551,2023-01-27,Apparel,1,877.46,0.0,1344,4,0.02529982774221003,Prepaid,North,8,11,0
3343,2023-01-27,Apparel,1,386.65,0.0,1723,2,0.16699521833335587,COD,East,5,0,1
1863,2023-01-27,Beauty,0,1010.33,0.18684390651358013,1696,4,0.2164381371162532,Prepaid,East,13,3,0
3579,2023-01-27,Home,0,1554.24,0.17715783510580912,1017,1,0.11910640593376377,Prepaid,South,10,9,0
2542,2023-01-27,Apparel,1,1285.8,0.0,3818,0,0.0,COD,West,13,0,0
4533,2023-01-27,Footwear,1,257.94,0.0,4101,5,0.20264545174903897,Prepaid,East,7,1,0
2652,2023-01-27,Apparel,1,336.19,0.11108394528135916,2682,3,0.10038615607282153,COD,East,3,3,0
1105,2023-01-27,Beauty,0,267.95,0.0,3751,2,0.29172351460079543,COD,East,12,3,1
1175,2023-01-27,Home,0,1749.9,0.0,2720,3,0.4394257278463956,Prepaid,West,10,3,0
4584,2023-01-27,Home,0,4322.4,0.0,1409,2,0.016475432457644514,Prepaid,South,9,0,0
2125,2023-01-27,Home,0,2513.71,0.341716124419849,2860,1,0.03147921284687647,Prepaid,West,1,4,0
979,2023-01-27,Apparel,1,912.39,0.0,2101,2,0.011087580842959369,COD,North,10,0,0
3216,2023-01-27,Home,0,798.56,0.0,3022,3,0.408321243335425,Prepaid,South,5,1,0
1994,2023-01-27,Footwear,1,1044.21,0.0,2046,0,0.0,COD,East,11,2,1
1567,2023-01-27,Beauty,0,4150.27,0.0,3318,1,0.2115605091061458,Prepaid,North,10,0,0
1560,2023-01-27,Apparel,1,290.64,0.04555176985381676,4426,3,0.3301483735462423,COD,South,9,8,0
4161,2023-01-27,Electronics,0,3072.72,0.07659734816897229,2831,1,0.09981512913279893,Prepaid,South,1,2,0
2971,2023-01-27,Apparel,1,1641.38,0.0,2892,2,0.2580162267767554,COD,East,10,1,1
3788,2023-01-27,Home,0,1334.03,0.0,4219,2,0.00967510742123863,COD,West,10,0,0
3801,2023-01-27,Home,0,3489.5,0.1363988457819865,1678,0,0.0,Prepaid,South,7,2,0
1062,2023-01-27,Apparel,1,4260.76,0.0,3928,1,0.0751394236896836,Prepaid,South,9,0,0
102,2023-01-27,Electronics,0,1514.64,0.0,3384,1,0.37730282408132454,Prepaid,North,1,5,0
365,2023-01-27,Apparel,1,1216.51,0.0,1115,1,0.14390199040288834,COD,East,10,0,0
705,2023-01-27,Electronics,0,228.39,0.17108819190886715,1147,3,0.06259377405217165,COD,South,6,8,0
4200,2023-01-27,Electronics,0,1238.63,0.0,3747,1,0.2659169691017016,Prepaid,West,9,0,0
4081,2023-01-28,Apparel,1,6066.47,0.2057981996139487,1294,1,0.15361949144350284,Prepaid,West,1,2,0
4999,2023-01-28,Apparel,1,359.62,0.0,2914,2,0.029993501713997776,Prepaid,West,9,7,0
2323,2023-01-28,Apparel,1,865.5,0.0,4327,1,0.15597627466271918,Prepaid,West,1,0,0
1167,2023-01-28,Apparel,1,550.89,0.0,3013,0,0.0,Prepaid,North,7,1,0
930,2023-01-28,Home,0,838.0,0.0,3822,1,0.2692438836041522,COD,West,13,5,0
4306,2023-01-28,Beauty,0,1576.01,0.0,4180,2,0.21672275375245698,Prepaid,North,1,0,0
798,2023-01-28,Apparel,1,2049.91,0.0,3227,2,0.45359226560555255,Prepaid,West,8,3,0
2922,2023-01-28,Electronics,0,606.31,0.0,2921,2,0.19803352235479174,Prepaid,West,14,3,0
1132,2023-01-28,Electronics,0,2556.59,0.08692713069947981,3647,1,0.03610613174886974,Prepaid,West,6,1,0
1584,2023-01-28,Electronics,0,4925.45,0.15010728881305696,2922,2,0.13097972693839716,COD,North,7,0,0
3885,2023-01-28,Beauty,0,1094.29,0.0,1941,3,0.21779038988075855,Prepaid,South,13,0,1
3173,2023-01-28,Beauty,0,209.14,0.11123172656277822,1939,2,0.27911905662600367,Prepaid,North,8,2,0
624,2023-01-28,Electronics,0,593.39,0.04504943502257391,1523,1,0.21797683077943386,Prepaid,North,14,2,0
2606,2023-01-28,Beauty,0,394.0,0.0,2059,2,0.2640173541842813,Prepaid,North,2,1,0
408,2023-01-28,Apparel,1,884.15,0.08449319635126826,2045,2,0.07946250622124916,Prepaid,West,1,1,1
4982,2023-01-28,Footwear,1,583.09,0.0,3070,2,0.17945514825958925,Prepaid,West,9,1,0
1013,2023-01-28,Footwear,1,1592.49,7.451530354130043e-05,3023,4,0.010555940395876437,COD,West,14,3,1
1753,2023-01-28,Beauty,0,361.03,0.0,1696,1,0.009238097743500599,Prepaid,North,9,3,0
2708,2023-01-28,Apparel,1,196.72,0.3177116501178415,2203,2,0.1265859194113282,Prepaid,North,2,12,0
3229,2023-01-28,Apparel,1,1806.31,0.0,2967,1,0.3934821791840268,Prepaid,South,3,0,0
693,2023-01-28,Footwear,1,1835.08,0.3229261825252517,2227,1,0.4632193364873043,Prepaid,West,7,1,1
2294,2023-01-28,Footwear,1,259.47,0.0,3298,3,0.5846067991769492,Prepaid,East,14,4,1
3936,2023-01-28,Home,0,129.83,0.5243140726928814,2682,2,0.17126175711283753,Prepaid,South,8,3,0
3642,2023-01-28,Apparel,1,716.18,0.0,1698,1,0.2088982279323758,Prepaid,North,14,1,1
4613,2023-01-28,Apparel,1,4091.69,0.3330337876050871,4363,0,0.0,Prepaid,North,14,0,0
4110,2023-01-28,Home,0,1159.23,0.06882015047674211,1279,6,0.20909838786353635,Prepaid,South,14,1,0
4493,2023-01-28,Beauty,0,1928.61,0.0,4428,3,0.2075958869154805,Prepaid,West,4,1,0
1241,2023-01-29,Apparel,1,471.97,0.0,3224,1,0.20386526808820987,COD,East,2,1,0
2161,2023-01-29,Footwear,1,1347.7,0.11119237657763482,3313,2,0.18540065234749278,Prepaid,West,13,2,0
1334,2023-01-29,Apparel,1,1935.04,0.0,4453,2,0.1154580082836708,COD,North,13,0,0
2307,2023-01-29,Apparel,1,2312.02,0.0,1176,0,0.0,Prepaid,North,5,0,0
1537,2023-01-29,Apparel,1,2562.14,0.0535831672698924,2496,0,0.0,Prepaid,South,7,2,1
3098,2023-01-29,Apparel,1,230.43,0.0,4229,2,0.11871109958744155,COD,East,14,1,0
997,2023-01-29,Home,0,1286.34,0.08326388717099517,2585,2,0.07196528336351414,Prepaid,East,1,6,0
2443,2023-01-29,Apparel,1,84.4,0.0,1872,3,0.4451401751794722,Prepaid,East,7,7,0
2424,2023-01-29,Apparel,1,1740.25,0.07077512814918512,2121,3,0.04251731083767149,Prepaid,East,7,0,0
2935,2023-01-29,Apparel,1,4766.81,0.0,4454,3,0.054130372651236706,COD,South,9,1,0
1837,2023-01-29,Footwear,1,3164.4,0.2241028826291021,1141,1,0.35912084240844694,Prepaid,West,12,0,0
3279,2023-01-29,Footwear,1,789.44,0.013268643200128105,1868,2,0.23759230934045428,COD,North,12,0,0
978,2023-01-29,Electronics,0,1096.68,0.18528963584409971,3076,3,0.5306522605134965,Prepaid,East,8,1,1
5000,2023-01-29,Footwear,1,929.01,0.29600401548734806,2774,5,0.10800944586963747,COD,North,5,0,0
4204,2023-01-29,Beauty,0,2033.66,0.0,4136,0,0.0,Prepaid,East,10,6,0
3694,2023-01-29,Electronics,0,502.57,0.0,4200,4,0.0031797267327211805,COD,South,12,9,0
4036,2023-01-29,Apparel,1,1310.91,0.10101098706728193,1093,0,0.0,COD,South,10,0,1
3424,2023-01-29,Apparel,1,376.66,0.0,2942,4,0.44915285168749813,Prepaid,South,1,11,1
4137,2023-01-29,Apparel,1,6437.48,0.0,4326,1,0.020128877483239833,COD,North,7,2,0
4148,2023-01-29,Electronics,0,1915.06,0.0,1624,0,0.0,Prepaid,East,13,0,0
76,2023-01-29,Apparel,1,628.51,0.03926632347720086,2952,2,0.2802506512805463,Prepaid,East,12,8,1
3559,2023-01-29,Home,0,2674.12,0.23430594276135386,1939,4,0.7362427059547525,Prepaid,West,9,2,1
3845,2023-01-29,Beauty,0,940.91,0.0,4171,2,0.20579508235926916,Prepaid,South,9,10,0
4592,2023-01-29,Apparel,1,3040.91,0.0,4475,1,0.3568665955123486,Prepaid,West,3,2,0
662,2023-01-30,Home,0,16395.2,0.0,2016,2,0.06625943538465599,Prepaid,East,11,0,0
2146,2023-01-30,Electronics,0,214.53,0.0,1414,1,0.4856866668257171,Prepaid,North,2,2,1
4766,2023-01-30,Apparel,1,286.8,0.0,4190,0,0.0,COD,South,11,1,0
4089,2023-01-30,Home,0,617.44,0.0,3964,1,0.15544041589031882,COD,West,2,1,0
2092,2023-01-30,Electronics,0,4142.92,0.0,3791,0,0.0,COD,East,13,0,0
706,2023-01-30,Apparel,1,3024.63,0.0,2739,2,0.05345412138586416,Prepaid,North,13,1,0
1521,2023-01-30,Footwear,1,986.45,0.0,1483,2,0.015605470711287902,Prepaid,West,10,5,0
670,2023-01-30,Footwear,1,4092.51,0.0,1856,3,0.020710161325982423,Prepaid,South,14,0,0
1831,2023-01-30,Electronics,0,875.37,0.0,2445,3,0.3975422798631101,Prepaid,East,10,1,0
1834,2023-01-30,Apparel,1,480.15,0.06588438616304924,3646,2,0.4482823490514063,COD,South,11,3,0
205,2023-01-30,Apparel,1,1061.83,0.0,2247,1,0.14869130364575256,Prepaid,East,14,4,0
2656,2023-01-30,Home,0,1393.45,0.0,3977,3,0.017918135712061398,Prepaid,South,9,0,0
2461,2023-01-30,Home,0,3862.49,0.0,1379,3,0.20935241592414577,COD,South,13,2,0
4907,2023-01-30,Footwear,1,2028.82,0.0,4325,2,0.6696148397650404,Prepaid,West,10,1,1
3206,2023-01-30,Electronics,0,375.39,0.0,1778,2,0.37564993262908414,COD,West,4,2,0
4788,2023-01-30,Apparel,1,981.47,0.0,1995,2,0.0890478066215361,COD,North,6,0,0
4300,2023-01-30,Apparel,1,337.88,0.0,3338,6,0.08206950470783968,Prepaid,East,13,1,0
1964,2023-01-30,Electronics,0,1118.03,0.0,2180,0,0.0,Prepaid,North,7,1,0
1066,2023-01-30,Apparel,1,1741.46,0.0,2584,1,0.1472735983985628,COD,South,8,20,1
752,2023-01-30,Electronics,0,962.74,0.0877476084249568,2104,5,0.15680014017730987,COD,North,5,7,0
4653,2023-01-30,Apparel,1,2278.23,0.0,3751,2,0.4295920082559098,Prepaid,West,8,0,0
4392,2023-01-30,Electronics,0,5904.74,0.0,2608,2,0.003609054037144709,COD,South,8,1,0
1973,2023-01-30,Apparel,1,744.56,0.0,4276,1,0.12515674474506058,Prepaid,East,10,0,0
1077,2023-01-30,Electronics,0,469.62,0.0,1227,1,0.17089231342496713,Prepaid,East,12,1,0
2306,2023-01-30,Apparel,1,870.84,0.07600288818911365,2884,2,0.09269814773242883,COD,North,14,0,1
1611,2023-01-30,Footwear,1,1176.85,0.0,1416,4,0.05371371568772543,Prepaid,North,8,10,0
4940,2023-01-30,Apparel,1,3547.01,0.2802048072537602,2382,2,0.2728705538002647,COD,West,3,1,0
3816,2023-01-30,Electronics,0,962.53,0.0,2909,1,0.050529577760298726,Prepaid,East,13,0,0
584,2023-01-30,Apparel,1,1460.59,0.0,2105,2,0.0522569187156012,COD,North,3,0,0
4933,2023-01-30,Apparel,1,1380.52,0.0,4134,2,0.3244060608795955,COD,East,8,4,1
4,2023-01-30,Beauty,0,502.87,0.0,4459,1,0.06704640502947856,Prepaid,East,8,0,0
2032,2023-01-30,Electronics,0,1028.84,0.0,2864,3,0.17119527317135252,Prepaid,East,10,2,0
1086,2023-01-30,Beauty,0,904.86,0.0,4344,1,0.11534376673040206,Prepaid,North,13,4,0
2787,2023-01-31,Electronics,0,1434.92,0.0,2729,1,0.3248853399602576,COD,West,2,4,0
2545,2023-01-31,Apparel,1,1532.06,0.0,4336,1,0.09129295402755279,Prepaid,East,10,0,0
4160,2023-01-31,Electronics,0,10576.25,0.0,3199,5,0.46422351847978716,Prepaid,South,14,2,0
3571,2023-01-31,Electronics,0,689.04,0.00863435182635544,3294,1,0.16952779244573216,Prepaid,South,5,0,0
3538,2023-01-31,Footwear,1,1667.35,0.0,4196,3,0.2894140842766133,COD,South,6,0,0
4449,2023-01-31,Apparel,1,1006.43,0.0,1667,3,0.2257157533149611,Prepaid,East,4,1,0
2813,2023-01-31,Apparel,1,537.07,0.24514122836972474,4096,4,0.12143051016356902,Prepaid,East,12,1,0
539,2023-01-31,Home,0,2300.55,0.210199797302172,3475,0,0.0,Prepaid,South,1,1,0
122,2023-01-31,Electronics,0,1221.28,0.0,1439,1,0.2718564829301811,Prepaid,North,10,1,0
3632,2023-01-31,Electronics,0,505.7,0.0,2120,2,0.07601903129056628,Prepaid,South,9,1,0
2756,2023-01-31,Apparel,1,2736.03,0.0,2075,1,0.037060030806141425,COD,South,5,5,0
1154,2023-01-31,Home,0,1824.19,0.11468557567355188,1977,3,0.19828509416045065,Prepaid,North,9,4,0
4803,2023-01-31,Apparel,1,193.11,0.0,3152,0,0.0,Prepaid,West,1,1,1
3870,2023-01-31,Apparel,1,2862.07,0.22044837307532697,3648,2,0.558462102275089,Prepaid,West,2,5,1
2096,2023-01-31,Electronics,0,1644.44,0.0,1265,2,0.7619001853906067,COD,North,11,3,0
1896,2023-01-31,Apparel,1,481.38,0.0,2794,0,0.0,Prepaid,North,9,3,0
2091,2023-01-31,Home,0,1482.02,0.7377987580538851,1489,3,0.14322657098311772,Prepaid,East,9,6,1
2741,2023-01-31,Home,0,4515.72,0.16401373601043673,1676,2,0.03769516238943899,COD,North,1,0,0
3145,2023-01-31,Home,0,1822.19,0.0,3022,1,0.08647198661816838,Prepaid,North,3,0,0
3681,2023-01-31,Home,0,974.9,0.0,3109,1,0.011641427983723876,COD,South,1,5,0
1465,2023-01-31,Apparel,1,264.5,0.0,4173,1,0.13460253616492618,Prepaid,South,3,0,0
4577,2023-01-31,Footwear,1,2061.88,0.0,1846,2,0.4277248804197113,Prepaid,East,9,1,0
2928,2023-01-31,Electronics,0,4322.38,0.0,1805,2,0.0746893183294136,Prepaid,West,11,15,0
3063,2023-01-31,Footwear,1,6092.85,0.0,3442,2,0.08954041323215219,Prepaid,North,11,1,0
2310,2023-01-31,Footwear,1,449.97,0.0,1440,1,0.08379676332531416,Prepaid,East,6,0,0
917,2023-01-31,Apparel,1,2927.62,0.0,1220,2,0.1082601558527774,Prepaid,East,1,1,0
1625,2023-01-31,Electronics,0,1828.67,0.0,3723,3,0.03318323586255354,Prepaid,East,5,0,0
4235,2023-01-31,Apparel,1,1241.62,0.09895786963551138,4100,0,0.0,COD,West,14,6,0
2223,2023-01-31,Electronics,0,724.36,0.0,2454,4,0.22383807514174228,Prepaid,North,4,0,1
3292,2023-01-31,Footwear,1,608.58,0.0,1008,2,0.13630166223929718,Prepaid,West,14,1,0
3223,2023-01-31,Electronics,0,403.07,0.0,1072,4,0.07024410029515553,Prepaid,West,4,5,0
859,2023-02-01,Beauty,0,956.71,0.0,3570,0,0.0,COD,South,13,2,0
338,2023-02-01,Electronics,0,840.29,0.08409044443960305,4080,4,0.31218659806978977,Prepaid,North,9,4,0
3697,2023-02-01,Apparel,1,725.37,0.31924408367788404,2421,3,0.007532654677974251,Prepaid,South,8,4,0
960,2023-02-01,Footwear,1,1275.05,0.049519683326135246,3693,1,0.8798760449068831,Prepaid,West,2,2,0
4419,2023-02-01,Home,0,804.69,0.05873394773080651,3682,1,0.08097015686473462,COD,West,5,1,0
2118,2023-02-01,Apparel,1,997.45,0.25044487531874227,1130,7,0.1043508217906417,Prepaid,East,7,3,0
2449,2023-02-01,Electronics,0,321.15,0.0,2033,2,0.023205636582818174,Prepaid,South,3,4,0
2224,2023-02-01,Footwear,1,145.59,0.0,3909,1,0.250474071064492,Prepaid,West,10,1,0
2537,2023-02-01,Home,0,580.2,0.0,4428,1,0.2914892131363613,COD,West,1,3,0
1164,2023-02-01,Footwear,1,7252.54,0.0,2099,2,0.13075952497598714,Prepaid,South,9,0,0
2416,2023-02-01,Footwear,1,559.61,0.17167886339026944,1268,2,0.2071352228829698,COD,West,8,4,1
4471,2023-02-01,Apparel,1,3357.2,0.03385959400806479,3579,3,0.4033355455030522,COD,South,2,0,0
3067,2023-02-01,Home,0,1277.42,0.0,1953,1,0.1001458041185814,Prepaid,South,3,3,0
3525,2023-02-01,Apparel,1,1438.18,0.0,2488,1,0.23245442080735992,Prepaid,North,13,1,0
2435,2023-02-01,Footwear,1,8231.57,0.0,1230,3,0.5461258530753795,Prepaid,North,6,1,0
4191,2023-02-01,Footwear,1,209.56,0.5835116087604485,1284,3,0.15076341783952388,COD,South,6,4,0
3765,2023-02-01,Apparel,1,345.8,0.0,3071,2,0.16336154418384982,Prepaid,North,13,9,0
2359,2023-02-01,Electronics,0,82.52,0.0,2201,1,0.39097766189565103,Prepaid,East,8,10,0
4207,2023-02-01,Electronics,0,215.4,0.0,3761,2,0.4263176068278058,COD,East,2,0,0
53,2023-02-01,Electronics,0,836.53,0.05812247227874126,3808,4,0.22436124053817152,Prepaid,North,10,12,0
3368,2023-02-01,Apparel,1,1807.84,0.0,3512,1,0.07431546349900033,COD,North,12,2,0
3152,2023-02-01,Home,0,819.37,0.0,4025,3,0.37548993572074535,Prepaid,East,14,2,0
145,2023-02-01,Home,0,2960.02,0.0,3736,1,0.04828202630438069,Prepaid,East,5,9,0
2836,2023-02-01,Home,0,1112.64,0.0,1806,5,0.16446131534864844,COD,East,8,8,0
4972,2023-02-01,Apparel,1,995.19,0.11938323517885445,1626,1,0.4127887260033416,COD,East,14,1,0
2427,2023-02-02,Footwear,1,462.92,0.0,4139,1,0.3548480142745091,Prepaid,North,1,0,0
1954,2023-02-02,Electronics,0,819.72,0.0,3931,1,0.006339062271497795,Prepaid,West,5,0,0
1880,2023-02-02,Apparel,1,955.22,0.0,3592,2,0.2798289822868412,Prepaid,East,3,10,0
291,2023-02-02,Electronics,0,2765.67,0.0,3846,1,0.03798369796509915,Prepaid,West,11,3,0
551,2023-02-02,Electronics,0,303.7,0.19840183829007638,2528,1,0.0034195644972194314,COD,South,9,1,0
2078,2023-02-02,Electronics,0,382.81,0.19607917353992177,3084,1,0.20866531429103194,Prepaid,North,8,1,0
3790,2023-02-02,Electronics,0,376.78,0.0,2071,4,0.1475103645196274,Prepaid,South,10,0,0
575,2023-02-02,Apparel,1,1093.74,0.0,1041,1,0.04844209570574761,COD,East,9,6,0
3392,2023-02-02,Footwear,1,1686.59,0.08746709918723561,1180,1,0.0429512255653898,COD,South,1,1,0
2929,2023-02-02,Electronics,0,841.71,0.34606794368097193,2646,1,0.05612672260110093,COD,West,14,2,0
3716,2023-02-02,Footwear,1,1149.4,0.15486767115789007,3887,2,0.5686426924636453,Prepaid,North,1,1,1
3755,2023-02-02,Electronics,0,1726.66,0.054343027796662786,2178,2,0.17307648425595765,COD,East,8,6,0
3737,2023-02-02,Electronics,0,252.85,0.17274649182561902,1880,3,0.20156901520705298,COD,West,9,1,0
38,2023-02-02,Apparel,1,2796.48,0.0,3583,1,0.19542157005263236,Prepaid,East,12,3,1
2515,2023-02-02,Apparel,1,4312.77,0.02030284253227657,1147,1,0.36102654972222237,Prepaid,West,5,6,0
4433,2023-02-02,Apparel,1,644.37,0.006570569875739382,4106,3,0.08012759617723798,Prepaid,West,5,1,1
890,2023-02-02,Electronics,0,600.08,0.07086760092471275,2647,1,0.0003067854641579803,COD,South,12,0,0
3127,2023-02-02,Home,0,403.12,0.0,3025,0,0.0,COD,South,3,2,0
1775,2023-02-02,Apparel,1,1156.75,0.0,3755,5,0.43647955937443605,Prepaid,North,13,0,1
1526,2023-02-02,Apparel,1,1785.15,0.0,3412,0,0.0,COD,South,9,0,1
1512,2023-02-03,Apparel,1,2461.99,0.21387040321460082,1085,3,0.2338323385463765,Prepaid,West,1,3,0
4227,2023-02-03,Apparel,1,1115.8,0.0,4088,2,0.0022821497363621043,Prepaid,East,1,4,0
3158,2023-02-03,Electronics,0,663.86,0.33477406565969947,1204,2,0.08381859156151969,Prepaid,South,4,0,0
1652,2023-02-03,Apparel,1,3542.34,0.035937239951018884,3629,1,0.10984270130779655,Prepaid,West,3,4,0
3381,2023-02-03,Apparel,1,1188.54,0.0,2539,5,0.07730166817996836,Prepaid,South,10,1,0
3055,2023-02-03,Beauty,0,300.3,0.1577214243272764,2926,5,0.7504296330408142,Prepaid,South,11,4,0
1054,2023-02-03,Home,0,522.31,0.0,1173,1,0.5238474185691735,Prepaid,North,2,0,1
1365,2023-02-03,Electronics,0,5141.79,0.0,3844,2,0.002203499012753019,Prepaid,East,14,0,0
2609,2023-02-03,Apparel,1,808.56,0.4366039724664438,2599,3,0.13592507944068766,COD,South,4,0,0
1489,2023-02-03,Footwear,1,2355.27,0.4005899794838048,1596,2,0.013099362705769502,Prepaid,South,9,4,1
382,2023-02-03,Electronics,0,1488.16,0.0,3689,3,0.1178543359807834,COD,South,4,1,0
1159,2023-02-03,Apparel,1,3065.32,0.0,1078,1,0.3864963856933947,Prepaid,North,14,1,0
4398,2023-02-03,Beauty,0,2419.6,0.1884841331928602,3451,2,0.04156173125817911,Prepaid,West,7,0,0
1199,2023-02-03,Apparel,1,3669.7,0.0,3739,4,0.11330088885546288,COD,West,7,3,0
2867,2023-02-03,Apparel,1,1737.98,0.0,1157,2,0.07444007925957451,Prepaid,West,14,0,0
3132,2023-02-03,Electronics,0,1029.41,0.0,3432,3,0.580008955276468,COD,North,12,5,0
680,2023-02-03,Home,0,388.68,0.20421206996709032,3715,2,0.560680762384361,Prepaid,South,5,2,0
4611,2023-02-03,Apparel,1,428.58,0.0,1111,1,0.27523284542037596,Prepaid,West,13,0,0
912,2023-02-03,Apparel,1,1290.65,0.009991726202600207,4253,0,0.0,Prepaid,East,7,0,0
4714,2023-02-03,Home,0,1410.73,0.2811911016099947,2976,0,0.0,COD,West,2,0,0
4017,2023-02-03,Apparel,1,855.07,0.29855848629410897,1964,2,0.23066250623732898,COD,West,12,2,0
2354,2023-02-03,Apparel,1,357.33,0.0,3205,2,0.3308337587928757,Prepaid,East,7,0,0
2211,2023-02-03,Apparel,1,173.35,0.0,4056,1,0.17600533247935168,Prepaid,North,10,7,0
4636,2023-02-03,Home,0,611.71,0.0,3487,3,0.16859942263511116,Prepaid,East,9,8,0
1574,2023-02-03,Apparel,1,5556.06,0.0,2707,2,0.33540798847696435,Prepaid,South,1,0,0
1029,2023-02-04,Electronics,0,1337.27,0.0,1493,2,0.05943145934586098,COD,East,9,3,0
4704,2023-02-04,Apparel,1,873.97,0.0,2998,5,0.5303101559657454,COD,West,1,7,0
747,2023-02-04,Apparel,1,455.39,0.0,4368,0,0.0,Prepaid,North,8,2,0
4005,2023-02-04,Apparel,1,4647.77,0.07506448991338101,3429,2,0.5514854026824234,COD,East,3,0,0
4900,2023-02-04,Beauty,0,4541.14,0.0,3099,0,0.0,Prepaid,North,3,1,0
1632,2023-02-04,Footwear,1,285.12,0.0,3582,1,0.10523744444793465,Prepaid,South,6,3,0
713,2023-02-04,Electronics,0,557.66,0.0,1585,0,0.0,Prepaid,East,5,0,0
2339,2023-02-04,Apparel,1,122.85,0.0,4022,5,0.09047974713019198,Prepaid,West,7,0,0
98,2023-02-04,Apparel,1,301.71,0.0,3421,3,0.37257176861471425,Prepaid,North,13,11,1
1533,2023-02-04,Home,0,3276.64,0.18534300957853722,2727,1,0.33680852447066534,COD,North,10,3,0
1723,2023-02-04,Footwear,1,454.47,0.0,3284,2,0.17821169446405305,Prepaid,East,8,6,0
255,2023-02-04,Apparel,1,1349.84,0.040523504084012334,2634,3,0.136664417582886,Prepaid,North,9,2,0
1424,2023-02-04,Home,0,5021.85,0.06567431170899449,1199,1,0.32461995513564956,Prepaid,South,9,3,0
804,2023-02-04,Home,0,1995.33,0.473780908996583,1874,0,0.0,COD,West,9,3,0
3110,2023-02-04,Footwear,1,1256.76,0.06900765602721706,2941,1,0.2884316207128595,Prepaid,West,6,0,0
3946,2023-02-04,Electronics,0,3033.94,0.0,3673,3,0.036319182162644084,Prepaid,West,1,3,0
2746,2023-02-04,Electronics,0,2276.9,0.0,4164,0,0.0,Prepaid,South,13,2,0
2862,2023-02-04,Home,0,768.07,0.2999809889606144,3432,2,0.4467370682582248,Prepaid,South,14,2,0
4185,2023-02-04,Home,0,2614.99,0.0,3693,3,0.028682184332218412,Prepaid,East,1,0,0
3570,2023-02-04,Electronics,0,543.16,0.0,1336,4,0.3698014006520295,COD,East,12,3,0
2154,2023-02-04,Footwear,1,796.42,0.051867339996783196,2446,2,0.29154052673653746,Prepaid,North,5,2,0
2437,2023-02-04,Apparel,1,1609.94,0.0,3472,2,0.09066281431179242,COD,East,14,1,0
3001,2023-02-04,Apparel,1,8701.6,0.42323643080346396,1524,3,0.4708923591337557,Prepaid,North,4,5,0
732,2023-02-04,Apparel,1,963.06,0.0,1609,2,0.1185015395445188,Prepaid,East,5,9,0
3587,2023-02-04,Apparel,1,828.25,0.3487521559592277,4172,2,0.047832028206365146,COD,South,4,3,0
1161,2023-02-04,Electronics,0,693.84,0.21944844958742313,3989,3,0.21211549584159733,Prepaid,South,14,1,0
1362,2023-02-04,Beauty,0,401.62,0.0,3626,1,0.15496601952509198,COD,North,11,1,1
1168,2023-02-05,Home,0,6027.8,0.0,1028,1,0.12199440671032248,COD,West,4,2,0
4101,2023-02-05,Apparel,1,117.96,0.0,1112,1,0.5033738002765457,Prepaid,West,10,2,0
603,2023-02-05,Home,0,432.55,0.0,4310,4,0.11703813800313666,Prepaid,North,14,2,0
488,2023-02-05,Home,0,4769.1,0.0,3237,3,0.07225078467942722,COD,South,1,4,0
492,2023-02-05,Electronics,0,2635.03,0.4765835996702551,2172,1,0.18821826681919626,Prepaid,West,3,5,0
2469,2023-02-05,Footwear,1,219.48,0.08698346810477654,3687,1,0.10819414104615209,COD,East,11,1,1
1398,2023-02-05,Apparel,1,802.44,0.0,2097,2,0.20770895855009258,Prepaid,East,14,2,0
896,2023-02-05,Electronics,0,1439.04,0.529924616387607,3849,0,0.0,COD,South,12,3,0
2902,2023-02-05,Footwear,1,391.05,0.0,3641,3,0.14741839837592796,COD,East,13,0,0
1875,2023-02-05,Footwear,1,415.66,0.0,3265,3,0.24287110542688145,Prepaid,North,5,1,0
1731,2023-02-05,Apparel,1,1280.11,0.12811186717241846,4078,2,0.1454661593406491,Prepaid,East,6,0,0
2322,2023-02-05,Apparel,1,1074.35,0.0,1792,8,0.1337219336021186,COD,East,8,0,0
1716,2023-02-05,Electronics,0,3411.72,0.0,2538,0,0.0,Prepaid,North,14,2,0
745,2023-02-05,Home,0,2242.31,0.16005345903971097,1611,1,0.18250787187574455,COD,East,9,14,0
191,2023-02-05,Home,0,430.8,0.0,2289,0,0.0,COD,East,1,0,0
3082,2023-02-05,Home,0,1361.09,0.0,1974,3,0.3550597152560886,COD,West,12,1,0
62,2023-02-05,Beauty,0,4240.48,0.5910949599613908,2454,3,0.06516780305022614,COD,North,6,0,0
832,2023-02-05,Apparel,1,5113.68,0.0,3677,3,0.2811724749275468,Prepaid,East,6,2,0
523,2023-02-05,Electronics,0,1002.79,0.0,2712,2,0.03919757465093702,Prepaid,West,11,7,0
2520,2023-02-05,Apparel,1,1469.99,0.0876447436660895,3941,3,0.6823566763220096,Prepaid,East,8,3,0
3803,2023-02-05,Beauty,0,1367.15,0.0,3495,0,0.0,Prepaid,South,6,0,0
1232,2023-02-05,Home,0,372.5,0.0,2415,6,0.2405016909035724,COD,North,8,0,1
2859,2023-02-05,Footwear,1,233.64,0.0,4304,3,0.2835958094888079,Prepaid,East,2,0,0
3700,2023-02-05,Electronics,0,3226.66,0.0,4314,2,0.2164134773624149,Prepaid,West,3,6,0
4609,2023-02-05,Footwear,1,1236.09,0.0,2816,3,0.4813942782597783,COD,South,3,3,0
4003,2023-02-05,Electronics,0,1054.63,0.0,3720,2,0.04090111513909428,COD,East,1,2,0
466,2023-02-05,Apparel,1,1833.76,0.0,1023,2,0.0325847516004283,Prepaid,West,12,1,0
4877,2023-02-05,Footwear,1,1311.62,0.42648008442777186,3971,1,0.16280517535137962,Prepaid,North,14,13,0
351,2023-02-05,Apparel,1,1469.77,0.209130096986768,3609,1,0.25984550812625634,Prepaid,East,2,1,0
4090,2023-02-05,Footwear,1,3543.27,0.16054346646227513,2127,3,0.15988505537572614,Prepaid,South,7,0,0
3302,2023-02-05,Apparel,1,11461.69,0.0,1178,1,0.018068731851480533,Prepaid,East,12,2,0
1296,2023-02-05,Apparel,1,443.61,0.0,1765,0,0.0,COD,West,13,1,0
1781,2023-02-06,Apparel,1,1275.59,0.0,1583,1,0.06246694474242916,Prepaid,West,7,3,0
2555,2023-02-06,Footwear,1,1736.01,0.19794009536711837,2554,1,0.2632181628260073,Prepaid,North,2,1,0
241,2023-02-06,Footwear,1,941.53,0.08900596932257229,4482,1,0.378953624188895,COD,North,6,1,0
4364,2023-02-06,Electronics,0,356.59,0.0,3429,1,0.01073483058500974,Prepaid,East,12,0,0
371,2023-02-06,Home,0,3529.01,0.19923116571410607,1529,6,0.2138238008832853,COD,West,11,3,0
4958,2023-02-06,Home,0,357.21,0.3401992874790961,1627,3,0.022814153031242713,Prepaid,West,2,0,0
168,2023-02-06,Apparel,1,1815.55,0.0,4496,0,0.0,COD,West,1,2,0
3580,2023-02-06,Footwear,1,1610.85,0.3336206304976238,1620,1,0.06665302640562021,COD,North,8,5,0
4831,2023-02-06,Apparel,1,289.66,0.3366294885213108,1502,3,0.5798887466887358,Prepaid,South,9,2,1
3901,2023-02-06,Apparel,1,2697.94,0.0,2041,2,0.049565966035739935,Prepaid,South,7,1,0
4046,2023-02-06,Footwear,1,501.28,0.0,1755,4,0.15379503803875139,COD,East,10,0,0
4503,2023-02-06,Home,0,1250.63,0.0,3583,4,0.034673970826771344,Prepaid,West,14,0,1
1250,2023-02-06,Apparel,1,1936.55,0.0,1780,4,0.12717758115722916,Prepaid,North,3,2,0
3099,2023-02-06,Electronics,0,1056.09,0.07932902775890245,4031,1,0.6849066297113301,COD,South,2,0,1
4068,2023-02-06,Electronics,0,2546.53,0.14037926203087975,3219,3,0.04760835843885635,Prepaid,South,1,2,0
1253,2023-02-06,Apparel,1,1886.54,0.15680174335388297,3181,3,0.16157166988585478,Prepaid,West,6,6,0
1626,2023-02-06,Electronics,0,1611.0,0.0,2059,1,0.31201159732479,COD,West,6,0,0
2097,2023-02-06,Apparel,1,311.8,0.025284369982546476,4226,5,0.017276455208731632,COD,South,4,3,0
617,2023-02-06,Electronics,0,1105.13,0.24341125975522565,1486,3,0.07717306305164923,COD,North,12,3,0
3140,2023-02-06,Apparel,1,4568.65,0.0,4311,3,0.17335322718828447,Prepaid,South,11,2,0
3513,2023-02-06,Electronics,0,703.12,0.523462215335995,3596,3,0.16289799430441534,Prepaid,East,12,1,0
1285,2023-02-06,Apparel,1,1656.94,0.1905217391841429,3076,3,0.08136279626907322,Prepaid,South,6,2,0
4589,2023-02-06,Home,0,1250.73,0.0,1686,2,0.05644418816715874,COD,South,9,5,0
980,2023-02-06,Apparel,1,2277.22,0.0,3648,2,0.10186407572061064,Prepaid,East,8,1,1
3723,2023-02-06,Electronics,0,2851.6,0.0,4177,4,0.04185541369630369,Prepaid,North,9,1,0
284,2023-02-06,Home,0,3885.28,0.10630809598275451,4070,1,0.20608046917221257,Prepaid,North,14,2,0
1405,2023-02-06,Apparel,1,88.24,0.17872836369301576,1200,1,0.24066763558133955,Prepaid,West,12,0,0
996,2023-02-06,Apparel,1,787.0,0.020402905756560383,3283,1,0.15605676179099595,Prepaid,North,11,1,1
1748,2023-02-06,Apparel,1,226.27,0.36818099700125806,1384,1,0.06095319663418297,COD,South,12,0,0
4717,2023-02-06,Apparel,1,2030.2,0.0,2593,2,0.1068357983838191,COD,North,7,1,0
2186,2023-02-07,Beauty,0,6924.9,0.0,1290,2,0.056262529005830016,Prepaid,West,12,1,0
2791,2023-02-07,Apparel,1,705.45,0.0,1347,2,0.4586025360132288,Prepaid,West,11,7,1
1111,2023-02-07,Apparel,1,543.87,0.06571047734455579,4135,4,0.0017101292406249478,COD,East,1,0,0
4601,2023-02-07,Home,0,1042.88,0.09580592904764638,3803,2,0.1249866276211004,Prepaid,East,9,3,0
2539,2023-02-07,Electronics,0,843.52,0.43588973337591674,3422,1,0.017589180694846912,Prepaid,East,6,7,0
4260,2023-02-07,Apparel,1,2288.08,0.0,3533,1,0.011766558653356825,COD,North,5,0,0
2124,2023-02-07,Apparel,1,898.38,0.23973798324514212,2121,3,0.1063723123553164,Prepaid,South,7,0,0
2585,2023-02-07,Electronics,0,3853.58,0.37253373146062707,3627,1,0.2718823412260273,Prepaid,North,9,1,0
2586,2023-02-07,Electronics,0,771.07,0.0,2911,0,0.0,Prepaid,North,3,9,0
402,2023-02-07,Home,0,475.01,0.0,1229,5,0.07057671004745333,Prepaid,East,4,5,0
4014,2023-02-07,Footwear,1,1903.05,0.0,1172,2,0.004563491265341346,Prepaid,East,4,0,0
170,2023-02-07,Electronics,0,1124.81,0.14819804349619276,1460,2,0.020808701396041844,Prepaid,East,6,11,0
4424,2023-02-07,Apparel,1,2320.9,0.0,4258,1,0.7568334223508102,Prepaid,South,6,1,0
4467,2023-02-07,Home,0,484.86,0.0,1744,4,0.19550463713591623,COD,East,14,3,1
3990,2023-02-07,Apparel,1,504.58,0.0,4100,4,0.11882439107795886,Prepaid,North,11,0,0
202,2023-02-07,Apparel,1,1062.03,0.0,3665,2,0.13715021524704957,COD,West,7,0,0
3956,2023-02-07,Apparel,1,2802.07,0.0,2066,0,0.0,COD,North,12,1,1
4409,2023-02-07,Apparel,1,805.19,0.0,4332,0,0.0,Prepaid,North,5,3,0
3932,2023-02-07,Electronics,0,1351.94,0.27294014628877117,1558,2,0.22735204482475854,Prepaid,South,2,4,0
1090,2023-02-07,Home,0,3597.33,0.03459023586269355,1070,3,0.000478190432735602,Prepaid,West,10,1,0
4412,2023-02-07,Footwear,1,5429.75,0.32514800003794386,2842,0,0.0,Prepaid,North,14,1,0
1439,2023-02-07,Footwear,1,211.57,0.0,3935,2,0.0879778536766716,COD,South,2,4,0
1935,2023-02-07,Apparel,1,518.82,0.4694543053616832,2746,3,0.45653735300689885,Prepaid,West,10,0,1
644,2023-02-07,Home,0,6596.99,0.0,1387,3,0.040598399964967065,Prepaid,South,5,3,0
3273,2023-02-07,Beauty,0,6889.38,0.0,2601,2,0.3781230137457501,Prepaid,West,8,1,1
4826,2023-02-07,Apparel,1,3907.27,0.028272671659034215,2159,1,0.07023880750104752,Prepaid,South,14,0,0
3768,2023-02-07,Home,0,636.75,0.0,2181,3,0.034372845828528203,Prepaid,North,4,0,0
3635,2023-02-07,Apparel,1,1303.53,0.2808684595538796,3762,2,0.03771220058635172,Prepaid,South,4,4,0
3039,2023-02-07,Footwear,1,574.83,0.029295000975138652,4193,4,0.2836847831061943,COD,South,9,0,1
2842,2023-02-07,Apparel,1,4708.37,0.0,3862,3,0.05125968733472927,Prepaid,South,5,6,0
4959,2023-02-07,Apparel,1,723.84,0.0,1523,1,0.1692553911975301,COD,West,8,3,0
3730,2023-02-07,Apparel,1,705.07,0.0,1776,1,0.23496855263377753,Prepaid,South,4,4,1
724,2023-02-07,Beauty,0,2809.13,0.0,1793,3,0.1308700166172553,Prepaid,East,12,5,0
3510,2023-02-07,Electronics,0,1970.86,0.0035288571162837984,4152,1,0.33689329521412137,Prepaid,East,4,1,0
3622,2023-02-07,Electronics,0,122.89,0.0,1125,3,0.3110144982334448,COD,East,12,1,0
4709,2023-02-07,Apparel,1,95.09,0.0,3906,4,0.05922508790769455,Prepaid,East,14,7,0
2810,2023-02-07,Apparel,1,6437.25,0.0,4032,2,0.10710702899574114,COD,East,7,0,0
3567,2023-02-07,Apparel,1,346.39,0.0,3219,3,0.07053269595259454,Prepaid,West,1,0,0
1787,2023-02-07,Footwear,1,10320.25,0.0,3965,1,0.18965155073989215,COD,North,12,0,0
474,2023-02-08,Apparel,1,3282.64,0.0,3510,6,0.04138564683313875,Prepaid,South,11,0,0
4768,2023-02-08,Footwear,1,1945.57,0.0,3180,1,0.008034456693263005,Prepaid,South,9,0,0
4752,2023-02-08,Beauty,0,2844.57,0.0,1674,2,0.03090571874241816,Prepaid,West,12,7,0
498,2023-02-08,Apparel,1,896.54,0.5155428601926937,2651,3,0.14282997912890555,Prepaid,North,7,2,0
2408,2023-02-08,Beauty,0,426.61,0.25956046005828404,3767,4,0.08650920055521166,Prepaid,East,4,2,0
3944,2023-02-08,Electronics,0,1521.19,0.0,2204,1,0.2503234604226155,Prepaid,West,10,6,0
95,2023-02-08,Electronics,0,9306.21,0.0,1899,1,0.18052514686033572,Prepaid,North,7,0,0
2811,2023-02-08,Apparel,1,9062.18,0.0,2702,3,0.08823294083181647,Prepaid,West,7,5,0
1235,2023-02-08,Footwear,1,1530.24,0.0,3654,2,0.09057770967043235,Prepaid,North,7,5,0
4541,2023-02-08,Home,0,1382.79,0.0,1897,1,0.589976655429428,COD,South,7,0,0
3660,2023-02-08,Home,0,602.8,0.0,3774,3,0.2912434884044148,COD,South,7,6,0
3443,2023-02-08,Apparel,1,56.67,0.0,3432,2,0.25568835958772373,Prepaid,North,12,2,1
4214,2023-02-08,Electronics,0,479.49,0.32817749897038884,3912,1,0.21279923676804535,COD,West,13,2,0
2497,2023-02-08,Apparel,1,2391.38,0.0,1509,0,0.0,Prepaid,South,6,5,0
2190,2023-02-08,Beauty,0,977.75,0.0,1788,2,0.09538746498809127,Prepaid,South,7,5,0
1733,2023-02-08,Apparel,1,1416.8,0.0,1950,0,0.0,Prepaid,North,11,11,0
66,2023-02-08,Footwear,1,5195.42,0.0,2044,1,0.3536622364273926,Prepaid,East,13,5,0
914,2023-02-08,Home,0,709.68,0.24151354442693085,1723,1,0.2768481204771585,COD,North,12,5,0
1675,2023-02-08,Apparel,1,627.45,0.0,4220,0,0.0,Prepaid,North,13,0,0
2382,2023-02-08,Electronics,0,2374.89,0.0,1913,2,0.251253627907159,Prepaid,South,5,1,0
4144,2023-02-08,Apparel,1,1511.73,0.0,2769,3,0.09259710061620609,Prepaid,East,4,0,0
1619,2023-02-08,Footwear,1,332.79,0.0,2547,4,0.22269010730340286,Prepaid,East,8,0,0
1598,2023-02-08,Apparel,1,455.49,0.0,1993,2,0.31437910044695644,Prepaid,East,12,2,0
3259,2023-02-08,Footwear,1,167.44,0.0,2923,1,0.06301452071381915,Prepaid,North,13,2,0
2853,2023-02-08,Electronics,0,448.92,0.0,2859,1,0.23883463868198646,COD,West,14,3,1
4676,2023-02-08,Apparel,1,3198.74,0.0653498818811121,1027,1,0.15679316673379798,Prepaid,South,8,8,0
781,2023-02-08,Home,0,642.37,0.0,4360,3,0.17448708573750413,COD,East,6,1,0
3555,2023-02-09,Apparel,1,725.22,0.14756458562452257,1491,2,0.01604181732959885,Prepaid,West,1,5,0
1665,2023-02-09,Apparel,1,998.12,0.0,3383,4,0.0008834904679775574,COD,South,14,3,0
3671,2023-02-09,Home,0,2092.47,0.0,2644,3,0.19869301983131085,Prepaid,North,12,3,0
2761,2023-02-09,Apparel,1,4927.95,0.25203759679311344,2844,2,0.004930791224120604,Prepaid,West,2,1,0
1678,2023-02-09,Electronics,0,1637.49,0.0,2152,2,0.23608732990898348,COD,West,1,0,0
3771,2023-02-09,Apparel,1,8857.31,0.6302382580035082,3448,2,0.42826603866645224,Prepaid,South,7,1,0
1911,2023-02-09,Apparel,1,749.16,0.06485559822862869,4264,3,0.05083757632110428,COD,East,1,1,0
1682,2023-02-09,Electronics,0,307.37,0.0,2772,0,0.0,COD,North,5,0,0
4071,2023-02-09,Apparel,1,345.62,0.2308654196884463,3811,3,0.0019992691417779615,Prepaid,East,9,0,0
3019,2023-02-09,Apparel,1,568.39,0.08035559644978355,3602,6,0.06962095274046445,Prepaid,South,13,1,0
4627,2023-02-09,Footwear,1,655.09,0.0,2068,3,0.2500556569279866,Prepaid,South,7,0,1
404,2023-02-09,Home,0,559.76,0.05634384634651732,2745,2,0.5033077499279119,Prepaid,North,8,0,0
639,2023-02-09,Apparel,1,1124.41,0.0,3974,0,0.0,COD,South,3,0,0
1842,2023-02-09,Electronics,0,508.3,0.0,2161,4,0.6924315800992453,Prepaid,East,4,0,1
134,2023-02-09,Apparel,1,792.87,0.0,2417,4,0.4891053370730596,COD,West,4,6,0
2489,2023-02-09,Apparel,1,1628.44,0.25947646554309783,2572,2,0.04460052836346115,Prepaid,West,4,0,0
773,2023-02-09,Apparel,1,1477.68,0.1703278136509223,1695,3,0.10876332568977432,Prepaid,South,4,4,0
4680,2023-02-09,Apparel,1,2161.15,0.0,4134,4,0.16398333331834253,Prepaid,East,11,0,0
4383,2023-02-09,Home,0,228.48,0.0,2007,3,0.04974254797323288,COD,East,14,4,0
4851,2023-02-09,Apparel,1,325.31,0.4447817006669994,2272,3,0.12387230952063924,Prepaid,South,11,0,0
1690,2023-02-09,Apparel,1,541.21,0.17445239421789271,2356,3,0.40691912124142476,Prepaid,West,4,0,0
4708,2023-02-09,Beauty,0,4343.3,0.23863047714321906,3990,1,0.20151985663641378,Prepaid,West,1,4,0
1845,2023-02-09,Electronics,0,2634.26,0.10987816829015203,3220,2,0.23673105203302067,Prepaid,West,4,0,0
4894,2023-02-09,Beauty,0,728.47,0.08616902936106993,4129,3,0.4364516402654172,Prepaid,East,14,3,0
486,2023-02-09,Footwear,1,1551.19,0.15961257245926563,1576,1,0.07272531775387843,Prepaid,South,3,1,0
4588,2023-02-09,Apparel,1,1495.05,0.29933364373350935,2455,2,0.030404888169343124,COD,West,9,2,0
4596,2023-02-09,Beauty,0,253.49,0.0,1023,3,0.5623836671440756,Prepaid,North,5,1,1
125,2023-02-09,Home,0,1087.69,0.0,3364,2,0.3313358813029863,Prepaid,West,14,1,0
3426,2023-02-09,Home,0,422.1,0.0,1369,0,0.0,COD,West,5,1,0
2031,2023-02-09,Home,0,573.43,0.0,3126,2,0.34557694211603945,COD,South,1,0,0
838,2023-02-09,Electronics,0,389.4,0.0,1801,2,0.017356904184544563,Prepaid,East,12,1,0
4305,2023-02-09,Apparel,1,207.51,0.023404822408762863,2614,3,0.03659751314240747,Prepaid,South,10,0,0
2235,2023-02-09,Apparel,1,3129.6,0.04248640521686081,4477,2,0.27768947007997946,COD,East,9,0,0
1476,2023-02-09,Footwear,1,1474.69,0.0,3332,2,0.2153202521436152,Prepaid,West,5,0,0
2871,2023-02-10,Electronics,0,646.23,0.0,2647,0,0.0,Prepaid,North,3,23,0
2446,2023-02-10,Footwear,1,1860.36,0.0,2938,0,0.0,Prepaid,West,7,2,0
3176,2023-02-10,Footwear,1,907.44,0.0,1034,1,0.27372990431248684,Prepaid,East,3,7,1
4098,2023-02-10,Apparel,1,1909.01,0.6861609075909973,3244,2,0.085537852662491,Prepaid,South,8,7,1
4342,2023-02-10,Home,0,3306.06,0.0,3709,2,0.004107489903685192,Prepaid,North,10,2,0
3512,2023-02-10,Apparel,1,599.41,0.0,1037,2,0.0879333176845161,Prepaid,West,4,2,0
581,2023-02-10,Electronics,0,1371.19,0.27517247910454434,3978,2,0.3151509168611006,Prepaid,East,8,0,1
299,2023-02-10,Footwear,1,952.43,0.0,3486,1,0.09321624640697967,Prepaid,South,14,1,0
2733,2023-02-10,Beauty,0,1408.13,0.17913143961920927,1901,4,0.10142237363553226,Prepaid,South,10,6,0
246,2023-02-10,Footwear,1,4376.74,0.0,1397,2,0.12066391134146282,Prepaid,North,7,0,0
4136,2023-02-10,Home,0,938.93,0.1470032623518456,1563,1,0.2689820720389589,Prepaid,East,3,4,0
1946,2023-02-10,Apparel,1,420.5,0.0,3050,3,0.2540107628544129,Prepaid,North,7,4,0
3931,2023-02-10,Beauty,0,1365.29,0.5159390344021032,3254,6,0.002258610524603606,COD,South,5,1,0
4917,2023-02-10,Electronics,0,1923.44,0.09808945358509334,2857,0,0.0,Prepaid,South,11,3,0
1540,2023-02-10,Apparel,1,4388.48,0.0,2876,2,0.4476385164473797,Prepaid,East,9,0,0
1892,2023-02-10,Apparel,1,205.09,0.0,2494,2,0.15330889808736103,Prepaid,West,3,0,0
516,2023-02-10,Electronics,0,5639.55,0.0,2110,0,0.0,COD,North,10,0,0
4794,2023-02-10,Footwear,1,479.58,0.14317021414256798,1180,2,0.26497726404494826,Prepaid,East,11,2,1
4785,2023-02-10,Apparel,1,286.03,0.15613399381452653,3417,5,0.20516282350941986,COD,East,9,4,0
1074,2023-02-10,Electronics,0,926.43,0.0,1826,3,0.028731003880819898,Prepaid,North,7,0,0
4040,2023-02-10,Apparel,1,570.37,0.0,4015,8,0.2232468688262419,Prepaid,West,11,0,0
3666,2023-02-10,Electronics,0,649.03,0.0,1589,1,0.3925964165148655,Prepaid,South,4,0,0
4883,2023-02-10,Apparel,1,2220.98,0.448912220340297,1949,0,0.0,Prepaid,South,10,0,0
651,2023-02-11,Home,0,2503.52,0.0,2753,1,0.18128532241676168,Prepaid,East,3,0,0
2972,2023-02-11,Apparel,1,3394.45,0.39995969524937125,4496,2,0.12012130416335316,COD,North,7,1,0
4246,2023-02-11,Home,0,535.18,0.0,2914,1,0.13194362733955536,Prepaid,West,10,4,0
2947,2023-02-11,Home,0,409.56,0.0,3319,5,0.3799384350891358,Prepaid,South,12,6,0
1037,2023-02-11,Apparel,1,54.89,0.0,3879,2,0.32398835580450763,Prepaid,South,5,11,0
2394,2023-02-11,Apparel,1,1019.21,0.0,1041,2,0.2503818855197176,Prepaid,East,5,2,0
4295,2023-02-11,Electronics,0,1365.19,0.0,4342,0,0.0,Prepaid,East,3,1,0
3706,2023-02-11,Apparel,1,4263.27,0.0,1764,1,0.270899371929667,Prepaid,South,13,7,0
2689,2023-02-11,Apparel,1,6458.16,0.4364622708963203,2454,2,0.13508744738275,Prepaid,North,14,0,1
1021,2023-02-11,Footwear,1,598.1,0.0,1269,2,0.13018671449655203,Prepaid,South,3,1,0
2616,2023-02-11,Footwear,1,1636.61,0.0,1448,3,0.12948769144835073,COD,East,14,0,0
3656,2023-02-11,Apparel,1,464.17,0.0,3871,1,0.12467529647759126,Prepaid,North,13,4,0
721,2023-02-11,Home,0,2045.34,0.0,4083,2,0.0822194190527867,Prepaid,West,12,2,1
2342,2023-02-11,Apparel,1,975.51,0.2480226322505344,4149,3,0.03439218510726338,COD,West,12,0,0
4687,2023-02-11,Footwear,1,2622.44,0.1249585858337329,1563,2,0.20960908567596012,Prepaid,South,9,1,0
3221,2023-02-11,Apparel,1,643.67,0.23180507971647057,2240,2,0.16519094296981063,Prepaid,East,10,0,0
1903,2023-02-11,Beauty,0,4232.72,0.2876508489442954,2003,1,0.10021802763202202,COD,North,6,0,0
3804,2023-02-11,Apparel,1,526.66,0.0,2534,3,0.17310916953491315,Prepaid,East,10,1,0
3437,2023-02-11,Home,0,3206.71,0.23108162731798712,4342,2,0.2839295274180016,COD,West,10,0,0
432,2023-02-11,Apparel,1,2929.27,0.028499692691938028,1672,2,0.133866190403166,COD,West,7,4,0
2993,2023-02-11,Footwear,1,213.7,0.0,2230,3,0.30306650414248465,Prepaid,East,11,7,0
2918,2023-02-11,Apparel,1,1269.68,0.0,2486,3,0.23945883970502505,Prepaid,South,12,6,0
2465,2023-02-11,Apparel,1,359.77,0.1781027592496875,2330,1,0.018420672794826995,COD,South,1,4,0
3637,2023-02-11,Electronics,0,262.66,0.0,3928,4,0.07539051781861934,Prepaid,West,12,3,1
1097,2023-02-11,Electronics,0,2089.16,0.0,3041,1,0.13915457750653493,Prepaid,West,6,1,0
2210,2023-02-12,Apparel,1,1192.83,0.21065389265125192,2344,2,0.3003176166125371,Prepaid,North,6,0,0
3306,2023-02-12,Footwear,1,810.71,0.0,3695,5,0.21345884326036976,COD,West,9,1,0
2425,2023-02-12,Footwear,1,193.01,0.12125661664849333,3119,4,0.002819184702745561,Prepaid,East,3,4,0
2482,2023-02-12,Footwear,1,1792.85,0.0,3868,3,0.153620688040535,COD,South,7,8,0
350,2023-02-12,Apparel,1,421.89,0.0,2326,1,0.15125650182654907,Prepaid,East,4,1,0
39,2023-02-12,Footwear,1,2282.8,0.0015952019101682369,1522,3,0.19719177761943216,COD,South,5,1,0
3418,2023-02-12,Home,0,1576.52,0.01309279767455207,2939,4,0.18881400198361906,Prepaid,North,2,1,1
4468,2023-02-12,Electronics,0,751.88,0.063874379369664,2808,3,0.031721360036652164,Prepaid,West,6,5,0
4202,2023-02-12,Electronics,0,4085.14,0.39043918700044844,1181,4,0.47589511516020966,Prepaid,South,11,0,0
3062,2023-02-12,Apparel,1,688.91,0.34234987417842333,3022,1,0.03934602250274024,Prepaid,North,12,0,1
1809,2023-02-12,Home,0,2506.5,0.3640298241631793,4327,0,0.0,Prepaid,South,13,0,0
188,2023-02-12,Beauty,0,706.32,0.06233149281534469,4036,1,0.15764189400309542,Prepaid,North,6,0,0
587,2023-02-12,Electronics,0,1413.97,0.23271781719095094,2392,4,0.15927579049798307,Prepaid,East,1,0,1
3903,2023-02-12,Electronics,0,134.78,0.0,3617,1,0.013208620752319359,COD,East,3,0,1
3042,2023-02-12,Beauty,0,272.38,0.0,2135,2,0.04647261407364621,COD,West,9,1,0
1080,2023-02-12,Apparel,1,234.82,0.0,1195,4,0.038614950649450815,COD,East,1,1,0
3784,2023-02-12,Footwear,1,479.01,0.10255091684811384,2590,3,0.017453087015503386,Prepaid,South,2,1,0
4516,2023-02-12,Home,0,3702.51,0.176682923411433,2968,4,0.1778130856164202,Prepaid,South,7,3,0
3615,2023-02-12,Apparel,1,2520.42,0.3514379753771476,1264,4,0.2520847074620765,Prepaid,South,8,3,0
3805,2023-02-12,Home,0,456.81,0.0,2773,4,0.021163041600412213,Prepaid,West,3,0,0
3640,2023-02-12,Beauty,0,1061.28,0.0,4034,1,0.237723065520346,COD,East,11,1,0
3825,2023-02-12,Home,0,541.26,0.0,1154,4,0.07714073922475399,Prepaid,East,8,3,1
1963,2023-02-12,Apparel,1,646.33,0.0,2039,0,0.0,Prepaid,East,5,8,0
4499,2023-02-12,Apparel,1,5004.86,0.14631374352434348,4222,2,0.18114238808707514,Prepaid,West,8,5,0
663,2023-02-13,Apparel,1,1578.19,0.09100403346513158,3278,2,0.03071278591045822,Prepaid,East,1,1,0
992,2023-02-13,Apparel,1,1676.98,0.0,1284,0,0.0,Prepaid,North,5,3,0
1961,2023-02-13,Footwear,1,4187.61,0.13126621636892694,1257,3,0.0026664938838591146,Prepaid,East,4,2,0
3921,2023-02-13,Apparel,1,1518.26,0.0,4035,3,0.3677390079060436,COD,North,13,2,1
3904,2023-02-13,Home,0,896.2,0.0,3115,2,0.1371705423597252,Prepaid,North,8,9,0
1125,2023-02-13,Apparel,1,1209.52,0.0,3785,1,0.23883630197865685,Prepaid,North,3,0,1
1565,2023-02-13,Electronics,0,935.02,0.16807708481307465,3282,1,0.012202442835756782,COD,North,8,4,0
1411,2023-02-13,Home,0,371.7,0.0,1627,0,0.0,Prepaid,West,1,13,0
4769,2023-02-13,Apparel,1,1237.29,0.09507710920503484,2382,1,0.04960810609716491,Prepaid,South,13,1,0
4605,2023-02-13,Home,0,1286.51,0.007535157169818951,2942,1,0.3580925693971812,Prepaid,East,11,0,0
2561,2023-02-13,Apparel,1,485.19,0.0,4457,3,0.7328405176958142,Prepaid,North,13,2,1
425,2023-02-13,Footwear,1,2019.8,0.018092989470065365,3556,1,0.08454802580939008,COD,North,4,4,0
1261,2023-02-13,Apparel,1,5809.0,0.0,1976,0,0.0,Prepaid,East,7,3,0
1356,2023-02-13,Home,0,530.98,0.12749296758889536,3713,0,0.0,Prepaid,East,3,0,0
2069,2023-02-13,Electronics,0,1017.22,0.0595643729307202,2091,2,0.07064293335089576,Prepaid,West,9,2,0
4681,2023-02-13,Apparel,1,5458.09,0.49594665624469436,1666,1,0.615148904257102,COD,East,9,1,0
4165,2023-02-13,Beauty,0,228.64,0.2669672474759286,1077,2,0.10102392533036764,Prepaid,North,14,0,0
699,2023-02-13,Footwear,1,695.76,0.0,1961,4,0.416199803615228,Prepaid,East,13,1,0
4169,2023-02-13,Apparel,1,495.51,0.0,1744,3,0.09291563051322273,Prepaid,North,1,0,0
4182,2023-02-13,Home,0,633.27,0.1371076863988011,1002,0,0.0,Prepaid,West,3,2,0
3112,2023-02-13,Home,0,1186.51,0.0,1240,2,0.06151073431598539,Prepaid,East,12,1,0
942,2023-02-13,Apparel,1,2370.14,0.055600345247057,1096,0,0.0,Prepaid,East,2,5,0
2303,2023-02-13,Apparel,1,1202.79,0.0,3341,2,0.060739743236028536,Prepaid,West,1,1,0
4971,2023-02-13,Home,0,826.45,0.0,1735,3,0.26631149132394055,COD,West,12,2,0
2083,2023-02-13,Beauty,0,4374.04,0.0,4005,2,0.36372092847956045,COD,North,12,1,0
976,2023-02-14,Footwear,1,751.64,0.10126704061517156,1580,2,0.10010587247646763,Prepaid,South,5,2,0
4778,2023-02-14,Beauty,0,869.95,0.0,2781,2,0.05148710634140432,Prepaid,South,8,1,0
2552,2023-02-14,Electronics,0,5132.71,0.0,3684,1,0.12199797249145862,Prepaid,South,1,6,0
3753,2023-02-14,Electronics,0,3811.13,0.0,1112,0,0.0,Prepaid,North,12,3,0
571,2023-02-14,Electronics,0,4155.36,0.0,3211,6,0.37984576565229444,Prepaid,North,5,0,1
1297,2023-02-14,Electronics,0,1336.08,0.18294083239237582,2323,2,0.031524835171317114,COD,West,11,7,0
2352,2023-02-14,Footwear,1,2734.87,0.0,3679,3,0.5427713068572899,COD,South,5,2,0
2332,2023-02-14,Apparel,1,698.53,0.0,2705,1,0.15031612589114443,COD,North,3,2,1
3839,2023-02-14,Apparel,1,1169.35,0.0,3426,1,0.022040879364448672,Prepaid,South,4,1,0
2406,2023-02-14,Home,0,1963.45,0.0,4220,2,0.14481019931926786,Prepaid,North,5,6,0
817,2023-02-14,Electronics,0,218.48,0.2692513643810909,3288,2,0.0334945427294349,COD,West,4,5,0
1822,2023-02-14,Apparel,1,680.3,0.0,3471,0,0.0,COD,West,1,0,1
1373,2023-02-14,Electronics,0,879.12,0.26870614339718457,4408,1,0.12184739980508376,COD,North,10,9,0
1774,2023-02-14,Home,0,612.62,0.0,4497,3,0.03091201311325685,COD,North,8,1,0
1513,2023-02-14,Apparel,1,1060.64,0.03321841725999257,1330,1,0.15201480711644932,COD,North,6,2,0
4490,2023-02-14,Apparel,1,5292.86,0.0,3529,1,0.31408023729692364,COD,South,10,0,0
1193,2023-02-14,Electronics,0,738.94,0.05188256107184447,3025,2,0.32318639656599324,COD,South,9,1,0
3530,2023-02-14,Apparel,1,3124.68,0.09685265336393419,1602,0,0.0,COD,South,4,7,1
3121,2023-02-14,Electronics,0,2520.22,0.23812577742736393,1842,2,0.10935304874923266,COD,West,1,4,0
2433,2023-02-14,Apparel,1,1623.71,0.0,3620,3,0.07694535868525457,Prepaid,West,13,5,0
3153,2023-02-14,Apparel,1,10681.73,0.48726508793966283,2121,1,0.4842165594617606,COD,South,14,1,0
2493,2023-02-14,Home,0,6775.87,0.0,1884,3,0.04620488893004142,COD,South,5,0,0
3044,2023-02-14,Apparel,1,446.84,0.0,1983,2,0.016385923568962728,Prepaid,West,1,5,1
3487,2023-02-14,Apparel,1,2286.41,0.5186366189044829,4331,0,0.0,COD,South,13,4,1
4208,2023-02-14,Footwear,1,791.22,0.06233831269967555,2514,2,0.13597614033460736,Prepaid,West,2,0,0
1510,2023-02-14,Apparel,1,1271.91,0.0,3406,3,0.13920294022814575,COD,South,3,2,0
3342,2023-02-14,Electronics,0,228.72,0.13765680929932955,2335,3,0.043613457911172104,COD,West,5,1,0
852,2023-02-14,Apparel,1,1749.72,0.0,1645,1,0.254545082869454,COD,West,14,2,1
3817,2023-02-15,Footwear,1,2591.76,0.0,2797,3,0.16736430505013752,COD,East,2,0,0
3284,2023-02-15,Home,0,3445.87,0.0,1837,3,0.32999951429761976,COD,West,1,8,0
4361,2023-02-15,Electronics,0,682.58,0.46988799874321074,1321,1,0.04708226450340914,COD,South,12,0,0
3190,2023-02-15,Electronics,0,619.49,0.0,2317,4,0.3666797412937502,Prepaid,East,2,6,0
3106,2023-02-15,Apparel,1,1693.33,0.0,2521,2,0.08454936997596095,Prepaid,South,8,0,0
1421,2023-02-15,Footwear,1,5051.28,0.4138592549549128,3615,1,0.31255885850783105,Prepaid,West,2,1,1
3393,2023-02-15,Apparel,1,178.13,0.13793016283322143,3946,1,0.17354205224439784,COD,West,6,2,0
3040,2023-02-15,Apparel,1,363.04,0.0,4277,2,0.10651569419460209,Prepaid,East,7,8,0
171,2023-02-15,Electronics,0,3006.71,0.0,3435,0,0.0,COD,East,6,5,0
294,2023-02-15,Apparel,1,4025.55,0.1850879899386389,1606,1,0.34720234993274507,Prepaid,North,5,2,0
3093,2023-02-15,Beauty,0,2569.75,0.0,1686,1,0.12045718026107706,Prepaid,West,8,2,0
3048,2023-02-15,Apparel,1,715.56,0.0,1593,4,0.049539469251190724,COD,North,7,3,1
1275,2023-02-15,Apparel,1,251.79,0.2589317658701239,2815,0,0.0,Prepaid,North,12,0,0
4377,2023-02-15,Apparel,1,3831.47,0.0,2466,2,0.15993048522193684,COD,North,12,3,0
4565,2023-02-15,Apparel,1,2054.52,0.0,3986,1,0.2427985199453642,Prepaid,South,13,8,1
1715,2023-02-15,Footwear,1,1108.12,0.0,3050,4,0.13259076894459237,Prepaid,South,2,3,1
4436,2023-02-15,Footwear,1,1367.17,0.0,1624,3,0.2646113046835267,Prepaid,North,13,0,0
226,2023-02-15,Apparel,1,3208.92,0.04592647442311759,4325,1,0.30294869499431637,COD,West,10,0,0
4140,2023-02-15,Home,0,2884.01,0.001808947271793454,3216,1,0.301554660066231,Prepaid,North,11,4,0
824,2023-02-15,Home,0,111.93,0.04153244489092302,2008,3,0.7086634614693754,Prepaid,East,10,4,0
2541,2023-02-15,Apparel,1,1910.77,0.0,2199,2,0.12836019744793037,COD,West,12,4,0
4855,2023-02-15,Apparel,1,1344.9,0.0,3834,2,0.09305215009272096,Prepaid,East,14,10,0
647,2023-02-15,Electronics,0,467.19,0.3795038293707499,3366,0,0.0,COD,East,8,1,1
2458,2023-02-15,Footwear,1,1230.21,0.0,4301,2,0.15631933626689187,COD,North,9,1,0
4525,2023-02-15,Electronics,0,672.51,0.6053444267672499,3918,1,0.17425295937758503,Prepaid,West,3,4,0
2583,2023-02-15,Apparel,1,1454.97,0.01461462268655668,1115,0,0.0,Prepaid,East,9,2,0
1283,2023-02-15,Apparel,1,210.41,0.0,1993,0,0.0,Prepaid,North,8,2,0
1746,2023-02-16,Electronics,0,307.05,0.1971700340143613,3858,2,0.20426980680578008,Prepaid,West,9,1,0
1823,2023-02-16,Beauty,0,6652.05,0.0,3603,1,0.0958242003629717,Prepaid,North,6,4,0
4735,2023-02-16,Apparel,1,719.16,0.0,1036,1,0.07514914701546664,Prepaid,West,11,3,0
1492,2023-02-16,Beauty,0,717.82,0.054566779555375707,1737,2,0.06404504669325099,Prepaid,East,1,3,0
2104,2023-02-16,Footwear,1,39.6,0.10359297492570232,2273,0,0.0,Prepaid,North,13,0,0
4922,2023-02-16,Footwear,1,751.37,0.13320953216699252,3059,1,0.10979971140811357,Prepaid,North,7,2,0
4399,2023-02-16,Apparel,1,11742.5,0.0,2523,3,0.2988877827295034,COD,South,7,3,0
4443,2023-02-16,Apparel,1,586.29,0.0,1952,2,0.46437954331104586,Prepaid,West,6,0,0
2215,2023-02-16,Home,0,1033.96,0.1795588170045252,2768,1,0.0864015083060275,Prepaid,West,4,1,0
4517,2023-02-16,Footwear,1,746.66,0.0,1842,3,0.057675356816056005,Prepaid,North,14,0,0
4429,2023-02-16,Footwear,1,11134.39,0.10663882983672786,1646,2,0.08522604739709447,Prepaid,West,1,4,0
2241,2023-02-16,Apparel,1,215.44,0.0,3322,3,0.12621323419202232,COD,West,6,0,0
1446,2023-02-16,Apparel,1,955.88,0.0,3122,5,0.14630007589466534,Prepaid,North,1,4,0
2181,2023-02-16,Footwear,1,433.8,0.0,4406,2,0.12226343736807406,Prepaid,North,3,1,0
2521,2023-02-16,Apparel,1,3304.51,0.3930456673369419,4414,1,0.02811182599833616,COD,East,3,1,1
429,2023-02-16,Apparel,1,713.18,0.1364131621820133,2301,1,0.16803685417155845,Prepaid,East,1,7,0
648,2023-02-16,Electronics,0,5273.39,0.0,2416,3,0.05184357714103597,COD,North,9,0,0
3663,2023-02-16,Home,0,2227.76,0.0,2948,1,0.37849398414647856,Prepaid,South,8,2,0
3116,2023-02-16,Apparel,1,395.89,0.0,2848,2,0.23921140033994354,Prepaid,West,12,3,0
848,2023-02-16,Electronics,0,482.99,0.0,3672,1,0.24265908520623652,Prepaid,North,8,1,0
2872,2023-02-16,Electronics,0,1348.49,0.0,1211,1,0.10417861739574363,Prepaid,West,11,2,0
538,2023-02-16,Electronics,0,695.73,0.04906500845183395,1437,2,0.24947200332972166,Prepaid,South,4,0,0
830,2023-02-16,Electronics,0,861.53,0.23880332433706716,2453,3,0.43613310840464725,Prepaid,South,2,2,0
3422,2023-02-16,Apparel,1,2721.66,0.0,1518,1,0.32697990889621265,Prepaid,East,8,2,1
536,2023-02-16,Beauty,0,797.91,0.0,3011,1,0.002029291605348421,Prepaid,West,12,0,0
4318,2023-02-16,Home,0,1829.29,0.14205531545020417,2619,0,0.0,Prepaid,North,6,4,0
530,2023-02-16,Electronics,0,1271.44,0.0,3773,3,0.23972223581152108,Prepaid,East,14,2,0
2702,2023-02-16,Apparel,1,4598.05,0.1567556445552326,2815,2,0.1108540066292537,Prepaid,North,14,0,0
2740,2023-02-16,Apparel,1,3476.17,0.11072478424615574,4442,2,0.02005970648460707,COD,East,9,1,0
1294,2023-02-17,Home,0,8670.88,0.11470472063437036,4108,0,0.0,Prepaid,North,11,0,0
2,2023-02-17,Apparel,1,2549.13,0.10110973514015209,3150,2,0.03394457073068082,Prepaid,South,9,10,0
3659,2023-02-17,Apparel,1,331.42,0.0,2603,2,0.019212115328855632,COD,East,3,0,0
3362,2023-02-17,Apparel,1,9435.71,0.0,4403,1,0.0789920753535233,Prepaid,East,13,1,0
679,2023-02-17,Apparel,1,2341.32,0.3624984188656014,4186,1,0.3737893023276218,Prepaid,North,7,5,0
686,2023-02-17,Apparel,1,935.46,0.0,1547,0,0.0,COD,East,3,4,1
1830,2023-02-17,Beauty,0,752.78,0.0,4195,1,0.23243407138748895,Prepaid,North,10,1,0
630,2023-02-17,Apparel,1,6158.7,0.0,3233,0,0.0,Prepaid,North,8,5,0
799,2023-02-17,Footwear,1,960.12,0.2944675597495811,4304,0,0.0,Prepaid,East,6,1,0
2974,2023-02-17,Electronics,0,2566.88,0.0,1453,1,0.029268206693682283,Prepaid,North,2,14,0
52,2023-02-17,Electronics,0,707.25,0.0,3171,3,0.044086247256503966,Prepaid,South,14,0,0
3739,2023-02-17,Footwear,1,2050.31,0.0,1345,3,0.04905120529842808,Prepaid,West,12,3,0
3756,2023-02-17,Apparel,1,1274.58,0.0,1726,3,0.032897922009686324,COD,East,3,1,0
2780,2023-02-17,Electronics,0,1133.85,0.0,2216,3,0.28745713790589733,Prepaid,South,13,3,0
4554,2023-02-17,Home,0,4009.46,0.0,2028,0,0.0,Prepaid,West,3,0,0
4801,2023-02-17,Apparel,1,421.91,0.0,1895,3,0.0047045711686452985,COD,East,10,6,0
1895,2023-02-17,Apparel,1,3272.69,0.26853484589634324,1552,1,0.020181431018125168,COD,South,11,10,0
3848,2023-02-17,Apparel,1,449.23,0.2769970800166226,2800,3,0.0807225762695317,Prepaid,West,11,1,0
2274,2023-02-17,Apparel,1,410.96,0.07433420782202545,2218,4,0.058916341634200294,Prepaid,South,3,5,0
4404,2023-02-17,Electronics,0,2322.76,0.0,1070,2,0.1950535309161234,Prepaid,South,2,1,0
2297,2023-02-17,Footwear,1,920.41,0.0,4257,1,0.17457519605788774,COD,North,4,1,0
4550,2023-02-17,Apparel,1,641.81,0.15076438724777752,4030,0,0.0,Prepaid,South,1,3,0
2216,2023-02-17,Electronics,0,486.38,0.04332993737409371,3382,5,0.017099081577219944,COD,East,10,3,0
3912,2023-02-17,Footwear,1,1220.21,0.0,3343,2,0.024374970305000816,COD,East,8,15,0
3217,2023-02-17,Apparel,1,2636.69,0.0,2387,1,0.35145108134593056,COD,North,10,2,0
1339,2023-02-17,Footwear,1,212.31,0.018471664229881626,3946,4,0.40646154887615277,Prepaid,East,9,4,1
1158,2023-02-17,Electronics,0,356.43,0.0,3451,0,0.0,Prepaid,South,12,3,0
2128,2023-02-17,Beauty,0,1172.59,0.02050347076549043,1031,1,0.16238303733222834,COD,South,9,13,0
4129,2023-02-18,Apparel,1,819.6,0.1753193664115347,1337,3,0.20444981974888485,Prepaid,West,8,0,0
1487,2023-02-18,Beauty,0,3098.36,0.3443781032264368,3611,4,0.0448484068516418,Prepaid,West,5,0,0
1459,2023-02-18,Apparel,1,797.25,0.03363389638616268,1654,2,0.05549638333014034,Prepaid,South,7,9,0
114,2023-02-18,Electronics,0,497.17,0.0,2932,1,0.4226834387536138,COD,West,8,1,0
4135,2023-02-18,Electronics,0,8683.85,0.377910651708803,3090,0,0.0,Prepaid,North,12,8,0
1374,2023-02-18,Footwear,1,292.53,0.0,3809,2,0.026694923623698023,Prepaid,East,12,1,1
3004,2023-02-18,Footwear,1,3944.06,0.0,2899,0,0.0,Prepaid,West,3,2,0
3823,2023-02-18,Apparel,1,1731.54,0.0,2758,0,0.0,Prepaid,West,4,2,0
1996,2023-02-18,Apparel,1,646.36,0.1924481662483002,1341,2,0.09729890931688147,COD,East,10,1,0
3297,2023-02-18,Footwear,1,2104.61,0.2697679131758045,1459,2,0.2267987429087463,Prepaid,North,2,0,0
3969,2023-02-18,Apparel,1,572.23,0.0,2140,1,0.07874657163180886,Prepaid,West,4,1,0
3430,2023-02-18,Footwear,1,653.96,0.0,2979,0,0.0,Prepaid,South,2,1,0
3262,2023-02-18,Beauty,0,378.67,0.0,1426,3,0.1931196468905368,COD,West,3,1,0
4322,2023-02-18,Home,0,1939.75,0.0,4347,5,0.1132015325498754,Prepaid,East,2,5,0
754,2023-02-18,Footwear,1,1680.75,0.019478650606765707,3028,2,0.09993844846597814,COD,West,4,1,1
1248,2023-02-18,Apparel,1,2447.31,0.0,1280,2,0.2632679456656571,Prepaid,South,2,3,0
4864,2023-02-18,Apparel,1,6017.68,0.2516407632815282,1315,2,0.42343349148823983,Prepaid,North,1,0,1
1327,2023-02-18,Beauty,0,6438.55,0.0,2733,2,0.5851230879357125,COD,West,13,2,0
4799,2023-02-18,Apparel,1,638.86,0.0233329077689155,3036,3,0.046311806984581566,Prepaid,West,5,2,0
897,2023-02-18,Footwear,1,2855.96,0.0,2124,2,0.2876633353645945,Prepaid,East,1,0,0
4187,2023-02-18,Apparel,1,1191.55,0.08852284575148106,3542,2,0.1716614986499233,Prepaid,East,10,9,0
3282,2023-02-18,Electronics,0,5618.82,0.0,1032,4,0.49794983067300824,COD,South,6,3,0
4349,2023-02-18,Apparel,1,2803.88,0.10420192012607109,1704,1,0.1392792058684384,Prepaid,North,10,2,0
707,2023-02-18,Beauty,0,69.61,0.0,3226,4,0.18480331342615813,Prepaid,North,12,2,0
3280,2023-02-19,Apparel,1,1451.46,0.0,2152,1,0.2871742105586891,Prepaid,West,5,0,1
4531,2023-02-19,Apparel,1,116.44,0.03894537660630218,3822,1,0.028552061732244893,Prepaid,North,12,2,0
2088,2023-02-19,Home,0,940.26,0.0,2283,3,0.12663258299559116,Prepaid,South,10,4,0
3868,2023-02-19,Electronics,0,3821.49,0.0,1072,4,0.15383593681240543,COD,West,14,0,0
2036,2023-02-19,Footwear,1,952.13,0.0,4229,1,0.012830291802155922,Prepaid,East,3,2,0
3250,2023-02-19,Electronics,0,2146.91,0.0,1309,4,0.4133734677499659,Prepaid,East,11,6,0
1645,2023-02-19,Footwear,1,3978.02,0.0,4116,3,0.18521488868777083,COD,West,2,0,1
2038,2023-02-19,Electronics,0,1365.8,0.0,2893,2,0.0756055925673095,Prepaid,South,1,1,0
1959,2023-02-19,Home,0,1200.06,0.0,2361,2,0.2691789509620272,Prepaid,North,4,7,0
2296,2023-02-19,Electronics,0,1311.3,0.0,3265,2,0.3150533847360498,COD,East,6,0,0
3617,2023-02-19,Apparel,1,523.28,0.36615363494222264,4046,2,0.23991663769035784,Prepaid,South,2,0,1
41,2023-02-19,Electronics,0,1240.05,0.0,3953,1,0.3528892245471783,Prepaid,North,10,4,0
1336,2023-02-19,Apparel,1,1431.12,0.42950290037647554,3152,2,0.03487190945442953,Prepaid,South,8,1,1
3205,2023-02-19,Footwear,1,685.41,0.0,1711,3,0.23301975774071376,Prepaid,East,1,3,0
2568,2023-02-19,Electronics,0,654.81,0.34933991205512527,3249,4,0.3191017498780591,Prepaid,South,4,0,0
1500,2023-02-19,Apparel,1,986.7,0.0,2485,6,0.024742825584073085,Prepaid,West,11,3,0
2415,2023-02-19,Home,0,834.13,0.0,4076,1,0.1167183473860358,Prepaid,North,12,7,0
4250,2023-02-19,Footwear,1,360.95,0.0,2522,2,0.10873802060094839,Prepaid,North,9,1,0
953,2023-02-19,Electronics,0,617.49,0.0,1762,0,0.0,Prepaid,West,6,0,0
1247,2023-02-19,Footwear,1,2434.64,0.0,2775,1,0.42428916027833014,COD,South,5,0,0
994,2023-02-19,Footwear,1,2427.15,0.0,4312,2,0.0750804311581919,Prepaid,West,7,0,0
3455,2023-02-19,Apparel,1,1499.22,0.30437072309141555,2250,4,0.14648004541284124,Prepaid,South,2,2,0
3181,2023-02-19,Electronics,0,1874.23,0.17252055987482617,1186,3,0.2962706041299613,COD,East,10,3,0
2944,2023-02-19,Beauty,0,1065.03,0.46606149890519777,3266,3,0.1182554036556688,Prepaid,North,14,0,1
544,2023-02-20,Apparel,1,442.68,0.0,1766,4,0.3789100100975341,Prepaid,East,12,1,0
75,2023-02-20,Apparel,1,2075.65,0.0,2683,1,0.09245246020188101,Prepaid,East,1,3,1
3107,2023-02-20,Apparel,1,715.4,0.4985718835764581,4126,3,0.2562108297875713,Prepaid,South,7,2,0
3861,2023-02-20,Footwear,1,1263.99,0.09498947999682955,1667,0,0.0,COD,East,12,2,0
1708,2023-02-20,Apparel,1,558.62,0.0,2199,1,0.48008372081352707,Prepaid,South,5,0,0
3265,2023-02-20,Footwear,1,596.37,0.2195525909558501,2067,2,0.10877699065325278,Prepaid,East,12,3,0
737,2023-02-20,Home,0,499.23,0.0,1298,0,0.0,Prepaid,North,1,1,0
1958,2023-02-20,Home,0,692.47,0.0,3861,1,0.3139944572852876,Prepaid,East,8,4,0
2807,2023-02-20,Electronics,0,2902.89,0.010620990117831575,3783,1,0.1580654587941169,COD,East,2,0,0
97,2023-02-20,Beauty,0,4013.77,0.2542744971537219,1041,1,0.7679335145214733,COD,South,3,2,1
1897,2023-02-20,Footwear,1,405.2,0.0,3743,1,0.2029892972288802,Prepaid,South,5,0,0
298,2023-02-20,Beauty,0,437.42,0.21801914729822786,3488,3,0.10078646848016865,Prepaid,West,7,6,0
3327,2023-02-20,Electronics,0,459.44,0.0,3698,1,0.1690886828948694,Prepaid,East,3,1,1
448,2023-02-20,Electronics,0,647.77,0.11838719695947776,3114,1,0.3160934059854294,COD,East,3,0,0
1331,2023-02-20,Apparel,1,5316.79,0.0,3125,1,0.4440251042201723,Prepaid,West,13,0,0
2518,2023-02-20,Apparel,1,3174.35,0.0,3025,2,0.29081473443563494,Prepaid,South,12,1,0
2369,2023-02-20,Apparel,1,3604.41,0.0,1665,5,0.004065023865919118,Prepaid,East,12,0,0
304,2023-02-20,Apparel,1,928.25,0.0,3463,1,0.3546370580042022,Prepaid,South,12,2,1
2567,2023-02-21,Footwear,1,837.71,0.4712433756637614,1227,3,0.15903413952219056,Prepaid,South,12,7,1
3405,2023-02-21,Home,0,2104.85,0.0,2368,3,0.156561609221598,COD,East,6,0,0
3547,2023-02-21,Electronics,0,500.82,0.0,3086,1,0.20044078214174835,COD,East,1,1,0
1321,2023-02-21,Apparel,1,409.79,0.2377264659128305,3001,0,0.0,Prepaid,North,11,2,0
2150,2023-02-21,Electronics,0,474.56,0.364377414603718,1905,2,0.031808467082885546,COD,West,8,0,0
27,2023-02-21,Footwear,1,10638.35,0.0,3138,3,0.24652910213576695,COD,North,5,0,0
4777,2023-02-21,Apparel,1,1605.57,0.06269974288419211,1045,2,0.2005006514719867,Prepaid,North,6,5,1
3732,2023-02-21,Apparel,1,1429.68,0.0,1914,1,0.13807822923437618,Prepaid,North,8,2,0
3520,2023-02-21,Apparel,1,1855.64,0.0,2610,3,0.1984982046319751,Prepaid,South,13,3,0
2987,2023-02-21,Apparel,1,3116.73,0.0,2205,3,0.007809331759017643,COD,West,5,0,0
1972,2023-02-21,Home,0,433.04,0.0,4416,1,0.08204550806861126,COD,West,13,2,0
2618,2023-02-21,Apparel,1,212.44,0.0,2010,2,0.12026911078221883,COD,West,5,11,0
4278,2023-02-21,Electronics,0,1507.89,0.0,1473,1,0.05049613952150808,Prepaid,West,1,8,0
1662,2023-02-21,Electronics,0,1471.75,0.0,2025,2,0.25262710447296993,Prepaid,South,7,3,0
2639,2023-02-21,Beauty,0,660.61,0.0,4249,3,0.3801763158687223,COD,East,3,4,0
3384,2023-02-21,Apparel,1,1296.28,0.0,2694,1,0.05816954764377176,COD,South,1,4,0
2655,2023-02-21,Home,0,1669.06,0.0,4444,0,0.0,Prepaid,East,8,0,0
573,2023-02-21,Beauty,0,1138.21,0.2972783890591488,3958,0,0.0,Prepaid,West,6,10,0
490,2023-02-21,Apparel,1,413.66,0.1524374491928796,3628,0,0.0,COD,South,11,9,0
81,2023-02-21,Apparel,1,223.7,0.29433091600863587,2333,2,0.20821099837621695,Prepaid,North,6,6,0
3779,2023-02-21,Home,0,1229.28,0.0,2176,2,0.012779961102487912,Prepaid,North,3,0,0
3905,2023-02-21,Apparel,1,920.3,0.33600785312878273,2094,0,0.0,Prepaid,North,8,0,1
232,2023-02-22,Home,0,375.97,0.0,1948,2,0.07242360473036741,COD,East,5,5,0
4418,2023-02-22,Apparel,1,3180.15,0.36664894855359276,2940,3,0.35618928018249035,COD,East,11,3,0
436,2023-02-22,Apparel,1,4132.86,0.0,1888,0,0.0,COD,East,11,1,1
1026,2023-02-22,Electronics,0,207.58,0.0,1918,2,0.13017202323237653,COD,West,9,7,0
548,2023-02-22,Apparel,1,1823.58,0.057212921700527386,3780,6,0.5136049625146163,COD,North,14,1,0
4896,2023-02-22,Apparel,1,75.92,0.0,3786,2,0.019131119358511642,Prepaid,North,4,2,0
4502,2023-02-22,Apparel,1,1406.38,0.1253712912122363,3520,4,0.08502768250581261,COD,West,4,5,0
2941,2023-02-22,Apparel,1,1829.25,0.0,4219,2,0.19318338214267256,COD,East,7,0,0
722,2023-02-22,Footwear,1,816.66,0.21074376589654417,1600,2,0.05338858199380047,Prepaid,East,13,1,0
4562,2023-02-22,Electronics,0,720.27,0.04782035067564099,4136,2,0.04923537669009992,Prepaid,South,7,3,0
4477,2023-02-22,Electronics,0,1387.59,0.0,1832,2,0.09486715899394955,Prepaid,West,3,1,0
3097,2023-02-22,Apparel,1,1258.27,0.0,1515,0,0.0,Prepaid,South,1,1,0
3550,2023-02-22,Footwear,1,994.7,0.0,2267,2,0.14815260983568387,Prepaid,South,12,0,0
409,2023-02-22,Electronics,0,694.88,0.0,2557,1,0.09279537879476707,Prepaid,West,11,6,0
394,2023-02-22,Apparel,1,91.93,0.0,2695,1,0.3990334468799545,COD,South,9,3,0
3582,2023-02-22,Apparel,1,370.51,0.2936239375259016,4234,3,0.41749287866708784,COD,North,12,5,0
3072,2023-02-22,Apparel,1,1430.51,0.0,4198,2,0.09726717297342405,Prepaid,East,2,8,0
3079,2023-02-22,Apparel,1,2982.45,0.0,3753,2,0.1229782590924461,COD,South,13,1,0
2904,2023-02-22,Electronics,0,4552.97,0.3163396220735947,2169,2,0.308491618382434,Prepaid,South,3,0,1
3248,2023-02-22,Apparel,1,1367.91,0.024888840781993632,3137,1,0.18720098791946188,Prepaid,North,1,2,0
906,2023-02-22,Footwear,1,1421.9,0.0,3130,2,0.479518785197571,Prepaid,West,3,2,1
160,2023-02-22,Apparel,1,3296.02,0.0,3427,1,0.13030026201045264,COD,West,13,7,0
1578,2023-02-22,Beauty,0,832.26,0.2979788911364548,1529,2,0.2721092346883545,COD,East,12,0,1
4666,2023-02-22,Electronics,0,1197.51,0.06846952158320678,4430,3,0.24910233821399771,COD,North,7,9,0
3856,2023-02-22,Apparel,1,6495.81,0.11281953716373888,1965,4,0.01311578254615995,COD,East,8,0,0
2700,2023-02-22,Footwear,1,891.34,0.0,1265,1,0.14509466161597856,Prepaid,South,13,1,0
1142,2023-02-22,Electronics,0,683.85,0.0,3844,4,0.07741408033481792,Prepaid,North,4,3,0
1376,2023-02-22,Apparel,1,5606.77,0.0,3226,1,0.2223650387528738,Prepaid,South,5,3,0
1589,2023-02-22,Footwear,1,3809.7,0.0,2246,1,0.4182650460986108,Prepaid,North,10,3,0
1591,2023-02-22,Electronics,0,3513.55,0.11133571985492301,3356,0,0.0,COD,South,3,0,1
4911,2023-02-22,Apparel,1,1729.6,0.4173776568966764,4237,1,0.042750474806801955,COD,East,4,0,0
4339,2023-02-23,Electronics,0,1544.99,0.1166238510017044,4403,1,0.020686367919306323,COD,East,14,0,0
846,2023-02-23,Beauty,0,3911.59,0.0,4033,3,0.35024216019031523,COD,West,8,0,0
2559,2023-02-23,Apparel,1,1551.82,0.1488788474237718,2188,3,0.030228054258161434,COD,East,1,0,0
1483,2023-02-23,Apparel,1,4320.22,0.07323297261900757,2667,2,0.03717976445750935,COD,West,8,2,0
1379,2023-02-23,Apparel,1,1147.12,0.0,3580,3,0.1027633231131978,COD,East,14,5,0
2956,2023-02-23,Apparel,1,355.99,0.5192106559792109,3553,1,0.006713330417808731,Prepaid,North,10,4,0
4063,2023-02-23,Apparel,1,5146.7,0.0,1044,2,0.15417778753431463,Prepaid,South,5,0,0
3704,2023-02-23,Apparel,1,4715.09,0.0,4498,4,0.14239342532274954,COD,East,14,3,0
2769,2023-02-23,Apparel,1,4813.3,0.12755253287679685,1933,3,0.21949848732599408,COD,West,10,0,0
513,2023-02-23,Apparel,1,503.21,0.0,1256,6,0.00040068051784146675,Prepaid,West,4,2,0
4267,2023-02-23,Home,0,544.64,0.2201199095222949,3647,1,0.30890618383738233,Prepaid,North,3,2,0
3893,2023-02-23,Electronics,0,323.54,0.0,3346,1,0.23028473585108397,Prepaid,East,14,2,0
2553,2023-02-23,Electronics,0,1228.63,0.2969796323678342,2193,1,0.041279912156596675,COD,West,14,0,0
2163,2023-02-23,Footwear,1,2547.7,0.0,3741,1,0.12321763449147305,COD,North,2,2,0
183,2023-02-23,Apparel,1,1957.93,0.31060874620815093,3859,0,0.0,Prepaid,East,9,0,1
1095,2023-02-23,Apparel,1,911.8,0.0,3562,1,0.13345804595536276,Prepaid,East,6,5,1
1123,2023-02-23,Home,0,4001.22,0.3554040785960386,3316,3,0.2903314694113238,COD,East,14,0,0
2660,2023-02-23,Home,0,2818.92,0.08961557540479588,3414,2,0.40899342166876296,Prepaid,West,1,1,0
928,2023-02-23,Electronics,0,718.36,0.0,1653,1,0.03385578709851977,Prepaid,West,11,5,0
3962,2023-02-23,Apparel,1,20005.32,0.0,1354,4,0.010404034061914723,COD,South,5,9,0
2068,2023-02-23,Apparel,1,1141.68,0.0,4498,2,0.06370573426205249,Prepaid,South,12,2,0
4198,2023-02-23,Electronics,0,335.37,0.0,1553,2,0.09424079643012181,Prepaid,South,11,1,0
3720,2023-02-23,Home,0,3957.47,0.0,4255,4,0.18496742961835147,Prepaid,South,8,0,0
295,2023-02-23,Apparel,1,1693.47,0.509046132524678,3531,3,0.12259215357495905,COD,East,4,1,1
2861,2023-02-23,Apparel,1,7252.5,0.0,2011,3,0.014359871923999075,COD,North,3,2,0
219,2023-02-23,Electronics,0,83.35,0.0,1349,4,0.21762666090061045,Prepaid,East,7,2,0
3811,2023-02-23,Footwear,1,986.91,0.0,3750,1,0.01232249837272201,COD,South,9,0,0
439,2023-02-23,Electronics,0,476.05,0.3476911160946664,2032,0,0.0,Prepaid,East,7,3,0
1001,2023-02-23,Beauty,0,226.88,0.0,2763,0,0.0,Prepaid,West,7,2,0
1036,2023-02-23,Footwear,1,766.57,0.0,3756,1,0.08952932223906404,Prepaid,South,3,0,0
146,2023-02-23,Apparel,1,512.87,0.006265342137517255,1523,2,0.39735600890773326,COD,West,10,1,1
1644,2023-02-23,Footwear,1,1643.75,0.08640822092641837,2381,1,0.02923978746822441,Prepaid,East,4,8,1
4509,2023-02-23,Electronics,0,1847.81,0.0,3225,2,0.20979226892845362,COD,West,1,2,0
3207,2023-02-23,Apparel,1,719.15,0.3731215801836528,2636,3,0.24213212793534045,COD,North,5,0,1
4064,2023-02-23,Apparel,1,234.51,0.1373124412652584,1553,3,0.1740354036485439,COD,East,2,0,0
2600,2023-02-23,Electronics,0,14996.28,0.0,4359,1,0.14113626970945362,Prepaid,South,3,6,0
4079,2023-02-23,Beauty,0,4469.47,0.0,1572,2,0.5328861882972771,COD,South,5,1,0
235,2023-02-23,Electronics,0,389.64,0.0,4227,0,0.0,Prepaid,East,9,2,0
1859,2023-02-23,Beauty,0,646.16,0.01858053188739632,2975,3,0.45292083634344027,Prepaid,South,7,3,0
2908,2023-02-23,Apparel,1,3713.15,0.1931600621612722,1073,3,0.04224629336930929,Prepaid,West,10,4,0
2263,2023-02-23,Electronics,0,270.14,0.21732348118108633,1835,3,0.3323615229801631,Prepaid,South,3,1,0
3725,2023-02-24,Home,0,3579.34,0.1255061465796962,4398,3,0.05956415077208571,Prepaid,South,9,6,0
1778,2023-02-24,Apparel,1,2395.75,0.0,1992,1,0.3836400028166405,Prepaid,East,4,11,1
4701,2023-02-24,Beauty,0,1825.41,0.036422236436661634,2131,3,0.15780064329526888,COD,East,10,6,0
4903,2023-02-24,Footwear,1,850.92,0.04549359666638925,4393,3,0.02954902896809936,Prepaid,South,10,4,0
3251,2023-02-24,Footwear,1,1642.13,0.42137285792130463,2476,4,0.03288001547059828,COD,East,5,0,0
2604,2023-02-24,Apparel,1,994.82,0.0,3880,2,0.22244475239561307,Prepaid,West,14,1,1
4705,2023-02-24,Apparel,1,4410.7,0.0,2231,3,0.2811571492159126,Prepaid,South,2,9,0
1617,2023-02-24,Home,0,1151.57,0.0,2092,1,0.3573853030444248,Prepaid,North,1,4,0
3835,2023-02-24,Footwear,1,178.92,0.3020760308470981,2586,1,0.018776707833402413,COD,South,1,4,1
4787,2023-02-24,Apparel,1,2861.59,0.0,1965,1,0.21788644296919732,Prepaid,North,13,2,0
3157,2023-02-24,Apparel,1,1602.95,0.1945693164549389,2982,2,0.2360714454161553,Prepaid,South,13,0,0
1977,2023-02-24,Apparel,1,674.36,0.0,1918,2,0.29703040058574376,COD,North,8,8,1
2480,2023-02-24,Footwear,1,3623.82,0.4428584324895094,3472,2,0.44549329139711047,Prepaid,West,7,0,1
3414,2023-02-24,Footwear,1,554.66,0.11746452516003289,2407,4,0.15829601355030454,COD,East,3,0,0
4935,2023-02-24,Apparel,1,1573.58,0.3037802940792734,2797,1,0.21106245633404097,Prepaid,East,13,0,0
3433,2023-02-24,Beauty,0,1101.92,0.0,2184,0,0.0,Prepaid,West,5,7,0
320,2023-02-24,Footwear,1,757.55,0.0,2476,3,0.22915216035451375,Prepaid,East,14,0,0
2762,2023-02-24,Apparel,1,265.63,0.0,1890,4,0.07255009399106262,Prepaid,West,8,6,1
4194,2023-02-25,Electronics,0,1373.22,0.0,4357,3,0.20178187793989655,COD,North,1,2,0
3411,2023-02-25,Beauty,0,839.88,0.0,1083,3,0.2797982966408975,Prepaid,North,10,0,0
4228,2023-02-25,Beauty,0,445.29,0.0,3451,0,0.0,Prepaid,East,7,8,0
67,2023-02-25,Beauty,0,2159.02,0.0,2573,1,0.1774813351284739,COD,South,12,4,0
770,2023-02-25,Electronics,0,1951.64,0.0,2436,2,0.22025412027156174,COD,South,11,5,0
1657,2023-02-25,Home,0,372.23,0.30245114920815125,4377,1,0.23938053716209756,Prepaid,South,13,1,0
1536,2023-02-25,Beauty,0,496.1,0.0,1077,1,0.272026165410291,Prepaid,East,1,2,0
4987,2023-02-25,Footwear,1,1464.46,0.0,2881,1,0.09580850436994687,Prepaid,East,11,0,0
2669,2023-02-25,Footwear,1,499.93,0.0,1788,2,0.4568401374650227,Prepaid,North,2,0,0
2980,2023-02-25,Electronics,0,2152.82,0.236905242281605,3832,2,0.3721557205789255,Prepaid,North,2,1,0
527,2023-02-25,Footwear,1,2119.49,0.09349237376740785,3328,0,0.0,Prepaid,South,8,4,1
4184,2023-02-25,Beauty,0,272.62,0.17443756745939581,2901,4,0.48520942103156184,COD,West,8,1,0
2937,2023-02-25,Home,0,1410.83,0.0,2079,4,0.31193802501562007,Prepaid,North,9,6,0
2691,2023-02-25,Home,0,103.58,0.0,4212,3,0.0061554645577668425,Prepaid,West,14,0,0
2757,2023-02-25,Footwear,1,3756.52,0.0,3629,1,0.3303164388475828,COD,West,5,3,0
1803,2023-02-25,Apparel,1,2962.1,0.0,3544,1,0.16845279149394177,Prepaid,West,2,3,0
2130,2023-02-25,Electronics,0,1630.98,0.0,1000,2,0.17711169124488124,Prepaid,East,11,0,0
1808,2023-02-25,Footwear,1,1037.66,0.3811755740848979,1659,4,0.2893384184643608,Prepaid,West,4,1,0
904,2023-02-25,Apparel,1,5410.67,0.2013575987668577,4015,1,0.173161523924017,Prepaid,West,11,1,0
1929,2023-02-25,Apparel,1,1026.73,0.1215752230218697,1716,2,0.21998977774524256,Prepaid,North,11,2,1
4487,2023-02-25,Beauty,0,1973.75,0.0,4364,3,0.023985300979769017,Prepaid,North,6,1,0
2981,2023-02-25,Apparel,1,776.78,0.15243308639277514,1726,4,0.004522686771647254,Prepaid,West,4,1,0
2027,2023-02-25,Electronics,0,733.28,0.09962886915122288,2430,0,0.0,Prepaid,West,10,0,0
1046,2023-02-26,Home,0,363.22,0.0,2192,1,0.053226927062091534,Prepaid,East,4,0,0
2565,2023-02-26,Apparel,1,2595.85,0.0,1267,2,0.06482488380346674,Prepaid,West,1,5,0
1007,2023-02-26,Footwear,1,2302.29,0.11096096689335098,1526,0,0.0,Prepaid,North,1,0,0
969,2023-02-26,Apparel,1,2507.95,0.0,1053,3,0.37084461664055823,Prepaid,East,3,0,0
2380,2023-02-26,Beauty,0,2073.2,0.0,3301,0,0.0,Prepaid,South,11,0,0
4100,2023-02-26,Home,0,637.54,0.0,2284,2,0.20694280105780577,Prepaid,South,12,2,0
3787,2023-02-26,Electronics,0,640.81,0.4356517575710219,4303,0,0.0,Prepaid,North,7,0,0
2884,2023-02-26,Beauty,0,1267.32,0.04989493156168609,2731,1,0.3759365705075751,COD,North,10,3,0
1312,2023-02-26,Apparel,1,211.02,0.0,1261,2,0.1869991962708429,Prepaid,East,5,11,1
2833,2023-02-26,Electronics,0,2461.48,0.0,4257,3,0.32873034418182867,COD,North,12,4,0
2860,2023-02-26,Beauty,0,9512.81,0.11505547556897117,4498,2,0.049486795245449196,Prepaid,North,13,1,0
2452,2023-02-26,Electronics,0,1407.7,0.5647998776452164,3656,1,0.13606492722476327,COD,West,4,0,0
379,2023-02-26,Apparel,1,2156.21,0.0,1446,1,0.7837432977332096,Prepaid,North,8,2,1
3024,2023-02-26,Electronics,0,454.01,0.08383999029270656,1486,0,0.0,COD,North,8,0,1
3551,2023-02-26,Footwear,1,5396.67,0.0,2110,2,0.061812768963583536,Prepaid,North,13,0,1
2748,2023-02-26,Footwear,1,446.99,0.0,1707,2,0.05081932403320956,Prepaid,North,14,2,0
3864,2023-02-26,Apparel,1,866.26,0.06117869480995172,3650,0,0.0,COD,West,2,4,1
3506,2023-02-26,Beauty,0,234.21,0.0,2380,1,0.05504326444573298,Prepaid,South,9,1,0
2357,2023-02-26,Beauty,0,583.47,0.0,3751,0,0.0,COD,West,10,0,1
2054,2023-02-27,Electronics,0,1686.79,0.0,1892,0,0.0,Prepaid,North,7,1,0
3965,2023-02-27,Electronics,0,1768.75,0.0,1883,2,0.15582898750373503,Prepaid,North,8,0,0
2697,2023-02-27,Electronics,0,427.98,0.05433853779977733,3118,1,0.29391055230425667,Prepaid,West,12,2,0
2272,2023-02-27,Beauty,0,1887.73,0.0,2329,3,0.5333116330221982,COD,East,10,3,0
4043,2023-02-27,Apparel,1,918.59,0.13311098952484368,1408,1,0.20470874188957908,Prepaid,West,14,11,0
4677,2023-02-27,Apparel,1,2063.07,0.0,1983,1,0.1781546755506422,Prepaid,East,5,0,0
4400,2023-02-27,Home,0,1587.45,0.5692490877941724,1150,1,0.24297680378788045,COD,North,4,5,0
1953,2023-02-27,Apparel,1,1227.54,0.2864060898385471,3872,3,0.007781037510442321,Prepaid,South,12,0,0
2094,2023-02-27,Beauty,0,1092.16,0.0,4043,0,0.0,Prepaid,West,9,0,0
3934,2023-02-27,Beauty,0,4039.52,0.0,4221,3,0.08321911892052411,Prepaid,North,2,4,0
2506,2023-02-27,Apparel,1,489.87,0.0,3357,4,0.13884754365221438,Prepaid,North,12,0,0
126,2023-02-27,Apparel,1,2203.37,0.0,2477,0,0.0,COD,East,7,7,1
3826,2023-02-27,Apparel,1,401.82,0.4258555461048317,2314,2,0.5206664028929209,COD,North,7,0,1
1838,2023-02-27,Footwear,1,460.08,0.07244915806559626,3769,2,0.10991622615913424,Prepaid,West,14,0,0
1701,2023-02-27,Footwear,1,311.51,0.0,1264,1,0.34947618225211197,Prepaid,North,5,4,0
2227,2023-02-27,Home,0,921.98,0.10322499542399308,4073,2,0.41238318722125616,COD,North,5,1,0
1817,2023-02-27,Beauty,0,327.39,0.0,2931,2,0.195872637002431,Prepaid,East,2,0,0
3715,2023-02-27,Home,0,194.99,0.0,2505,3,0.3358950268553395,Prepaid,East,3,6,0
1772,2023-02-27,Home,0,1224.79,0.0,2961,1,0.17978040209236273,Prepaid,North,13,0,0
4716,2023-02-27,Electronics,0,1706.4,0.0,1158,2,0.13409278652203752,COD,East,8,3,0
3564,2023-02-27,Apparel,1,3294.97,0.0,2169,3,0.024266186772100885,Prepaid,West,11,0,0
4511,2023-02-27,Apparel,1,831.27,0.0,2382,1,0.05445970596887266,Prepaid,West,5,2,0
2723,2023-02-28,Apparel,1,516.57,0.5318934844309957,1580,1,0.41106576277588186,Prepaid,South,11,1,1
4382,2023-02-28,Electronics,0,3821.98,0.0,2139,2,0.22956256956990662,COD,East,10,3,0
3370,2023-02-28,Electronics,0,278.71,0.0,2962,2,0.14581092175516935,COD,East,1,0,0
4368,2023-02-28,Apparel,1,317.7,0.0,2850,1,0.44853302804511214,Prepaid,North,13,0,0
4441,2023-02-28,Beauty,0,667.02,0.22109734263164627,1921,3,0.1271706572457339,Prepaid,West,4,1,0
2166,2023-02-28,Apparel,1,1896.89,0.0,1486,3,0.3910983165882152,Prepaid,East,4,0,0
1825,2023-02-28,Apparel,1,1362.99,0.0,1891,3,0.02425478092666874,Prepaid,North,1,7,0
3214,2023-02-28,Footwear,1,621.86,0.1343439872407937,4499,4,0.32925608063571976,COD,East,11,1,1
4201,2023-02-28,Footwear,1,360.82,0.0,3788,3,0.192539225836145,Prepaid,West,1,0,0
2560,2023-02-28,Footwear,1,1779.71,0.0,2078,1,0.10882096579744903,COD,West,4,8,0
4685,2023-02-28,Apparel,1,1089.79,0.0,4220,1,0.29334101031546456,Prepaid,West,4,2,0
3452,2023-02-28,Apparel,1,544.21,0.0,2706,2,0.3490379205577987,Prepaid,East,14,0,1
3274,2023-02-28,Footwear,1,3592.0,0.0,3687,1,0.6341187995512709,COD,East,5,0,1
4230,2023-02-28,Apparel,1,199.1,0.0,2919,3,0.08390520447279103,COD,West,14,0,0
4117,2023-02-28,Apparel,1,6039.52,0.0,1113,2,0.5415141180677139,Prepaid,North,14,2,0
4910,2023-02-28,Electronics,0,1934.29,0.01629424949510301,2302,2,0.05792808817242675,Prepaid,West,14,5,1
2275,2023-02-28,Footwear,1,3493.91,0.39584980800830893,3143,3,0.09801156497525819,Prepaid,South,13,0,0
3253,2023-02-28,Apparel,1,694.93,0.0,1507,2,0.07281559364552267,Prepaid,North,14,12,0
4941,2023-02-28,Beauty,0,1163.97,0.0,3535,1,0.4397387345270944,Prepaid,West,14,3,0
3668,2023-02-28,Footwear,1,1174.06,0.18658852394947287,2939,1,0.27333233053868417,Prepaid,North,2,0,0
2500,2023-02-28,Apparel,1,1184.12,0.0,1467,2,0.02407890278498874,Prepaid,South,3,0,0
1024,2023-02-28,Electronics,0,2317.94,0.35686814262391553,1862,2,0.2629646090524813,COD,North,5,1,0
1061,2023-02-28,Apparel,1,4085.9,0.1392952604919834,3149,2,0.22760537883150614,Prepaid,East,5,12,0
1332,2023-02-28,Footwear,1,2330.39,0.022139578361028686,2172,3,0.44807449148094,COD,West,3,2,0
253,2023-02-28,Apparel,1,2130.03,0.05297821684783772,1200,0,0.0,COD,North,5,3,1
962,2023-02-28,Electronics,0,1342.16,0.0,2836,1,0.1991940249999458,COD,South,7,0,0
1481,2023-02-28,Apparel,1,6760.23,0.3718559561517363,4346,3,0.044989915385475865,COD,East,11,3,0
1196,2023-02-28,Apparel,1,492.35,0.3305009159787694,2080,2,0.1177918408657061,Prepaid,East,7,0,0
1033,2023-02-28,Apparel,1,249.37,0.165594041250541,2122,2,0.0723733458191457,Prepaid,South,1,7,0
1323,2023-02-28,Footwear,1,1874.64,0.0,2848,0,0.0,Prepaid,East,14,5,0
1317,2023-02-28,Electronics,0,323.45,0.0,2300,3,0.008689944325351702,COD,South,11,0,0
1441,2023-02-28,Apparel,1,897.18,0.027962410002721122,2583,1,0.25963792602904917,Prepaid,South,6,0,1
4739,2023-03-01,Beauty,0,2156.68,0.15677028097887383,2648,0,0.0,Prepaid,South,4,0,0
2969,2023-03-01,Footwear,1,458.04,0.0,2664,1,0.10000061568325637,Prepaid,West,9,4,0
2034,2023-03-01,Apparel,1,609.75,0.0,1705,1,0.15933992134647346,COD,East,14,3,0
2952,2023-03-01,Apparel,1,1004.6,0.029577156440624475,3095,3,0.4847566134632414,COD,South,10,2,1
359,2023-03-01,Home,0,4775.37,0.0,3918,1,0.02574090387430829,Prepaid,West,11,4,0
186,2023-03-01,Apparel,1,724.5,0.0,3294,2,0.32586909754779697,Prepaid,West,1,1,0
2259,2023-03-01,Footwear,1,1433.82,0.34345051504042795,3397,0,0.0,Prepaid,North,10,1,0
2610,2023-03-01,Footwear,1,1364.09,0.0,2652,1,0.1176240431480032,Prepaid,North,3,0,0
2637,2023-03-01,Electronics,0,1354.7,0.2533363739850819,1586,6,0.6022299727908466,COD,West,5,8,1
4755,2023-03-01,Apparel,1,913.59,0.0,4258,3,0.10421991412364637,Prepaid,West,8,0,0
2370,2023-03-01,Beauty,0,1118.47,0.20382468180514607,4282,1,0.05159505263826336,Prepaid,South,14,2,0
3022,2023-03-01,Apparel,1,2955.99,0.05826441355960287,2110,3,0.003750797020253645,Prepaid,South,10,4,0
2479,2023-03-01,Home,0,1742.47,0.021787393514575884,2730,2,0.026527287182478557,Prepaid,East,3,0,0
2404,2023-03-01,Apparel,1,5067.22,0.0,2346,1,0.46394198574584805,Prepaid,South,2,3,0
1258,2023-03-01,Electronics,0,2235.25,0.0,1456,1,0.44847421863036313,Prepaid,East,11,5,0
30,2023-03-01,Electronics,0,1653.85,0.2446000678276258,3894,1,0.3530786643891806,COD,South,12,0,0
430,2023-03-01,Electronics,0,917.67,0.13181653974538377,4174,2,0.06423802195987562,Prepaid,West,1,6,0
2101,2023-03-01,Apparel,1,3991.34,0.06358366730590503,2486,2,0.010892242154232923,Prepaid,West,3,5,0
4632,2023-03-01,Footwear,1,687.84,0.5227931239882031,1564,0,0.0,COD,North,2,2,0
3237,2023-03-01,Home,0,1460.3,0.0,3417,3,0.277431674512894,Prepaid,North,4,1,0
3896,2023-03-01,Footwear,1,3117.14,0.33339947637454703,3975,2,0.27864476676719246,Prepaid,West,2,3,0
814,2023-03-01,Electronics,0,6861.28,0.09496585058346256,4336,1,0.11290129288931723,COD,East,11,1,0
1354,2023-03-01,Footwear,1,2320.46,0.32533296449077864,4384,2,0.11358957074192878,COD,West,6,2,0
4327,2023-03-01,Home,0,747.87,0.0,1004,0,0.0,Prepaid,West,9,2,0
590,2023-03-01,Electronics,0,796.21,0.0,3575,4,0.2179253363046008,Prepaid,East,7,1,0
2429,2023-03-01,Apparel,1,566.74,0.13904421546387358,1479,3,0.2827906239689171,Prepaid,North,9,0,1
2857,2023-03-01,Apparel,1,4048.39,0.1219100207668419,1341,4,0.6705505307492109,Prepaid,South,10,0,1
4440,2023-03-01,Footwear,1,769.89,0.272989894346116,3283,4,0.503277825106606,Prepaid,West,9,0,1
3160,2023-03-01,Footwear,1,6248.78,0.0,2840,2,0.15336825033189622,Prepaid,East,10,1,0
428,2023-03-02,Footwear,1,865.47,0.1458637211055324,3673,1,0.17604657367095414,Prepaid,South,10,0,0
4948,2023-03-02,Electronics,0,1523.68,0.0,2383,2,0.14144783446927026,COD,South,10,0,0
1387,2023-03-02,Apparel,1,406.15,0.0,3824,3,0.14550826459860614,Prepaid,West,13,14,0
4961,2023-03-02,Apparel,1,366.13,0.0,3406,2,0.48925194890884616,COD,West,10,4,0
2615,2023-03-02,Electronics,0,661.96,0.19022308846800126,2820,1,0.2377469560859692,Prepaid,South,10,7,1
3397,2023-03-02,Apparel,1,5838.06,0.061662955644881674,3259,3,0.03948633509850514,COD,East,2,2,0
1629,2023-03-02,Home,0,988.56,0.0,1301,1,0.27361353390026133,Prepaid,South,13,3,0
3349,2023-03-02,Apparel,1,644.52,0.0,1590,3,0.308704691292239,Prepaid,South,12,4,1
4054,2023-03-02,Electronics,0,353.23,0.4209132169287958,4127,5,0.23807317387459176,Prepaid,North,12,0,0
4193,2023-03-02,Apparel,1,878.79,0.08891169883121325,3292,1,0.570279323216162,Prepaid,North,13,5,0
1289,2023-03-02,Apparel,1,1261.65,0.0,1770,2,0.10279282369961534,Prepaid,West,2,1,0
559,2023-03-02,Apparel,1,401.22,0.1795303239816832,2449,2,0.05743149204473973,Prepaid,East,5,0,0
3992,2023-03-02,Apparel,1,1173.13,0.0,4190,3,0.26767714704820794,Prepaid,West,10,2,0
3770,2023-03-02,Home,0,545.95,0.4587314491226152,3051,3,0.020323789357479763,COD,East,3,0,0
1888,2023-03-02,Home,0,2058.05,0.0,2231,4,0.06053151080358143,COD,South,6,6,0
4817,2023-03-02,Beauty,0,2303.37,0.10952383310834876,1685,3,0.022809160745477883,Prepaid,West,12,6,0
36,2023-03-02,Footwear,1,1699.29,0.41876502198187193,1203,2,0.4788658211737059,COD,West,13,1,1
2934,2023-03-02,Home,0,1222.83,0.1858719105667858,1435,2,0.12018675411501324,Prepaid,South,10,1,0
827,2023-03-02,Apparel,1,2149.66,0.0,1853,1,0.3059913097378953,COD,West,7,3,0
812,2023-03-02,Apparel,1,270.98,0.0,3921,2,0.4141751686961336,Prepaid,North,11,9,1
1344,2023-03-02,Apparel,1,1054.09,0.0,3560,0,0.0,Prepaid,East,6,3,0
4628,2023-03-02,Apparel,1,1297.57,0.0346641333396424,3513,1,0.12424738001858784,Prepaid,East,13,4,0
3536,2023-03-02,Footwear,1,4285.73,0.0,3687,0,0.0,Prepaid,North,8,0,0
2201,2023-03-02,Beauty,0,1626.58,0.0,3822,1,0.06774628138705367,Prepaid,West,3,0,0
3130,2023-03-02,Apparel,1,2772.55,0.0,2724,1,0.4562181373841954,Prepaid,West,3,0,0
757,2023-03-02,Electronics,0,582.2,0.0,2403,2,0.22429836349645102,COD,West,12,0,0
307,2023-03-02,Apparel,1,2137.32,0.0,2597,0,0.0,Prepaid,South,12,1,0
2145,2023-03-02,Footwear,1,2359.52,0.23323207231542475,2603,1,0.4509495005020744,Prepaid,South,9,9,0
2775,2023-03-02,Electronics,0,1305.23,0.0,3211,1,0.029835443255930502,Prepaid,West,7,6,0
4240,2023-03-02,Electronics,0,1976.94,0.0,2060,0,0.0,Prepaid,East,13,0,0
4852,2023-03-02,Electronics,0,2687.16,0.0,2566,2,0.08548887335254537,Prepaid,South,14,3,0
1179,2023-03-03,Apparel,1,245.06,0.0,3622,0,0.0,Prepaid,North,4,0,0
4807,2023-03-03,Apparel,1,1074.71,0.28821476616153485,1208,2,0.1704626270720602,Prepaid,East,2,0,0
3075,2023-03-03,Apparel,1,337.38,0.0,3684,3,0.3138726487104004,Prepaid,East,9,3,1
4696,2023-03-03,Apparel,1,3772.66,0.22173382775901462,2525,2,0.11384346783938246,COD,North,11,0,0
2766,2023-03-03,Apparel,1,324.7,0.18884366363198551,1808,2,0.23415926210169646,Prepaid,North,8,5,0
1706,2023-03-03,Electronics,0,282.91,0.0,3106,1,0.023829757486468026,COD,South,3,0,0
2295,2023-03-03,Footwear,1,1580.84,0.0,4158,2,0.5046089430086768,Prepaid,East,2,11,1
391,2023-03-03,Electronics,0,411.62,0.0,2446,1,0.06068648328560469,COD,West,8,1,0
3353,2023-03-03,Footwear,1,1752.36,0.0,1817,3,0.08913579519673262,Prepaid,South,13,1,0
224,2023-03-03,Electronics,0,396.65,0.254279062525818,2825,0,0.0,Prepaid,South,4,0,0
225,2023-03-03,Electronics,0,2777.21,0.0,3708,3,0.22815148688435014,Prepaid,North,11,0,1
1553,2023-03-03,Apparel,1,951.35,0.0031613229406891874,2598,3,0.40320018110899714,Prepaid,West,11,4,1
3351,2023-03-03,Apparel,1,148.15,0.0,1561,1,0.22197677176141917,COD,South,6,6,1
2142,2023-03-03,Home,0,1295.54,0.04728295018643214,1291,1,0.0014364340648653773,COD,West,5,0,0
4947,2023-03-03,Apparel,1,1514.72,0.0,3802,1,0.20653578492520056,COD,North,13,0,0
1414,2023-03-03,Home,0,83.54,0.40036594161614847,3587,2,0.10619833810821556,Prepaid,West,4,1,0
3300,2023-03-03,Apparel,1,824.55,0.0,3588,1,0.10048238019404465,Prepaid,North,13,1,0
1176,2023-03-03,Electronics,0,648.47,0.064783328211691,1410,1,0.00020532636278230076,Prepaid,East,6,2,1
3096,2023-03-03,Apparel,1,4717.22,0.0,1197,1,0.3054437868790853,Prepaid,East,5,5,0
2967,2023-03-03,Apparel,1,1207.41,0.019092697252326166,2945,1,0.12635799198397635,Prepaid,West,10,3,0
3380,2023-03-03,Home,0,891.44,0.0,2004,3,0.6094753872906947,Prepaid,South,12,2,0
1399,2023-03-03,Electronics,0,308.88,0.0,3313,2,0.12869315931257572,Prepaid,West,4,2,0
1286,2023-03-03,Apparel,1,981.67,0.0,1824,0,0.0,Prepaid,West,14,0,0
625,2023-03-03,Electronics,0,4017.86,0.0,2191,5,0.03118687793747452,COD,West,6,1,0
2022,2023-03-03,Footwear,1,303.49,0.10005990084105221,1234,1,0.06748138764677152,Prepaid,North,5,0,0
4438,2023-03-03,Apparel,1,2790.6,0.0,1210,1,0.010767089237623949,Prepaid,North,11,6,0
3036,2023-03-03,Apparel,1,478.48,0.0,2242,3,0.45020110323269436,COD,South,5,0,1
636,2023-03-03,Electronics,0,2578.55,0.2895785923421754,1826,3,0.11313243084893589,Prepaid,South,5,2,0
2236,2023-03-03,Apparel,1,938.87,0.0,1294,1,0.3267350438449154,Prepaid,East,5,9,0
3211,2023-03-03,Apparel,1,1078.23,0.0,1704,1,0.29838897096070327,Prepaid,West,2,6,0
4505,2023-03-04,Apparel,1,703.46,0.09511330915766006,2504,2,0.11234066202224575,Prepaid,East,7,4,1
322,2023-03-04,Apparel,1,675.36,0.17852714727703142,2294,0,0.0,Prepaid,West,2,3,0
4538,2023-03-04,Apparel,1,678.78,0.03871430701731859,4310,4,0.20396085061544433,Prepaid,East,9,3,1
2513,2023-03-04,Apparel,1,7179.74,0.0,4153,2,0.019341005481216412,COD,East,2,7,0
4856,2023-03-04,Home,0,1314.78,0.543224270609252,1401,0,0.0,COD,East,8,0,1
3111,2023-03-04,Home,0,3303.05,0.10745316444173147,1379,0,0.0,Prepaid,South,10,3,0
1352,2023-03-04,Apparel,1,813.01,0.0,1835,2,0.5337646235301617,Prepaid,South,8,7,1
696,2023-03-04,Home,0,362.07,0.514935450278795,3082,1,0.1864919505316918,COD,North,5,2,0
396,2023-03-04,Apparel,1,829.38,0.17097555927877678,3544,2,0.14107434521964723,Prepaid,West,10,3,0
263,2023-03-04,Home,0,222.44,0.0,4069,1,0.08842662250763685,Prepaid,North,12,4,0
2338,2023-03-04,Electronics,0,651.33,0.0,1091,0,0.0,Prepaid,East,14,4,0
1043,2023-03-04,Electronics,0,577.8,0.018653470188250337,1733,1,0.02050285218474868,Prepaid,East,9,2,0
2681,2023-03-04,Apparel,1,4185.96,0.05859434102102407,2477,1,0.15626355942798845,Prepaid,South,5,1,0
4764,2023-03-04,Apparel,1,1305.31,0.0,1550,3,0.5096688091761795,Prepaid,North,6,0,0
2924,2023-03-04,Electronics,0,3746.19,0.0,3084,2,0.03922293632495131,Prepaid,North,3,4,0
86,2023-03-04,Home,0,6049.11,0.0,1631,5,0.10638164819992627,Prepaid,West,9,2,0
972,2023-03-04,Footwear,1,10361.1,0.0,1892,2,0.22962112189806344,COD,North,8,2,0
1562,2023-03-04,Home,0,1036.73,0.0,3455,2,0.008666580569520594,COD,South,4,4,0
3417,2023-03-04,Apparel,1,712.44,0.0,1278,1,0.013646784220422283,Prepaid,South,6,7,0
248,2023-03-04,Footwear,1,673.71,0.0,3363,3,0.22198140186429324,Prepaid,East,3,2,0
4478,2023-03-04,Home,0,3147.51,0.0,1976,0,0.0,Prepaid,North,6,2,0
4087,2023-03-04,Electronics,0,4255.44,0.13253508635769623,1350,3,0.18126219473819644,COD,North,9,5,0
4874,2023-03-04,Apparel,1,7010.29,0.0,1528,2,0.21352791518750008,Prepaid,East,14,0,0
3634,2023-03-04,Footwear,1,606.66,0.0,1695,2,0.23222106746594953,COD,North,7,4,0
3881,2023-03-04,Beauty,0,216.24,0.0069489913551746,2139,1,0.12445281463536133,Prepaid,South,2,0,0
577,2023-03-04,Apparel,1,943.36,0.0,3127,1,0.37376054606017983,Prepaid,South,2,0,0
2282,2023-03-04,Apparel,1,946.0,0.0,2087,4,0.08026651357501532,Prepaid,West,9,2,1
3372,2023-03-05,Electronics,0,1124.7,0.0,2396,2,0.5801782919206399,Prepaid,East,2,0,0
3312,2023-03-05,Apparel,1,242.77,0.008484712819764026,3627,2,0.39213050160369073,Prepaid,South,8,0,0
4026,2023-03-05,Apparel,1,1538.77,0.032879809780970035,2387,2,0.19075963506270507,Prepaid,East,11,0,0
2172,2023-03-05,Electronics,0,4331.63,0.232138019544111,3175,0,0.0,COD,South,13,5,1
4119,2023-03-05,Home,0,443.25,0.0,3611,3,0.2300505218584575,COD,West,5,4,0
2256,2023-03-05,Apparel,1,2301.54,0.0,3932,1,0.06075394719058171,Prepaid,West,7,0,0
208,2023-03-05,Apparel,1,3323.32,0.1664519568574872,4117,1,0.06578877857988304,Prepaid,West,13,1,0
1981,2023-03-05,Home,0,1578.0,0.01101544860640015,2657,2,0.16129518160948772,Prepaid,North,8,3,0
3577,2023-03-05,Apparel,1,3058.33,0.0,2596,1,0.1849064931151233,COD,South,10,4,0
2667,2023-03-05,Apparel,1,964.59,0.0,2821,1,0.37548447922058475,Prepaid,North,9,1,0
2023,2023-03-05,Electronics,0,186.33,0.2171647673946969,3029,1,0.06806362484897029,COD,North,1,9,0
2684,2023-03-05,Electronics,0,6454.38,0.0,4083,1,0.0490034442483116,Prepaid,West,2,2,0
4990,2023-03-05,Home,0,582.07,0.0,4399,3,0.1831845298561845,Prepaid,West,13,2,0
2491,2023-03-05,Beauty,0,936.71,0.0,2315,2,0.6483211410992497,Prepaid,North,7,1,0
4434,2023-03-05,Apparel,1,3994.63,0.29524358395088834,2764,1,0.19412919792594527,COD,North,9,22,0
3827,2023-03-05,Electronics,0,920.19,0.20792118867606474,3071,2,0.31152518187921313,Prepaid,West,3,2,0
3601,2023-03-05,Home,0,356.27,0.0,3726,1,0.0325813863841466,Prepaid,West,14,3,1
1035,2023-03-05,Footwear,1,1090.72,0.15035072746129147,1566,2,0.05110129803814871,Prepaid,North,3,1,0
2751,2023-03-05,Beauty,0,2679.71,0.0,2376,3,0.19670432711256897,Prepaid,East,2,2,0
637,2023-03-05,Apparel,1,1368.79,0.36099239792417837,2404,1,0.38875524596897965,Prepaid,West,11,1,1
4876,2023-03-05,Beauty,0,236.39,0.0,3687,5,0.29835991248214105,Prepaid,East,8,1,0
363,2023-03-06,Apparel,1,241.64,0.0,3983,0,0.0,Prepaid,South,13,1,0
3451,2023-03-06,Home,0,13387.43,0.0,2361,2,0.12140315389781565,Prepaid,North,13,1,0
4013,2023-03-06,Beauty,0,9257.47,0.16624781957938134,3475,1,0.1866972198498706,Prepaid,South,9,1,0
4362,2023-03-06,Beauty,0,186.04,0.0,2932,1,0.13042680832420303,Prepaid,North,13,0,0
1944,2023-03-06,Apparel,1,2488.88,0.5263455938915119,3320,1,0.31738557484388225,Prepaid,East,11,3,1
3678,2023-03-06,Home,0,2172.67,0.0,2429,3,0.3888462830772632,COD,West,10,7,0
821,2023-03-06,Electronics,0,841.99,0.11009010401231299,3418,3,0.10828246064121458,Prepaid,North,3,1,0
2014,2023-03-06,Footwear,1,140.9,0.12503790119546448,3442,1,0.08985993450150435,Prepaid,North,3,3,0
4899,2023-03-06,Apparel,1,3883.98,0.14670079050955617,2992,2,0.002868723877594919,COD,West,11,0,0
1618,2023-03-06,Apparel,1,7635.44,0.0,4074,0,0.0,COD,East,3,3,1
4707,2023-03-06,Home,0,2874.12,0.0,1798,1,0.6221363264683762,COD,East,6,0,0
1982,2023-03-06,Beauty,0,382.2,0.0,3074,2,0.06837484618403122,Prepaid,East,8,0,0
1059,2023-03-06,Apparel,1,943.57,0.0,3734,2,0.1012342193917644,COD,South,9,1,0
792,2023-03-06,Apparel,1,1287.43,0.0,2154,4,0.4440286488550623,Prepaid,North,10,4,1
2214,2023-03-06,Apparel,1,4433.17,0.10677433141479944,2958,1,0.4937460151132652,Prepaid,North,1,3,0
214,2023-03-06,Footwear,1,269.06,0.36526879275678603,2130,1,0.42194532101169285,Prepaid,South,5,1,1
921,2023-03-06,Apparel,1,1930.11,0.20689893009186047,1679,1,0.14983931272813464,Prepaid,West,8,0,0
3574,2023-03-06,Footwear,1,831.23,0.0,2821,1,0.2971012443949124,COD,West,8,4,0
4969,2023-03-06,Apparel,1,4146.03,0.0,1979,2,0.06968558817629061,Prepaid,South,9,1,0
2202,2023-03-06,Beauty,0,260.16,0.31919458054626837,3563,4,0.16438349028887966,Prepaid,West,14,11,0
325,2023-03-06,Apparel,1,3379.11,0.0,2193,4,0.26719422981345575,COD,South,10,0,0
3592,2023-03-06,Electronics,0,909.81,0.15902604685877098,1746,3,0.044288506382272885,Prepaid,North,12,2,0
1870,2023-03-06,Apparel,1,2109.31,0.3497489894912571,3224,1,0.08566013681626494,COD,East,2,4,0
3129,2023-03-06,Footwear,1,368.84,0.0,1185,2,0.19794032889434968,Prepaid,West,3,10,0
2168,2023-03-06,Electronics,0,2830.72,0.0,3912,3,0.08824152337505074,Prepaid,East,1,6,0
3154,2023-03-06,Beauty,0,574.35,0.18345853102267268,2553,3,0.36247146563510246,Prepaid,West,8,4,0
3822,2023-03-07,Home,0,2670.88,0.10652097303014675,1991,1,0.0016132752353208077,Prepaid,West,1,2,0
4021,2023-03-07,Apparel,1,793.08,0.0,2604,2,0.2902883088685308,Prepaid,South,12,0,1
1463,2023-03-07,Electronics,0,1296.43,0.0,3309,0,0.0,Prepaid,West,9,1,0
4460,2023-03-07,Footwear,1,1014.56,0.0,1725,1,0.07553937867824051,Prepaid,West,8,0,0
4112,2023-03-07,Footwear,1,694.91,0.5973579242227753,2611,2,0.2893569463790451,COD,West,6,1,1
1017,2023-03-07,Home,0,1137.23,0.0,4433,3,0.26177942096498014,Prepaid,South,14,7,0
3057,2023-03-07,Apparel,1,2761.42,0.0,4418,2,0.3123780764027174,COD,South,1,0,1
3777,2023-03-07,Electronics,0,815.01,0.0,1270,3,0.20250925755601792,Prepaid,North,9,3,0
975,2023-03-07,Apparel,1,782.62,0.0,1382,2,0.22806474660160786,Prepaid,North,6,2,0
3407,2023-03-07,Electronics,0,1505.77,0.0,2603,4,0.4450959763056246,Prepaid,West,11,5,0
4348,2023-03-07,Apparel,1,273.32,0.0,3501,3,0.34704822783260914,Prepaid,South,3,1,0
2120,2023-03-07,Apparel,1,365.38,0.1620031594325815,4081,1,0.14751119778391925,Prepaid,East,5,11,0
2654,2023-03-07,Footwear,1,110.33,0.0,2232,1,0.198009960766561,Prepaid,East,7,1,0
4481,2023-03-07,Footwear,1,3015.97,0.0,1718,4,0.20505195632842046,Prepaid,South,13,5,0
692,2023-03-07,Beauty,0,353.49,0.1668016698118131,1168,4,0.2234774967624776,Prepaid,South,3,5,0
386,2023-03-07,Footwear,1,2107.0,0.15641949035290417,1191,5,0.07812256334121219,COD,East,8,0,0
3161,2023-03-07,Electronics,0,564.88,0.0013784644378442013,3810,1,0.7942753909836815,Prepaid,West,7,2,0
2090,2023-03-07,Apparel,1,4419.49,0.0,2606,3,0.13409401380619562,COD,South,13,0,0
4074,2023-03-07,Electronics,0,756.62,0.24506782284908535,3566,1,0.28181898146168666,Prepaid,North,12,1,0
2108,2023-03-07,Apparel,1,313.36,0.0,1023,3,0.059899110184146204,Prepaid,South,6,0,1
627,2023-03-07,Electronics,0,1255.19,0.0,3680,4,0.30206838542456305,Prepaid,North,11,2,0
491,2023-03-07,Apparel,1,78.29,0.19235609858461658,2208,3,0.0010996865977630568,COD,South,12,6,0
4737,2023-03-07,Footwear,1,1511.61,0.0,3489,3,0.7306910159140292,Prepaid,West,11,1,1
1986,2023-03-07,Electronics,0,779.0,0.0,1817,1,0.09809652911820986,COD,North,5,3,0
4732,2023-03-07,Apparel,1,1685.9,0.12654343193458423,2786,1,0.014499077115528669,Prepaid,East,10,10,0
3996,2023-03-07,Footwear,1,917.58,0.0,2371,2,0.35102691969431316,Prepaid,South,2,0,1
933,2023-03-07,Apparel,1,9490.71,0.0,1500,2,0.09159216123815977,COD,South,3,2,0
1894,2023-03-07,Apparel,1,9430.1,0.0,1211,1,0.20936996751459944,Prepaid,North,2,0,0
2286,2023-03-08,Home,0,429.34,0.0,1280,3,0.002993252912667071,COD,North,2,7,0
1987,2023-03-08,Beauty,0,1072.05,0.0,4185,2,0.04503469953825292,Prepaid,North,13,4,0
2170,2023-03-08,Beauty,0,2593.32,0.2341580879243534,2343,4,0.4087888991005278,Prepaid,West,9,4,0
756,2023-03-08,Footwear,1,782.59,0.2181625073083729,3873,1,0.053907614478806085,COD,East,4,4,0
34,2023-03-08,Apparel,1,1907.02,0.16181577390015414,1831,3,0.0792751967519612,COD,West,6,0,0
1818,2023-03-08,Apparel,1,2728.98,0.0,2938,4,0.033167940488797114,Prepaid,North,14,4,0
1458,2023-03-08,Electronics,0,1788.61,0.0,3774,4,0.05724443424917361,Prepaid,East,4,1,0
1335,2023-03-08,Electronics,0,191.89,0.0,1271,0,0.0,Prepaid,South,9,1,0
537,2023-03-08,Electronics,0,1936.73,0.0,4286,1,0.024476384286136924,COD,East,3,1,0
729,2023-03-08,Apparel,1,308.03,0.0,4308,1,0.26285315930414976,Prepaid,East,11,3,0
2071,2023-03-08,Apparel,1,3892.4,0.0,2114,3,0.24506402335191999,COD,West,5,4,0
1846,2023-03-08,Apparel,1,201.0,0.0,3007,3,0.7124612286016734,Prepaid,South,7,0,1
4837,2023-03-08,Electronics,0,594.62,0.0,2023,1,0.05016088725087563,COD,North,13,14,0
4395,2023-03-08,Footwear,1,4412.14,0.0,3102,1,0.12226462532317073,Prepaid,North,10,0,0
2779,2023-03-08,Home,0,2355.16,0.0,3940,1,0.03738582509261565,Prepaid,West,9,1,0
3054,2023-03-08,Electronics,0,396.32,0.0,2890,2,0.5178069814376229,Prepaid,South,10,5,0
1779,2023-03-08,Apparel,1,861.93,0.011496345811060446,3342,2,0.16884156828510358,Prepaid,East,8,3,0
3260,2023-03-08,Apparel,1,4870.36,0.17551633933185204,3498,2,0.14049879099568005,Prepaid,West,1,12,0
3305,2023-03-08,Electronics,0,570.03,0.0,2757,1,0.636665192575874,Prepaid,East,1,3,0
565,2023-03-08,Home,0,386.22,0.0,3337,1,0.027471991780120032,COD,East,6,2,0
2958,2023-03-08,Electronics,0,448.42,0.0,3465,1,0.0054058271381539295,COD,West,7,2,0
2954,2023-03-08,Apparel,1,1347.53,0.009682915874595119,1484,1,0.2703064591214544,Prepaid,North,4,0,0
935,2023-03-08,Electronics,0,986.85,0.021364282111867167,2219,1,0.42462869371271794,Prepaid,East,11,1,0
4988,2023-03-08,Home,0,836.78,0.0,3788,3,0.12434176316198964,Prepaid,East,4,1,0
1127,2023-03-08,Apparel,1,4291.32,0.2278565296929239,4165,0,0.0,COD,North,7,0,0
1008,2023-03-08,Electronics,0,752.78,0.0,2273,2,0.20788081761749014,Prepaid,South,13,4,1
823,2023-03-08,Home,0,2353.92,0.0,1321,2,0.15666444229188217,Prepaid,West,8,0,0
3179,2023-03-08,Beauty,0,3005.75,0.0,3583,1,0.5238583479852588,COD,North,8,1,0
2441,2023-03-08,Home,0,4900.2,0.0,4385,3,0.6236986517719629,Prepaid,East,10,0,0
777,2023-03-08,Apparel,1,418.75,0.3161339350543665,3731,4,0.19118594788289883,Prepaid,North,10,1,0
3159,2023-03-09,Footwear,1,2296.5,0.04874098115834274,3181,2,0.16829979334997067,Prepaid,North,11,1,1
1760,2023-03-09,Electronics,0,3508.33,0.0,3398,2,0.06443070612222136,Prepaid,North,5,2,0
3103,2023-03-09,Apparel,1,1411.27,0.057586656276924046,4224,1,0.357310282371915,Prepaid,West,7,1,0
3561,2023-03-09,Electronics,0,4237.54,0.4148739000991388,2325,2,0.4821578631915457,Prepaid,North,6,4,0
3527,2023-03-09,Apparel,1,3748.36,0.1701693492646118,1230,5,0.16190213550473584,Prepaid,East,11,3,1
393,2023-03-09,Footwear,1,4033.1,0.04281736112767407,2258,1,0.12399023776496877,Prepaid,North,1,8,0
3967,2023-03-09,Apparel,1,267.2,0.0,1447,0,0.0,COD,South,11,3,1
4775,2023-03-09,Beauty,0,725.3,0.17273801053000293,3969,2,0.09204814022810602,Prepaid,West,12,3,0
1444,2023-03-09,Apparel,1,815.22,0.2903742612614809,3890,3,0.08068517694372901,Prepaid,West,1,0,0
3364,2023-03-09,Home,0,1888.85,0.0,1740,3,0.225635277599207,COD,South,7,1,0
3828,2023-03-09,Beauty,0,2814.59,0.0,3872,2,0.19640684580465242,Prepaid,South,13,0,0
2722,2023-03-09,Apparel,1,4262.09,0.0,3780,3,0.3636476498828419,Prepaid,East,13,2,0
2979,2023-03-09,Apparel,1,2743.57,0.49233790256166554,3564,0,0.0,Prepaid,South,11,6,1
4473,2023-03-09,Beauty,0,1505.24,0.0,1134,3,0.000499553224632491,Prepaid,East,9,10,0
2863,2023-03-09,Beauty,0,565.04,0.0,2465,2,0.20451816986771926,COD,East,6,4,1
3332,2023-03-09,Apparel,1,1090.32,0.0,1790,3,0.4499635634525802,COD,North,2,9,1
619,2023-03-09,Electronics,0,853.95,0.0,1402,3,0.09698213173811132,Prepaid,East,4,1,0
1631,2023-03-09,Home,0,823.6,0.0,4016,2,0.1095467048356496,Prepaid,East,11,3,0
2413,2023-03-10,Electronics,0,2528.07,0.2385669570277112,1288,3,0.3507119120181482,COD,North,9,1,0
1610,2023-03-10,Apparel,1,557.86,0.0,3843,1,0.17429126468398282,Prepaid,South,12,0,1
318,2023-03-10,Apparel,1,1183.99,0.0,1233,2,0.04237760332602117,Prepaid,East,6,4,0
3185,2023-03-10,Apparel,1,1300.61,0.0,3703,0,0.0,Prepaid,North,1,2,1
3177,2023-03-10,Electronics,0,1187.85,0.21336320926659458,4370,2,0.6633218319306559,COD,West,12,0,0
1222,2023-03-10,Beauty,0,1563.06,0.15917506930428257,2524,2,0.0023367016031470658,Prepaid,East,9,2,0
4745,2023-03-10,Beauty,0,1985.88,0.06302671116553321,3899,2,0.11969058338448534,Prepaid,East,4,0,0
1171,2023-03-10,Home,0,3481.49,0.10743605300350839,1879,3,0.1762710789675755,Prepaid,South,1,1,0
412,2023-03-10,Electronics,0,1052.81,0.3657118513758475,2041,2,0.3083986069888078,Prepaid,South,3,3,0
864,2023-03-10,Electronics,0,504.01,0.0,2767,3,0.345119525441051,COD,East,5,2,0
1658,2023-03-10,Apparel,1,145.23,0.05081182465215704,3239,4,0.29051181590843295,COD,West,2,2,0
4407,2023-03-10,Apparel,1,1200.68,0.0,3343,3,0.03719740232710601,COD,East,3,0,0
3619,2023-03-10,Home,0,1524.18,0.0,2148,2,0.26492273508548836,Prepaid,South,3,3,0
3080,2023-03-10,Apparel,1,1245.61,0.0,3956,1,0.11541836655402699,Prepaid,South,1,1,0
3068,2023-03-10,Footwear,1,562.34,0.0,4454,0,0.0,COD,West,4,6,0
329,2023-03-10,Home,0,1836.21,0.0,2780,1,0.21724183283492665,Prepaid,North,2,3,0
3650,2023-03-10,Home,0,2110.55,0.0,1609,3,0.26602342973659776,Prepaid,East,7,0,0
4663,2023-03-10,Electronics,0,202.84,0.14898557652280292,2322,2,0.2481940760981149,Prepaid,East,5,0,0
4587,2023-03-10,Beauty,0,407.03,0.0,3140,3,0.04680995258179727,COD,East,9,4,0
410,2023-03-10,Electronics,0,2762.64,0.0,2984,5,0.10159198338224,COD,North,6,1,0
1318,2023-03-10,Footwear,1,4813.72,0.16290714088382952,2090,4,0.1276155395004032,COD,North,6,6,0
3490,2023-03-10,Apparel,1,3837.44,0.0,4073,4,0.12461052308836755,Prepaid,West,1,2,0
2385,2023-03-10,Apparel,1,515.88,0.0,3672,2,0.08665204754668875,Prepaid,North,6,3,0
3228,2023-03-10,Electronics,0,265.93,0.0,3172,3,0.35697819693449967,Prepaid,North,11,1,0
818,2023-03-10,Beauty,0,1406.45,0.11593371812485552,3707,3,0.1699214157764874,Prepaid,South,12,1,0
4566,2023-03-10,Home,0,2635.43,0.0,2390,2,0.1891789328682154,COD,East,1,0,1
91,2023-03-10,Home,0,2193.33,0.0,2960,4,0.12611310207865722,COD,South,6,0,0
2261,2023-03-10,Beauty,0,1345.67,0.254076732226747,3236,2,0.23039990883303452,Prepaid,East,8,2,0
2276,2023-03-10,Electronics,0,4291.95,0.0,1885,1,0.04514984943796212,COD,West,14,5,0
4832,2023-03-10,Footwear,1,281.53,0.0,2340,3,0.4153895153253731,COD,West,3,1,0
4979,2023-03-11,Beauty,0,3676.78,0.0,2630,2,0.08989075457840173,COD,South,10,1,0
447,2023-03-11,Home,0,490.27,0.0,2916,1,0.10234821137271122,Prepaid,South,12,6,0
802,2023-03-11,Footwear,1,419.03,0.0,2214,2,0.03174499533598539,Prepaid,North,12,0,0
688,2023-03-11,Electronics,0,291.13,0.11685723824853117,2826,2,0.5848082197732272,Prepaid,North,11,7,0
3677,2023-03-11,Apparel,1,611.37,0.0,3234,1,0.3612702283595861,Prepaid,North,11,0,0
3016,2023-03-11,Footwear,1,797.86,0.0,2996,2,0.17239602425179956,Prepaid,East,7,0,0
517,2023-03-11,Apparel,1,455.35,0.04824445361693781,2751,1,0.23422447524335901,Prepaid,South,12,1,0
2252,2023-03-11,Home,0,3817.6,0.03465758712780974,3728,2,0.6455503906493611,Prepaid,West,10,1,1
2523,2023-03-11,Electronics,0,311.37,0.21955059072359037,3224,1,0.05332331083415092,COD,West,1,1,0
1695,2023-03-11,Apparel,1,1943.15,0.0,1777,3,0.13246972722818698,Prepaid,West,12,0,0
2531,2023-03-11,Electronics,0,578.8,0.10346409497944135,2843,0,0.0,COD,East,7,1,0
3263,2023-03-11,Apparel,1,2876.19,0.0,3573,3,0.03684580711601718,Prepaid,West,2,5,0
4528,2023-03-11,Electronics,0,1458.93,0.2995989170299205,3828,2,0.24873284401843562,Prepaid,East,12,1,0
3886,2023-03-11,Apparel,1,1624.98,0.0,3951,0,0.0,Prepaid,North,10,1,0
3434,2023-03-11,Apparel,1,6645.68,0.0,4496,1,0.1561436360209839,Prepaid,South,10,8,0
634,2023-03-11,Beauty,0,3904.82,0.0,3049,1,0.21817922610678683,Prepaid,East,6,2,0
4494,2023-03-11,Home,0,633.78,0.0,1071,6,0.43853945838366326,COD,South,13,1,0
104,2023-03-11,Electronics,0,1849.12,0.0,3364,2,0.08325787279192956,Prepaid,North,3,0,0
4321,2023-03-11,Apparel,1,2771.33,0.0,4214,2,0.562229904424205,COD,South,14,3,1
3557,2023-03-11,Apparel,1,1173.38,0.0,3587,1,0.2789170201846985,Prepaid,West,1,3,0
2179,2023-03-11,Beauty,0,876.68,0.44264502899241354,1927,1,0.02119150254441144,Prepaid,West,10,8,0
3546,2023-03-11,Apparel,1,1079.56,0.20005759183299757,3116,1,0.020732334436894824,Prepaid,West,13,0,0
4779,2023-03-11,Apparel,1,2874.21,0.44653377853780374,1985,0,0.0,Prepaid,South,11,5,0
455,2023-03-11,Home,0,1563.54,0.13628973503551656,2429,2,0.20406637999902547,Prepaid,South,11,2,0
1475,2023-03-11,Apparel,1,502.08,0.0,1935,2,0.19922024794317444,Prepaid,South,10,4,0
3482,2023-03-11,Footwear,1,2883.49,0.0,1920,3,0.051136192875475606,Prepaid,West,2,4,0
3469,2023-03-11,Apparel,1,543.24,0.0,2424,0,0.0,COD,East,9,5,0
3465,2023-03-11,Beauty,0,2732.73,0.5476429594731763,1924,3,0.16423894429179858,COD,South,2,1,0
4510,2023-03-11,Apparel,1,1867.2,0.43396848636123253,3427,5,0.060546848146200795,COD,South,9,1,0
2827,2023-03-11,Footwear,1,1650.25,0.0,3530,2,0.1964748504291709,COD,East,10,5,0
1798,2023-03-12,Apparel,1,964.65,0.25125736440653074,4332,3,0.019199880535330765,Prepaid,East,8,1,0
4713,2023-03-12,Apparel,1,708.45,0.0,1459,3,0.4100044353140237,Prepaid,East,11,4,0
3275,2023-03-12,Footwear,1,2639.58,0.05164918885112399,1351,3,0.3230760681895222,Prepaid,North,10,10,1
1799,2023-03-12,Apparel,1,2781.32,0.31352960319330425,1022,2,0.045756233516669874,Prepaid,South,8,0,0
1836,2023-03-12,Footwear,1,349.81,0.0,3216,1,0.22543740175851962,Prepaid,South,10,5,0
4556,2023-03-12,Apparel,1,1508.82,0.0,4313,2,0.04919417929253898,COD,South,10,0,0
1415,2023-03-12,Apparel,1,1009.51,0.0,1460,3,0.24398168209797763,Prepaid,South,6,1,0
3331,2023-03-12,Apparel,1,1683.49,0.2702598293476425,2564,1,0.3381056858408966,Prepaid,South,3,3,1
2881,2023-03-12,Apparel,1,579.08,0.0,3904,1,0.4018670829081579,Prepaid,North,5,7,1
765,2023-03-12,Home,0,1475.24,0.0,3744,1,0.28551023838188494,Prepaid,West,7,1,0
3286,2023-03-12,Electronics,0,440.62,0.0,1851,3,0.2756322356377702,COD,West,12,0,0
4738,2023-03-12,Footwear,1,489.56,0.0,1691,3,0.054839005394361935,COD,North,3,0,0
2271,2023-03-12,Beauty,0,2382.47,0.0,2684,2,0.44469958396836984,Prepaid,East,2,0,0
2963,2023-03-12,Beauty,0,5685.9,0.0,2724,1,0.21362625824719522,Prepaid,South,4,0,0
1792,2023-03-12,Footwear,1,141.37,0.16817127338351745,4113,1,0.03952548447301073,Prepaid,North,14,0,0
3047,2023-03-12,Electronics,0,1942.67,0.0,1019,2,0.26253076859381896,Prepaid,East,3,10,1
2066,2023-03-12,Electronics,0,508.65,0.0,1008,5,0.20884545252037523,Prepaid,North,2,7,0
3227,2023-03-12,Apparel,1,3394.93,0.3189215077433224,1274,3,0.015021556431857876,Prepaid,West,11,2,0
2344,2023-03-12,Apparel,1,1333.35,0.0,4382,2,0.5384145213217147,Prepaid,West,5,6,1
4497,2023-03-12,Apparel,1,563.5,0.0,1519,3,0.13503775737455834,Prepaid,North,1,5,0
3266,2023-03-12,Electronics,0,1534.48,0.04128182516307637,1697,2,0.0252733369710519,Prepaid,West,5,0,0
3621,2023-03-12,Home,0,265.58,0.0,2186,2,0.30421169559252853,Prepaid,West,1,0,0
1913,2023-03-12,Footwear,1,1116.88,0.29250508270563436,1905,2,0.16334695300192076,Prepaid,West,13,1,0
1757,2023-03-12,Apparel,1,146.8,0.2325781125852424,1298,0,0.0,Prepaid,North,10,1,0
2165,2023-03-12,Footwear,1,4537.03,0.0,2040,0,0.0,Prepaid,East,1,1,0
80,2023-03-12,Apparel,1,1005.43,0.0,1361,3,0.15300458780255202,Prepaid,South,6,1,0
4346,2023-03-12,Electronics,0,5685.41,0.0,1906,3,0.05501047498257468,Prepaid,West,11,4,0
685,2023-03-12,Apparel,1,309.98,0.0,1879,1,0.2979860120267063,Prepaid,East,13,1,1
1956,2023-03-13,Beauty,0,1396.93,0.18394280861209406,1525,4,0.35329159647367064,Prepaid,East,6,1,0
3745,2023-03-13,Electronics,0,821.57,0.20750674236137168,1960,1,0.2745499875028042,Prepaid,North,8,1,1
4719,2023-03-13,Apparel,1,656.19,0.0,1948,3,0.005671899387014405,Prepaid,East,5,2,0
1103,2023-03-13,Beauty,0,755.52,0.023220439777390786,2731,1,0.31855702690953996,Prepaid,North,8,0,0
4673,2023-03-13,Home,0,1540.61,0.0,1882,2,0.3741607162193956,Prepaid,East,6,3,0
849,2023-03-13,Apparel,1,707.25,0.0,2874,4,0.30670064436045613,COD,North,6,2,0
3982,2023-03-13,Apparel,1,1568.81,0.22526265205428042,3749,2,0.18651855615256116,Prepaid,West,3,0,0
2714,2023-03-13,Footwear,1,3010.01,0.3928069952921931,3611,1,0.03312046274189986,Prepaid,South,8,6,0
355,2023-03-13,Footwear,1,1507.76,0.0,3786,5,0.12214057014856342,COD,North,11,0,0
3202,2023-03-13,Footwear,1,974.38,0.0,3648,1,0.44623498934453676,COD,East,6,1,1
2843,2023-03-13,Apparel,1,110.09,0.19647477710533628,4076,0,0.0,Prepaid,North,6,0,0
4924,2023-03-13,Apparel,1,344.25,0.0,3619,5,0.1296845935561638,Prepaid,East,9,0,0
2738,2023-03-13,Apparel,1,826.89,0.0,2833,1,0.0668972199975324,Prepaid,North,11,0,0
3498,2023-03-13,Footwear,1,1303.68,0.34187317953817664,1154,1,0.0723343778986678,Prepaid,North,8,2,0
2754,2023-03-13,Electronics,0,2531.78,0.1758302421548555,3299,1,0.054699819485858295,Prepaid,South,10,0,0
1050,2023-03-13,Home,0,3760.48,0.17446862260590504,3006,2,0.10519581974095994,COD,South,5,13,0
4674,2023-03-13,Apparel,1,384.21,0.18272286758774037,2878,2,0.02166888695628727,Prepaid,South,12,0,0
4253,2023-03-13,Electronics,0,252.82,0.0,1158,3,0.08042473548845847,Prepaid,North,4,2,0
2234,2023-03-13,Apparel,1,1830.46,0.0,3206,3,0.43500935250591305,Prepaid,East,3,7,1
604,2023-03-13,Footwear,1,981.02,0.1815479895170572,4449,1,0.09134442098072752,COD,South,13,0,0
110,2023-03-13,Home,0,623.28,0.0,2204,2,0.27145719442993926,Prepaid,East,10,3,0
4166,2023-03-13,Apparel,1,245.91,0.0,1547,3,0.058602793091781055,COD,South,11,10,1
4205,2023-03-13,Apparel,1,763.49,0.2917162616224168,3586,2,0.11108995177717926,Prepaid,East,10,3,0
531,2023-03-13,Apparel,1,750.18,0.0,1061,1,0.058238803687130386,Prepaid,South,9,0,0
1709,2023-03-13,Apparel,1,1334.35,0.0,1032,1,0.08761196644816643,Prepaid,East,3,4,0
2381,2023-03-13,Apparel,1,349.22,0.2658971090707619,2619,2,0.36354652784057806,Prepaid,South,11,0,0
2540,2023-03-13,Electronics,0,1062.93,0.0,1528,2,0.4317391435410308,Prepaid,North,4,0,0
1711,2023-03-13,Electronics,0,1639.77,0.0,3634,4,0.1093059947319505,COD,West,10,2,0
2140,2023-03-13,Beauty,0,516.57,0.08784276791578852,2051,4,0.24059763282793026,COD,South,1,0,0
3329,2023-03-13,Beauty,0,683.67,0.42627394762076587,2353,3,0.17684197299552437,Prepaid,South,6,0,0
1943,2023-03-13,Electronics,0,1520.16,0.0,1281,3,0.40723162735859997,Prepaid,West,1,4,0
2453,2023-03-13,Apparel,1,1965.47,0.0,1063,2,0.13106161330006216,Prepaid,South,10,1,0
1849,2023-03-13,Footwear,1,250.37,0.0,1940,4,0.15998367227241594,COD,South,1,0,0
496,2023-03-13,Footwear,1,2154.94,0.13690967875556362,1788,1,0.07329539452914662,Prepaid,East,8,1,0
2367,2023-03-14,Apparel,1,5014.75,0.0,3947,3,0.014418830755545637,Prepaid,South,13,2,0
1071,2023-03-14,Electronics,0,1638.67,0.0,3560,2,0.31942065184104196,Prepaid,West,9,0,0
2109,2023-03-14,Apparel,1,2553.26,0.027863713402331555,3836,1,0.4316734846974351,Prepaid,East,9,1,1
2527,2023-03-14,Apparel,1,10160.93,0.0,2224,2,0.033663004137857104,COD,South,3,0,0
769,2023-03-14,Footwear,1,3743.85,0.2148783782913362,3982,2,0.4687977348776489,COD,West,11,3,0
2517,2023-03-14,Home,0,2252.02,0.0,4437,3,0.08123263082685384,Prepaid,East,7,1,0
4665,2023-03-14,Electronics,0,770.15,0.0,1151,2,0.5984356993851652,Prepaid,West,4,2,0
4623,2023-03-14,Apparel,1,1840.61,0.0,1879,0,0.0,COD,West,13,8,1
3556,2023-03-14,Footwear,1,535.81,0.0,2628,0,0.0,Prepaid,West,6,0,0
2225,2023-03-14,Home,0,995.01,0.048045796450268546,2496,1,0.23932466417563386,Prepaid,West,6,3,0
3231,2023-03-14,Footwear,1,2455.87,0.02317731201233067,1663,1,0.13360422151948237,Prepaid,South,13,2,0
2431,2023-03-14,Home,0,708.68,0.18517464555737487,4391,2,0.37742261347797235,Prepaid,West,12,0,0
3751,2023-03-14,Electronics,0,797.71,0.16577495858457997,2491,2,0.6424357600227936,Prepaid,East,5,3,0
726,2023-03-14,Beauty,0,301.09,0.0,1037,5,0.3417084675889248,Prepaid,South,10,1,0
1595,2023-03-14,Electronics,0,808.46,0.0,3831,6,0.03958319204459614,Prepaid,East,6,0,0
4105,2023-03-14,Home,0,2482.58,0.0,4087,0,0.0,COD,West,9,6,0
1647,2023-03-14,Electronics,0,1540.54,0.0,3923,1,0.4373323801588547,COD,East,7,1,0
1592,2023-03-14,Footwear,1,11176.01,0.0,3925,0,0.0,COD,East,5,3,0
463,2023-03-14,Beauty,0,402.63,0.22379159423932715,1725,1,0.2517066412382931,Prepaid,North,10,0,0
4244,2023-03-14,Footwear,1,493.59,0.3585854470693278,3586,2,0.38797398689661045,Prepaid,North,7,0,0
4038,2023-03-14,Apparel,1,1050.15,0.0,3018,2,0.027704408831350783,Prepaid,North,14,9,0
1669,2023-03-14,Apparel,1,172.48,0.11982346040522558,1631,2,0.382141277262151,COD,East,11,1,0
1653,2023-03-14,Apparel,1,3167.93,0.0,2606,1,0.09170541827762503,Prepaid,West,11,0,0
1852,2023-03-14,Apparel,1,1230.31,0.0,3909,3,0.26011792298575953,COD,South,3,0,0
1677,2023-03-15,Apparel,1,475.03,0.0,1677,0,0.0,COD,West,1,0,0
4635,2023-03-15,Apparel,1,1331.68,0.0,3907,3,0.07276510883687898,Prepaid,East,11,0,1
1945,2023-03-15,Footwear,1,804.51,0.0,3064,2,0.017659123385241005,COD,West,9,2,1
4051,2023-03-15,Electronics,0,2928.39,0.0,1137,2,0.06202403419356948,Prepaid,East,10,0,0
2280,2023-03-15,Apparel,1,2804.39,0.0,3012,1,0.12772508631007357,Prepaid,West,5,6,0
3361,2023-03-15,Apparel,1,359.02,0.0,2404,2,0.04450894394374976,COD,West,14,2,0
2039,2023-03-15,Apparel,1,351.09,0.0,1826,6,0.09810364293105436,COD,South,1,0,0
1221,2023-03-15,Home,0,470.54,0.0,3794,1,0.044350133772100245,COD,South,8,1,0
74,2023-03-15,Apparel,1,858.67,0.13930404422102557,2381,3,0.7675883022761326,Prepaid,South,6,0,0
1735,2023-03-15,Footwear,1,313.64,0.2552152603905248,4327,2,0.255071993616921,Prepaid,East,9,3,1
2720,2023-03-15,Beauty,0,322.25,0.0,1041,1,0.016369632623714932,Prepaid,South,9,0,0
4338,2023-03-15,Electronics,0,1751.02,0.0,2078,1,0.07497825448068741,Prepaid,East,11,2,0
2950,2023-03-15,Apparel,1,1628.61,0.0,1497,2,0.0962520359963996,Prepaid,West,11,0,0
856,2023-03-15,Beauty,0,5015.13,0.03788777923736575,2651,2,0.08077413740413866,Prepaid,South,7,0,0
3688,2023-03-15,Home,0,835.57,0.0,1049,2,0.16934249811714785,Prepaid,North,7,5,0
4963,2023-03-15,Home,0,597.73,0.5296996511870491,1789,1,0.29295234123815744,Prepaid,East,6,0,0
3880,2023-03-15,Home,0,8403.42,0.0,2904,3,0.033475874569039415,Prepaid,East,12,3,0
742,2023-03-15,Apparel,1,398.21,0.16684599638154823,1602,2,0.027744976159812074,COD,South,1,4,0
2977,2023-03-15,Beauty,0,1676.62,0.0,4179,3,0.000870493957841861,Prepaid,East,5,3,0
1742,2023-03-15,Electronics,0,3433.98,0.0,4451,2,0.02308146602707838,COD,North,5,4,0
638,2023-03-15,Beauty,0,606.31,0.0,2244,3,0.15033668152597615,Prepaid,South,1,6,0
2321,2023-03-15,Apparel,1,559.73,0.2019737286275709,1876,3,0.38689275662524836,COD,South,1,0,0
333,2023-03-15,Apparel,1,238.41,0.0,1651,4,0.27827659794505766,Prepaid,West,1,4,0
3333,2023-03-15,Electronics,0,1858.98,0.0,4097,2,0.11911645343707164,Prepaid,South,1,2,0
4282,2023-03-15,Electronics,0,1006.86,0.3067234176157847,4020,2,0.2882735577508534,Prepaid,North,6,7,0
2797,2023-03-15,Home,0,428.32,0.0,1187,0,0.0,Prepaid,South,11,1,1
1314,2023-03-15,Apparel,1,1567.69,0.6691620438025393,2882,1,0.10100830094800375,Prepaid,South,13,5,0
3317,2023-03-15,Apparel,1,1848.57,0.07857362044509948,2049,1,0.08208902931189055,Prepaid,East,3,15,0
1114,2023-03-15,Apparel,1,461.17,0.0,2399,0,0.0,COD,North,5,0,0
2119,2023-03-15,Electronics,0,520.49,0.10724035292311365,3492,3,0.13500622538402593,COD,South,14,2,0
59,2023-03-15,Electronics,0,3425.01,0.0,2761,1,0.21365124826510098,COD,North,7,4,0
3923,2023-03-16,Footwear,1,1571.96,0.14104787124506293,1169,2,0.11154106928010621,Prepaid,East,14,10,0
631,2023-03-16,Beauty,0,921.55,0.0,3977,1,0.2425648637574308,COD,South,8,2,0
1544,2023-03-16,Apparel,1,284.19,0.08201129588679859,2113,4,0.4237971001018249,COD,North,14,7,1
528,2023-03-16,Apparel,1,483.63,0.0,2495,5,0.38826448780514183,Prepaid,East,2,1,0
2213,2023-03-16,Footwear,1,2065.98,0.0,1177,3,0.2962690248396669,COD,South,12,6,0
1828,2023-03-16,Apparel,1,389.31,0.5451440024836234,2629,1,0.1810173618798544,COD,West,11,2,0
1568,2023-03-16,Apparel,1,1794.57,0.1478448997704751,1560,3,0.7268971995913887,Prepaid,South,14,8,1
519,2023-03-16,Apparel,1,475.02,0.0,1662,0,0.0,COD,North,12,9,1
3874,2023-03-16,Home,0,707.51,0.3254779515393723,1770,1,0.34133349641285937,COD,East,10,6,0
1713,2023-03-16,Apparel,1,639.38,0.0,3651,0,0.0,Prepaid,South,13,0,0
1633,2023-03-16,Electronics,0,504.19,0.0,4242,1,0.14085572789187187,COD,North,14,2,0
894,2023-03-16,Apparel,1,2319.27,0.0,1763,4,0.07205541053434175,COD,South,5,2,0
407,2023-03-16,Apparel,1,945.12,0.24590173391453188,3964,1,0.0947938476713884,COD,West,9,0,0
1616,2023-03-16,Electronics,0,330.05,0.13499101996266705,3422,2,0.23683268961669954,Prepaid,West,1,1,1
3029,2023-03-16,Beauty,0,742.39,0.0,4461,2,0.12340959295725736,Prepaid,South,5,8,1
2397,2023-03-16,Footwear,1,1078.97,0.4191913100112329,3796,2,0.06685886248373042,Prepaid,East,1,1,0
378,2023-03-16,Apparel,1,861.21,0.008702093129360003,2871,2,0.14707607623597257,Prepaid,East,10,0,0
2628,2023-03-16,Beauty,0,3225.78,0.0,1320,1,0.08863025396587304,Prepaid,West,10,1,0
611,2023-03-16,Home,0,5188.79,0.21610123862849714,3106,2,0.0026549281659322193,Prepaid,East,4,4,0
4641,2023-03-16,Home,0,2360.97,0.08892564099342962,1838,1,0.08882681441919053,COD,South,13,1,0
2182,2023-03-16,Apparel,1,278.07,0.0,3077,4,0.41177104161878475,Prepaid,East,9,3,1
2188,2023-03-16,Electronics,0,812.59,0.0,1249,3,0.015899538037544184,Prepaid,West,3,3,0
161,2023-03-16,Footwear,1,832.93,0.07333613900391367,3167,4,0.3065428718911758,Prepaid,West,2,2,0
1236,2023-03-16,Apparel,1,1352.52,0.0,2953,1,0.02324847552356791,Prepaid,South,10,0,0
3742,2023-03-16,Apparel,1,785.82,0.0,1970,2,0.2973634818348677,Prepaid,East,10,0,0
4761,2023-03-16,Electronics,0,207.41,0.40571252796976787,2467,0,0.0,Prepaid,West,7,3,0
3609,2023-03-16,Beauty,0,1180.42,0.0,3376,2,0.0006951304151143629,Prepaid,North,2,0,0
1738,2023-03-16,Apparel,1,2525.78,0.05221653963221079,3966,8,0.06646942867235094,COD,South,9,8,0
96,2023-03-16,Apparel,1,325.99,0.0,2848,2,0.3842419573895045,Prepaid,West,7,9,0
3476,2023-03-16,Footwear,1,248.08,0.4416925829691656,2365,2,0.5384317715747045,Prepaid,West,8,1,1
4286,2023-03-16,Apparel,1,2668.32,0.08764043957954801,2591,1,0.2452238289734575,Prepaid,East,4,1,0
2596,2023-03-16,Apparel,1,3806.42,0.007765393579936747,2017,0,0.0,Prepaid,East,1,1,0
4067,2023-03-16,Home,0,2974.1,0.25633889340156135,2182,4,0.029182545296613786,Prepaid,South,11,12,0
3008,2023-03-17,Beauty,0,1108.25,0.0,4068,0,0.0,Prepaid,North,2,4,0
3549,2023-03-17,Electronics,0,407.18,0.0,3305,2,0.04427291979803075,Prepaid,North,4,1,0
4757,2023-03-17,Apparel,1,103.1,0.08680344551901137,3156,3,0.020678700557679428,Prepaid,West,1,1,0
2617,2023-03-17,Electronics,0,438.19,0.0,4356,0,0.0,Prepaid,West,9,2,0
1634,2023-03-17,Footwear,1,1463.92,0.0,1487,1,0.29915461693210266,COD,East,4,5,0
2502,2023-03-17,Footwear,1,966.41,0.0,1825,1,0.5287691051649738,Prepaid,East,7,2,0
406,2023-03-17,Apparel,1,453.19,0.18812764889518788,4109,0,0.0,Prepaid,South,7,0,0
4414,2023-03-17,Beauty,0,1175.64,0.0,4334,2,0.08146414839350051,Prepaid,South,12,9,1
4177,2023-03-17,Apparel,1,1655.86,0.15260746430007047,3750,3,0.0417238305941753,Prepaid,North,7,1,0
3027,2023-03-17,Home,0,1330.66,0.0,1307,4,0.017972813530090663,Prepaid,West,11,2,0
2574,2023-03-17,Footwear,1,165.26,0.0,4164,2,0.04759076464847275,COD,South,4,6,0
3420,2023-03-17,Apparel,1,798.53,0.0790768218629683,1586,1,0.14863288087723886,COD,South,13,1,0
2144,2023-03-17,Apparel,1,812.91,0.0,3588,5,0.3282457967743886,Prepaid,West,8,1,0
3358,2023-03-17,Apparel,1,507.7,0.0,3893,1,0.22106002418142506,Prepaid,South,8,3,0
1038,2023-03-17,Footwear,1,1903.9,0.0,4448,5,0.03443093370094987,Prepaid,East,14,2,0
2010,2023-03-17,Apparel,1,753.23,0.0,1359,1,0.06792506829656257,Prepaid,East,6,3,0
4044,2023-03-17,Beauty,0,3513.34,0.29465474940753567,3698,3,0.180447148064457,Prepaid,South,5,2,0
4939,2023-03-17,Electronics,0,528.86,0.43511270088062914,1458,1,0.11900541097034878,Prepaid,South,11,2,1
2705,2023-03-17,Footwear,1,3039.39,0.3499019007631059,3973,1,0.5102366697191739,Prepaid,East,4,2,1
828,2023-03-17,Electronics,0,2476.42,0.0,2126,2,0.5954976644696204,COD,East,11,0,1
1990,2023-03-17,Electronics,0,157.03,0.0,4440,3,0.10627131990225311,Prepaid,West,3,3,0
3373,2023-03-17,Home,0,5196.7,0.17329231664600545,4326,2,0.023767008542544956,Prepaid,East,3,1,0
1393,2023-03-17,Electronics,0,3362.23,0.0,4246,2,0.08260147690157633,Prepaid,East,10,4,0
181,2023-03-17,Beauty,0,903.05,0.20928631591568322,3433,1,0.19284793315041182,Prepaid,South,8,0,0
2407,2023-03-18,Electronics,0,597.68,0.0,2295,0,0.0,Prepaid,West,2,6,0
4751,2023-03-18,Apparel,1,1199.31,0.16685935227879473,3341,2,0.1454310415580081,Prepaid,South,9,1,0
2008,2023-03-18,Apparel,1,3272.02,0.0,3228,1,0.0970187528755337,COD,West,3,7,0
783,2023-03-18,Electronics,0,591.72,0.0,3736,2,0.14978032833498311,COD,South,10,3,0
3208,2023-03-18,Apparel,1,11479.24,0.0,2083,1,0.07564364825826739,COD,South,2,1,1
3030,2023-03-18,Electronics,0,2059.69,0.0,3765,1,0.14938776350597024,Prepaid,West,10,1,0
2476,2023-03-18,Beauty,0,585.23,0.15005533869712914,1121,2,0.05479095029885956,Prepaid,South,9,1,0
4273,2023-03-18,Apparel,1,444.98,0.0,2427,3,0.27873981795279223,Prepaid,East,10,0,1
2695,2023-03-18,Footwear,1,1583.23,0.0,2289,3,0.021781789644350832,Prepaid,West,13,8,0
32,2023-03-18,Electronics,0,1229.26,0.3784697986204004,2052,1,0.3981747864487064,Prepaid,West,9,0,0
3344,2023-03-18,Electronics,0,501.09,0.0,3578,5,0.1754418564391706,COD,North,8,2,0
3028,2023-03-18,Apparel,1,1527.84,0.0,3343,2,0.01670665884198984,Prepaid,East,10,8,1
4646,2023-03-18,Apparel,1,691.95,0.0,2618,3,0.09813018623089574,Prepaid,East,2,0,0
1712,2023-03-18,Apparel,1,4254.03,0.0315799403843392,1845,3,0.08269176751909683,Prepaid,North,2,1,0
4337,2023-03-18,Beauty,0,1849.84,0.021658107922023218,1115,0,0.0,COD,West,4,1,0
1940,2023-03-18,Electronics,0,807.94,0.16696237414036808,3207,3,0.15411236716720705,Prepaid,West,2,9,0
1480,2023-03-18,Home,0,908.98,0.0,2183,0,0.0,Prepaid,West,1,3,0
3371,2023-03-18,Electronics,0,8360.28,0.0,3860,6,0.40907264617473266,COD,East,6,3,0
1593,2023-03-19,Footwear,1,1680.84,0.0,1921,2,0.046143189694459574,COD,South,5,1,0
1771,2023-03-19,Apparel,1,3577.18,0.14244186020935373,4390,2,0.43460008869070843,Prepaid,West,4,0,0
807,2023-03-19,Beauty,0,138.04,0.0,1125,3,0.20640813367947214,Prepaid,West,14,6,0
4845,2023-03-19,Apparel,1,2752.78,0.09726649811857428,3899,3,0.008871020766561799,COD,South,14,0,0
4944,2023-03-19,Apparel,1,402.9,0.2017556056028055,2438,0,0.0,COD,East,6,0,0
678,2023-03-19,Footwear,1,260.23,0.1579390770801447,2599,2,0.6486889399627758,COD,West,5,8,1
4753,2023-03-19,Electronics,0,2294.08,0.30444675674977995,2651,4,0.022168196814722162,Prepaid,East,5,1,0
1969,2023-03-19,Apparel,1,525.29,0.13857216237139325,4195,1,0.17213701860126746,Prepaid,South,6,1,0
4996,2023-03-19,Footwear,1,5239.9,0.26316810430395254,1461,2,0.7109283542453768,Prepaid,South,5,3,1
2420,2023-03-19,Beauty,0,1330.41,0.0,1337,0,0.0,Prepaid,East,13,2,0
4356,2023-03-19,Apparel,1,395.1,0.06543895451559069,1673,2,0.007837440886524463,Prepaid,North,14,0,0
220,2023-03-19,Electronics,0,138.88,0.0,1097,2,0.18033103335892492,COD,South,8,1,0
2304,2023-03-19,Apparel,1,475.29,0.0,1864,3,0.01024127853973719,Prepaid,North,13,0,0
4256,2023-03-19,Footwear,1,1031.74,0.0,3601,2,0.05990187114828921,COD,East,11,1,0
4035,2023-03-19,Apparel,1,623.31,0.22455333563171165,4481,2,0.0905284031462488,Prepaid,East,2,2,0
1635,2023-03-19,Home,0,1502.68,0.06262569270487908,1460,4,0.1443502505632647,COD,West,1,1,0
1201,2023-03-19,Apparel,1,847.34,0.0,4325,1,0.296291581122079,Prepaid,West,6,3,0
3094,2023-03-19,Footwear,1,355.14,0.0,1126,2,0.04238868313827002,COD,North,12,0,0
1532,2023-03-19,Electronics,0,505.19,0.1394686337563099,3022,1,0.31187389346151734,COD,North,2,2,0
358,2023-03-19,Apparel,1,1506.03,0.0,1283,3,0.1903571363877346,Prepaid,North,6,2,0
3184,2023-03-19,Electronics,0,589.61,0.06907070378838345,2382,2,0.18316091313455884,Prepaid,South,13,5,0
3977,2023-03-19,Apparel,1,1301.71,0.0,3395,3,0.03638271723678533,Prepaid,East,5,9,0
301,2023-03-19,Apparel,1,665.23,0.17714727870040414,3225,0,0.0,Prepaid,North,11,0,0
4834,2023-03-19,Apparel,1,1656.03,0.021866340256018538,1509,0,0.0,COD,South,2,3,0
2726,2023-03-19,Home,0,84.29,0.0,2320,0,0.0,Prepaid,North,5,0,0
3359,2023-03-19,Beauty,0,646.36,0.0,3419,3,0.064895880437933,Prepaid,East,6,1,0
4427,2023-03-19,Apparel,1,755.89,0.0,4480,1,0.043229375858171416,Prepaid,West,13,1,0
4234,2023-03-19,Apparel,1,781.22,0.0,1347,1,0.31786989270493154,COD,South,14,0,1
2432,2023-03-20,Beauty,0,887.84,0.0,3830,1,0.08709669071034383,Prepaid,North,9,2,0
741,2023-03-20,Apparel,1,1826.83,0.0,1618,1,0.004343636282284975,Prepaid,South,3,2,0
1147,2023-03-20,Footwear,1,1269.69,0.45070659784788303,1857,2,0.1812129343888296,Prepaid,South,5,1,0
2355,2023-03-20,Footwear,1,1131.72,0.0,4045,3,0.44437160215991306,Prepaid,West,7,2,0
1311,2023-03-20,Electronics,0,166.99,0.0,1036,3,0.08601619883671457,Prepaid,North,9,6,0
881,2023-03-20,Beauty,0,1454.5,0.0,3346,1,0.15114517552354836,Prepaid,South,5,1,0
1170,2023-03-20,Apparel,1,3244.55,0.040398226371553485,1856,2,0.03346274184646948,Prepaid,North,3,5,0
3949,2023-03-20,Electronics,0,349.62,0.18160301269718993,2378,1,0.23705934534513048,Prepaid,East,6,1,0
1202,2023-03-20,Apparel,1,1685.93,0.0816882009146764,1380,1,0.1818889511186167,COD,West,2,3,1
3052,2023-03-20,Apparel,1,686.98,0.0,2742,0,0.0,Prepaid,North,3,3,1
3457,2023-03-20,Apparel,1,1205.82,0.0,4433,0,0.0,COD,North,1,3,0
2315,2023-03-20,Apparel,1,2138.44,0.0,2409,2,0.3934480678245896,COD,North,5,0,0
847,2023-03-20,Home,0,2545.83,0.10125414463592754,1472,4,0.018994560084160443,Prepaid,West,1,3,0
1188,2023-03-20,Footwear,1,2470.51,0.0,3358,3,0.2524414612891604,COD,North,5,1,0
3031,2023-03-20,Beauty,0,862.22,0.16101972802346823,1797,1,0.13951819851124736,Prepaid,North,6,0,0
4178,2023-03-20,Electronics,0,505.9,0.028397564057013075,2852,1,0.27415342708503837,Prepaid,North,8,0,0
4553,2023-03-20,Apparel,1,1587.07,0.03095047884791141,3106,5,0.27733896928564694,COD,North,12,3,1
566,2023-03-20,Apparel,1,1939.89,0.0,2326,3,0.26814955177240146,Prepaid,East,12,2,1
1898,2023-03-20,Beauty,0,941.44,0.0,3221,1,0.15218890641107716,Prepaid,West,8,0,0
964,2023-03-20,Electronics,0,847.39,0.0,1081,4,0.013072293096553604,COD,East,7,1,0
2105,2023-03-20,Apparel,1,537.51,0.001486217208799448,2709,1,0.010606209571305883,Prepaid,North,1,1,0
4741,2023-03-20,Home,0,4212.01,0.0089515027963957,3179,0,0.0,COD,South,13,0,0
1382,2023-03-20,Footwear,1,491.2,0.054273711231779015,3389,4,0.02073513492648347,Prepaid,South,1,2,0
986,2023-03-20,Home,0,1009.8,0.0,1075,3,0.3270102581204048,Prepaid,East,12,3,0
1041,2023-03-20,Apparel,1,1602.92,0.0,3267,2,0.13980665129977699,COD,North,10,1,0
118,2023-03-20,Beauty,0,1703.89,0.0,3280,3,0.14586357263564528,Prepaid,South,1,1,0
2997,2023-03-20,Electronics,0,1076.94,0.0,2941,2,0.020211297029074274,Prepaid,East,1,0,0
4296,2023-03-20,Apparel,1,1896.47,0.16065635008327914,1391,2,0.16224747067047515,COD,East,1,7,0
1146,2023-03-20,Footwear,1,1239.13,0.0,1284,0,0.0,COD,East,1,1,0
2682,2023-03-20,Apparel,1,685.69,0.17611327391949802,1850,1,0.17866308914458665,Prepaid,South,3,0,0
588,2023-03-20,Electronics,0,450.89,0.0,3268,3,0.02411351851645032,Prepaid,West,14,3,0
4378,2023-03-21,Footwear,1,252.86,0.0,3615,1,0.505566977782632,Prepaid,South,3,5,0
4691,2023-03-21,Apparel,1,22473.19,0.2202875899528418,2350,3,0.011937312143831017,Prepaid,South,2,0,0
3970,2023-03-21,Home,0,8914.79,0.0,4393,1,0.3352963143177283,COD,East,6,0,0
1180,2023-03-21,Footwear,1,406.45,0.463050898058301,2738,1,0.4493551601717967,Prepaid,West,2,3,1
2390,2023-03-21,Footwear,1,1416.98,0.0,3712,1,0.1489832263681955,COD,West,10,2,0
1290,2023-03-21,Apparel,1,1899.74,0.0,3226,2,0.3603838496198373,COD,South,7,2,0
714,2023-03-21,Apparel,1,2907.63,0.0,3942,3,0.06847137921934154,Prepaid,South,10,0,1
2524,2023-03-21,Electronics,0,136.47,0.0,3368,3,0.005042353761098595,Prepaid,North,2,2,0
967,2023-03-21,Apparel,1,1288.81,0.0,3719,3,0.21229416838539847,COD,South,8,0,1
361,2023-03-21,Home,0,4873.53,0.2408213579665124,3549,1,0.47272525145636873,Prepaid,West,4,5,0
1922,2023-03-21,Home,0,547.3,0.0,1485,2,0.018795626606455906,Prepaid,North,14,2,0
4827,2023-03-21,Footwear,1,3642.77,0.022600444224046265,1809,3,0.019949725434115623,Prepaid,North,4,1,0
2870,2023-03-21,Apparel,1,3128.4,0.0,2302,2,0.25154646502692923,COD,South,3,0,1
641,2023-03-21,Beauty,0,1998.66,0.0,3803,2,0.5031603425852633,Prepaid,North,1,3,0
273,2023-03-21,Beauty,0,2906.31,0.43244613066367954,1723,0,0.0,COD,West,7,9,1
999,2023-03-21,Footwear,1,3304.91,0.0,2418,1,0.0525952743448821,COD,East,9,2,0
83,2023-03-21,Apparel,1,910.25,0.1987855335087074,3800,1,0.16313132064179744,COD,North,11,4,1
3138,2023-03-21,Electronics,0,2799.14,0.0,3579,1,0.587273837113569,Prepaid,South,8,4,0
4292,2023-03-21,Footwear,1,2410.1,0.3243316405115819,3918,1,0.03960111525128418,COD,North,14,5,0
1496,2023-03-21,Apparel,1,1549.94,0.0,1427,2,0.2434816608979089,Prepaid,South,7,0,0
475,2023-03-21,Apparel,1,2255.39,0.20358459424507377,1811,1,0.029320051527454864,Prepaid,West,11,3,0
3074,2023-03-21,Home,0,114.65,0.0,1940,3,0.06528836785875275,Prepaid,North,7,1,0
1622,2023-03-21,Apparel,1,1890.86,0.4289232209930899,4249,3,0.008437706213373655,Prepaid,East,12,4,0
2448,2023-03-21,Electronics,0,2416.17,0.14694953951307732,4220,0,0.0,Prepaid,South,8,2,0
4360,2023-03-21,Electronics,0,1002.22,0.0,3837,2,0.06610965494250946,Prepaid,South,7,0,0
1460,2023-03-21,Apparel,1,907.93,0.0,3970,0,0.0,COD,North,3,0,1
3560,2023-03-21,Footwear,1,1352.28,0.0,2815,3,0.10116287850123233,Prepaid,North,13,1,0
3718,2023-03-21,Electronics,0,409.12,0.0,3828,3,0.0003638769029431337,COD,East,12,2,0
1804,2023-03-21,Electronics,0,4486.85,0.0,4149,0,0.0,COD,East,5,8,0
1814,2023-03-21,Apparel,1,450.98,0.0,4108,1,0.00932014032077266,COD,North,4,1,0
505,2023-03-21,Home,0,2841.8,0.0,2769,3,0.03692836826611846,Prepaid,West,8,3,0
326,2023-03-22,Apparel,1,1109.57,0.34707958525269583,1015,3,0.023661141926203957,COD,West,3,4,0
621,2023-03-22,Beauty,0,360.6,0.0,2626,4,0.1546724575117966,Prepaid,North,11,0,0
1191,2023-03-22,Apparel,1,1992.07,0.0,1105,0,0.0,Prepaid,South,6,2,0
4329,2023-03-22,Beauty,0,497.31,0.0,1152,3,0.21918439673502088,Prepaid,North,2,1,0
2222,2023-03-22,Apparel,1,970.7,0.49186006153539286,1332,1,0.09639879942680218,Prepaid,South,10,2,0
543,2023-03-22,Beauty,0,2319.85,0.08752089309654412,3946,1,0.4848026661307739,COD,West,11,2,0
3846,2023-03-22,Footwear,1,674.15,0.3956069341198143,2099,2,0.25932282574953364,Prepaid,North,9,0,0
1873,2023-03-22,Apparel,1,5486.31,0.07772780930842907,2501,1,0.0325663441997921,Prepaid,North,5,0,0
2501,2023-03-22,Home,0,1747.74,0.04738558030181687,2648,0,0.0,COD,North,6,6,0
2847,2023-03-22,Apparel,1,2368.7,0.0,3702,2,0.15992121154965208,COD,East,1,0,1
2743,2023-03-22,Home,0,582.29,0.40623909389945223,3914,1,0.4308556833643526,Prepaid,West,7,9,0
941,2023-03-22,Apparel,1,177.06,0.06658891637711828,1762,0,0.0,Prepaid,West,9,2,0
4215,2023-03-22,Apparel,1,1277.05,0.0,4142,1,0.04335370771036513,COD,East,10,0,0
4955,2023-03-22,Apparel,1,818.73,0.0,2676,0,0.0,Prepaid,South,13,4,0
2327,2023-03-22,Home,0,292.33,0.08496594950557251,1390,2,0.10483896724698616,Prepaid,South,11,2,0
2477,2023-03-22,Home,0,3135.33,0.0,2644,0,0.0,Prepaid,North,5,0,0
18,2023-03-22,Beauty,0,578.18,0.0,3889,1,0.01862534980426641,Prepaid,West,6,0,0
1242,2023-03-22,Footwear,1,736.4,0.26135795961496844,4464,2,0.21958105514936818,COD,East,12,1,0
1960,2023-03-22,Home,0,2514.61,0.0,1196,2,0.07838912380817879,COD,South,2,2,0
4452,2023-03-22,Footwear,1,5027.67,0.16588345179100122,3476,3,0.1509561618359583,Prepaid,East,4,0,0
2948,2023-03-22,Apparel,1,422.7,0.0,2268,4,0.08826520216626324,Prepaid,East,10,0,0
1538,2023-03-22,Electronics,0,1626.62,0.0,2791,3,0.32219821566918255,COD,West,4,0,0
1681,2023-03-22,Apparel,1,773.55,0.13413277664167303,1963,1,0.5619306689125741,Prepaid,North,4,1,0
674,2023-03-22,Apparel,1,401.17,0.18521517147652994,2296,2,0.04194591224996412,COD,North,14,1,1
1728,2023-03-22,Electronics,0,349.03,0.41871674252267266,3234,3,0.016479069764893547,Prepaid,South,9,8,0
1549,2023-03-22,Home,0,681.22,0.0,2432,4,0.16096079825615545,Prepaid,South,6,0,0
2885,2023-03-22,Apparel,1,1478.6,0.09365733519367117,4014,3,0.4553039462415082,Prepaid,West,4,1,0
1470,2023-03-22,Apparel,1,10106.2,0.1650500997314214,3266,2,0.07449578192549275,COD,South,1,0,0
2266,2023-03-22,Apparel,1,333.56,0.0,2735,3,0.25586680082061913,Prepaid,South,5,5,0
3602,2023-03-23,Home,0,863.59,0.0,2799,3,0.5789634922574827,Prepaid,East,3,6,0
2363,2023-03-23,Home,0,588.7,0.0,3356,1,0.016281025297794797,Prepaid,South,6,1,0
280,2023-03-23,Apparel,1,1167.79,0.08566322955165684,2610,4,0.11645856317083988,Prepaid,North,7,2,0
1053,2023-03-23,Beauty,0,1277.47,0.4533055880053303,3781,1,0.1617576234120827,Prepaid,West,8,2,1
3795,2023-03-23,Footwear,1,3650.59,0.0,1861,0,0.0,Prepaid,West,6,0,0
2000,2023-03-23,Apparel,1,2019.56,0.0943383262117905,1186,0,0.0,COD,West,8,0,0
3516,2023-03-23,Electronics,0,6974.45,0.0,1494,2,0.44093140212300697,Prepaid,North,12,5,0
11,2023-03-23,Beauty,0,358.68,0.23107426310851198,1967,2,0.07068888451150535,COD,South,7,4,0
3120,2023-03-23,Home,0,756.13,0.0,3421,3,0.32515667472122545,Prepaid,West,4,0,0
3900,2023-03-23,Beauty,0,600.49,0.11771477741968811,2371,4,0.017836909189627187,COD,North,5,0,0
1329,2023-03-23,Apparel,1,1440.3,0.22963011910939568,2085,2,0.03845521541812367,COD,East,3,11,0
316,2023-03-23,Beauty,0,4094.33,0.09188721973113542,2927,3,0.058070424086442016,Prepaid,West,12,2,0
1606,2023-03-23,Apparel,1,601.62,0.07365783894413674,2753,1,0.260248808249713,COD,East,11,2,0
4302,2023-03-23,Electronics,0,2406.3,0.0,1946,0,0.0,COD,East,14,9,0
3087,2023-03-23,Footwear,1,1059.43,0.0,4241,2,0.4001727977074532,Prepaid,East,10,7,0
1820,2023-03-23,Electronics,0,258.06,0.0,1010,2,0.0017505182826451724,Prepaid,West,4,0,0
238,2023-03-23,Footwear,1,1853.88,0.019310435404150728,2799,0,0.0,Prepaid,West,5,1,0
2463,2023-03-23,Apparel,1,577.01,0.035315039409898705,3003,3,0.25793519550291033,Prepaid,South,4,3,0
2625,2023-03-23,Apparel,1,3039.89,0.0,1112,2,0.033394704136934274,Prepaid,South,3,12,0
4247,2023-03-23,Electronics,0,353.43,0.11916076246286092,4390,1,0.20578143873796134,Prepaid,East,8,6,0
3109,2023-03-23,Beauty,0,3144.37,0.0,3851,2,0.22935044768096507,Prepaid,West,4,3,0
311,2023-03-23,Apparel,1,1144.49,0.0,4129,2,0.1252738737168535,Prepaid,West,3,0,1
1218,2023-03-23,Home,0,99.88,0.04559414977694898,3493,1,0.1989244359128388,COD,North,10,6,0
3167,2023-03-23,Electronics,0,396.53,0.0,3254,3,0.4393246658471305,Prepaid,East,1,0,0
4252,2023-03-23,Apparel,1,1783.56,0.0,3461,1,0.05529212465857156,Prepaid,East,4,0,0
130,2023-03-23,Electronics,0,552.35,0.0,3958,1,0.31602389423827193,Prepaid,South,6,0,0
1162,2023-03-23,Home,0,431.36,0.0,2626,1,0.13344441632378976,COD,East,7,0,1
2727,2023-03-24,Apparel,1,774.78,0.0,3151,6,0.026353249242564825,Prepaid,East,3,1,0
1288,2023-03-24,Apparel,1,503.08,0.0,3987,0,0.0,Prepaid,South,5,0,0
1627,2023-03-24,Footwear,1,2817.2,0.0,3638,2,0.024380850363998858,Prepaid,South,11,1,0
2876,2023-03-24,Apparel,1,945.23,0.4142585833653104,2408,3,0.22305603472413735,Prepaid,East,14,6,1
4720,2023-03-24,Electronics,0,1129.42,0.10312024979592599,3377,2,0.018469279509971955,Prepaid,North,3,6,0
850,2023-03-24,Apparel,1,606.25,0.042088813486950184,1213,3,0.2602399539108266,COD,West,1,1,0
4259,2023-03-24,Home,0,913.53,0.028948018609664686,4250,3,0.3114298558000032,Prepaid,East,10,4,0
19,2023-03-24,Home,0,663.32,0.0,3745,1,0.13458071701230725,COD,West,8,4,0
323,2023-03-24,Electronics,0,366.42,0.12431878791544117,4285,1,0.43830966398556687,Prepaid,East,12,0,1
2736,2023-03-24,Beauty,0,577.83,0.1981021362434127,2536,2,0.16227143057693746,COD,North,14,2,0
258,2023-03-24,Electronics,0,914.14,0.0,1160,0,0.0,COD,South,9,1,0
131,2023-03-24,Apparel,1,3542.13,0.003218280894559486,1559,1,0.4387412751684415,Prepaid,North,3,2,0
2564,2023-03-24,Apparel,1,2173.91,0.0,3650,3,0.30140619870859375,Prepaid,South,12,1,1
1172,2023-03-24,Apparel,1,829.13,0.19947461193500762,1695,2,0.08618895005106819,Prepaid,East,14,8,0
3146,2023-03-24,Electronics,0,390.3,0.0,4271,2,0.07176344826647375,Prepaid,South,3,2,0
2191,2023-03-24,Apparel,1,913.57,0.09670475753941375,3444,4,0.03623801274607357,Prepaid,North,4,0,0
4888,2023-03-24,Apparel,1,2010.53,0.1420749988065973,2893,2,0.11544652428670647,Prepaid,South,7,3,0
3073,2023-03-24,Footwear,1,559.07,0.0,3655,0,0.0,Prepaid,West,1,2,0
4833,2023-03-24,Home,0,2607.78,0.25036177852034613,3479,1,0.00020672252519698844,Prepaid,South,12,3,0
3775,2023-03-24,Beauty,0,1381.78,0.26197199925256837,3733,3,0.23253976745997076,Prepaid,North,13,1,0
652,2023-03-24,Apparel,1,718.08,0.0,2204,3,0.0812955126476916,Prepaid,North,4,4,0
1655,2023-03-24,Home,0,1234.21,0.2959012040182994,2580,1,0.3389641136829592,Prepaid,North,7,1,0
1372,2023-03-24,Footwear,1,354.98,0.0,1366,0,0.0,COD,South,1,5,0
3533,2023-03-24,Electronics,0,1370.72,0.2036407449044647,1424,2,0.21342179743702033,Prepaid,East,3,1,0
4995,2023-03-24,Home,0,1117.78,0.0,1865,3,0.2706724337548326,Prepaid,North,8,5,0
2595,2023-03-24,Electronics,0,514.43,0.14750601744763892,1890,3,0.35498718874678475,Prepaid,East,2,1,0
987,2023-03-24,Footwear,1,4053.04,0.4632951175014369,3023,2,0.15689709972859928,Prepaid,South,14,1,0
1243,2023-03-24,Footwear,1,2286.51,0.0,3451,1,0.11706658787231611,COD,East,8,0,1
646,2023-03-24,Home,0,1322.11,0.3708046370293757,4460,0,0.0,Prepaid,East,8,5,0
3908,2023-03-25,Apparel,1,683.11,0.22881952754509374,1909,2,0.07656335791151475,Prepaid,South,1,0,0
3958,2023-03-25,Apparel,1,1627.96,0.0,1228,0,0.0,Prepaid,West,9,6,0
1256,2023-03-25,Apparel,1,235.43,0.08706582166839126,2373,0,0.0,Prepaid,South,5,1,0
2849,2023-03-25,Footwear,1,1212.67,0.0,1907,1,0.2462879845800444,Prepaid,South,4,2,0
3581,2023-03-25,Footwear,1,799.76,0.0,2776,2,0.05499734103371436,COD,East,3,2,0
2614,2023-03-25,Electronics,0,3667.7,0.0,3830,0,0.0,Prepaid,East,2,0,0
949,2023-03-25,Apparel,1,249.78,0.0,1489,4,0.020294577664070394,Prepaid,South,14,4,0
3375,2023-03-25,Home,0,696.46,0.0,1821,2,0.2543968034428437,Prepaid,North,13,1,0
3267,2023-03-25,Footwear,1,1613.57,0.0,3886,3,0.10052033081957416,COD,West,11,5,1
4672,2023-03-25,Electronics,0,1071.25,0.0,1088,1,0.17986651484815075,COD,North,9,5,0
2829,2023-03-25,Apparel,1,1763.88,0.49707834093129455,2009,1,0.22268327445895944,Prepaid,South,14,1,0
3240,2023-03-25,Apparel,1,280.63,0.0633692560112132,4339,0,0.0,Prepaid,North,10,12,0
1750,2023-03-25,Apparel,1,20811.48,0.0,2543,1,0.23760466245634582,Prepaid,West,9,1,0
2399,2023-03-25,Footwear,1,96.14,0.0,2807,3,0.36412398173469884,COD,West,3,5,0
3645,2023-03-25,Beauty,0,2190.56,0.0,2827,3,0.07427139404836829,COD,West,7,2,0
2923,2023-03-25,Footwear,1,923.65,0.0,1561,5,0.009186995963536334,Prepaid,South,8,0,0
1468,2023-03-25,Electronics,0,351.24,0.0,1215,0,0.0,Prepaid,West,3,2,0
4551,2023-03-25,Apparel,1,469.61,0.0,3888,1,0.15114384960422206,COD,East,3,0,1
115,2023-03-25,Apparel,1,671.67,0.0,1903,1,0.46297688589309466,Prepaid,West,6,2,1
1600,2023-03-25,Electronics,0,10628.69,0.0,4353,4,0.03290532421830639,COD,South,7,1,0
4983,2023-03-25,Home,0,1812.31,0.19675782530556876,1943,4,0.0019932281407053143,COD,North,5,4,0
1448,2023-03-25,Electronics,0,957.46,0.0879898652374026,2805,3,0.6049670934669739,COD,South,14,1,0
2804,2023-03-25,Footwear,1,1252.24,0.3387148105720179,1463,2,0.2346745273645803,COD,North,4,1,0
4536,2023-03-25,Apparel,1,297.53,0.09221313405192876,1476,1,0.34096258709802785,COD,North,12,0,0
2808,2023-03-26,Beauty,0,482.44,0.11279673886844216,3302,1,0.06525279529258038,Prepaid,East,8,0,0
17,2023-03-26,Apparel,1,1254.85,0.0,1803,2,0.18411020091209682,COD,North,12,1,0
4366,2023-03-26,Apparel,1,781.28,0.0,3599,2,0.16879483175733287,Prepaid,East,2,6,0
3191,2023-03-26,Apparel,1,731.36,0.0,2865,3,0.2248703519142281,Prepaid,West,2,2,0
560,2023-03-26,Apparel,1,1396.49,0.3955502990854497,3770,3,0.16542930280447,COD,East,1,0,1
442,2023-03-26,Apparel,1,787.24,0.0,2975,2,0.17587900951532037,Prepaid,North,3,3,0
4604,2023-03-26,Home,0,1825.51,0.0,4454,2,0.15942268129869813,Prepaid,West,7,1,0
3148,2023-03-26,Electronics,0,5897.68,0.0,4374,0,0.0,Prepaid,South,8,1,1
963,2023-03-26,Apparel,1,222.13,0.0,3821,2,0.24535521726228407,COD,West,8,0,0
3514,2023-03-26,Apparel,1,2563.51,0.0,1742,2,0.01693054575028094,COD,East,13,0,0
1490,2023-03-26,Apparel,1,930.28,0.0,2593,2,0.05410693229619412,Prepaid,West,9,6,0
1355,2023-03-26,Apparel,1,2921.77,0.0020187657317852076,4340,0,0.0,Prepaid,East,13,10,0
3470,2023-03-26,Footwear,1,5395.48,0.1944134060647442,2666,1,0.20848565061463123,Prepaid,West,9,0,0
1166,2023-03-26,Apparel,1,1115.8,0.11540312693742669,4385,4,0.40771263472770364,Prepaid,North,9,3,1
1630,2023-03-26,Electronics,0,606.89,0.0,1854,3,0.11140874185144446,Prepaid,East,11,0,0
4929,2023-03-26,Apparel,1,2873.45,0.0,4071,2,0.01788007528595011,Prepaid,West,6,1,0
4647,2023-03-26,Electronics,0,2356.25,0.0,4460,1,0.13603734703953632,Prepaid,East,11,0,0
1936,2023-03-26,Electronics,0,445.7,0.12323109388323376,1915,2,0.06291856679039523,Prepaid,West,1,0,0
4610,2023-03-26,Apparel,1,1460.16,0.0,1298,1,0.6619799686510208,Prepaid,North,13,4,1
2729,2023-03-26,Beauty,0,1454.86,0.10661274153633753,2015,1,0.26623480547798783,Prepaid,East,8,1,0
3568,2023-03-26,Footwear,1,4129.29,0.0,1486,5,0.033824642977626,Prepaid,West,4,0,0
4669,2023-03-26,Beauty,0,2494.34,0.19616006011653886,2921,4,0.319306271090371,Prepaid,West,10,2,1
3937,2023-03-26,Home,0,461.96,0.32245002071850126,3123,1,0.27325196261100776,COD,North,12,6,1
1928,2023-03-26,Apparel,1,621.93,0.02590817367964708,1420,3,0.5918783879977871,Prepaid,West,3,3,1
3920,2023-03-26,Apparel,1,464.0,0.0,3682,2,0.45803750113528413,Prepaid,East,12,0,0
4662,2023-03-26,Electronics,0,455.55,0.4481695441643363,3753,4,0.06679033825679961,Prepaid,East,8,3,0
4711,2023-03-26,Beauty,0,2000.27,0.10148912245369515,2551,2,0.047502259031701174,Prepaid,North,8,0,0
2243,2023-03-26,Electronics,0,7493.09,0.0,1903,3,0.08420365465044315,Prepaid,North,8,0,1
2734,2023-03-27,Apparel,1,319.67,0.17012996111421572,1616,2,0.07334307336637322,Prepaid,North,12,11,0
2174,2023-03-27,Footwear,1,369.12,0.0,3896,1,0.25957474954622395,Prepaid,East,11,0,0
1525,2023-03-27,Footwear,1,180.76,0.0,3843,1,0.40008737454609855,COD,South,4,2,0
1670,2023-03-27,Apparel,1,16928.91,0.0,2209,2,0.031398747494337985,Prepaid,South,10,5,0
3572,2023-03-27,Electronics,0,1840.31,0.3739638084276802,1564,0,0.0,Prepaid,West,9,2,0
2620,2023-03-27,Electronics,0,795.21,0.0,3202,0,0.0,Prepaid,West,8,1,0
4210,2023-03-27,Apparel,1,2354.69,0.0,4351,0,0.0,Prepaid,West,12,0,0
2141,2023-03-27,Footwear,1,2187.52,0.0,4053,3,0.11976728421822694,Prepaid,West,5,3,0
658,2023-03-27,Footwear,1,261.4,0.3108173277949021,2354,3,0.10356356311001837,COD,North,4,0,0
92,2023-03-27,Home,0,571.45,0.024981949933280026,2515,0,0.0,Prepaid,East,4,0,0
3222,2023-03-27,Electronics,0,1209.19,0.0,2040,2,0.2341888064882866,Prepaid,West,11,10,0
9,2023-03-27,Apparel,1,1184.39,0.0,2641,2,0.03415348513637917,Prepaid,West,1,0,0
3712,2023-03-27,Electronics,0,610.49,0.0,3395,1,0.5703014646148342,Prepaid,East,4,4,0
591,2023-03-27,Beauty,0,665.04,0.4528366364020143,1055,3,0.5539206220924185,Prepaid,North,7,1,0
1569,2023-03-27,Beauty,0,135.44,0.14594268285787892,2773,0,0.0,COD,East,12,6,0
2464,2023-03-27,Footwear,1,1837.99,0.18915540232105754,2995,1,0.3280580316344262,Prepaid,South,12,0,1
2267,2023-03-27,Footwear,1,7344.12,0.10308264934206987,2902,2,0.0010222526723853258,Prepaid,East,9,3,0
865,2023-03-27,Footwear,1,311.96,0.0,1374,3,0.11112594367724694,Prepaid,North,10,3,0
3402,2023-03-27,Beauty,0,2415.5,0.013867944814584227,3706,2,0.15207570116782074,Prepaid,North,1,9,0
2316,2023-03-27,Footwear,1,5502.68,0.0,3291,4,0.379738567183315,Prepaid,North,5,8,1
4291,2023-03-27,Electronics,0,498.44,0.17881044943654947,2363,0,0.0,Prepaid,South,5,8,0
2485,2023-03-27,Home,0,549.43,0.0,1964,4,0.040579140064869755,Prepaid,East,5,0,0
629,2023-03-27,Footwear,1,721.3,0.0,1440,1,0.021751936623646228,COD,North,14,3,0
1714,2023-03-27,Apparel,1,734.18,0.0,2960,3,0.27801889322200773,Prepaid,North,2,0,0
2939,2023-03-27,Home,0,220.2,0.0,4313,2,0.04836783199265227,Prepaid,West,13,1,0
805,2023-03-27,Apparel,1,273.11,0.0,2777,3,0.11725235068639622,Prepaid,East,5,1,0
2478,2023-03-28,Apparel,1,1232.01,0.0,4463,0,0.0,Prepaid,South,11,0,0
4765,2023-03-28,Beauty,0,1485.29,0.024723617377270773,1050,1,0.1874203347578679,COD,East,1,7,0
2887,2023-03-28,Electronics,0,1320.9,0.210483515072678,3242,1,0.12889819706260897,Prepaid,North,11,2,0
4183,2023-03-28,Home,0,2452.67,0.0,4491,1,0.20943178215757938,COD,South,6,0,0
4083,2023-03-28,Apparel,1,835.0,0.07056899921706977,3723,2,0.21078681076071304,COD,South,4,1,0
1747,2023-03-28,Apparel,1,822.32,0.0,1805,2,0.005949010946690952,Prepaid,East,9,0,0
3142,2023-03-28,Apparel,1,13344.95,0.19021410820304036,4448,1,0.5524512850641099,Prepaid,South,10,4,0
1333,2023-03-28,Footwear,1,2782.75,0.3517363634381251,2264,5,0.2893120590988969,COD,West,1,1,1
3320,2023-03-28,Apparel,1,1888.97,0.0,4340,5,0.1269345691820163,COD,West,6,8,0
45,2023-03-28,Electronics,0,977.66,0.0,4282,1,0.18810146832315439,Prepaid,South,2,5,0
3518,2023-03-28,Electronics,0,173.74,0.0,3150,5,0.30120852463688513,COD,North,9,6,0
592,2023-03-28,Home,0,622.48,0.0,2562,1,0.1325784932492088,Prepaid,West,14,4,0
556,2023-03-28,Electronics,0,409.59,0.0,1177,1,0.1801487333438727,Prepaid,North,9,0,0
4410,2023-03-28,Apparel,1,892.16,0.0,3413,1,0.4296671536659185,Prepaid,West,11,0,0
1409,2023-03-28,Footwear,1,516.44,0.0,2734,3,0.21509752718641736,Prepaid,East,1,2,0
1992,2023-03-28,Electronics,0,1164.03,0.0,1932,3,0.21613478518739704,COD,West,11,0,0
2048,2023-03-28,Apparel,1,1787.47,0.37938433839618957,3504,2,0.03902764554148645,Prepaid,West,14,0,0
2011,2023-03-28,Footwear,1,556.82,0.02509512019393559,1051,4,0.11324177522630134,Prepaid,West,8,7,0
3425,2023-03-28,Footwear,1,262.32,0.45173986589485804,2722,2,0.216915311698795,Prepaid,South,4,4,0
1369,2023-03-28,Home,0,242.07,0.12144734224645187,2548,0,0.0,Prepaid,South,4,0,0
3394,2023-03-28,Electronics,0,1585.37,0.0,3894,1,0.3530964165807811,Prepaid,East,9,3,1
3840,2023-03-28,Electronics,0,1663.95,0.0,1748,2,0.26195695859857904,Prepaid,South,6,0,0
4012,2023-03-28,Apparel,1,1600.13,0.0,1772,4,0.24152193729227978,COD,North,11,0,0
955,2023-03-29,Electronics,0,1250.66,0.15997543882110654,3969,0,0.0,Prepaid,East,4,4,0
3713,2023-03-29,Apparel,1,10931.8,0.04181521817091031,2768,2,0.5920578690323143,Prepaid,West,13,6,1
332,2023-03-29,Apparel,1,735.2,0.0,4090,3,0.006554450790205454,COD,West,14,3,0
1494,2023-03-29,Electronics,0,448.29,0.3086005454873147,1518,2,0.35777634535203645,Prepaid,East,8,0,1
3831,2023-03-29,Apparel,1,457.66,0.0,4427,4,0.1312236976817244,Prepaid,South,5,1,0
427,2023-03-29,Footwear,1,1123.59,0.0,2134,1,0.6387006382787607,Prepaid,West,9,0,1
4498,2023-03-29,Apparel,1,1822.16,0.05994786185481529,3614,2,0.043241045193797456,Prepaid,North,8,0,0
119,2023-03-29,Footwear,1,9609.27,0.1745362777884021,2423,2,0.1504906733427703,COD,West,5,10,0
4839,2023-03-29,Home,0,2990.94,0.0,2959,1,0.04872907330102384,Prepaid,East,8,1,0
3189,2023-03-29,Beauty,0,514.25,0.0,3139,1,0.14701777376364075,Prepaid,West,10,0,0
2300,2023-03-29,Apparel,1,581.85,0.0,2327,1,0.00594060431097292,Prepaid,East,3,6,0
2557,2023-03-29,Home,0,1466.74,0.16360339005297553,1002,1,0.37766245067194687,Prepaid,South,4,5,0
4455,2023-03-29,Apparel,1,1416.44,0.0,1414,2,0.39484634992695256,Prepaid,South,7,0,0
1864,2023-03-29,Apparel,1,591.69,0.14186682361358888,2873,6,0.10917887597229338,COD,South,6,8,0
3814,2023-03-29,Beauty,0,901.57,0.2008732110198294,2243,2,0.30579915286958814,COD,West,8,18,0
349,2023-03-29,Home,0,1352.69,0.0,4249,2,0.011914322771575387,Prepaid,West,9,3,0
2226,2023-03-29,Apparel,1,709.86,0.0,4030,1,0.02550778083908837,COD,North,13,1,0
1200,2023-03-29,Apparel,1,1504.19,0.25220719359332655,1057,0,0.0,Prepaid,East,3,1,0
3162,2023-03-29,Home,0,1332.78,0.0,4408,2,0.09629407679615902,COD,South,3,4,0
2250,2023-03-29,Footwear,1,336.72,0.0,2731,3,0.5194595741931705,Prepaid,West,12,1,1
3201,2023-03-29,Apparel,1,2115.88,0.0,2372,3,0.1338495383228539,Prepaid,West,11,5,0
2731,2023-03-29,Home,0,2977.34,0.0,2889,5,0.32969160614217424,Prepaid,North,13,7,0
112,2023-03-29,Home,0,138.15,0.0,1494,0,0.0,Prepaid,East,1,5,0
3669,2023-03-29,Footwear,1,1937.1,0.3384653258995557,3509,1,0.06374302607848938,Prepaid,South,2,2,0
4802,2023-03-29,Apparel,1,1270.02,0.0,4353,1,0.01571443608672127,Prepaid,South,7,2,0
4249,2023-03-29,Footwear,1,1771.15,0.0,1805,0,0.0,COD,North,9,0,0
1124,2023-03-29,Footwear,1,1210.72,0.15546533992771516,3835,4,0.12719866243181227,COD,South,13,4,0
2228,2023-03-30,Apparel,1,5633.34,0.11844245869940911,3553,3,0.5766104696062593,Prepaid,East,11,7,0
1932,2023-03-30,Apparel,1,5316.38,0.0,1905,2,0.3934074915546931,Prepaid,West,3,4,0
2588,2023-03-30,Apparel,1,973.1,0.0,3441,0,0.0,Prepaid,East,1,1,0
2673,2023-03-30,Footwear,1,1087.31,0.05581483309013749,1802,2,0.3229977381150764,Prepaid,West,11,0,0
2447,2023-03-30,Apparel,1,2679.47,0.0,4422,4,0.13648484753839424,Prepaid,West,8,2,0
1064,2023-03-30,Apparel,1,915.67,0.0,3943,4,0.11217658883179325,Prepaid,West,2,0,0
929,2023-03-30,Electronics,0,3411.43,0.0,2670,2,0.08686533361466009,Prepaid,North,14,1,0
2841,2023-03-30,Electronics,0,1503.82,0.0,1861,1,0.06598768675625448,COD,East,2,1,0
2020,2023-03-30,Footwear,1,732.77,0.0,1312,1,0.3202499147516839,COD,South,2,2,0
4789,2023-03-30,Apparel,1,213.38,0.10440465126594027,1400,2,0.07421419120409532,Prepaid,North,12,9,0
1183,2023-03-30,Apparel,1,3282.54,0.0,3479,5,0.36243970315791163,COD,South,2,1,1
4328,2023-03-30,Electronics,0,1208.63,0.45844049179641855,4295,3,0.07011125703217312,Prepaid,South,1,6,0
54,2023-03-30,Footwear,1,602.19,0.0,3719,3,0.032228333992232516,Prepaid,West,14,1,0
63,2023-03-30,Apparel,1,264.68,0.3637770112557662,3633,2,0.1475151879723702,Prepaid,South,1,1,1
4213,2023-03-30,Apparel,1,1810.45,0.0,3607,1,0.07428875585990329,COD,South,13,5,0
567,2023-03-30,Beauty,0,2247.02,0.0,2956,1,0.4271767561584459,Prepaid,South,14,1,0
4146,2023-03-30,Home,0,476.39,0.0,2399,2,0.19062435083002982,Prepaid,East,8,0,0
1991,2023-03-30,Apparel,1,1439.72,0.0,3005,3,0.09353327583965032,Prepaid,West,4,9,0
4145,2023-03-30,Footwear,1,683.65,0.0,2369,1,0.5035409973567485,COD,West,12,1,1
1228,2023-03-30,Apparel,1,3591.7,0.0,3489,2,0.033830364764387194,Prepaid,West,7,10,0
433,2023-03-30,Electronics,0,749.57,0.0,4276,6,0.24180275640987753,Prepaid,North,2,1,0
995,2023-03-31,Footwear,1,878.85,0.18238900472922526,1726,4,0.06196238894861261,COD,North,3,1,0
4603,2023-03-31,Apparel,1,585.9,0.0,2846,1,0.11221002666181133,Prepaid,North,10,6,0
48,2023-03-31,Apparel,1,788.05,0.31739874001822677,2712,2,0.049037356868520815,Prepaid,West,2,0,0
2073,2023-03-31,Electronics,0,507.84,0.5847710646219226,2336,1,0.4204539425034533,COD,North,14,2,0
3841,2023-03-31,Electronics,0,1362.99,0.23826888091643167,3868,4,0.26055330617069294,Prepaid,North,3,2,0
3664,2023-03-31,Apparel,1,941.63,0.10226396394296816,2254,2,0.46052756803872413,COD,East,11,5,0
2238,2023-03-31,Footwear,1,180.76,0.0,3722,2,0.006912758160374942,Prepaid,North,14,1,0
1974,2023-03-31,Home,0,4118.43,0.0,1338,4,0.05028927160767266,COD,South,6,5,0
3458,2023-03-31,Footwear,1,2558.92,0.13278993662765995,3832,1,0.09628665960193429,Prepaid,North,6,0,0
4617,2023-03-31,Apparel,1,1673.11,0.18024660440781665,2877,0,0.0,Prepaid,North,14,8,0
2281,2023-03-31,Electronics,0,1572.94,0.04862164034781607,3597,2,0.3929032447212735,COD,East,11,9,0
3995,2023-03-31,Footwear,1,4124.58,0.0,1839,2,0.08294749046102554,Prepaid,West,10,7,0
3435,2023-03-31,Home,0,1947.27,0.0,3715,2,0.2167690670547921,Prepaid,East,2,1,1
2457,2023-03-31,Apparel,1,1305.42,0.0,1724,0,0.0,COD,North,5,0,0
4276,2023-03-31,Footwear,1,1719.26,0.0,1186,1,0.020546588188228014,Prepaid,West,6,2,0
443,2023-03-31,Beauty,0,484.58,0.0,3308,2,0.0939298092627873,Prepaid,North,11,0,0
3294,2023-03-31,Electronics,0,3990.25,0.0,3369,5,0.013199307884487144,COD,North,14,0,0
4689,2023-03-31,Apparel,1,543.88,0.09202142622521206,1110,3,0.06505290702247894,COD,North,11,4,0
4365,2023-03-31,Apparel,1,317.51,0.026519189324058404,2345,0,0.0,Prepaid,North,12,2,0
2121,2023-03-31,Home,0,5736.55,0.15434008632104504,3868,4,0.4471838418088104,COD,East,7,3,0
4943,2023-03-31,Home,0,633.66,0.0,1194,1,0.1434463354193548,COD,South,8,4,0
156,2023-03-31,Apparel,1,725.17,0.25939273193592804,2948,2,0.06641991773883925,Prepaid,East,8,3,0
2126,2023-03-31,Footwear,1,506.47,0.0,2414,1,0.18864683111449737,COD,North,9,4,0
1135,2023-03-31,Electronics,0,2858.72,0.03243473508861468,3129,0,0.0,COD,South,4,2,0
3630,2023-03-31,Electronics,0,677.92,0.0,3958,1,0.19031029483410114,COD,East,9,2,0
1051,2023-03-31,Electronics,0,3105.75,0.1980781297853163,4318,1,0.13820920309169013,COD,West,10,11,0
4315,2023-03-31,Electronics,0,3923.01,0.20647286905904863,3051,2,0.04517087253445108,Prepaid,North,1,1,0
2030,2023-03-31,Electronics,0,672.91,0.0,3012,4,0.5429241279457195,COD,South,11,2,1
195,2023-03-31,Apparel,1,2066.37,0.0,4001,2,0.026751368534590123,COD,West,13,0,1
1215,2023-03-31,Beauty,0,2419.24,0.5884721908922638,1529,2,0.3327317678634487,COD,West,3,3,0
4094,2023-03-31,Apparel,1,372.53,0.0,2902,0,0.0,COD,North,8,3,1
2916,2023-03-31,Electronics,0,2801.03,0.0,2547,2,0.10994025702422158,Prepaid,West,13,6,0
4908,2023-03-31,Electronics,0,3769.0,0.0,2074,1,0.005904518696533483,Prepaid,West,8,1,0
26,2023-03-31,Home,0,2323.85,0.0,1168,1,0.06260362228934926,COD,West,6,1,0
3532,2023-03-31,Electronics,0,1717.13,0.0,2098,0,0.0,Prepaid,West,4,1,0
2846,2023-03-31,Electronics,0,501.07,0.0,3860,2,0.005568299399182028,Prepaid,North,5,1,0
3736,2023-03-31,Home,0,646.76,0.029067209454432044,1679,4,0.1061115131207156,Prepaid,North,12,8,1
1020,2023-04-01,Apparel,1,677.23,0.0,3486,3,0.5699037614063832,Prepaid,West,7,3,0
4871,2023-04-01,Apparel,1,2911.15,0.0,1965,5,0.11512739805780568,COD,East,6,1,0
3412,2023-04-01,Home,0,449.57,0.0,3176,3,0.0027027012555625677,Prepaid,North,9,7,0
2085,2023-04-01,Apparel,1,1707.56,0.0,3696,0,0.0,COD,West,5,0,0
3670,2023-04-01,Apparel,1,644.12,0.24845848799969247,1226,4,0.27831161091747847,Prepaid,North,7,4,1
376,2023-04-01,Electronics,0,957.64,0.1252938502567838,2386,0,0.0,Prepaid,West,12,1,0
4251,2023-04-01,Apparel,1,3437.53,0.0844389157318397,2342,2,0.07675523948116278,Prepaid,West,8,0,1
4657,2023-04-01,Home,0,4906.85,0.0,1615,2,0.10537723149566215,Prepaid,South,3,2,0
642,2023-04-01,Electronics,0,725.37,0.14578683715106094,4231,1,0.258193094498244,COD,North,3,4,0
4740,2023-04-01,Apparel,1,1628.46,0.0,2312,4,0.6162481482133809,Prepaid,East,5,1,0
3440,2023-04-01,Apparel,1,485.48,0.0,1361,1,0.04964051705592548,COD,East,7,3,0
1488,2023-04-01,Apparel,1,1646.46,0.552982690812816,3334,3,0.37317173320667557,Prepaid,West,5,2,1
711,2023-04-01,Apparel,1,3489.19,0.1113018293474845,2930,0,0.0,Prepaid,North,2,5,0
478,2023-04-01,Footwear,1,2189.58,0.0,1505,2,0.2515239882482796,COD,West,2,2,0
1226,2023-04-01,Apparel,1,3610.25,0.3187024887629186,2089,1,0.572961136615355,Prepaid,West,7,4,0
1603,2023-04-01,Home,0,1615.73,0.0,2693,4,0.10820903830091438,Prepaid,North,1,4,0
589,2023-04-01,Footwear,1,7387.36,0.0,1039,2,0.04315492744073881,COD,West,3,2,0
1515,2023-04-01,Beauty,0,16264.96,0.0,2582,1,0.024377083962754315,COD,North,8,0,0
1524,2023-04-01,Apparel,1,2873.36,0.0,2401,2,0.11754808936172877,Prepaid,South,9,4,0
2824,2023-04-01,Home,0,467.75,0.0,3380,3,0.37917338515969917,Prepaid,North,4,6,0
2330,2023-04-01,Apparel,1,3986.27,0.07745622927722685,4052,3,0.09484742035845299,Prepaid,South,8,8,0
2317,2023-04-01,Electronics,0,894.48,0.0,2473,2,0.0835072190470349,Prepaid,North,14,0,0
3382,2023-04-01,Beauty,0,1822.41,0.0,4412,2,0.0033456888478549792,Prepaid,West,14,2,0
4444,2023-04-01,Home,0,3001.89,0.0,4400,1,0.06347456571770961,Prepaid,South,4,2,0
4284,2023-04-01,Apparel,1,226.07,0.0,3082,1,0.16125052360878586,COD,South,6,4,0
4773,2023-04-01,Apparel,1,1606.72,0.0,3833,3,0.2694447102142149,COD,South,1,1,0
2362,2023-04-01,Beauty,0,1336.74,0.33311897831132453,2753,1,0.18012527342315915,COD,North,7,0,0
3076,2023-04-02,Home,0,541.44,0.26270209812305045,3061,2,0.2796452180090449,Prepaid,North,8,1,1
4671,2023-04-02,Beauty,0,9553.25,0.0,2039,2,0.3573507670487717,Prepaid,North,8,5,0
2087,2023-04-02,Home,0,1307.2,0.0,2299,3,0.10051402900281997,Prepaid,South,1,0,0
162,2023-04-02,Footwear,1,314.1,0.0,4129,2,0.4638514410725351,COD,East,9,3,0
3604,2023-04-02,Electronics,0,8950.8,0.0,4300,1,0.016183966890921223,Prepaid,South,5,1,0
1867,2023-04-02,Apparel,1,6647.85,0.3193344708017625,2526,2,0.13182395294402038,COD,South,6,0,0
4633,2023-04-02,Beauty,0,1027.15,0.41540447116930934,1324,3,0.653571731128287,Prepaid,East,1,0,0
1299,2023-04-02,Apparel,1,2115.72,0.007537117218207809,4457,0,0.0,Prepaid,North,12,5,0
4945,2023-04-02,Footwear,1,1787.37,0.007053710880468106,3219,1,0.005713589995290319,Prepaid,East,9,3,0
1693,2023-04-02,Apparel,1,1589.11,0.4015101214741814,3958,4,0.28663872859094325,COD,West,5,0,0
2717,2023-04-02,Footwear,1,33581.93,0.04412596187947576,2443,2,0.07055647191461652,Prepaid,North,6,1,0
718,2023-04-02,Electronics,0,1369.83,0.0,4279,0,0.0,COD,West,6,3,0
2897,2023-04-02,Apparel,1,360.2,0.0,4268,1,0.26874149912959505,Prepaid,East,3,3,0
2998,2023-04-02,Home,0,3775.52,0.0,1532,3,0.09721243154998267,COD,South,7,1,0
3926,2023-04-02,Beauty,0,855.25,0.6181596977427706,4210,1,0.0828296380975268,COD,East,10,1,0
1527,2023-04-02,Apparel,1,1023.01,0.4127791983524187,1641,5,0.04745235501325226,Prepaid,East,7,1,0
2825,2023-04-02,Beauty,0,553.89,0.09340994082137669,2960,1,0.005171216115573724,Prepaid,North,12,0,0
4607,2023-04-02,Footwear,1,414.69,0.0,3155,2,0.04681135783473306,Prepaid,East,12,5,0
1835,2023-04-02,Home,0,2311.29,0.17014886226326587,3136,4,0.19184487116185803,Prepaid,North,7,2,0
1360,2023-04-02,Beauty,0,2962.86,0.3090600892922762,2322,1,0.11423818859255884,Prepaid,South,6,1,0
1795,2023-04-02,Footwear,1,724.4,0.0,1923,2,0.06654652189221621,COD,South,14,5,0
811,2023-04-02,Footwear,1,922.04,0.5977120010639018,4229,2,0.017126055086212483,Prepaid,North,2,2,0
1234,2023-04-02,Home,0,4163.05,0.0,3407,5,0.21270692602166438,Prepaid,South,6,0,0
310,2023-04-03,Apparel,1,5437.91,0.0,3662,0,0.0,Prepaid,South,10,2,1
1057,2023-04-03,Apparel,1,1674.84,0.0,2702,0,0.0,Prepaid,South,4,1,0
3337,2023-04-03,Footwear,1,4056.7,0.0,1449,2,0.19319320761606246,COD,North,1,6,0
1812,2023-04-03,Home,0,2154.21,0.0,1251,3,0.30062048102675176,Prepaid,East,11,5,0
645,2023-04-03,Apparel,1,5489.85,0.013345351377621315,1041,1,0.4238594635583491,COD,South,8,9,1
3023,2023-04-03,Apparel,1,3415.85,0.1844592411569899,3440,1,0.0950815405363297,Prepaid,South,8,1,0
2544,2023-04-03,Electronics,0,412.63,0.01749160289477597,1577,0,0.0,Prepaid,North,2,2,0
1377,2023-04-03,Electronics,0,1404.92,0.0,3817,4,0.1336889023174708,COD,East,6,0,0
4507,2023-04-03,Apparel,1,431.28,0.0,3125,2,0.22584047210348326,Prepaid,West,6,3,0
2638,2023-04-03,Apparel,1,581.11,0.08478031172208497,1207,0,0.0,COD,North,8,3,0
1174,2023-04-03,Home,0,1110.49,0.0,2194,3,0.4115293355190707,Prepaid,West,5,2,1
4548,2023-04-03,Apparel,1,975.72,0.0,2788,5,0.37665912853882266,Prepaid,West,12,0,0
1229,2023-04-03,Apparel,1,10285.34,0.0,1275,4,0.2616585891938793,COD,West,6,0,0
4758,2023-04-03,Apparel,1,2530.28,0.0,2688,3,0.006565441447473438,Prepaid,East,12,1,1
836,2023-04-03,Beauty,0,1133.09,0.10945004505886152,1673,6,0.5208740704172039,Prepaid,South,1,0,0
4640,2023-04-03,Footwear,1,1352.1,0.13567150143314693,3825,2,0.42531227491533413,COD,South,14,12,1
2173,2023-04-03,Apparel,1,8260.94,0.0,3540,1,0.1291070929996909,Prepaid,West,2,2,0
1865,2023-04-03,Footwear,1,1992.33,0.0,2336,3,0.23529130661850528,COD,East,9,0,0
4107,2023-04-03,Beauty,0,6624.33,0.22051097138552947,1196,1,0.3720087710144647,Prepaid,North,9,3,0
3981,2023-04-03,Apparel,1,501.98,0.047793123361044125,1538,3,0.1861753146565599,Prepaid,West,5,1,0
348,2023-04-03,Electronics,0,2871.94,0.20939739884125677,2665,1,0.32338856916213077,Prepaid,East,8,3,1
1541,2023-04-03,Footwear,1,456.65,0.0,4413,4,0.5530498181069193,Prepaid,North,14,2,1
884,2023-04-03,Home,0,218.91,0.09799270481665115,1047,1,0.552537969249137,COD,North,13,2,0
3175,2023-04-03,Footwear,1,1197.49,0.0,4172,3,0.023388788665007817,Prepaid,West,4,0,0
4798,2023-04-03,Apparel,1,1752.82,0.0,3525,3,0.25549315231024916,Prepaid,North,10,0,0
723,2023-04-03,Apparel,1,458.99,0.0,1623,1,0.46288219494656146,Prepaid,South,12,5,0
4175,2023-04-03,Electronics,0,106.68,0.0,1152,2,0.10881876718402075,Prepaid,North,5,1,0
1272,2023-04-03,Apparel,1,4809.75,0.3427961503003274,2420,0,0.0,Prepaid,West,3,1,0
1777,2023-04-03,Electronics,0,357.6,0.057901110460972814,2211,1,0.2091081730932614,Prepaid,South,13,5,0
1762,2023-04-03,Electronics,0,1012.79,0.0,2544,4,0.48591802726360084,COD,West,10,2,0
3994,2023-04-03,Beauty,0,439.4,0.005493976047754784,3679,5,0.38988154288784527,Prepaid,West,9,0,0
1113,2023-04-03,Apparel,1,906.09,0.0,1083,1,0.035247015741980296,Prepaid,East,11,2,0
1931,2023-04-04,Home,0,832.68,0.12633490906168598,2921,1,0.5196956816580758,Prepaid,North,5,4,0
2973,2023-04-04,Apparel,1,907.21,0.0,2092,1,0.005511820856111018,COD,South,1,5,0
4275,2023-04-04,Electronics,0,1050.75,0.0,3727,3,0.2846926553122359,COD,East,11,5,0
414,2023-04-04,Apparel,1,984.68,0.34842948814642505,1292,2,0.07152381891746051,COD,West,13,4,0
3757,2023-04-04,Apparel,1,1448.69,0.0,3893,4,0.46717985731326506,Prepaid,North,3,3,0
4030,2023-04-04,Apparel,1,900.26,0.23532316870621817,1309,2,0.07989556306273865,Prepaid,West,4,18,0
1910,2023-04-04,Apparel,1,564.06,0.07985354235744499,2817,0,0.0,Prepaid,North,1,2,0
2024,2023-04-04,Apparel,1,697.92,0.00917626290366233,3996,4,0.4566151288646742,COD,South,10,0,1
1003,2023-04-04,Apparel,1,271.87,0.0,2933,2,0.10733221383033395,Prepaid,East,1,2,1
2412,2023-04-04,Footwear,1,428.16,0.0,1572,6,0.05821665809409872,COD,South,9,1,1
1517,2023-04-04,Apparel,1,976.59,0.0,4444,3,0.6577257427235936,Prepaid,West,10,3,1
3672,2023-04-04,Footwear,1,267.71,0.0,3538,1,0.2987259995993041,Prepaid,West,4,5,0
2131,2023-04-04,Apparel,1,243.35,0.0,2371,5,0.2378432000656551,Prepaid,South,13,5,1
4262,2023-04-04,Apparel,1,1030.55,0.0,4332,3,0.07438372877165532,COD,North,8,4,0
3012,2023-04-04,Home,0,1237.1,0.30587719686609227,4320,1,0.07864517739718213,COD,South,13,0,1
4403,2023-04-04,Apparel,1,883.08,0.0,2187,1,0.009848348484700875,COD,West,4,0,0
535,2023-04-04,Home,0,3039.74,0.0,1107,1,0.1985362997404361,Prepaid,South,3,25,0
3769,2023-04-04,Electronics,0,958.45,0.0,4067,2,0.24321895673721527,Prepaid,North,6,2,0
4060,2023-04-04,Electronics,0,454.86,0.0,4126,1,0.2623814560078323,Prepaid,South,13,3,0
3290,2023-04-04,Apparel,1,467.88,0.15031271192140278,1393,4,0.13161193379852948,COD,South,8,1,0
776,2023-04-04,Home,0,2200.11,0.14035164823462476,3566,2,0.4017351256911727,Prepaid,North,1,2,0
71,2023-04-04,Electronics,0,622.75,0.0,3208,2,0.03523172776907696,Prepaid,North,6,6,0
4793,2023-04-04,Footwear,1,1336.1,0.34694268039726794,3433,0,0.0,COD,North,10,4,1
3974,2023-04-04,Electronics,0,226.19,0.38862734287206024,1140,2,0.6203288751197245,Prepaid,North,13,0,0
312,2023-04-04,Electronics,0,275.84,0.26877900834824053,1825,1,0.2994251008887987,Prepaid,North,14,3,0
659,2023-04-04,Footwear,1,1761.81,0.0,4377,2,0.4630574237532366,COD,South,12,1,0
4767,2023-04-04,Apparel,1,1586.2,0.0,1909,1,0.2929875420078462,Prepaid,South,5,4,0
152,2023-04-04,Apparel,1,511.33,0.0,3461,5,0.0838942574943144,Prepaid,North,1,11,0
4942,2023-04-04,Beauty,0,1452.32,0.24226299251601283,2460,1,0.39938118013508245,COD,East,7,0,0
1710,2023-04-04,Beauty,0,744.39,0.0,3616,1,0.38943891811747894,Prepaid,East,12,0,0
140,2023-04-04,Footwear,1,2499.68,0.42219642821306236,4256,3,0.09807214040631021,COD,West,3,5,0
2648,2023-04-04,Apparel,1,9317.06,0.1589149366822448,3431,3,0.03879614972737205,COD,East,11,12,0
1203,2023-04-05,Apparel,1,376.07,0.10489588374211249,1170,3,0.518249501528983,Prepaid,North,9,7,0
116,2023-04-05,Apparel,1,282.97,0.0,2067,2,0.4859709259691664,Prepaid,East,11,0,0
893,2023-04-05,Apparel,1,813.16,0.07523790565657563,1702,3,0.359908434864526,Prepaid,North,8,1,1
753,2023-04-05,Apparel,1,873.67,0.355061882456045,1596,3,0.20768614376373032,Prepaid,South,5,0,0
4093,2023-04-05,Apparel,1,739.17,0.01998944497117143,4087,0,0.0,COD,North,6,0,1
51,2023-04-05,Electronics,0,3690.59,0.0,1792,4,0.2010051915242506,Prepaid,West,4,0,0
771,2023-04-05,Home,0,278.4,0.4118799094915445,3176,0,0.0,COD,West,12,7,0
111,2023-04-05,Apparel,1,2555.66,0.0,2561,2,0.10842331107386748,Prepaid,East,2,1,0
315,2023-04-05,Electronics,0,291.87,0.16078379114413194,2031,2,0.21032342226386222,Prepaid,South,13,0,0
3017,2023-04-05,Apparel,1,1715.13,0.0,4022,0,0.0,Prepaid,West,3,2,1
694,2023-04-05,Apparel,1,4399.26,0.0,1188,4,0.04374805894976899,Prepaid,West,4,3,0
3684,2023-04-05,Electronics,0,1443.32,0.017452366539601166,3059,2,0.049983174364869,Prepaid,East,7,0,0
4233,2023-04-05,Beauty,0,1067.25,0.47219758592513683,1053,1,0.13313333994387688,COD,East,3,4,0
4354,2023-04-05,Electronics,0,1542.51,0.0,1662,2,0.283808685492417,Prepaid,East,10,3,0
173,2023-04-05,Apparel,1,17604.69,0.0,2782,3,0.1462333805086968,Prepaid,East,4,1,0
834,2023-04-05,Home,0,1760.73,0.43218032985353716,4492,2,0.44343305393189575,Prepaid,West,1,1,0
3968,2023-04-05,Electronics,0,330.79,0.0,2647,3,0.3255081783576962,COD,East,13,3,0
2368,2023-04-05,Apparel,1,984.55,0.07133904840513912,1296,2,0.38153841358527363,Prepaid,South,5,0,1
4821,2023-04-05,Electronics,0,5976.22,0.0020828585603935718,3406,0,0.0,Prepaid,South,11,2,0
4820,2023-04-05,Electronics,0,2157.18,0.0,1385,1,0.02418289341915969,Prepaid,North,1,2,0
509,2023-04-05,Beauty,0,882.55,0.09224657628456193,3340,1,0.07798850813600812,Prepaid,West,2,0,0
148,2023-04-05,Apparel,1,873.01,0.0,3834,3,0.22816085339608067,Prepaid,South,6,2,0
3215,2023-04-06,Apparel,1,817.83,0.0,2416,3,0.23306554055050085,COD,West,8,7,0
968,2023-04-06,Home,0,2408.24,0.0,3719,2,0.022239715309885062,Prepaid,South,4,4,0
441,2023-04-06,Beauty,0,10218.93,0.0,2789,0,0.0,Prepaid,West,11,0,1
4223,2023-04-06,Electronics,0,119.12,0.3976684366686608,2968,4,0.40417614181872447,COD,South,6,0,0
829,2023-04-06,Footwear,1,174.68,0.4302903079997288,1872,2,0.05571755938551569,Prepaid,West,4,0,0
1942,2023-04-06,Electronics,0,512.43,0.0,1406,3,0.11083524813927456,Prepaid,North,11,2,0
1402,2023-04-06,Apparel,1,1694.33,0.0,2781,3,0.39220462595104844,Prepaid,South,1,4,0
2865,2023-04-06,Apparel,1,554.58,0.0,4248,3,0.06048424255836791,COD,East,2,0,0
4991,2023-04-06,Electronics,0,3442.71,0.1580516295824908,1037,0,0.0,COD,West,14,10,0
3649,2023-04-06,Home,0,252.68,0.06189308366107037,1122,3,0.19339113560831167,Prepaid,West,7,7,0
22,2023-04-06,Footwear,1,5546.86,0.0,1821,1,0.5050631095452008,COD,West,14,1,0
3497,2023-04-06,Apparel,1,1260.06,0.0,1271,3,0.07917483307986867,COD,South,2,2,0
1435,2023-04-06,Home,0,3115.42,0.0,1159,3,0.2917352940394793,COD,South,8,0,0
545,2023-04-06,Apparel,1,979.01,0.0,1766,1,0.030651422584316714,COD,West,4,0,0
740,2023-04-06,Apparel,1,138.61,0.0939954356153318,1321,4,0.21227656239591594,COD,North,5,0,0
1545,2023-04-06,Apparel,1,2024.77,0.1754075824388824,2307,1,0.19394930319412573,Prepaid,East,4,3,1
2004,2023-04-06,Electronics,0,264.26,0.07111980727486004,1764,4,0.4187335118916813,Prepaid,North,3,11,0
2440,2023-04-06,Apparel,1,2301.07,0.0,2685,3,0.03442362824004795,COD,East,3,3,0
3122,2023-04-06,Home,0,207.85,0.0,1651,2,0.30959050396745447,Prepaid,West,2,1,0
2578,2023-04-06,Apparel,1,2399.2,0.2641191563307511,3750,1,0.0067470666055767315,COD,South,1,2,0
1847,2023-04-06,Footwear,1,1707.35,0.0,1109,2,0.3676446171724212,Prepaid,North,13,1,0
1345,2023-04-06,Home,0,1876.8,0.0,3057,1,0.27471028113566215,COD,North,11,1,1
2218,2023-04-06,Footwear,1,394.09,0.0,2592,2,0.005658501520241455,COD,North,4,0,0
3983,2023-04-06,Footwear,1,3047.28,0.5935699761776738,2634,3,0.2873689625704334,Prepaid,East,4,0,1
866,2023-04-06,Home,0,365.0,0.5125597613021936,2158,0,0.0,COD,East,13,0,0
2470,2023-04-06,Apparel,1,8512.7,0.0,4125,0,0.0,Prepaid,West,13,1,0
2189,2023-04-06,Apparel,1,361.81,0.0,2641,3,0.2826338828751686,COD,South,6,2,0
3824,2023-04-06,Home,0,4482.58,0.0556895121926727,2531,1,0.09232075285725364,Prepaid,North,6,7,0
1899,2023-04-06,Home,0,1216.02,0.0,3789,2,0.10796052010807816,Prepaid,South,1,6,0
3058,2023-04-06,Footwear,1,1408.21,0.20411927154910625,1709,1,0.09861085523636152,Prepaid,North,11,4,1
1322,2023-04-06,Apparel,1,3379.82,0.0,1951,3,0.33716914486276817,COD,North,6,1,0
2569,2023-04-06,Apparel,1,455.42,0.06691429535979607,3881,1,0.33106548891109694,Prepaid,North,6,5,0
1685,2023-04-07,Apparel,1,4162.67,0.0,1430,3,0.04357128350884941,COD,South,6,0,0
1843,2023-04-07,Footwear,1,377.01,0.32315168507833536,3532,1,0.4125685954299644,Prepaid,West,4,1,1
3180,2023-04-07,Footwear,1,1340.7,0.01651627131159987,2735,3,0.2511019952366767,Prepaid,East,8,2,0
1687,2023-04-07,Electronics,0,1087.21,0.1390336275421482,1982,0,0.0,Prepaid,West,7,3,0
472,2023-04-07,Apparel,1,329.36,0.12366864922309445,4284,5,0.051927634026897956,Prepaid,West,2,13,0
3172,2023-04-07,Apparel,1,336.33,0.47382631890674864,4476,0,0.0,COD,East,4,8,0
4248,2023-04-07,Apparel,1,2458.89,0.0,1098,2,0.27042521816441656,Prepaid,East,8,2,1
4694,2023-04-07,Electronics,0,297.19,0.0,3426,2,0.11259816180960933,Prepaid,East,14,3,0
855,2023-04-07,Apparel,1,1043.5,0.0,3604,2,0.20672424401084638,Prepaid,North,2,0,0
1848,2023-04-07,Apparel,1,2312.58,0.1845047822498282,3406,2,0.3245868105001615,Prepaid,North,11,1,0
3988,2023-04-07,Apparel,1,500.09,0.2438069197415541,3378,3,0.1847117386369346,Prepaid,South,14,0,1
2220,2023-04-07,Apparel,1,2073.29,0.0,2504,6,0.20016011250662133,Prepaid,East,8,0,0
150,2023-04-07,Electronics,0,2800.89,0.6082395061049853,2188,1,0.07759280106628004,COD,South,8,0,0
3802,2023-04-07,Apparel,1,3263.1,0.0,4106,2,0.02424950240386744,Prepaid,West,8,3,0
1502,2023-04-07,Footwear,1,370.23,0.28403252083123876,3630,2,0.24986198664280707,COD,West,6,0,0
2563,2023-04-07,Apparel,1,1060.08,0.0,1205,4,0.030881041565418287,Prepaid,South,6,0,1
4039,2023-04-07,Beauty,0,2386.51,0.3775843567898518,1918,4,0.06779760430462964,COD,West,9,1,0
15,2023-04-07,Apparel,1,427.22,0.0,2029,3,0.07099651129828939,Prepaid,East,12,1,0
3011,2023-04-07,Home,0,800.6,0.0,3796,1,0.26302369601699294,Prepaid,West,5,5,0
3409,2023-04-07,Apparel,1,765.6,0.0,1834,2,0.21984185339299928,Prepaid,East,5,1,0
1219,2023-04-07,Footwear,1,8126.77,0.0,1210,1,0.009677598055634616,Prepaid,North,1,5,0
759,2023-04-07,Footwear,1,319.44,0.0,1125,2,0.051310805356172134,Prepaid,North,11,2,1
3959,2023-04-07,Apparel,1,585.79,0.0,1509,2,0.01911113962509096,Prepaid,East,14,4,0
623,2023-04-07,Apparel,1,2387.08,0.0,2656,1,0.29558627026472856,Prepaid,South,2,0,1
1824,2023-04-07,Apparel,1,2550.83,0.3952835774426017,4078,0,0.0,Prepaid,South,14,4,0
3588,2023-04-07,Home,0,747.34,0.0,3356,2,0.16289121443002016,COD,South,6,3,0
3709,2023-04-07,Apparel,1,358.33,0.0,2368,1,0.13983423994002167,Prepaid,North,7,0,0
1674,2023-04-07,Beauty,0,361.06,0.0,1397,4,0.13754195470159356,Prepaid,West,7,2,0
4500,2023-04-07,Electronics,0,2013.32,0.0,3781,3,0.2087377665005541,Prepaid,South,14,2,0
2899,2023-04-07,Beauty,0,380.19,0.16457274071973646,3324,1,0.38915741457523534,Prepaid,South,7,0,0
1082,2023-04-07,Electronics,0,2345.22,0.05786989373361398,2647,2,0.4762656272202319,Prepaid,West,4,1,1
4915,2023-04-07,Beauty,0,605.26,0.31321685937091015,2910,3,0.08719141584272629,Prepaid,East,10,2,0
109,2023-04-07,Apparel,1,883.16,0.0,3676,1,0.028634712488547386,Prepaid,East,8,5,0
1484,2023-04-08,Electronics,0,1103.46,0.0,2833,2,0.1376795891901378,Prepaid,East,14,0,0
3387,2023-04-08,Beauty,0,4523.67,0.0,4119,0,0.0,Prepaid,West,4,2,0
1726,2023-04-08,Footwear,1,1547.65,0.0,2982,1,0.012598893937197445,Prepaid,West,14,0,0
4964,2023-04-08,Electronics,0,1244.05,0.0,2736,0,0.0,Prepaid,North,14,2,0
3689,2023-04-08,Footwear,1,2418.92,0.0,3411,5,0.10139851015307672,COD,South,5,4,0
4675,2023-04-08,Electronics,0,582.75,0.0,2332,4,0.12547536958529898,COD,East,13,5,0
719,2023-04-08,Home,0,1564.12,0.0,1249,2,0.00746426949915947,Prepaid,South,10,0,1
3566,2023-04-08,Footwear,1,2805.54,0.13813685381588514,1681,2,0.1467672375341696,COD,North,6,4,0
497,2023-04-08,Apparel,1,2118.17,0.0,1332,2,0.17678987456464487,Prepaid,North,5,0,0
2152,2023-04-08,Footwear,1,1329.55,0.0,3021,3,0.051580284221235104,Prepaid,North,12,1,0
2809,2023-04-08,Apparel,1,7078.86,0.5615708966677246,1535,0,0.0,Prepaid,South,14,6,0
599,2023-04-08,Footwear,1,538.72,0.0,3751,3,0.10219127923985614,COD,East,13,0,1
4495,2023-04-08,Footwear,1,2080.35,0.19211364636766948,4285,4,0.41279146864844346,Prepaid,North,11,1,0
24,2023-04-08,Electronics,0,293.14,0.3474335100728473,2256,4,0.20394043075512633,Prepaid,North,4,3,0
3330,2023-04-08,Apparel,1,3360.86,0.0,3008,3,0.6129087908642896,Prepaid,East,12,0,1
2573,2023-04-08,Apparel,1,2090.24,0.16475215317904274,1962,0,0.0,Prepaid,West,3,7,0
3089,2023-04-08,Apparel,1,1150.45,0.0,2137,1,0.033983901817353585,Prepaid,East,12,1,0
2113,2023-04-08,Apparel,1,1816.37,0.0,1381,3,0.1267862995840175,COD,East,1,2,0
4231,2023-04-08,Electronics,0,3254.81,0.40994690601170014,1725,5,0.27472417539162014,Prepaid,West,4,0,0
1230,2023-04-08,Footwear,1,394.78,0.03008472558389262,1311,2,0.302413955373975,Prepaid,East,4,5,1
4258,2023-04-08,Apparel,1,63.1,0.0,2744,2,0.08544536895878029,Prepaid,South,8,1,0
1546,2023-04-08,Home,0,640.38,0.0,2340,1,0.1335811019443759,COD,South,14,1,0
3918,2023-04-08,Home,0,2622.96,0.21686332345553444,3741,0,0.0,COD,South,2,1,0
1531,2023-04-08,Apparel,1,2103.13,0.44336166187292936,1165,3,0.01659169129794538,Prepaid,West,13,2,0
227,2023-04-08,Home,0,2787.06,0.0,3607,4,0.13157439943741833,COD,North,1,7,0
2737,2023-04-08,Home,0,199.78,0.0,1899,7,0.17777623997461245,Prepaid,South,4,17,0
3793,2023-04-08,Apparel,1,254.31,0.10023666541963502,3665,1,0.13980038614941723,Prepaid,East,5,0,0
4041,2023-04-08,Electronics,0,1181.04,0.0763758114522734,2816,2,0.5327372252568264,Prepaid,West,13,6,0
482,2023-04-08,Footwear,1,516.07,0.0,1775,2,0.6194177396077387,Prepaid,South,14,2,1
2816,2023-04-09,Apparel,1,879.66,0.3160928858003993,4218,8,0.12903640351741796,Prepaid,West,1,0,1
1966,2023-04-09,Apparel,1,295.83,0.0,4124,0,0.0,Prepaid,South,13,6,0
2698,2023-04-09,Home,0,2475.54,0.0,4467,2,0.4517123347335538,Prepaid,West,6,1,1
3838,2023-04-09,Electronics,0,575.56,0.14327754057575323,2592,0,0.0,Prepaid,South,5,8,0
1431,2023-04-09,Electronics,0,2599.23,0.1887329415931968,1307,1,0.37878297690298407,Prepaid,West,12,0,0
204,2023-04-09,Home,0,108.45,0.22266475844937322,2000,2,0.4647815833363622,Prepaid,East,7,2,1
2686,2023-04-09,Electronics,0,453.43,0.0,2525,1,0.24141943058753057,COD,South,10,3,0
479,2023-04-09,Apparel,1,10868.1,0.0,1119,0,0.0,COD,South,10,1,1
2171,2023-04-09,Electronics,0,597.1,0.28872842206439076,2538,3,0.15058970460307747,Prepaid,West,12,1,0
2570,2023-04-09,Apparel,1,320.55,0.0,1949,0,0.0,Prepaid,North,5,0,0
1267,2023-04-09,Apparel,1,1576.02,0.0,1884,2,0.043436157788152366,Prepaid,North,11,0,0
3964,2023-04-09,Apparel,1,2059.38,0.0,1739,1,0.1875355920093668,COD,South,11,0,0
2777,2023-04-09,Home,0,948.3,0.0,2792,2,0.07698832664732919,COD,South,10,7,0
1479,2023-04-09,Home,0,1664.0,0.0,1471,4,0.06307446334438478,Prepaid,West,8,8,0
4614,2023-04-09,Home,0,934.06,0.0,2811,0,0.0,COD,East,6,1,1
4018,2023-04-09,Footwear,1,1780.22,0.008060823658910823,2620,1,0.13430103419747855,Prepaid,West,10,2,0
4823,2023-04-09,Electronics,0,2079.1,0.0,2671,1,0.01089229271178303,COD,North,9,0,0
4037,2023-04-09,Home,0,496.45,0.0,4190,2,0.06455083814720444,COD,North,4,1,0
2445,2023-04-09,Home,0,1119.45,0.0,2291,1,0.3522792625531923,COD,East,6,2,0
4811,2023-04-09,Beauty,0,1325.62,0.2613695083288006,2533,3,0.06819296914640456,COD,West,13,0,0
4047,2023-04-09,Home,0,1406.92,0.0,3585,4,0.06772703972246429,Prepaid,South,13,2,0
3341,2023-04-09,Beauty,0,957.76,0.16024772738597207,4481,5,0.0003619833699626768,Prepaid,North,14,1,0
3203,2023-04-09,Footwear,1,649.25,0.0,1058,1,0.13239240974203956,COD,East,3,0,0
4804,2023-04-09,Footwear,1,1094.14,0.43287980748370347,3261,1,0.06524086600015176,Prepaid,South,13,0,0
3322,2023-04-09,Home,0,653.13,0.2400773325081692,1324,2,0.14484978196009365,COD,East,1,4,0
2391,2023-04-09,Apparel,1,208.53,0.0,1892,2,0.0015712150654675966,COD,North,2,7,0
4946,2023-04-09,Apparel,1,315.91,0.17855770967319753,1987,3,0.20862326613061283,COD,South,4,2,0
88,2023-04-09,Apparel,1,60.03,0.0,3126,2,0.32514357149058337,Prepaid,East,3,6,0
1887,2023-04-09,Apparel,1,10654.21,0.0,2607,2,0.12852576281979075,COD,West,7,7,0
2587,2023-04-09,Apparel,1,538.7,0.05428279299981206,4415,2,0.015884361515109496,COD,North,11,0,0
899,2023-04-09,Home,0,246.33,0.0,1711,2,0.19168414720425844,Prepaid,East,11,4,0
2093,2023-04-09,Electronics,0,1126.98,0.25803991941624027,3826,5,0.26083895679157215,Prepaid,West,4,0,0
4425,2023-04-09,Beauty,0,1103.63,0.18198642114109245,2560,1,0.33155135034793853,COD,West,1,5,0
3646,2023-04-09,Beauty,0,1372.63,0.0,1969,2,0.3709464664268047,Prepaid,West,2,3,0
1563,2023-04-09,Footwear,1,1245.31,0.14055827967811008,2000,2,0.11752593857850968,COD,North,2,4,0
346,2023-04-09,Footwear,1,2928.7,0.4232250724604515,3055,1,0.249568287729095,Prepaid,South,9,6,1
4492,2023-04-09,Home,0,1489.27,0.0,4280,1,0.31600917149720664,COD,West,12,1,0
2975,2023-04-09,Footwear,1,651.05,0.0,1544,1,0.011071144298356865,Prepaid,South,6,4,0
682,2023-04-09,Electronics,0,1880.55,0.0,3142,1,0.09513454402042229,Prepaid,West,4,5,0
4575,2023-04-09,Footwear,1,1333.92,0.19493052472888706,3393,3,0.1767401755357853,COD,West,1,5,1
4402,2023-04-09,Home,0,2321.8,0.2568321773889922,3953,2,0.4946660241608904,Prepaid,South,6,0,0
3003,2023-04-09,Beauty,0,80.71,0.0,2514,1,0.34084641321035297,Prepaid,West,2,1,0
2598,2023-04-10,Home,0,2418.02,0.0761605761996474,2454,2,0.4186256260815836,COD,South,14,4,0
2821,2023-04-10,Apparel,1,489.04,0.0,1009,2,0.49435045825291973,COD,South,13,0,1
4800,2023-04-10,Apparel,1,572.25,0.0,2529,2,0.3969964623633544,Prepaid,South,13,7,1
133,2023-04-10,Apparel,1,749.92,0.0,2147,3,0.016389375055190454,Prepaid,West,1,5,0
1028,2023-04-10,Apparel,1,1668.21,0.0,1481,3,0.07187730385562574,Prepaid,North,13,1,0
2795,2023-04-10,Electronics,0,4791.3,0.09603045520980623,3002,3,0.26881855827556095,COD,South,5,2,0
4545,2023-04-10,Apparel,1,484.59,0.0,3402,1,0.42391570875850415,COD,East,8,6,1
945,2023-04-10,Apparel,1,3368.5,0.0,4032,2,0.2442914506190465,COD,South,2,3,0
983,2023-04-10,Electronics,0,661.6,0.0,1883,2,0.3893715039915027,Prepaid,South,8,7,0
3197,2023-04-10,Home,0,418.4,0.0,3724,2,0.040260635394728746,COD,West,13,0,0
4274,2023-04-10,Home,0,979.01,0.17081398238335826,2335,2,0.292308262209904,Prepaid,East,3,3,0
2417,2023-04-10,Home,0,3177.8,0.0,1707,0,0.0,COD,West,6,1,0
136,2023-04-10,Electronics,0,4563.04,0.18875356227178247,4174,3,0.049939326850123776,Prepaid,West,11,1,0
4062,2023-04-10,Beauty,0,3108.51,0.12344144991026683,2356,1,0.05063119313165468,Prepaid,North,1,9,0
144,2023-04-10,Apparel,1,2779.84,0.0,2306,1,0.25816797308640704,Prepaid,West,10,2,0
1273,2023-04-10,Home,0,3354.74,0.008129515266820056,2714,3,0.15559682018846624,Prepaid,East,4,7,0
3808,2023-04-10,Footwear,1,634.81,0.4956526956820526,2825,3,0.05930774027722046,Prepaid,East,10,0,0
3754,2023-04-10,Footwear,1,2755.75,0.02304601491352974,3485,4,0.0782251561262647,Prepaid,South,8,8,0
3569,2023-04-10,Home,0,949.43,0.0,3421,4,0.16006215914571137,COD,East,2,0,0
4313,2023-04-10,Apparel,1,937.58,0.15145079515921553,4427,2,0.37801912463918097,Prepaid,North,2,0,0
4314,2023-04-10,Footwear,1,1432.54,0.0,2053,2,0.4325174937900378,Prepaid,West,1,3,0
4229,2023-04-10,Home,0,428.55,0.2814198093260214,2444,5,0.20132735772166696,Prepaid,South,12,0,0
2535,2023-04-10,Apparel,1,364.58,0.22419665845847114,2597,3,0.23429993549532255,Prepaid,South,13,0,0
2882,2023-04-10,Apparel,1,2530.71,0.45053798386354005,3793,0,0.0,COD,West,8,0,1
3693,2023-04-10,Apparel,1,132.51,0.0,1720,1,0.022937795447226298,Prepaid,East,9,13,1
2525,2023-04-10,Home,0,1563.0,0.19007059156248732,1334,0,0.0,Prepaid,East,14,2,0
2372,2023-04-10,Apparel,1,742.97,0.0,2809,3,0.169998377239367,Prepaid,East,12,1,0
3000,2023-04-10,Electronics,0,1757.27,0.2894448404854662,3005,2,0.1267977028945662,Prepaid,East,10,0,0
199,2023-04-10,Apparel,1,546.06,0.009247056024701966,3649,0,0.0,COD,North,6,2,0
3895,2023-04-10,Footwear,1,498.08,0.0,4343,3,0.07632380147808719,Prepaid,West,11,2,0
3812,2023-04-10,Electronics,0,393.23,0.2067954673128164,2964,2,0.2674379290339923,Prepaid,East,5,0,0
1129,2023-04-10,Electronics,0,1218.75,0.4954225630201148,2325,2,0.22309194280560685,COD,North,14,1,0
2903,2023-04-10,Electronics,0,34896.86,0.0,1732,1,0.4257841343942619,Prepaid,West,1,6,0
3928,2023-04-11,Footwear,1,178.38,0.1334417470835425,1972,1,0.02810693716124696,Prepaid,East,13,1,0
440,2023-04-11,Electronics,0,3525.13,0.13662637592133337,2611,2,0.0009698017789230137,COD,North,14,6,0
606,2023-04-11,Beauty,0,2795.34,0.2144736696470675,4430,6,0.29041186248691686,Prepaid,West,8,1,0
3641,2023-04-11,Beauty,0,1236.49,0.0,2416,3,0.31181001856175283,Prepaid,East,11,4,0
4053,2023-04-11,Electronics,0,904.64,0.020942204360163433,1050,4,0.011489212239065688,COD,South,6,0,0
4544,2023-04-11,Apparel,1,600.33,0.07969985310232275,3253,2,0.13705793243077047,COD,South,11,4,0
3699,2023-04-11,Home,0,680.87,0.11276602848407007,1971,4,0.2998134438795311,COD,West,9,0,0
3889,2023-04-11,Apparel,1,866.77,0.0,3120,1,0.170950136294451,Prepaid,South,5,2,0
3400,2023-04-11,Apparel,1,155.06,0.0,3833,5,0.25485124930204056,Prepaid,West,9,4,0
3137,2023-04-11,Home,0,283.1,0.4095981214965546,3799,2,0.06641093527488412,Prepaid,East,11,7,0
3987,2023-04-11,Electronics,0,3129.11,0.30362318990494663,1980,1,0.01747699066177509,Prepaid,East,8,0,0
265,2023-04-11,Home,0,224.04,0.13529908501355983,3885,6,0.13553241938186317,COD,West,6,0,0
4317,2023-04-11,Apparel,1,4233.13,0.48545088864950936,4158,0,0.0,Prepaid,North,9,1,0
840,2023-04-11,Apparel,1,1402.0,0.0,4025,0,0.0,COD,South,8,3,0
4682,2023-04-11,Electronics,0,2004.72,0.0,4154,2,0.27918278811604463,Prepaid,South,8,2,0
971,2023-04-11,Footwear,1,3122.31,0.09886901840578176,3493,3,0.20922772621593214,Prepaid,West,7,0,0
2584,2023-04-11,Footwear,1,751.44,0.2665982810743215,1891,0,0.0,Prepaid,West,14,0,0
60,2023-04-11,Footwear,1,1374.28,0.0,4059,1,0.27726739128726463,COD,West,14,2,0
2013,2023-04-11,Apparel,1,148.59,0.17757893084510112,3109,1,0.1151453686122735,Prepaid,West,13,3,0
1984,2023-04-11,Apparel,1,717.31,0.0,2023,1,0.06855385937295248,COD,East,8,1,1
4973,2023-04-11,Home,0,1670.69,0.11412127636862215,3074,3,0.07542990098810114,Prepaid,East,2,2,0
4986,2023-04-11,Apparel,1,977.13,0.0,4096,0,0.0,Prepaid,East,3,0,0
1951,2023-04-11,Home,0,1570.05,0.0,1518,2,0.027192380498146713,Prepaid,North,4,1,0
2217,2023-04-11,Footwear,1,232.78,0.0,3131,2,0.10402322488635173,Prepaid,East,7,0,0
1473,2023-04-11,Apparel,1,4307.35,0.0,3999,6,0.2195512299037865,COD,West,8,0,1
1212,2023-04-11,Electronics,0,338.09,0.0,2658,2,0.19496368034339873,Prepaid,East,12,1,0
2110,2023-04-11,Apparel,1,544.9,0.0,1828,4,0.18215916823645056,Prepaid,North,5,0,0
121,2023-04-11,Electronics,0,923.34,0.06634529331300197,3363,1,0.13376229452026098,Prepaid,South,7,0,1
1282,2023-04-11,Footwear,1,1668.15,0.0,2777,2,0.19970228025101133,COD,East,5,0,1
1287,2023-04-11,Footwear,1,970.31,0.19198866542896786,3849,1,0.24993397498508887,Prepaid,North,1,0,0
1737,2023-04-12,Footwear,1,1218.15,0.0,1892,4,0.10940793669629836,COD,West,7,1,0
123,2023-04-12,Apparel,1,3923.13,0.0,4156,1,0.025802188447370294,Prepaid,West,3,1,0
1042,2023-04-12,Home,0,2044.53,0.0,2055,0,0.0,Prepaid,South,4,1,0
1149,2023-04-12,Footwear,1,1098.26,0.0,2125,1,0.45963780313331787,Prepaid,South,6,4,1
4975,2023-04-12,Footwear,1,22224.26,0.0,3255,1,0.12164738896774854,Prepaid,East,9,2,0
1780,2023-04-12,Footwear,1,1067.33,0.12102365484080575,2547,2,0.10720039353315138,COD,South,3,0,0
421,2023-04-12,Home,0,243.22,0.16038864727897947,3616,2,0.2739288099724832,Prepaid,East,6,6,0
3954,2023-04-12,Apparel,1,3216.65,0.0,2218,1,0.05421687374109432,Prepaid,South,6,0,0
113,2023-04-12,Apparel,1,401.38,0.2886752747845358,1021,2,0.04624139876378321,COD,North,2,3,0
4020,2023-04-12,Electronics,0,593.31,0.0,1515,2,0.19954426350052284,Prepaid,North,10,2,0
4009,2023-04-12,Electronics,0,239.9,0.0,3050,3,0.12058145259175118,Prepaid,East,11,5,0
2577,2023-04-12,Home,0,1514.4,0.0,3858,2,0.21694812712259137,Prepaid,South,2,0,0
952,2023-04-12,Footwear,1,1283.55,0.0,3175,1,0.005382995943926589,Prepaid,South,6,3,0
514,2023-04-12,Apparel,1,1967.22,0.0,1864,2,0.28424059439594285,Prepaid,South,4,4,0
1454,2023-04-12,Electronics,0,515.49,0.0,2409,4,0.02164572022629227,COD,West,4,1,0
973,2023-04-12,Apparel,1,294.87,0.351467394970407,1682,1,0.6619737067094466,Prepaid,West,9,1,1
944,2023-04-12,Electronics,0,1410.57,0.0,2867,0,0.0,Prepaid,West,2,1,0
3819,2023-04-12,Footwear,1,3892.01,0.0,2634,2,0.07615294707710915,COD,West,12,2,0
1752,2023-04-12,Electronics,0,152.58,0.0,3403,3,0.0899553807351569,COD,South,14,2,0
3462,2023-04-12,Apparel,1,812.75,0.23047350879262007,2857,2,0.24963336505139788,Prepaid,West,7,7,1
772,2023-04-12,Beauty,0,3304.32,0.24724385331145274,2438,1,0.2919290151020545,COD,East,8,0,0
2528,2023-04-12,Footwear,1,501.79,0.05898111536842615,4079,1,0.378593388363207,Prepaid,North,5,0,0
2436,2023-04-12,Electronics,0,366.4,0.5592818400361588,4221,0,0.0,Prepaid,North,14,2,0
3199,2023-04-12,Home,0,215.77,0.0,3322,3,0.19590663851205048,Prepaid,West,9,6,0
887,2023-04-12,Apparel,1,536.82,0.04472709274353821,1751,3,0.0008498944392321714,COD,North,3,0,0
2760,2023-04-12,Apparel,1,4217.61,0.3445601917612054,2011,3,0.09704926425418961,Prepaid,North,14,0,0
4854,2023-04-12,Electronics,0,1634.35,0.0,3295,0,0.0,Prepaid,North,11,2,0
1357,2023-04-12,Electronics,0,751.66,0.0,3624,0,0.0,Prepaid,South,9,5,0
1220,2023-04-12,Footwear,1,3092.3,0.0,1479,1,0.013418134391668987,COD,West,3,1,0
1259,2023-04-12,Home,0,652.54,0.0,1875,2,0.05493100676511834,Prepaid,West,11,0,1
57,2023-04-12,Apparel,1,8939.44,0.0,3574,0,0.0,Prepaid,East,9,0,0
839,2023-04-12,Apparel,1,5883.45,0.0,1175,3,0.05672582704514038,COD,East,1,4,0
2366,2023-04-12,Apparel,1,3288.67,0.0,1013,0,0.0,Prepaid,South,3,2,0
2510,2023-04-12,Apparel,1,812.91,0.0,1733,3,0.41609935348934796,Prepaid,East,11,1,0
197,2023-04-13,Footwear,1,714.39,0.0,2227,1,0.07057051449049326,COD,East,11,9,0
970,2023-04-13,Electronics,0,689.18,0.0,4391,2,0.05009602812279368,COD,West,14,2,0
2438,2023-04-13,Apparel,1,108.08,0.2100634708719179,2971,3,0.3292648932843014,COD,East,8,1,0
4396,2023-04-13,Apparel,1,8044.18,0.06673490741192958,2459,1,0.004352116975869025,Prepaid,South,2,0,0
4073,2023-04-13,Beauty,0,552.63,0.0,1808,2,0.32843582093093987,Prepaid,South,3,1,0
3352,2023-04-13,Footwear,1,722.29,0.0,2970,1,0.00143831352071904,COD,South,14,2,0
2901,2023-04-13,Apparel,1,1155.43,0.03648645651201067,1943,0,0.0,Prepaid,East,11,7,0
189,2023-04-13,Apparel,1,442.99,0.0,2873,0,0.0,Prepaid,North,4,2,1
1916,2023-04-13,Footwear,1,707.37,0.0,4207,2,0.28631756505634254,Prepaid,North,2,6,0
2890,2023-04-13,Home,0,372.23,0.0,3066,3,0.05149505013462563,Prepaid,West,4,8,0
147,2023-04-13,Apparel,1,5751.49,0.15884172589314982,1478,2,0.19668041223827556,COD,North,3,2,0
1872,2023-04-13,Home,0,2282.63,0.0,3784,3,0.47331480280051896,COD,South,1,1,0
2668,2023-04-13,Electronics,0,488.17,0.17950089532104405,2571,4,0.07212191837075735,Prepaid,North,2,0,0
668,2023-04-13,Apparel,1,1830.35,0.17666221942060448,3363,1,0.1584758672601606,COD,West,5,1,1
3860,2023-04-13,Apparel,1,5437.35,0.0,1547,2,0.32029697355658354,Prepaid,South,2,1,0
3620,2023-04-13,Apparel,1,491.64,0.4366873677717459,1481,2,0.029914985465862846,Prepaid,South,10,6,0
3064,2023-04-13,Home,0,2979.07,0.0,1366,4,0.33431729402315385,COD,East,13,11,0
3655,2023-04-13,Apparel,1,673.6,0.0,1055,3,0.3259636624168409,Prepaid,South,4,1,1
2026,2023-04-13,Footwear,1,1378.97,0.0,1414,1,0.36269326874399443,COD,East,10,8,0
4884,2023-04-13,Apparel,1,1460.02,0.1386003271337679,3993,3,0.014235792220644512,COD,South,4,0,0
3749,2023-04-13,Footwear,1,3782.56,0.0,4260,2,0.3314557414347166,Prepaid,North,10,3,1
2002,2023-04-13,Apparel,1,755.42,0.49265209602569027,3326,2,0.34745030947159994,COD,East,4,0,1
3553,2023-04-13,Electronics,0,515.36,0.0,2755,1,0.11337751195317548,Prepaid,South,5,3,0
3791,2023-04-13,Electronics,0,925.98,0.0,1857,1,0.144030097820704,Prepaid,West,6,0,0
3545,2023-04-13,Electronics,0,3067.48,0.1596511895948162,3528,1,0.21042105764175137,Prepaid,East,6,1,0
3543,2023-04-13,Home,0,443.23,0.33813036570998967,1553,5,0.2425320278645391,Prepaid,South,14,5,0
4435,2023-04-13,Footwear,1,989.03,0.0,2810,1,0.022448447915899887,Prepaid,East,5,0,0
3810,2023-04-13,Apparel,1,715.15,0.0,1153,2,0.33573422273183284,Prepaid,South,8,1,0
2607,2023-04-13,Beauty,0,517.23,0.0,2005,5,0.013694477498625457,Prepaid,East,5,1,0
3131,2023-04-13,Apparel,1,3631.46,0.23932949321961422,3937,2,0.03269918477108374,Prepaid,West,8,9,0
4515,2023-04-13,Footwear,1,703.94,0.10678223798650814,2882,1,0.17567825263934964,COD,East,1,2,0
2205,2023-04-13,Footwear,1,667.54,0.01402857947809684,1976,0,0.0,Prepaid,North,8,6,0
3862,2023-04-13,Electronics,0,2036.19,0.0,3265,2,0.04277045242562747,Prepaid,West,1,5,0
347,2023-04-13,Footwear,1,307.96,0.37910363215138865,3810,0,0.0,Prepaid,West,3,0,1
568,2023-04-13,Apparel,1,1734.86,0.32029713581979485,4238,2,0.015718946076657126,Prepaid,East,12,2,0
3245,2023-04-13,Apparel,1,1857.59,0.204034003805703,2292,2,0.2214666454306748,COD,South,1,1,0
388,2023-04-13,Electronics,0,1981.03,0.0,2211,2,0.15395850489800725,Prepaid,East,5,6,0
4197,2023-04-13,Apparel,1,689.26,0.0,4438,6,0.25879307169152,Prepaid,West,3,0,0
128,2023-04-13,Electronics,0,3321.84,0.0,1133,2,0.05733885569296108,Prepaid,West,8,3,0
1098,2023-04-13,Electronics,0,542.5,0.0,1633,0,0.0,Prepaid,North,8,2,0
411,2023-04-13,Apparel,1,1943.37,0.0,1657,0,0.0,Prepaid,South,3,3,0
3504,2023-04-14,Footwear,1,455.85,0.0,1587,3,0.2012941498578206,Prepaid,East,2,0,0
993,2023-04-14,Apparel,1,7875.52,0.08764287382694452,3774,2,0.09408709457669362,Prepaid,North,3,2,0
3449,2023-04-14,Beauty,0,236.0,0.0,3002,2,0.6497604965144228,COD,East,14,0,1
3460,2023-04-14,Footwear,1,754.51,0.0,3767,0,0.0,Prepaid,North,8,1,1
3,2023-04-14,Apparel,1,1596.34,0.0,3069,1,0.4390563391661926,COD,South,9,5,0
2192,2023-04-14,Apparel,1,641.06,0.14812185227561195,3164,2,0.3063150833785531,COD,South,2,10,1
1646,2023-04-14,Footwear,1,165.99,0.0,1516,2,0.05604151023823763,Prepaid,South,6,0,0
4928,2023-04-14,Footwear,1,531.32,0.022281256006293992,3242,3,0.12700127880101886,COD,South,12,0,0
889,2023-04-14,Home,0,2068.54,0.0,1150,3,0.2957546747985316,COD,East,12,1,0
4219,2023-04-14,Footwear,1,2815.97,0.27707602652331,3447,2,0.1404898048396289,Prepaid,South,13,1,0
3590,2023-04-14,Electronics,0,1100.71,0.0,3128,6,0.24189297448328118,Prepaid,North,7,2,0
2930,2023-04-14,Apparel,1,8541.84,0.0,3138,5,0.18863202066748594,Prepaid,South,5,1,0
4491,2023-04-14,Apparel,1,2110.9,0.0,3587,1,0.3592338834480387,COD,East,8,1,0
2538,2023-04-14,Apparel,1,1172.28,0.0,3278,4,0.014278621337264723,Prepaid,West,6,3,0
3631,2023-04-14,Footwear,1,4437.67,0.0,1105,0,0.0,Prepaid,West,8,1,0
2056,2023-04-14,Apparel,1,6888.06,0.2668942862046868,3290,7,0.01696315285411263,Prepaid,North,1,4,0
3683,2023-04-14,Electronics,0,752.16,0.535873097357121,4199,1,0.022125733087887296,COD,North,8,0,0
4458,2023-04-14,Home,0,915.88,0.0,2109,5,0.6355810586774293,Prepaid,North,12,0,0
1254,2023-04-14,Footwear,1,15613.38,0.0,1469,1,0.3145032058159974,Prepaid,North,7,14,0
2999,2023-04-14,Apparel,1,273.55,0.0,1492,3,0.08827249603532195,COD,North,8,0,0
540,2023-04-14,Apparel,1,1055.04,0.0,2347,0,0.0,Prepaid,East,6,2,0
2994,2023-04-14,Footwear,1,8932.56,0.0,3627,0,0.0,Prepaid,West,4,0,0
1449,2023-04-14,Home,0,1129.3,0.0,2078,1,0.33364496357502943,COD,North,6,3,0
1702,2023-04-14,Footwear,1,6860.68,0.41501558115004855,1089,2,0.034328455290680175,Prepaid,West,5,1,0
2462,2023-04-14,Beauty,0,2190.79,0.3634292051172646,3863,1,0.0016642795391154468,Prepaid,South,2,1,0
416,2023-04-14,Apparel,1,1983.77,0.0,1947,4,0.21475565035716299,Prepaid,North,7,4,0
2839,2023-04-14,Electronics,0,2902.69,0.3233731475816387,3297,0,0.0,Prepaid,North,5,2,0
1570,2023-04-14,Footwear,1,1452.77,0.0,1638,1,0.15896952562431063,Prepaid,South,3,3,0
3340,2023-04-14,Home,0,183.46,0.0,4459,2,0.07436992539021345,Prepaid,East,13,1,0
78,2023-04-14,Beauty,0,1094.88,0.0,4009,4,0.0007672407299451157,Prepaid,East,2,0,0
3508,2023-04-15,Footwear,1,1843.75,0.0,3819,3,0.14386511009240693,COD,North,9,2,0
2495,2023-04-15,Footwear,1,2835.28,0.020458857029392305,1375,3,0.24131924308550484,Prepaid,North,1,0,0
1882,2023-04-15,Beauty,0,324.06,0.006523639538301262,3261,1,0.03273259872967401,Prepaid,North,12,3,1
1262,2023-04-15,Beauty,0,2151.1,0.0,2089,1,0.17500061034258804,Prepaid,South,1,5,0
2302,2023-04-15,Electronics,0,4520.22,0.0,1889,4,0.01983298480213045,COD,West,11,1,0
4263,2023-04-15,Apparel,1,699.84,0.0,3093,3,0.686113797728325,Prepaid,North,1,0,0
2877,2023-04-15,Home,0,1982.11,0.11956723042319177,2571,3,0.0643002267984276,COD,North,9,1,1
1187,2023-04-15,Electronics,0,1268.74,0.0,1904,5,0.1379923129154566,Prepaid,South,4,0,0
615,2023-04-15,Apparel,1,1481.38,0.0,3448,3,0.16492050751067264,Prepaid,South,11,1,0
2576,2023-04-15,Footwear,1,1083.13,0.0,2430,2,0.3812980523765642,COD,West,13,3,0
3319,2023-04-15,Apparel,1,577.99,0.0,4389,0,0.0,Prepaid,North,10,2,0
3007,2023-04-15,Apparel,1,1229.47,0.0,1832,2,0.4046949779445841,COD,South,12,4,0
1697,2023-04-15,Apparel,1,1551.61,0.33717054607314134,1315,4,0.6355613618072989,Prepaid,East,13,0,1
3218,2023-04-15,Electronics,0,1442.5,0.0,2281,4,0.3132388412081361,Prepaid,North,2,5,0
3849,2023-04-15,Footwear,1,10680.49,0.0,1032,1,0.3938398476264869,Prepaid,North,13,4,1
1300,2023-04-15,Beauty,0,1401.91,0.34665101511169283,3737,2,0.015488694494938653,COD,West,11,5,1
2653,2023-04-15,Home,0,606.04,0.0,2740,2,0.028296667456842037,COD,West,13,2,0
831,2023-04-15,Apparel,1,1937.77,0.0,1746,2,0.06485293701167959,Prepaid,West,5,4,0
303,2023-04-15,Electronics,0,926.69,0.023582882340918293,3210,1,0.11465245427784848,Prepaid,South,12,0,0
4726,2023-04-15,Apparel,1,1262.84,0.2425109912937148,2288,1,0.2277315661454042,Prepaid,South,13,7,0
4993,2023-04-15,Footwear,1,908.92,0.0,3811,0,0.0,Prepaid,North,2,0,0
3486,2023-04-15,Apparel,1,1371.73,0.32499183712211144,4132,3,0.028641986609362364,COD,West,9,7,0
3178,2023-04-15,Apparel,1,546.58,0.0,2478,2,0.1752000664276875,COD,East,2,2,0
1002,2023-04-15,Beauty,0,631.45,0.11745675482916096,1286,1,0.12699259328167672,Prepaid,North,13,4,0
1642,2023-04-15,Beauty,0,184.19,0.0,1575,1,0.06122904955147905,Prepaid,North,14,0,0
2070,2023-04-16,Electronics,0,529.13,0.18533280519341164,1285,3,0.22015002821787166,Prepaid,East,4,2,0
4522,2023-04-16,Beauty,0,5538.97,0.0,3804,1,0.1854808811339065,Prepaid,South,3,0,0
2047,2023-04-16,Home,0,5907.99,0.0,1775,0,0.0,COD,North,2,0,0
2346,2023-04-16,Footwear,1,1144.0,0.0,1133,5,0.03923134226204737,Prepaid,West,4,2,0
3829,2023-04-16,Footwear,1,2520.46,0.0,1528,1,0.3609495440961059,Prepaid,North,2,1,0
250,2023-04-16,Beauty,0,4696.83,0.0,2790,0,0.0,Prepaid,West,12,1,0
4692,2023-04-16,Apparel,1,2518.89,0.0,2983,3,0.057772038865960516,Prepaid,North,2,3,0
937,2023-04-16,Electronics,0,828.68,0.003762397787537064,2508,1,0.08596130293676879,Prepaid,West,11,8,0
4530,2023-04-16,Apparel,1,344.39,0.0,1087,0,0.0,Prepaid,South,11,7,0
789,2023-04-16,Electronics,0,712.38,0.10395498630248441,3155,0,0.0,Prepaid,East,10,1,0
4334,2023-04-16,Electronics,0,1658.75,0.0,1061,2,0.3235113572831242,Prepaid,South,9,6,0
1438,2023-04-16,Electronics,0,2578.4,0.2624565277943482,4040,1,0.24647743659232382,COD,North,12,1,0
2231,2023-04-16,Home,0,1208.61,0.0,1721,3,0.09405469227117533,Prepaid,North,7,7,0
3010,2023-04-16,Apparel,1,1173.88,0.0,2817,4,0.010406398449062403,Prepaid,South,5,3,0
3220,2023-04-16,Apparel,1,493.53,0.23170281453335306,2495,0,0.0,Prepaid,South,10,0,1
2713,2023-04-16,Beauty,0,11299.35,0.09891376451546463,4492,4,0.11660133536715551,Prepaid,West,13,10,0
2855,2023-04-16,Apparel,1,4669.6,0.0,4250,2,0.035156037574929314,Prepaid,West,10,1,0
1326,2023-04-16,Footwear,1,815.9,0.3003539841233241,3779,3,0.271819432384068,Prepaid,East,11,0,0
3524,2023-04-16,Home,0,493.43,0.0,1266,2,0.018327863510587225,Prepaid,West,7,5,0
2633,2023-04-16,Footwear,1,1072.36,0.03586468030680344,2054,4,0.08197020373857965,Prepaid,North,14,1,0
4698,2023-04-16,Apparel,1,897.18,0.0,2755,2,0.08186967383446167,Prepaid,South,11,5,0
4809,2023-04-16,Apparel,1,3644.24,0.0,1446,3,0.23707349658565985,Prepaid,North,12,1,1
2254,2023-04-16,Apparel,1,63.96,0.0,3376,1,0.45790895638320983,Prepaid,East,6,4,0
900,2023-04-16,Apparel,1,852.67,0.15796219621118304,1111,3,0.011853657807702308,COD,South,11,4,0
218,2023-04-16,Apparel,1,589.48,0.2854364011770779,2698,5,0.13633461235951572,COD,West,12,7,0
1640,2023-04-16,Electronics,0,1957.73,0.33233184511168123,2386,1,0.30165673222464257,Prepaid,East,1,2,0
4167,2023-04-17,Electronics,0,1017.96,0.03168314246801987,1126,2,0.08762610239714638,COD,South,12,2,0
272,2023-04-17,Apparel,1,5858.02,0.09113684599371638,3748,1,0.28009108210092576,Prepaid,West,11,3,0
3442,2023-04-17,Electronics,0,1353.54,0.13750544268178105,3073,2,0.05056464135146336,Prepaid,North,2,1,0
1700,2023-04-17,Electronics,0,574.64,0.0,2918,3,0.5146389866388101,Prepaid,East,3,0,0
3219,2023-04-17,Electronics,0,3868.43,0.3578122372710336,1476,1,0.09771207798704419,Prepaid,North,12,0,1
2976,2023-04-17,Footwear,1,315.65,0.0,1609,2,0.007859624618268689,Prepaid,West,12,0,0
3695,2023-04-17,Apparel,1,835.91,0.0,4177,4,0.2448314996820806,COD,East,14,5,0
182,2023-04-17,Apparel,1,551.31,0.0,1306,0,0.0,COD,South,2,1,0
1155,2023-04-17,Electronics,0,3605.55,0.0,1607,2,0.12495985953994257,COD,South,7,0,0
2773,2023-04-17,Apparel,1,200.59,0.0,4010,1,0.4293056292858464,Prepaid,West,1,1,0
2377,2023-04-17,Electronics,0,6623.76,0.4274001002479729,3717,0,0.0,COD,East,11,2,0
3696,2023-04-17,Home,0,1723.93,0.0,3421,0,0.0,Prepaid,South,6,0,0
4593,2023-04-17,Apparel,1,386.42,0.3052943611786667,1536,1,0.05593382866409729,Prepaid,West,8,3,0
4638,2023-04-17,Apparel,1,465.65,0.2257145541229752,4234,4,0.19036858957484756,Prepaid,East,13,2,0
918,2023-04-17,Apparel,1,1866.99,0.0,2132,4,0.010807532060470831,Prepaid,East,5,0,0
2229,2023-04-17,Apparel,1,2754.13,0.0,1702,2,0.23370055477734653,Prepaid,East,10,0,0
4294,2023-04-17,Footwear,1,1085.35,0.0,2942,1,0.2841020789435124,COD,West,5,2,0
4763,2023-04-17,Electronics,0,3209.66,0.0,2746,3,0.3582685663338867,COD,South,3,0,0
4861,2023-04-17,Footwear,1,258.02,0.1486167548869337,3765,3,0.1451583467471751,Prepaid,North,12,4,0
3535,2023-04-17,Apparel,1,233.14,0.0,2343,4,0.25102459287445844,Prepaid,West,14,3,1
2492,2023-04-17,Apparel,1,575.76,0.0,1084,6,0.19822325636827892,Prepaid,East,1,5,1
4579,2023-04-17,Home,0,1558.85,0.0,1961,0,0.0,Prepaid,South,12,5,1
746,2023-04-17,Electronics,0,621.34,0.0,4268,2,0.10489025837029958,Prepaid,North,5,6,0
1758,2023-04-17,Electronics,0,619.06,0.42517135207743506,2078,1,0.04369878918157865,COD,North,14,12,0
1117,2023-04-17,Beauty,0,289.09,0.0,1453,2,0.009856555592357734,Prepaid,West,12,0,0
3929,2023-04-17,Footwear,1,719.79,0.0,4025,3,0.20170690409620126,Prepaid,West,3,0,0
3910,2023-04-17,Home,0,598.5,0.10761498610663862,1142,2,0.6158124227234987,Prepaid,North,12,0,0
3897,2023-04-17,Beauty,0,1013.07,0.0,2438,0,0.0,COD,West,7,0,0
4936,2023-04-17,Footwear,1,4172.03,0.0,2192,0,0.0,Prepaid,South,12,1,0
4162,2023-04-17,Electronics,0,474.11,0.0,1968,3,0.3416065496125234,Prepaid,East,13,2,0
3985,2023-04-17,Home,0,347.88,0.0,2264,4,0.1263073218675208,Prepaid,West,7,30,0
4157,2023-04-17,Apparel,1,708.84,0.46894915737640686,2350,0,0.0,Prepaid,North,13,1,1
149,2023-04-17,Apparel,1,577.85,0.30013063917116933,2354,1,0.050548030692811205,Prepaid,East,1,0,0
2687,2023-04-17,Electronics,0,321.91,0.1736311681536904,2951,4,0.22031914488757462,COD,South,10,2,0
2659,2023-04-18,Footwear,1,1931.66,0.1829075349401475,2887,2,0.10900710006665515,COD,West,6,1,0
3046,2023-04-18,Home,0,650.77,0.0,3160,2,0.027475233453503604,Prepaid,West,3,0,0
3334,2023-04-18,Apparel,1,4118.09,0.0,1480,0,0.0,Prepaid,North,1,0,0
2418,2023-04-18,Apparel,1,379.02,0.19231071508893102,1511,6,0.0023620505261926716,Prepaid,South,8,0,0
4703,2023-04-18,Apparel,1,3111.01,0.0,2038,1,0.08467081291813162,Prepaid,West,10,1,0
29,2023-04-18,Home,0,876.46,0.21315351749497902,3900,1,0.11461179346832391,Prepaid,West,10,0,0
3562,2023-04-18,Apparel,1,390.88,0.0,2096,1,0.2805680635656939,COD,East,11,2,0
574,2023-04-18,Apparel,1,1516.38,0.0,1695,0,0.0,Prepaid,West,6,2,0
1291,2023-04-18,Apparel,1,593.18,0.0,3272,3,0.2744681635721381,Prepaid,West,13,2,0
3386,2023-04-18,Home,0,475.3,0.17866338378197294,3701,0,0.0,COD,West,10,2,0
4023,2023-04-18,Apparel,1,1179.39,0.0,1230,4,0.2553718596157913,Prepaid,North,9,1,0
2589,2023-04-18,Electronics,0,976.5,0.0,3973,0,0.0,Prepaid,North,10,1,1
2571,2023-04-18,Apparel,1,332.99,0.04536309294423699,1282,1,0.11591566325756776,COD,North,12,0,1
3558,2023-04-18,Apparel,1,956.51,0.0,3136,2,0.2434902722223439,Prepaid,East,10,2,0
507,2023-04-18,Apparel,1,742.58,0.0,1510,2,0.4006018963300794,COD,West,2,3,0
3540,2023-04-18,Apparel,1,1731.06,0.17720905051387387,3894,4,0.16215364700485146,Prepaid,South,13,1,0
4583,2023-04-18,Electronics,0,2496.93,0.0,3436,1,0.3208209564746644,Prepaid,North,5,1,0
4114,2023-04-18,Apparel,1,1718.85,0.0,2972,5,0.39268873407235766,COD,East,11,0,1
3050,2023-04-18,Home,0,1681.99,0.0,1477,4,0.2104081937361522,COD,North,5,14,0
3978,2023-04-18,Home,0,2173.47,0.0607891692962851,4181,3,0.22033858545098636,COD,North,2,1,0
3541,2023-04-18,Beauty,0,593.38,0.0033082910167239465,3569,2,0.3294487907246793,Prepaid,East,12,3,0
2374,2023-04-18,Apparel,1,2633.66,0.16243799269136439,2562,4,0.20243637531648004,Prepaid,South,1,0,1
4984,2023-04-18,Apparel,1,2269.42,0.0,3591,1,0.07709703144544378,COD,West,10,0,0
919,2023-04-18,Apparel,1,1167.38,0.0,4020,0,0.0,COD,North,10,5,1
3548,2023-04-18,Home,0,1128.25,0.0,1729,0,0.0,Prepaid,East,8,0,0
2621,2023-04-18,Apparel,1,1583.15,0.0,3010,1,0.16361875999479655,Prepaid,South,8,1,0
1952,2023-04-18,Apparel,1,3054.44,0.0,2192,0,0.0,Prepaid,West,8,2,0
2270,2023-04-18,Footwear,1,780.37,0.019256541647153416,2702,1,0.05428636610581587,Prepaid,South,6,7,0
4555,2023-04-18,Home,0,620.15,0.0,2743,0,0.0,Prepaid,South,4,1,1
4578,2023-04-18,Beauty,0,498.13,0.06591670555273295,2893,4,0.12924612228090668,COD,East,3,0,0
4815,2023-04-19,Electronics,0,1238.11,0.258115597500016,2194,0,0.0,Prepaid,North,14,12,0
1907,2023-04-19,Footwear,1,2666.6,0.0,1346,3,0.056568024160153094,Prepaid,West,4,3,0
4019,2023-04-19,Apparel,1,342.8,0.21589136702828818,3753,2,0.08895466874896828,Prepaid,North,5,1,0
2107,2023-04-19,Electronics,0,3777.86,0.21691741720906454,4236,1,0.3553165017491201,Prepaid,East,7,4,0
456,2023-04-19,Home,0,634.89,0.08025089015762724,2321,1,0.03683519550127993,COD,West,4,5,0
1184,2023-04-19,Beauty,0,357.22,0.0467490559076066,3750,4,0.5333949204840582,Prepaid,North,1,0,0
2428,2023-04-19,Apparel,1,836.31,0.16830951259809576,4317,2,0.07575353415417932,Prepaid,North,10,2,1
3627,2023-04-19,Beauty,0,3014.36,0.0,3655,2,0.03968698188092765,Prepaid,North,1,0,0
20,2023-04-19,Apparel,1,1775.24,0.0,4273,2,0.07510772980031898,COD,West,4,0,0
3924,2023-04-19,Apparel,1,2021.94,0.06752372068016611,1627,4,0.07366950308297916,COD,East,9,15,0
2692,2023-04-19,Apparel,1,838.0,0.0,3314,2,0.07424923086225306,Prepaid,West,1,1,0
1208,2023-04-19,Electronics,0,1465.27,0.0,1742,1,0.32173532726396514,Prepaid,South,6,0,0
2878,2023-04-19,Beauty,0,199.47,0.0,3907,3,0.3750980040132353,Prepaid,East,2,5,0
666,2023-04-19,Electronics,0,4171.4,0.007080848026771697,3414,5,0.35619176777218947,Prepaid,West,8,0,0
3123,2023-04-19,Home,0,572.49,0.0,2773,4,0.22712613282046124,Prepaid,West,5,0,0
3118,2023-04-19,Beauty,0,826.51,0.3751665633301896,4144,4,0.0830101365368142,Prepaid,West,1,2,0
3117,2023-04-19,Beauty,0,1351.33,0.0,3284,2,0.13855621784820762,Prepaid,South,4,2,0
1921,2023-04-19,Beauty,0,1612.7,0.09699510577821281,3780,1,0.034817129466103776,Prepaid,West,10,1,1
4563,2023-04-19,Apparel,1,4712.19,0.15543246328275467,2161,0,0.0,COD,East,1,12,1
3898,2023-04-19,Home,0,644.62,0.0,4367,3,0.009196612416880353,Prepaid,South,9,2,0
4901,2023-04-19,Beauty,0,1196.09,0.0,2342,1,0.3223213348058908,Prepaid,East,10,5,1
2785,2023-04-19,Electronics,0,1543.71,0.0,3502,3,0.33703736949462887,Prepaid,South,13,1,0
689,2023-04-19,Apparel,1,980.16,0.05298725050272808,2784,2,0.3159344870987087,COD,West,11,3,0
4002,2023-04-19,Electronics,0,750.11,0.021756174090782093,2269,1,0.2564546904993428,Prepaid,South,13,0,0
469,2023-04-19,Home,0,853.79,0.0,3901,1,0.016359018284313007,Prepaid,West,4,1,0
965,2023-04-19,Footwear,1,94.8,0.35893260647308745,3149,3,0.30144832268733124,COD,West,4,8,0
2115,2023-04-19,Beauty,0,862.39,0.4777671325927061,2794,3,0.68893833679764,COD,South,6,0,1
3591,2023-04-19,Electronics,0,1170.15,0.0,1767,4,0.10638131081222688,Prepaid,East,1,2,0
508,2023-04-19,Apparel,1,1383.35,0.12469847661621059,2004,5,0.25068347283358033,Prepaid,North,8,4,0
3899,2023-04-19,Electronics,0,671.65,0.1205918868688341,2472,1,0.39939979654878627,Prepaid,North,5,6,1
4371,2023-04-19,Electronics,0,896.86,0.0,3391,1,0.05305519356714237,Prepaid,North,2,3,0
2548,2023-04-19,Apparel,1,2541.33,0.0,2578,2,0.13628736790277166,Prepaid,West,1,4,0
2592,2023-04-19,Electronics,0,537.56,0.6010792386434162,1260,0,0.0,Prepaid,North,1,1,1
1552,2023-04-20,Electronics,0,2054.01,0.0,2930,2,0.1031740738469727,COD,South,9,4,0
3428,2023-04-20,Electronics,0,1234.42,0.1394698315261988,1629,2,0.058336235712965666,COD,South,10,0,0
4771,2023-04-20,Apparel,1,7878.7,0.0,2193,3,0.13415838581093545,Prepaid,East,8,6,0
1554,2023-04-20,Apparel,1,147.15,0.10628450458459157,3629,2,0.018418833524750176,Prepaid,West,13,0,0
4153,2023-04-20,Home,0,320.31,0.0,2070,2,0.1377496736692978,Prepaid,North,5,2,0
3453,2023-04-20,Apparel,1,489.59,0.0,1917,0,0.0,Prepaid,South,2,0,0
874,2023-04-20,Apparel,1,2391.91,0.07936210379309343,3458,2,0.030403403365125026,Prepaid,South,2,8,1
1883,2023-04-20,Home,0,2185.17,0.0,2848,2,0.36843165928621285,Prepaid,North,2,2,0
3638,2023-04-20,Apparel,1,625.96,0.1681688755144341,2202,0,0.0,Prepaid,South,5,1,1
4962,2023-04-20,Apparel,1,1066.22,0.0,3158,4,0.07576242824929282,Prepaid,North,5,3,0
2206,2023-04-20,Electronics,0,1768.09,0.0,1831,3,0.33260512192272024,Prepaid,South,4,3,0
3164,2023-04-20,Home,0,142.41,0.0,2686,2,0.11616721213439893,Prepaid,South,6,0,0
3665,2023-04-20,Apparel,1,10941.26,0.28674842771363224,3926,3,0.44231520362193383,Prepaid,South,1,4,0
453,2023-04-20,Apparel,1,1607.93,0.29513442154565056,1097,2,0.5872423862084403,Prepaid,South,2,2,1
2421,2023-04-20,Apparel,1,1314.33,0.0,4120,1,0.2417975159688927,Prepaid,South,7,4,1
4914,2023-04-20,Footwear,1,184.39,0.3457561252407759,2943,0,0.0,COD,South,1,6,1
1684,2023-04-20,Beauty,0,1582.44,0.0,2777,0,0.0,Prepaid,South,11,0,0
4976,2023-04-20,Home,0,2875.04,0.0,3871,1,0.44238027671485886,Prepaid,North,8,1,0
2643,2023-04-20,Footwear,1,1247.44,0.0,2389,4,0.09689987068843395,Prepaid,South,11,1,0
3033,2023-04-20,Home,0,6664.46,0.46058822347645234,4029,0,0.0,Prepaid,North,6,6,0
1015,2023-04-20,Electronics,0,2163.31,0.0,1508,2,0.2050291842680889,Prepaid,East,12,7,0
1503,2023-04-20,Beauty,0,337.6,0.0,1690,1,0.0248102768664045,COD,North,9,1,0
4918,2023-04-20,Apparel,1,546.54,0.05174757214369121,2324,1,0.10579223416242936,Prepaid,South,11,2,1
4645,2023-04-20,Footwear,1,305.65,0.0,2286,5,0.31859971565350953,Prepaid,West,13,10,0
4819,2023-04-20,Electronics,0,2332.31,0.018310978817524498,3277,3,0.004191472111821485,COD,East,4,0,0
3657,2023-04-20,Apparel,1,226.2,0.13233390541498685,3330,1,0.07792362636909678,COD,North,13,4,0
3837,2023-04-20,Apparel,1,2594.68,0.08292522940768259,3541,4,0.16320443359228334,COD,East,6,4,0
2183,2023-04-20,Beauty,0,1521.38,0.0,4361,3,0.16021820093630357,COD,East,1,1,0
961,2023-04-20,Electronics,0,265.84,0.0,3975,1,0.033853585228015196,Prepaid,South,14,1,0
4581,2023-04-20,Electronics,0,44202.54,0.0,3305,1,0.2326607499306221,Prepaid,North,13,4,0
710,2023-04-21,Apparel,1,6818.3,0.18444238121674558,1028,1,0.021501194783002543,Prepaid,West,4,2,0
1703,2023-04-21,Beauty,0,2297.01,0.0,1401,2,0.1734762557299439,Prepaid,South,2,1,0
1239,2023-04-21,Home,0,529.45,0.0,2774,2,0.04585522424998733,COD,East,10,0,1
336,2023-04-21,Apparel,1,1913.03,0.0,3762,2,0.44256218708136297,COD,East,13,0,0
1699,2023-04-21,Footwear,1,1107.06,0.0,2398,2,0.20917083708076722,COD,North,6,5,0
4056,2023-04-21,Apparel,1,667.53,0.0,3658,1,0.1910988211014935,Prepaid,East,4,0,0
4998,2023-04-21,Apparel,1,855.57,0.0,2013,1,0.024833109595404756,Prepaid,South,12,0,0
3318,2023-04-21,Home,0,10655.32,0.0,4465,4,0.4049161036240892,Prepaid,South,10,3,0
207,2023-04-21,Beauty,0,1341.24,0.5807543272904149,1496,4,0.004491877684594567,COD,North,6,0,0
3961,2023-04-21,Home,0,78.58,0.0,1541,3,0.13520179309321995,Prepaid,East,6,5,0
1999,2023-04-21,Apparel,1,1424.21,0.12599950484140926,2988,1,0.6479804435791282,Prepaid,South,12,0,0
3539,2023-04-21,Home,0,8284.02,0.3674587527118496,1264,4,0.16385655858829606,COD,North,12,1,0
190,2023-04-21,Home,0,303.5,0.3549654865308032,2579,3,0.3777806548793064,COD,South,14,1,0
3884,2023-04-21,Home,0,2282.9,0.0,4249,5,0.021840945507490703,COD,South,2,5,0
2832,2023-04-21,Beauty,0,959.01,0.10338715337312807,2906,3,0.40935221722508697,Prepaid,West,14,1,0
1178,2023-04-21,Electronics,0,2185.41,0.2404160919021987,3538,1,0.11968211992158362,Prepaid,East,11,0,0
1316,2023-04-21,Beauty,0,741.9,0.0,4156,0,0.0,Prepaid,North,1,2,0
100,2023-04-21,Electronics,0,130.03,0.12499752394939716,3524,1,0.015793707446510975,Prepaid,West,1,2,0
1891,2023-04-21,Electronics,0,1058.9,0.0,3709,1,0.16263215471507506,COD,East,1,0,1
3069,2023-04-21,Electronics,0,456.29,0.4443607670687235,2729,1,0.029862255275880035,COD,North,8,4,0
3165,2023-04-21,Apparel,1,656.91,0.0,3587,5,0.40224843088048395,Prepaid,East,6,4,0
1150,2023-04-21,Apparel,1,461.75,0.0,3622,5,0.01373021652802586,COD,South,7,0,0
4311,2023-04-21,Electronics,0,657.1,0.25003377633149426,2212,3,0.44062415049664627,Prepaid,East,3,6,0
2233,2023-04-21,Apparel,1,7049.62,0.0,2724,2,0.4451136173958051,COD,North,1,1,0
4734,2023-04-21,Electronics,0,5846.5,0.0,3661,2,0.0639122659672111,COD,South,3,2,0
324,2023-04-21,Apparel,1,1283.02,0.07448463590880176,3548,2,0.1535711409861228,Prepaid,West,9,1,0
4156,2023-04-21,Apparel,1,7690.6,0.05588153122414821,1424,1,0.5724272857400265,Prepaid,South,11,8,0
784,2023-04-21,Home,0,1074.33,0.0,3194,2,0.30260278544392527,Prepaid,West,12,3,0
785,2023-04-21,Electronics,0,493.65,0.09205846491665175,2017,4,0.1288301403529023,Prepaid,South,3,2,0
2932,2023-04-21,Apparel,1,99.1,0.0,2244,3,0.247911905592972,Prepaid,East,13,6,1
1548,2023-04-21,Footwear,1,1397.76,0.0,1750,2,0.21077428614442895,Prepaid,North,1,1,0
356,2023-04-21,Home,0,1814.79,0.0,2438,6,0.24708603756457878,Prepaid,South,14,3,0
3194,2023-04-22,Apparel,1,556.75,0.05650946222324697,3626,3,0.04750726199525646,COD,East,7,0,0
3151,2023-04-22,Beauty,0,1731.14,0.0,2022,2,0.12672980582738444,Prepaid,West,1,0,1
4597,2023-04-22,Apparel,1,525.11,0.24488810736189012,1033,0,0.0,Prepaid,East,7,2,0
2454,2023-04-22,Electronics,0,1955.2,0.054959180766392474,4418,0,0.0,Prepaid,West,13,2,1
3261,2023-04-22,Electronics,0,2210.37,0.0,4454,0,0.0,Prepaid,South,7,1,0
4380,2023-04-22,Apparel,1,300.36,0.2201939820779817,3938,1,0.21783830094457204,Prepaid,North,2,6,0
459,2023-04-22,Electronics,0,420.54,0.0,3400,1,0.10620885492958872,Prepaid,South,2,1,0
3254,2023-04-22,Apparel,1,1782.91,0.3829090124445472,2321,1,0.0310943975859295,Prepaid,South,6,3,1
2251,2023-04-22,Apparel,1,1569.55,0.0,4017,2,0.03387331588083594,COD,North,12,4,0
177,2023-04-22,Footwear,1,3038.67,0.0,2400,1,0.0674467314247308,Prepaid,East,4,0,0
4032,2023-04-22,Electronics,0,944.68,0.0,2629,0,0.0,COD,South,1,1,1
764,2023-04-22,Electronics,0,1146.25,0.0,3935,2,0.24050435746460144,Prepaid,East,11,1,0
73,2023-04-22,Electronics,0,4093.05,0.0,3922,3,0.003162948445833481,COD,West,13,0,0
1924,2023-04-22,Home,0,1425.65,0.006214919677209482,2424,2,0.3895730298114592,COD,South,8,1,0
4479,2023-04-22,Beauty,0,952.88,0.13027091896242193,3785,1,0.3025936674820617,Prepaid,North,3,1,0
4320,2023-04-22,Footwear,1,454.59,0.0,3223,3,0.33531371894581813,Prepaid,East,8,0,1
3766,2023-04-22,Home,0,1189.07,0.48522724542230045,2920,1,0.1179282132019233,COD,North,7,2,0
3796,2023-04-22,Footwear,1,1073.82,0.0,2032,2,0.05860341607235183,COD,East,1,2,0
290,2023-04-22,Beauty,0,345.91,0.0,3763,1,0.1970166623000108,Prepaid,South,3,4,0
3821,2023-04-22,Electronics,0,247.46,0.4166048802900434,2500,5,0.049645218029037874,Prepaid,West,5,5,0
1886,2023-04-22,Electronics,0,2940.87,0.0,1198,2,0.049904056247414,COD,South,6,3,1
3596,2023-04-22,Electronics,0,1652.74,0.6857825601230241,4001,1,0.36437646489344483,Prepaid,West,4,0,0
2931,2023-04-22,Apparel,1,1356.12,0.07443765728804927,4021,3,0.20167831246927753,Prepaid,East,6,4,0
2519,2023-04-22,Beauty,0,561.21,0.0,1370,1,0.15274715062916633,COD,East,5,0,0
3832,2023-04-22,Home,0,320.4,0.06461716512478058,1659,2,0.21352815465706507,Prepaid,West,5,2,0
4220,2023-04-22,Apparel,1,1077.69,0.0,1369,3,0.11604792107114459,Prepaid,East,8,5,0
4401,2023-04-22,Apparel,1,200.0,0.0,3633,5,0.10969432888669556,Prepaid,South,8,0,0
4163,2023-04-22,Apparel,1,1226.97,0.476649448280526,3984,3,0.27227130086365875,COD,West,7,0,0
701,2023-04-22,Apparel,1,692.82,0.25183169705873787,2898,3,0.02867794799559575,Prepaid,East,4,0,0
4225,2023-04-22,Apparel,1,1039.66,0.0977502611392415,1822,3,0.1876887597404375,COD,North,4,1,0
3853,2023-04-22,Apparel,1,650.02,0.0,4428,2,0.1646349465064525,Prepaid,East,14,4,0
885,2023-04-22,Footwear,1,3343.62,0.0,3581,2,0.321461572194178,Prepaid,North,12,8,1
2803,2023-04-22,Beauty,0,138.53,0.0,3573,0,0.0,Prepaid,East,13,11,0
2926,2023-04-23,Beauty,0,657.16,0.0,3565,1,0.29439313507870646,Prepaid,East,10,2,0
2699,2023-04-23,Footwear,1,551.28,0.4265989895532575,4033,1,0.49744525215190344,Prepaid,East,1,1,1
3249,2023-04-23,Home,0,2908.77,0.0,3150,2,0.08302534185545173,Prepaid,East,2,3,0
3071,2023-04-23,Electronics,0,1489.6,0.0,1601,4,0.2023749714400032,Prepaid,North,4,0,0
2642,2023-04-23,Apparel,1,1103.01,0.0,1618,0,0.0,Prepaid,West,12,9,0
1380,2023-04-23,Electronics,0,20997.71,0.0,3623,3,0.019884723673679373,Prepaid,West,13,3,0
4025,2023-04-23,Apparel,1,791.68,0.0,4310,1,0.42749581093430356,Prepaid,North,13,0,1
2624,2023-04-23,Apparel,1,1258.96,0.0,2689,2,0.2816905023862766,Prepaid,North,14,19,0
377,2023-04-23,Beauty,0,600.68,0.0,3682,2,0.019033182496034258,Prepaid,East,3,1,0
4390,2023-04-23,Apparel,1,2372.59,0.0,3787,2,0.0505192038491733,Prepaid,East,4,2,0
69,2023-04-23,Apparel,1,4437.06,0.0,3213,1,0.12565977492266878,Prepaid,West,7,0,0
4480,2023-04-23,Footwear,1,2024.61,0.28938284269594416,1713,2,0.036013885901100225,Prepaid,South,2,1,1
418,2023-04-23,Footwear,1,1647.7,0.0,1101,2,0.014172404275364278,Prepaid,East,6,5,0
1542,2023-04-23,Electronics,0,910.76,0.0,2906,6,0.12313913998925757,COD,West,9,9,0
1754,2023-04-23,Apparel,1,1126.39,0.0,2662,3,0.011416528473682965,Prepaid,West,9,3,0
628,2023-04-23,Electronics,0,2256.44,0.0,1929,2,0.23109765619565076,Prepaid,East,9,1,0
281,2023-04-23,Apparel,1,1352.49,0.09688638369310282,1116,4,0.22887976867058657,Prepaid,West,1,3,0
2320,2023-04-23,Footwear,1,53.94,0.33612007737112637,3594,2,0.07136269299841531,Prepaid,North,14,3,0
3256,2023-04-23,Apparel,1,1854.13,0.16860038699975055,3400,3,0.07788394244830157,Prepaid,South,11,4,0
4700,2023-04-23,Footwear,1,581.76,0.2167862809641121,4326,1,0.07996398943557348,COD,North,9,3,0
3997,2023-04-23,Electronics,0,6712.66,0.07018126817859723,3785,1,0.010836709314974085,COD,East,8,5,0
3595,2023-04-23,Footwear,1,1834.85,0.0,1250,2,0.27090716219312805,Prepaid,West,7,2,0
1559,2023-04-23,Home,0,457.2,0.0,1691,3,0.15875916586225286,Prepaid,East,2,5,0
1794,2023-04-23,Apparel,1,2765.88,0.0,3031,1,0.010289148286478263,Prepaid,South,10,2,1
1858,2023-04-23,Home,0,2298.26,0.0,3063,1,0.18457656357431484,COD,South,9,5,0
1130,2023-04-23,Apparel,1,238.73,0.0,3479,2,0.18145463643630394,COD,East,8,3,0
3999,2023-04-23,Beauty,0,1107.09,0.09953491057837538,3075,2,0.04694813317127345,Prepaid,South,2,1,0
2759,2023-04-23,Apparel,1,3871.1,0.0,2323,1,0.3071277143329444,Prepaid,North,1,10,1
1884,2023-04-23,Apparel,1,684.9,0.0,2766,0,0.0,Prepaid,North,8,7,0
446,2023-04-23,Apparel,1,143.14,0.0,3644,3,0.3430644742558418,COD,East,3,0,1
3598,2023-04-23,Apparel,1,487.62,0.0,2741,2,0.013021666900568002,COD,West,5,0,0
2781,2023-04-23,Electronics,0,1273.96,0.0,3245,4,0.15912652822995188,COD,South,12,2,1
4909,2023-04-23,Apparel,1,887.78,0.09996397739677465,2335,2,0.021949796607560627,COD,South,4,2,0
3747,2023-04-24,Home,0,1942.14,0.0,3213,3,0.18065063867921563,Prepaid,North,12,2,0
2880,2023-04-24,Apparel,1,934.57,0.0,2491,0,0.0,Prepaid,West,7,1,0
4572,2023-04-24,Apparel,1,4522.82,0.0,4299,1,0.14271387229317742,COD,West,4,2,0
2409,2023-04-24,Apparel,1,2258.82,0.0,2090,1,0.1891414388981792,Prepaid,North,14,4,0
4186,2023-04-24,Apparel,1,625.35,0.2457873898035859,3976,1,0.008791177132325616,Prepaid,East,13,3,0
1599,2023-04-24,Apparel,1,619.8,0.0,4169,0,0.0,COD,East,2,0,0
3002,2023-04-24,Footwear,1,334.97,0.0,4155,2,0.362904791388583,Prepaid,South,14,1,0
2742,2023-04-24,Home,0,1168.96,0.0,3559,1,0.03829409549019991,Prepaid,South,7,3,0
454,2023-04-24,Home,0,2528.05,0.0,2679,5,0.03207953542294806,COD,East,6,1,0
1032,2023-04-24,Home,0,252.74,0.0,4386,3,0.029946807920705948,COD,East,5,8,0
3314,2023-04-24,Home,0,1090.62,0.30267049709248417,3762,1,0.1724308429547658,COD,East,3,9,0
317,2023-04-24,Beauty,0,1285.57,0.16053251027089885,2457,8,0.10864584588042797,Prepaid,South,8,0,0
4559,2023-04-24,Beauty,0,19726.15,0.20670764804641384,2612,2,0.14615562921594016,Prepaid,West,6,5,0
3955,2023-04-24,Electronics,0,180.33,0.0,2766,3,0.2362299383073509,Prepaid,South,2,5,0
1457,2023-04-24,Apparel,1,1789.96,0.0,2064,2,0.24016324562408392,COD,East,9,3,0
178,2023-04-24,Home,0,733.6,0.12310865815403454,3054,4,0.3615031997821588,Prepaid,North,4,2,0
4756,2023-04-24,Beauty,0,3376.34,0.0,3172,2,0.1444521897986698,COD,North,10,0,0
4384,2023-04-24,Apparel,1,837.07,0.03843465016382334,2554,2,0.1221246803323408,COD,South,13,0,0
4029,2023-04-24,Apparel,1,1230.03,0.0,1192,4,0.579400177895199,Prepaid,West,7,0,0
1270,2023-04-25,Home,0,525.14,0.0,1390,1,0.08561371084870047,Prepaid,West,2,0,0
1263,2023-04-25,Apparel,1,391.63,0.15240577207235606,3252,1,0.20187884499746958,COD,North,10,0,0
2467,2023-04-25,Footwear,1,651.0,0.13715651678575028,2216,1,0.562406589777221,Prepaid,South,3,0,1
2814,2023-04-25,Apparel,1,343.59,0.04725350792305342,2640,2,0.22726400110751996,Prepaid,South,13,1,0
1857,2023-04-25,Apparel,1,2642.12,0.0,1485,0,0.0,COD,North,2,4,1
1445,2023-04-25,Electronics,0,2997.2,0.41310997381958126,3933,2,0.015548623450143061,Prepaid,South,14,0,0
353,2023-04-25,Apparel,1,1176.28,0.32365107831809536,2961,2,0.20066885787537664,Prepaid,East,13,12,0
3235,2023-04-25,Footwear,1,1299.82,0.23195972531540734,3283,0,0.0,Prepaid,East,1,1,0
1955,2023-04-25,Home,0,4140.34,0.49471233327697595,1062,1,0.354022162933742,Prepaid,South,11,3,1
2936,2023-04-25,Home,0,605.73,0.0,1402,2,0.06045316307266262,Prepaid,North,11,0,0
3611,2023-04-25,Home,0,2111.24,0.0,1249,1,0.062232568097028734,Prepaid,West,3,0,0
1083,2023-04-25,Footwear,1,4071.31,0.0,1937,2,0.24533153950400777,COD,North,13,7,1
4257,2023-04-25,Apparel,1,266.84,0.19764312618942811,3045,3,0.1156491367467667,Prepaid,North,2,0,0
4024,2023-04-25,Home,0,193.62,0.0,2805,0,0.0,COD,South,5,1,0
3509,2023-04-25,Apparel,1,166.82,0.0,2654,1,0.0795925451874673,COD,North,6,0,0
4879,2023-04-25,Apparel,1,1830.13,0.0,4347,3,0.28787132260265247,Prepaid,South,10,3,0
2313,2023-04-25,Electronics,0,2437.96,0.005622213677668131,1382,0,0.0,COD,North,14,3,1
4461,2023-04-25,Footwear,1,491.31,0.003945513474276824,4422,0,0.0,COD,West,9,2,0
1547,2023-04-25,Apparel,1,6737.77,0.0,4331,0,0.0,Prepaid,South,1,2,0
3005,2023-04-25,Footwear,1,156.04,0.0,1226,1,0.5543868011570363,Prepaid,East,13,2,1
68,2023-04-25,Footwear,1,6082.14,0.0,3579,2,0.5756701518621569,Prepaid,South,3,5,0
2230,2023-04-25,Electronics,0,1381.02,0.0,3252,1,0.30462666719478015,Prepaid,North,6,0,0
767,2023-04-25,Home,0,1310.58,0.44657692624094525,4426,2,0.14738682529425493,Prepaid,East,6,4,1
3488,2023-04-25,Electronics,0,1053.45,0.0,2269,4,0.1113343522283485,Prepaid,South,14,12,0
2132,2023-04-25,Apparel,1,5836.29,0.0,3100,2,0.39736641913112797,Prepaid,South,3,3,0
1319,2023-04-25,Apparel,1,397.8,0.0,1173,1,0.07890913169218747,Prepaid,West,3,8,0
4052,2023-04-25,Apparel,1,4160.77,0.0,3759,1,0.06931376609043151,Prepaid,North,14,1,0
1550,2023-04-25,Electronics,0,468.82,0.0,4449,3,0.06575458861858599,COD,East,13,1,0
1941,2023-04-26,Footwear,1,1742.74,0.09639368101266138,1074,1,0.12575695689155764,COD,South,12,1,0
521,2023-04-26,Apparel,1,1017.87,0.16668231737946726,1447,1,0.6063135748499558,COD,North,2,0,0
3836,2023-04-26,Electronics,0,715.2,0.05484372807726782,2565,3,0.10711100811633778,Prepaid,West,1,3,0
3833,2023-04-26,Apparel,1,2460.7,0.0,1425,2,0.1752163822556523,COD,South,11,1,0
481,2023-04-26,Footwear,1,3518.6,0.0,1524,3,0.2682268543304919,Prepaid,South,1,1,1
1844,2023-04-26,Electronics,0,1522.44,0.0,3884,0,0.0,Prepaid,East,10,7,0
467,2023-04-26,Apparel,1,536.97,0.0,2626,1,0.2946194506096438,Prepaid,South,11,1,0
1785,2023-04-26,Electronics,0,1531.09,0.009610344216650607,1354,4,0.06690103622605743,COD,West,10,4,0
3892,2023-04-26,Electronics,0,504.53,0.174992812143123,3367,5,0.1395485384810497,Prepaid,North,12,3,1
3287,2023-04-26,Home,0,1102.78,0.2612765049143543,1433,2,0.17943685896583703,COD,West,14,0,0
4209,2023-04-26,Apparel,1,483.36,0.0,3645,5,0.14101466388056932,Prepaid,West,2,5,0
2299,2023-04-26,Apparel,1,529.53,0.12726242030999596,2524,4,0.24191174339104718,Prepaid,South,13,1,0
3597,2023-04-26,Electronics,0,2613.69,0.037583803999077486,1494,1,0.15746337633375124,Prepaid,South,9,2,0
744,2023-04-26,Apparel,1,1073.26,0.0,1644,1,0.3133820482699433,Prepaid,East,5,5,0
3390,2023-04-26,Apparel,1,2720.11,0.11498220434251985,4292,2,0.05029845994669843,COD,East,14,3,1
2086,2023-04-26,Apparel,1,440.29,0.4164718406964857,2585,2,0.3442341577764498,Prepaid,South,8,4,0
3643,2023-04-26,Apparel,1,1201.07,0.0,1161,1,0.4750848846871178,Prepaid,North,3,9,0
3761,2023-04-26,Electronics,0,1260.21,0.0,4067,2,0.02831864361161738,Prepaid,East,1,3,0
586,2023-04-26,Electronics,0,3453.61,0.0,1336,1,0.2332632300289631,Prepaid,West,6,1,0
2037,2023-04-26,Home,0,3024.88,0.0,2695,5,0.10858606022963936,Prepaid,West,4,12,0
3366,2023-04-26,Beauty,0,1334.26,0.0,4139,3,0.002612059346220167,Prepaid,South,8,1,0
4830,2023-04-26,Apparel,1,1844.31,0.0,2046,3,0.3427245777709683,COD,East,5,0,0
4242,2023-04-26,Apparel,1,9003.69,0.0,1498,3,0.19006186755147014,Prepaid,South,5,4,0
1060,2023-04-26,Electronics,0,461.99,0.0633217781109936,1612,1,0.00746989742120747,Prepaid,East,13,2,0
2487,2023-04-26,Apparel,1,2116.37,0.0,3788,1,0.28867845141790144,COD,North,7,1,1
2546,2023-04-26,Home,0,2416.84,0.0,2797,2,0.19765765870268032,Prepaid,West,2,2,0
989,2023-04-26,Home,0,2071.57,0.0,1214,2,0.1357691287448509,COD,East,14,8,0
4728,2023-04-26,Home,0,3718.2,0.20024630874354984,1354,2,0.24549409681814402,Prepaid,West,6,1,1
1052,2023-04-26,Apparel,1,25021.47,0.0,1624,2,0.25011930141029554,Prepaid,North,2,1,0
2718,2023-04-26,Apparel,1,1813.5,0.0,2199,1,0.41372103505567825,Prepaid,East,13,1,0
901,2023-04-26,Apparel,1,2162.26,0.06354950640456519,3637,0,0.0,Prepaid,East,4,3,1
4595,2023-04-26,Footwear,1,2729.24,0.17360333487116736,3451,3,0.30093220499619255,Prepaid,South,11,1,0
2869,2023-04-26,Electronics,0,659.38,0.027678799685546235,1227,1,0.016143181056195364,COD,West,13,0,0
2915,2023-04-26,Home,0,1053.07,0.0,3718,0,0.0,Prepaid,North,5,1,0
3692,2023-04-27,Apparel,1,1579.53,0.2912001312081668,2155,1,0.014449032052105355,COD,South,11,1,0
3049,2023-04-27,Beauty,0,793.9,0.20306145134682832,3338,0,0.0,Prepaid,North,4,2,0
4853,2023-04-27,Apparel,1,163.88,0.0,3897,2,0.07437970817808334,Prepaid,East,3,8,0
1391,2023-04-27,Apparel,1,2527.79,0.0,1585,0,0.0,Prepaid,West,12,4,0
1628,2023-04-27,Footwear,1,679.81,0.19473607702280676,1713,0,0.0,Prepaid,East,13,0,1
1718,2023-04-27,Apparel,1,1418.35,0.0,2510,2,0.013817647584782142,Prepaid,South,12,2,0
4016,2023-04-27,Apparel,1,4983.81,0.11338631466727521,1125,0,0.0,Prepaid,South,11,3,0
1157,2023-04-27,Apparel,1,2028.07,0.0,1374,4,0.08854463184001286,Prepaid,South,7,1,0
4265,2023-04-27,Footwear,1,1075.95,0.0,1820,2,0.26272364490563666,Prepaid,North,5,0,0
3682,2023-04-27,Apparel,1,93.53,0.3605326635036562,3490,4,0.15013809494258243,Prepaid,East,14,3,1
3246,2023-04-27,Electronics,0,3981.27,0.0,2922,4,0.14040055855483677,COD,East,7,0,0
1375,2023-04-27,Apparel,1,428.84,0.0857175608074769,1064,0,0.0,COD,West,5,0,0
3616,2023-04-27,Footwear,1,1611.16,0.0,2154,3,0.2981978494306531,COD,North,12,0,0
2277,2023-04-27,Home,0,2508.86,0.0,1073,2,0.47870513353977434,COD,South,8,3,1
1507,2023-04-27,Electronics,0,1341.94,0.1351138984395105,2565,4,0.49352781644606253,Prepaid,West,1,2,0
905,2023-04-27,Home,0,880.99,0.35869129282600465,3621,3,0.16872643347324356,Prepaid,North,2,7,0
4504,2023-04-27,Electronics,0,479.02,0.0,2004,3,0.015218355795633383,Prepaid,West,8,1,0
4838,2023-04-27,Home,0,1432.43,0.0,3291,1,0.1952018170402302,COD,West,1,4,0
2764,2023-04-27,Electronics,0,11258.23,0.0,2994,0,0.0,COD,North,12,3,0
4622,2023-04-27,Home,0,2864.16,0.10088517761709252,3533,1,0.21981557241027316,COD,West,3,0,0
4950,2023-04-27,Footwear,1,826.68,0.10986114689537436,1077,4,0.5518341853053297,Prepaid,North,7,0,1
1353,2023-04-27,Electronics,0,318.97,0.327666457490826,2318,4,0.18578192042874758,Prepaid,East,14,0,0
2850,2023-04-27,Footwear,1,126.34,0.22646962374796656,3978,2,0.1039806391417026,COD,South,1,3,1
3035,2023-04-27,Apparel,1,851.33,0.31648945750157,4338,3,0.5120024803581122,Prepaid,East,3,0,1
434,2023-04-27,Electronics,0,1374.13,0.0,1437,2,0.2519555165474263,COD,South,5,5,0
1304,2023-04-27,Footwear,1,777.32,0.11121850166146185,2788,4,0.0555505198648053,COD,North,9,1,0
1971,2023-04-27,Home,0,644.63,0.0,3442,1,0.20219035239448765,Prepaid,South,11,8,0
1581,2023-04-27,Apparel,1,944.95,0.14773171423412765,1910,2,0.5122079318213253,Prepaid,South,3,1,1
2305,2023-04-27,Apparel,1,815.12,0.05337413630368744,3904,3,0.30024869568062873,COD,East,11,0,0
2361,2023-04-27,Apparel,1,347.37,0.0,3690,3,0.04255343997252183,Prepaid,East,10,0,0
526,2023-04-27,Home,0,458.41,0.0,1668,2,0.4675589130494778,COD,West,13,1,1
3014,2023-04-27,Beauty,0,2324.76,0.0,3451,0,0.0,COD,South,5,7,1
3186,2023-04-27,Apparel,1,94.54,0.052140065264908914,3460,1,0.37553371276194114,Prepaid,East,10,0,0
541,2023-04-27,Home,0,346.05,0.0,3087,2,0.09467113288310072,Prepaid,East,12,1,0
1889,2023-04-27,Apparel,1,5842.1,0.0,2085,3,0.10510142571429801,Prepaid,South,14,0,1
728,2023-04-27,Electronics,0,2422.64,0.0,2779,0,0.0,COD,North,5,1,1
4810,2023-04-27,Electronics,0,731.07,0.0,2925,1,0.2979189670468714,Prepaid,West,4,0,0
760,2023-04-27,Apparel,1,310.95,0.0,1599,4,0.026639657246366365,COD,West,13,4,0
132,2023-04-28,Apparel,1,383.57,0.0,3713,2,0.08215111552980564,COD,North,9,0,0
4199,2023-04-28,Footwear,1,940.58,0.0,3075,7,0.09566336283698518,Prepaid,East,5,1,1
3589,2023-04-28,Apparel,1,1057.88,0.44136317789914037,2048,1,0.385791240910655,COD,South,2,6,1
4139,2023-04-28,Apparel,1,3296.53,0.207191090003237,1315,0,0.0,COD,South,7,1,1
242,2023-04-28,Footwear,1,1065.35,0.0,1368,1,0.4921166358257085,Prepaid,North,13,0,0
1901,2023-04-28,Footwear,1,1016.91,0.3215221498764434,1763,2,0.009065536740437686,Prepaid,East,1,0,0
2815,2023-04-28,Electronics,0,1400.18,0.0,4406,5,0.08763442425416221,COD,East,3,0,0
4411,2023-04-28,Apparel,1,2401.58,0.457658468583367,4483,2,0.09422686903423397,Prepaid,North,4,1,0
1347,2023-04-28,Beauty,0,2461.09,0.0,4046,4,0.11205298169320209,Prepaid,South,5,0,0
1018,2023-04-28,Apparel,1,594.15,0.21205721697033955,2471,2,0.23430568851446062,COD,East,14,3,1
2852,2023-04-28,Electronics,0,458.5,0.06466354053278459,4356,2,0.0993009038135562,Prepaid,South,10,1,0
212,2023-04-28,Electronics,0,3020.18,0.0,4345,5,0.13696843974172096,COD,West,14,6,0
3478,2023-04-28,Apparel,1,3967.78,0.02169426661357808,1221,4,0.6217455079889893,COD,East,10,0,1
1615,2023-04-28,Apparel,1,1091.83,0.0,2010,0,0.0,Prepaid,West,13,2,0
1214,2023-04-28,Home,0,1482.24,0.0,1069,0,0.0,Prepaid,South,7,3,0
3963,2023-04-28,Beauty,0,444.42,0.2069060361766405,3218,2,0.19012015252321593,Prepaid,South,8,9,0
4439,2023-04-28,Home,0,22087.82,0.05494237295012484,3019,3,0.17432754255878188,Prepaid,North,12,1,0
2690,2023-04-28,Apparel,1,438.03,0.0,2762,2,0.1309947797247774,COD,South,13,1,1
4679,2023-04-28,Apparel,1,259.16,0.08614321362438349,4491,4,0.15983293490247188,Prepaid,West,11,1,0
1406,2023-04-28,Electronics,0,3663.26,0.0,3034,2,0.04328779592975689,COD,West,3,3,0
3056,2023-04-28,Electronics,0,798.64,0.12728897571052794,4070,2,0.20845704919265462,Prepaid,West,12,5,0
2301,2023-04-28,Electronics,0,2421.47,0.0,3303,4,0.10427667684719771,Prepaid,South,13,2,0
4564,2023-04-28,Apparel,1,837.66,0.0,2656,0,0.0,Prepaid,West,8,1,0
2311,2023-04-28,Apparel,1,378.64,0.29392844431826004,1136,0,0.0,COD,West,13,5,0
1088,2023-04-28,Apparel,1,1052.66,0.18282131058832457,2408,1,0.13128530916831652,Prepaid,West,1,1,0
931,2023-04-28,Electronics,0,591.06,0.08696741531174147,2078,3,0.02214925392528318,COD,East,13,0,0
4222,2023-04-28,Footwear,1,761.62,0.0,2294,3,0.00012967589700407315,Prepaid,North,2,0,0
4887,2023-04-28,Apparel,1,526.87,0.18429798500610828,4365,2,0.3333587765949537,Prepaid,North,11,0,0
2049,2023-04-28,Apparel,1,698.66,0.1325665688458793,2323,1,0.16888445080538259,COD,North,1,3,0
3134,2023-04-29,Beauty,0,547.3,0.0,2898,4,0.22385538827876858,COD,North,7,2,0
4304,2023-04-29,Apparel,1,1119.12,0.0,3115,3,0.5684957321005134,COD,South,4,1,0
2724,2023-04-29,Footwear,1,1587.71,0.43303536571879697,1855,1,0.5828057581484559,Prepaid,North,13,0,1
2292,2023-04-29,Home,0,2518.6,0.0,1790,1,0.0609111968666822,Prepaid,North,5,0,0
216,2023-04-29,Electronics,0,2508.06,0.0,4382,1,0.2588473389645683,COD,North,7,10,1
4350,2023-04-29,Electronics,0,2924.77,0.0,4290,1,0.5895041732185831,Prepaid,South,13,1,1
2245,2023-04-29,Beauty,0,527.4,0.0,2898,0,0.0,Prepaid,West,8,13,0
909,2023-04-29,Apparel,1,510.39,0.09034384355731012,1207,2,0.1818358094082149,Prepaid,South,5,2,0
2147,2023-04-29,Beauty,0,900.04,0.16102341987918248,1318,2,0.16705704633463958,COD,North,4,1,0
1933,2023-04-29,Apparel,1,517.71,0.0,3464,1,0.05005338852348549,Prepaid,West,14,6,0
4431,2023-04-29,Apparel,1,2214.78,0.2015122674526434,2851,3,0.1881076621325833,Prepaid,North,6,0,0
2989,2023-04-29,Apparel,1,6222.92,0.3585407564485654,3954,3,0.32210345010829805,Prepaid,North,13,0,0
493,2023-04-29,Apparel,1,218.42,0.0,2091,4,0.3330734651391904,Prepaid,North,11,8,0
2393,2023-04-29,Apparel,1,3765.64,0.3154622071431315,2754,1,0.11423339012838749,Prepaid,East,4,0,0
2661,2023-04-29,Apparel,1,3261.21,0.0,1534,0,0.0,Prepaid,West,12,0,0
93,2023-04-29,Apparel,1,2117.61,0.0,3613,3,0.2661697152945644,Prepaid,North,10,2,0
3268,2023-04-29,Apparel,1,713.12,0.0,4164,0,0.0,Prepaid,East,11,11,0
1467,2023-04-29,Apparel,1,893.11,0.21893656780175896,3517,3,0.22967706641059257,COD,West,6,0,0
1260,2023-04-29,Footwear,1,6963.19,0.0,1121,1,0.1990145733321771,COD,South,14,4,0
3984,2023-04-29,Electronics,0,427.09,0.0,1117,3,0.4026818497356315,Prepaid,East,6,0,1
342,2023-04-29,Home,0,5196.22,0.0,1158,0,0.0,COD,West,5,0,0
2770,2023-04-29,Apparel,1,2925.55,0.3997732087037398,2761,1,0.37683015868366776,Prepaid,South,6,0,0
2883,2023-04-29,Beauty,0,5928.06,0.0,2607,6,0.20456738347877806,COD,West,6,4,0
4271,2023-04-29,Apparel,1,1035.39,0.14904760672384282,4139,4,0.1856341482606082,Prepaid,West,14,0,1
1504,2023-04-29,Apparel,1,1634.86,0.0,3556,2,0.09075729801768469,COD,North,1,0,0
886,2023-04-29,Apparel,1,233.34,0.0,2931,1,0.2438513978525088,Prepaid,West,4,4,0
2137,2023-04-29,Apparel,1,2738.26,0.09542119961001519,3556,5,0.09074943349747833,Prepaid,North,8,0,0
445,2023-04-29,Electronics,0,503.28,0.0,3385,4,0.5340824401776068,COD,East,11,0,0
2526,2023-04-29,Footwear,1,1872.43,0.062031884009304344,1173,2,0.14193192977185717,COD,South,12,2,1
3626,2023-04-29,Home,0,652.41,0.12241841934546194,1716,1,0.43341282969140377,Prepaid,South,7,2,0
449,2023-04-29,Apparel,1,1550.1,0.26691651037248343,2105,2,0.21306964954842128,COD,East,5,3,1
3378,2023-04-29,Apparel,1,1335.51,0.35854705822025223,2744,1,0.4019955063191682,Prepaid,South,5,6,0
966,2023-04-30,Home,0,930.57,0.0,2242,4,0.24145495069836184,Prepaid,West,11,8,0
3859,2023-04-30,Footwear,1,2117.56,0.0,1669,1,0.1308712870349996,COD,West,14,0,0
920,2023-04-30,Apparel,1,2815.92,0.0,1796,4,0.22890073967799307,Prepaid,North,12,0,0
4648,2023-04-30,Home,0,558.35,0.0,3632,2,0.29232860399557525,COD,East,8,1,0
47,2023-04-30,Electronics,0,946.66,0.0,1632,4,0.085903332926084,Prepaid,North,14,0,0
3930,2023-04-30,Home,0,512.56,0.0,1668,1,0.5369295387300128,Prepaid,North,10,6,0
2819,2023-04-30,Apparel,1,629.81,0.2491603776467237,3581,3,0.03931472015028138,COD,North,1,6,0
1308,2023-04-30,Footwear,1,2318.17,0.360346007785744,2975,1,0.2538123347146058,COD,West,2,4,0
4357,2023-04-30,Footwear,1,633.26,0.0,2039,1,0.5153625401586279,Prepaid,North,3,3,1
1325,2023-04-30,Apparel,1,2914.15,0.3790070999713714,3099,1,0.01487427855220869,Prepaid,South,6,7,0
1366,2023-04-30,Beauty,0,6843.19,0.2616444703717618,2472,1,0.3344997456522067,COD,West,6,4,0
1213,2023-04-30,Apparel,1,251.8,0.0,1220,4,0.21520592889726062,COD,North,12,3,0
4373,2023-04-30,Home,0,1686.58,0.0,3927,1,0.00479081369568266,COD,South,11,5,0
1407,2023-04-30,Apparel,1,571.6,0.0,1008,4,0.14897466388107475,Prepaid,East,13,8,0
1983,2023-04-30,Footwear,1,532.72,0.33605867025919595,1715,2,0.2677269009758255,COD,East,7,0,1
451,2023-04-30,Apparel,1,1162.12,0.0,3590,1,0.16022378364105333,Prepaid,West,12,0,1
4599,2023-04-30,Beauty,0,705.35,0.0,3740,2,0.08926010421830931,Prepaid,South,4,1,0
594,2023-04-30,Beauty,0,1495.23,0.0,4311,1,0.5261844205203379,Prepaid,East,3,1,0
3976,2023-04-30,Footwear,1,2305.51,0.07836792503531845,2354,3,0.1798383242699018,Prepaid,East,5,2,1
1108,2023-04-30,Electronics,0,266.07,0.10767350752134552,1742,2,0.0949356213381163,Prepaid,East,12,3,0
124,2023-04-30,Apparel,1,2983.22,0.0,1531,0,0.0,Prepaid,South,9,2,0
888,2023-04-30,Apparel,1,2160.12,0.6247904483429798,3869,4,0.19761284243451469,Prepaid,North,14,1,1
2426,2023-04-30,Apparel,1,2131.18,0.17400385916162026,3426,5,0.32605596482601495,Prepaid,West,5,6,0
1231,2023-04-30,Apparel,1,212.56,0.0,1066,3,0.23530974301617044,Prepaid,South,6,4,0
3239,2023-04-30,Electronics,0,1033.16,0.0,2089,2,0.3764880729407639,Prepaid,West,8,2,0
1252,2023-04-30,Home,0,387.29,0.058877589446781814,2409,3,0.05106514275020328,Prepaid,South,4,4,0
3277,2023-04-30,Apparel,1,619.43,0.0,1634,0,0.0,Prepaid,South,3,4,0
3304,2023-04-30,Home,0,1058.7,0.0,3756,2,0.3548326514654365,COD,North,12,5,0
2400,2023-04-30,Footwear,1,6066.35,0.0,2083,0,0.0,Prepaid,East,12,4,0
598,2023-05-01,Apparel,1,5389.26,0.13923806901304722,3835,0,0.0,Prepaid,East,8,2,0
4731,2023-05-01,Apparel,1,2648.63,0.06032578492343304,2360,1,0.02390063313477797,COD,North,5,2,1
1585,2023-05-01,Apparel,1,1233.46,0.36478435653617847,3593,2,0.3276006045705227,Prepaid,West,13,2,0
924,2023-05-01,Electronics,0,445.64,0.11656321979720173,2347,3,0.1065126158333925,Prepaid,West,3,0,0
4527,2023-05-01,Electronics,0,793.92,0.0,4138,5,0.04285344000328685,Prepaid,South,3,14,0
1346,2023-05-01,Electronics,0,206.29,0.09034387361466323,4139,2,0.07347691611884417,COD,East,9,1,0
2988,2023-05-01,Beauty,0,1855.61,0.09801682848624423,4142,1,0.027648228846337747,Prepaid,South,12,4,0
293,2023-05-01,Home,0,2675.67,0.0,2593,2,0.05097960288068261,Prepaid,West,11,13,0
2558,2023-05-01,Footwear,1,241.07,0.0,1243,0,0.0,Prepaid,West,13,4,1
4688,2023-05-01,Apparel,1,1236.11,0.0,1863,1,0.22582763293860472,Prepaid,West,14,2,0
2597,2023-05-01,Apparel,1,2423.11,0.0,1395,3,0.3045134019929225,COD,West,12,0,0
3147,2023-05-01,Electronics,0,525.65,0.38467822317599965,3112,4,0.06381120975664564,COD,East,14,5,0
643,2023-05-01,Home,0,1607.34,0.0,3139,1,0.030217645850572985,Prepaid,North,14,1,0
3188,2023-05-01,Apparel,1,1179.59,0.0,1480,1,0.3650347240986775,COD,North,3,3,0
585,2023-05-01,Electronics,0,1179.91,0.0,3324,2,0.27602252985237435,Prepaid,North,5,1,0
1320,2023-05-01,Apparel,1,7985.73,0.28159332990218355,1087,3,0.28929961692024275,Prepaid,North,11,0,0
107,2023-05-01,Apparel,1,812.25,0.21488333719250963,1944,2,0.16183314685787956,Prepaid,West,8,6,0
3139,2023-05-01,Electronics,0,722.19,0.0,1106,4,0.05491571242220225,COD,South,14,0,0
3750,2023-05-01,Home,0,4417.64,0.0,3600,1,0.37959249525138467,COD,North,3,0,0
1759,2023-05-01,Footwear,1,1010.07,0.10957138465706644,1733,3,0.4337226612475693,COD,East,7,3,1
4654,2023-05-01,Electronics,0,422.84,0.0,1015,4,0.12198734879303957,Prepaid,North,11,9,0
2891,2023-05-01,Home,0,1298.68,0.08300180003547178,2121,0,0.0,Prepaid,South,9,1,0
56,2023-05-01,Electronics,0,649.84,0.0,2873,1,0.07333070571083872,Prepaid,South,7,0,0
1298,2023-05-01,Electronics,0,2082.8,0.0,2390,2,0.06741693794269064,Prepaid,South,6,1,0
2634,2023-05-01,Electronics,0,750.72,0.0,2747,1,0.011316698090606534,COD,East,1,5,0
101,2023-05-01,Footwear,1,2967.51,0.011493263558759653,3996,0,0.0,Prepaid,East,8,1,0
4997,2023-05-01,Electronics,0,471.66,0.4407859370351953,1085,3,0.08761808216325201,COD,South,13,3,0
2750,2023-05-02,Beauty,0,393.07,0.0,3202,2,0.1328694073434746,Prepaid,North,2,0,0
2269,2023-05-02,Electronics,0,1585.9,0.0,2356,3,0.40027390802175544,Prepaid,East,14,0,0
2962,2023-05-02,Apparel,1,2612.54,0.0,3571,2,0.0715539088019347,Prepaid,West,6,1,0
985,2023-05-02,Apparel,1,356.58,0.3594466263589,3218,2,0.343423972273878,COD,East,12,0,1
3346,2023-05-02,Apparel,1,2094.6,0.2707136147111344,2324,2,0.4196171566488017,Prepaid,North,5,3,0
2012,2023-05-02,Home,0,693.73,0.0,1987,3,0.03061172688304774,Prepaid,North,10,1,0
1210,2023-05-02,Apparel,1,243.14,0.0,3298,2,0.0024853225793204517,Prepaid,West,9,2,0
277,2023-05-02,Footwear,1,2070.59,0.0,4236,1,0.10276142021511744,Prepaid,South,3,7,0
1307,2023-05-02,Apparel,1,2909.39,0.023247947492082116,4322,1,0.3400166213927955,Prepaid,East,1,1,0
717,2023-05-02,Footwear,1,1323.81,0.0,3361,1,0.17805963209057094,Prepaid,East,14,0,0
871,2023-05-02,Electronics,0,3380.03,0.0,3603,2,0.02451808436724087,COD,West,10,2,0
4370,2023-05-02,Apparel,1,150.37,0.0,4362,1,0.1599799854290384,Prepaid,North,9,0,1
1112,2023-05-02,Apparel,1,3121.75,0.0,3546,3,0.091711819172035,Prepaid,North,7,0,0
2072,2023-05-02,Apparel,1,1642.3,0.0,1123,0,0.0,Prepaid,North,8,7,0
3505,2023-05-02,Beauty,0,337.45,0.3632893641147713,3304,3,0.17246638091559352,COD,East,7,4,0
2414,2023-05-02,Beauty,0,1418.36,0.0,3224,1,0.2543045009544234,Prepaid,East,1,2,0
4466,2023-05-02,Home,0,495.98,0.46954778274777487,3211,6,0.10143152334203817,Prepaid,South,12,1,0
2042,2023-05-02,Apparel,1,8780.36,0.01692280138773307,4334,2,0.015930240678006673,Prepaid,North,1,0,0
1736,2023-05-02,Apparel,1,815.1,0.0,3209,0,0.0,Prepaid,South,2,1,0
3680,2023-05-02,Footwear,1,1684.2,0.0,4106,0,0.0,Prepaid,West,11,0,0
4843,2023-05-02,Home,0,183.35,0.03007177372022056,2382,1,0.05919807189396611,Prepaid,East,1,0,0
1044,2023-05-02,Electronics,0,312.93,0.0,1990,3,0.22787358205913272,Prepaid,East,13,4,1
2196,2023-05-02,Apparel,1,254.24,0.0,2061,1,0.0660078972657241,COD,West,12,1,0
1909,2023-05-02,Footwear,1,474.2,0.2621131052574155,4004,5,0.29004672941480025,Prepaid,South,1,1,0
1197,2023-05-02,Electronics,0,965.96,0.2632304953689487,2150,3,0.13944144410502368,Prepaid,North,7,1,0
2016,2023-05-02,Apparel,1,504.42,0.0,3592,5,0.04529191712816568,Prepaid,West,12,0,0
3854,2023-05-02,Apparel,1,4101.91,0.08000459338395996,3583,1,0.32878103943166426,Prepaid,East,14,0,0
3234,2023-05-02,Apparel,1,617.44,0.34865295015735687,3762,1,0.22534795760435156,Prepaid,North,13,0,0
28,2023-05-02,Apparel,1,740.58,0.227269182188939,2534,3,0.054232957185353724,Prepaid,West,9,0,0
2978,2023-05-02,Electronics,0,1381.16,0.0,1660,4,0.029810528026770353,COD,East,7,0,0
1948,2023-05-02,Apparel,1,2276.23,0.0,4427,2,0.22821018255679026,COD,East,10,1,0
1923,2023-05-03,Footwear,1,709.29,0.0,3294,1,0.041932692773266785,Prepaid,East,6,6,0
3593,2023-05-03,Apparel,1,602.36,0.0,2058,2,0.14185949585101132,COD,West,14,0,0
2984,2023-05-03,Footwear,1,157.75,0.17374703077705406,2796,1,0.49551580635302905,Prepaid,East,14,3,0
4432,2023-05-03,Beauty,0,1237.01,0.15644281760042436,4332,4,0.18345424305605204,Prepaid,South,13,1,0
1412,2023-05-03,Home,0,1957.71,0.0,2404,2,0.06124945573177551,COD,South,14,3,0
2018,2023-05-03,Footwear,1,1842.79,0.0,2287,1,0.027176739277832613,Prepaid,East,11,1,0
180,2023-05-03,Apparel,1,342.98,0.10030252413210705,4281,1,0.2566342437551244,Prepaid,South,5,2,0
4143,2023-05-03,Apparel,1,342.23,0.0,1057,2,0.05601972047269948,Prepaid,North,13,3,0
835,2023-05-03,Electronics,0,1185.01,0.0,1832,2,0.18166304301014524,COD,North,4,2,0
2422,2023-05-03,Home,0,5838.8,0.0,1929,2,0.05298608612439641,Prepaid,South,12,0,0
1691,2023-05-03,Electronics,0,3114.5,0.35223303319394794,3936,1,0.4548321062758769,Prepaid,East,14,7,0
2185,2023-05-03,Apparel,1,296.67,0.0,2224,0,0.0,Prepaid,South,10,11,0
2077,2023-05-03,Electronics,0,811.8,0.28617317427807076,1993,2,0.11434707537385572,Prepaid,East,9,5,0
3212,2023-05-03,Home,0,1063.21,0.35648596898506746,2522,1,0.05085513060438809,Prepaid,South,11,4,0
2554,2023-05-03,Home,0,1526.62,0.2875914344217684,1654,2,0.10008996599095607,Prepaid,West,2,1,0
4415,2023-05-03,Home,0,702.47,0.17577204244063085,2214,1,0.013866189450351552,COD,South,3,0,0
4405,2023-05-03,Footwear,1,678.68,0.29550386986375154,2626,2,0.3264689229931829,Prepaid,South,11,1,1
1509,2023-05-03,Apparel,1,1059.75,0.0,2156,1,0.5036070332991321,Prepaid,South,8,0,0
1392,2023-05-03,Apparel,1,415.19,0.0,3353,1,0.2746288022832461,Prepaid,South,2,0,0
3467,2023-05-03,Footwear,1,1603.18,0.0,4326,1,0.13115738467939164,Prepaid,East,11,0,0
1998,2023-05-03,Electronics,0,570.35,0.0,4025,2,0.04433445907681057,Prepaid,East,12,0,0
1801,2023-05-03,Electronics,0,2298.84,0.17302066857266135,3644,3,0.5893790797140978,COD,East,3,5,0
4115,2023-05-03,Beauty,0,684.28,0.1814295388515779,1924,2,0.1927402848062429,Prepaid,West,2,2,0
4867,2023-05-03,Apparel,1,918.99,0.0,2714,1,0.5403314919518569,Prepaid,West,11,0,1
511,2023-05-03,Electronics,0,862.96,0.0,2464,2,0.1006908453215644,Prepaid,South,11,14,0
2665,2023-05-03,Home,0,923.58,0.06421125003164718,2385,2,0.022807521184856284,Prepaid,East,13,1,0
3866,2023-05-03,Apparel,1,230.41,0.06361375658510138,3935,2,0.2993588736865412,COD,South,5,1,0
778,2023-05-03,Apparel,1,1330.78,0.1066641175338474,3031,4,0.3296609601163592,Prepaid,East,14,0,1
546,2023-05-03,Beauty,0,665.15,0.0,1918,4,0.10778143386174655,COD,East,13,4,0
1957,2023-05-03,Home,0,226.48,0.0,3294,0,0.0,COD,West,12,5,1
1040,2023-05-03,Apparel,1,1168.96,0.0870522160432104,4201,1,0.29409323463739784,COD,South,14,0,0
1668,2023-05-04,Apparel,1,285.59,0.13465420507250583,2416,5,0.3055478343124783,Prepaid,North,13,1,0
3196,2023-05-04,Footwear,1,9208.13,0.0,2013,3,0.06485041412569927,COD,North,1,8,0
4385,2023-05-04,Footwear,1,446.7,0.0,3073,1,0.01787758637243065,Prepaid,West,14,9,0
2968,2023-05-04,Beauty,0,2692.3,0.0,4307,3,0.11397769914477328,COD,South,2,4,0
3464,2023-05-04,Beauty,0,3468.62,0.0,1350,1,0.013205335603526717,COD,East,13,1,0
988,2023-05-04,Apparel,1,6928.14,0.0,2493,1,0.11556055773951561,Prepaid,West,4,6,0
664,2023-05-04,Footwear,1,1577.9,0.09104349222482121,4355,3,0.2989206830894985,Prepaid,West,5,1,1
31,2023-05-04,Apparel,1,311.92,0.2674469842170024,2846,1,0.368647458842819,COD,South,4,4,1
977,2023-05-04,Home,0,411.62,0.7775659931554408,4334,1,0.07466085345112278,Prepaid,South,10,5,0
321,2023-05-04,Electronics,0,1670.53,0.04279406881801398,2971,0,0.0,Prepaid,East,13,9,0
932,2023-05-04,Electronics,0,531.56,0.0,3208,2,0.39952717967585816,Prepaid,West,13,6,0
4474,2023-05-04,Apparel,1,393.3,0.3204857793546987,2656,3,0.104819657427956,Prepaid,South,9,1,0
4931,2023-05-04,Footwear,1,3984.83,0.33188476009440776,4411,2,0.10100998698579078,COD,West,3,6,1
3356,2023-05-04,Footwear,1,993.12,0.0,2013,1,0.09319472412806826,COD,East,10,0,1
3034,2023-05-04,Electronics,0,371.97,0.2544554825822567,2081,6,0.07502648986609539,Prepaid,West,3,1,0
2364,2023-05-04,Apparel,1,607.96,0.14731355077563774,3205,3,0.010449202439066569,Prepaid,West,6,0,0
2151,2023-05-04,Footwear,1,172.58,0.27120024367466855,4494,5,0.0002260709113905766,Prepaid,East,2,8,0
2920,2023-05-04,Electronics,0,2249.89,0.0,3251,3,0.05981442846974124,Prepaid,North,9,3,0
2156,2023-05-04,Apparel,1,4137.26,0.0,1778,4,0.045712852660226226,COD,South,1,2,0
1692,2023-05-04,Electronics,0,2369.9,0.31507706822301307,4369,1,0.5572094699230881,COD,North,10,1,0
2765,2023-05-04,Electronics,0,1410.0,0.0,3814,5,0.40628855643290485,COD,East,5,4,0
1989,2023-05-04,Home,0,2836.22,0.0,3138,3,0.07751836259849905,Prepaid,West,11,2,0
2017,2023-05-05,Beauty,0,395.59,0.0,3862,1,0.11335717070390888,Prepaid,North,9,8,0
1418,2023-05-05,Apparel,1,960.07,0.0,3453,1,0.10129226307117647,Prepaid,West,1,7,0
4782,2023-05-05,Electronics,0,988.57,0.0,2079,0,0.0,Prepaid,South,12,4,1
3600,2023-05-05,Home,0,2256.89,0.0,4466,1,0.051205494236769934,Prepaid,East,7,1,0
3909,2023-05-05,Apparel,1,689.8,0.0,4065,1,0.08330701663451036,Prepaid,West,11,1,0
1826,2023-05-05,Apparel,1,878.41,0.0,4202,0,0.0,Prepaid,South,7,0,0
4120,2023-05-05,Apparel,1,2055.65,0.0,1501,2,0.35850264656695024,COD,North,13,1,0
2644,2023-05-05,Apparel,1,543.61,0.04678108993314124,2215,3,0.07129796165434336,Prepaid,North,9,1,0
1498,2023-05-05,Electronics,0,3419.39,0.07576085639785458,4456,2,0.5026529831526285,Prepaid,South,8,1,0
4369,2023-05-05,Apparel,1,6890.29,0.0,4079,1,0.4204786814772447,COD,South,5,4,1
2258,2023-05-05,Electronics,0,1090.78,0.0,3230,0,0.0,Prepaid,East,11,2,0
2100,2023-05-05,Footwear,1,996.13,0.0,2146,1,0.17176840006460617,Prepaid,East,1,1,0
1269,2023-05-05,Apparel,1,1099.52,0.030425085686492687,1502,0,0.0,COD,North,3,2,0
3285,2023-05-05,Home,0,981.92,0.0022054635579094872,2217,1,0.2411600619345878,Prepaid,North,7,6,0
2333,2023-05-05,Home,0,847.42,0.0,2166,3,0.1299739214040245,Prepaid,North,2,0,0
2106,2023-05-05,Footwear,1,1017.81,0.11523173204814363,1026,0,0.0,Prepaid,East,4,2,1
2798,2023-05-05,Apparel,1,1502.8,0.3226704938715126,1819,0,0.0,COD,East,4,16,0
200,2023-05-05,Footwear,1,1618.72,0.14817850623427636,2809,2,0.24540535660236393,Prepaid,West,4,4,0
761,2023-05-05,Beauty,0,1499.54,0.0,3420,2,0.09691139102855989,Prepaid,East,8,1,0
2410,2023-05-05,Beauty,0,358.93,0.0,2892,1,0.12281321572215341,COD,South,4,1,0
3890,2023-05-05,Electronics,0,973.12,0.08801569182304776,2447,5,0.03207780777213227,COD,West,3,2,0
1807,2023-05-05,Electronics,0,3592.98,0.0,1988,4,0.039998648068434506,Prepaid,East,2,1,0
1478,2023-05-05,Home,0,2302.74,0.0,1982,0,0.0,Prepaid,North,2,0,0
1055,2023-05-05,Electronics,0,132.33,0.0,2211,1,0.05135822478028283,Prepaid,East,13,5,0
1514,2023-05-05,Apparel,1,2688.85,0.0,2685,3,0.008820974136459063,Prepaid,East,11,2,0
795,2023-05-05,Apparel,1,944.94,0.0,3665,3,0.19339511142220783,Prepaid,South,3,0,0
3105,2023-05-06,Apparel,1,4372.84,0.15511099933436634,2996,2,0.20534499297912379,Prepaid,South,10,1,0
512,2023-05-06,Apparel,1,499.98,0.0,3690,4,0.19298451220397494,Prepaid,North,8,4,0
790,2023-05-06,Apparel,1,2333.03,0.0,3433,2,0.0773902198555579,Prepaid,East,10,3,0
4953,2023-05-06,Footwear,1,282.41,0.0,4482,2,0.04340086142033652,Prepaid,South,10,6,0
4255,2023-05-06,Apparel,1,1153.82,0.0,2469,0,0.0,Prepaid,East,12,2,0
1363,2023-05-06,Apparel,1,1319.28,0.39446855937425085,3940,0,0.0,Prepaid,East,2,1,0
3606,2023-05-06,Apparel,1,494.38,0.04294800692571184,3093,1,0.3739088555096162,Prepaid,North,11,0,0
898,2023-05-06,Apparel,1,1158.25,0.32402023838743754,3225,1,0.1820579814610482,Prepaid,North,10,8,0
1313,2023-05-06,Apparel,1,153.48,0.0,3900,1,0.1848681761252663,Prepaid,South,9,0,0
735,2023-05-06,Home,0,3833.13,0.0,1073,4,0.007490361771955465,COD,North,14,5,0
2725,2023-05-06,Apparel,1,3553.55,0.0,2179,4,0.055111575541780186,Prepaid,West,12,1,0
1246,2023-05-06,Home,0,121.39,0.0,4131,3,0.20425707880070637,Prepaid,North,2,1,0
3479,2023-05-06,Apparel,1,1955.05,0.1599235269385168,4291,1,0.47961570937075393,Prepaid,South,5,1,1
2582,2023-05-06,Apparel,1,598.57,0.0,2911,3,0.1545572031257654,Prepaid,East,2,4,0
808,2023-05-06,Apparel,1,453.99,0.0,3763,1,0.7195950594944948,Prepaid,North,11,2,0
1491,2023-05-06,Electronics,0,2141.09,0.20300527118548667,2018,2,0.2659168471416163,Prepaid,South,10,2,1
2379,2023-05-06,Home,0,3077.27,0.0,2076,2,0.2755072054148084,Prepaid,North,4,0,0
419,2023-05-06,Home,0,912.49,0.0,3733,2,0.16116076840546403,Prepaid,North,14,2,0
4932,2023-05-06,Electronics,0,324.39,0.12206328297022523,1528,0,0.0,Prepaid,South,7,0,0
1529,2023-05-06,Electronics,0,2633.15,0.011986778461836683,1668,1,0.18472649892443307,Prepaid,North,12,1,0
2680,2023-05-06,Electronics,0,572.52,0.38808112785861315,1982,3,0.10661147221492602,COD,South,14,1,0
1934,2023-05-06,Apparel,1,3028.17,0.0,3196,1,0.07714285003625831,Prepaid,East,11,0,0
4192,2023-05-06,Apparel,1,870.16,0.0,3524,1,0.4818866007761315,Prepaid,North,13,1,1
2966,2023-05-06,Footwear,1,457.09,0.0,1085,2,0.1563971338371093,COD,North,7,0,0
626,2023-05-06,Electronics,0,539.55,0.0,1140,0,0.0,Prepaid,South,10,3,1
1081,2023-05-06,Electronics,0,874.65,0.0,2935,3,0.2697578506756862,COD,North,5,2,0
730,2023-05-07,Apparel,1,544.4,0.0,1183,3,0.08700599527521893,Prepaid,West,10,7,0
3953,2023-05-07,Apparel,1,377.22,0.0,2940,1,0.10624591302367631,Prepaid,West,9,2,0
3325,2023-05-07,Home,0,640.6,0.0,3171,6,0.036087194855594563,Prepaid,South,2,1,0
2450,2023-05-07,Electronics,0,1405.08,0.09314836739775492,3989,2,0.396880971092074,Prepaid,North,10,1,0
1769,2023-05-07,Apparel,1,1764.01,0.0,4281,3,0.12394662261515935,Prepaid,North,12,0,0
352,2023-05-07,Apparel,1,2174.72,0.21508136078371012,1499,1,0.48224044585005105,Prepaid,East,14,2,1
4535,2023-05-07,Electronics,0,165.52,0.2096458505167474,1953,2,0.167956427697661,COD,South,4,1,0
135,2023-05-07,Footwear,1,6289.72,0.4154032014687,2613,1,0.2922403181244946,Prepaid,West,1,2,1
2102,2023-05-07,Apparel,1,125.96,0.0,1599,1,0.3247941868933279,COD,North,4,4,0
3785,2023-05-07,Beauty,0,2917.29,0.0,1397,3,0.023894248518329823,Prepaid,West,1,2,0
501,2023-05-07,Electronics,0,2003.81,0.0,4024,1,0.1506958600390449,COD,South,13,0,0
974,2023-05-07,Beauty,0,914.09,0.3516523626635727,1034,3,0.31506066130573773,Prepaid,West,6,1,0
2792,2023-05-07,Electronics,0,1933.18,0.0,3109,1,0.13737055153647398,COD,South,8,0,1
1506,2023-05-07,Footwear,1,285.32,0.0,4386,1,0.01971592151113784,Prepaid,North,8,8,0
3450,2023-05-07,Beauty,0,4481.1,0.08391706125051146,4087,3,0.17739881612928982,Prepaid,South,3,2,0
4111,2023-05-07,Electronics,0,436.73,0.22193630133140974,3627,4,0.2959260117910308,Prepaid,West,8,3,0
2064,2023-05-07,Electronics,0,497.15,0.0,1034,3,0.49348616760208497,COD,South,9,2,0
4375,2023-05-07,Apparel,1,1206.53,0.2102558703862129,1184,1,0.20300885030850235,Prepaid,South,9,2,0
1389,2023-05-07,Footwear,1,1574.52,0.20376871518666637,1251,2,0.3523582226901364,Prepaid,North,14,11,0
3198,2023-05-07,Electronics,0,804.54,0.0,3896,2,0.14224269905724737,COD,East,8,5,0
372,2023-05-07,Apparel,1,1527.32,0.0,3926,5,0.14057966414967507,Prepaid,East,14,1,0
4270,2023-05-07,Apparel,1,4067.94,0.38348075057954145,1908,2,0.021617112712254322,Prepaid,North,4,9,0
3998,2023-05-07,Home,0,3105.35,0.0,3700,2,0.5389098112147606,COD,South,10,2,0
4453,2023-05-07,Home,0,1817.44,0.0,4466,1,0.22262587824858765,Prepaid,North,8,1,0
3887,2023-05-07,Apparel,1,699.2,0.09428852525768747,3169,2,0.11491620981559307,Prepaid,South,13,0,0
4754,2023-05-07,Footwear,1,815.12,0.0,2859,6,0.01503589698845213,Prepaid,East,14,1,0
1868,2023-05-07,Electronics,0,1653.9,0.3153311062130385,1348,1,0.0337530065549652,COD,East,13,4,1
1649,2023-05-07,Electronics,0,319.06,0.0,1512,2,0.20777858642843677,Prepaid,South,12,2,0
3639,2023-05-07,Apparel,1,334.05,0.0,3315,7,0.2155441813951322,Prepaid,East,4,2,0
4783,2023-05-07,Apparel,1,1860.26,0.1519805985688647,3829,0,0.0,COD,West,4,3,0
576,2023-05-07,Apparel,1,1550.36,0.1474299565822458,1653,5,0.5157477346490882,Prepaid,South,12,1,0
610,2023-05-08,Apparel,1,1822.55,0.0,1933,3,0.0022867494991486393,Prepaid,East,12,1,0
3951,2023-05-08,Apparel,1,4627.64,0.0,3357,0,0.0,Prepaid,North,7,0,0
2982,2023-05-08,Apparel,1,1362.55,0.041568828533566894,4009,3,0.10829271935905996,Prepaid,South,14,2,1
2898,2023-05-08,Apparel,1,3378.04,0.0,2720,1,0.09479164783768408,Prepaid,East,4,0,0
4058,2023-05-08,Apparel,1,1347.36,0.0,3326,2,0.44134208947211073,COD,West,12,1,0
632,2023-05-08,Apparel,1,379.82,0.0,4299,1,0.3672036522364927,Prepaid,West,12,7,1
1587,2023-05-08,Electronics,0,132.47,0.0,1238,1,0.009055507225443241,Prepaid,South,14,2,0
3789,2023-05-08,Apparel,1,6781.19,0.12280294587310941,1325,4,0.1088032410899783,COD,South,7,0,0
3213,2023-05-08,Apparel,1,1551.82,0.40810866889382513,1886,0,0.0,Prepaid,North,1,1,0
4031,2023-05-08,Apparel,1,1236.36,0.0,2239,0,0.0,Prepaid,West,7,0,0
2768,2023-05-08,Apparel,1,656.87,0.0,1525,1,0.02380406942515501,Prepaid,East,1,0,1
196,2023-05-08,Electronics,0,197.61,0.0,2140,0,0.0,COD,East,10,2,0
4865,2023-05-08,Electronics,0,861.78,0.0,3415,0,0.0,Prepaid,North,6,0,0
911,2023-05-08,Apparel,1,3891.56,0.0,2587,1,0.0898747886963058,Prepaid,East,12,0,0
1305,2023-05-08,Apparel,1,830.2,0.1391866993145531,1550,3,0.3331431278742142,Prepaid,South,11,3,1
3182,2023-05-08,Home,0,1042.7,0.0,2627,1,0.32803012668154097,Prepaid,South,12,2,1
1204,2023-05-08,Apparel,1,1247.31,0.0,3327,1,0.032418698779286825,COD,East,10,0,0
1106,2023-05-08,Home,0,2375.19,0.0,2415,1,0.27017111447648834,Prepaid,East,3,0,0
233,2023-05-08,Apparel,1,935.74,0.10776030228007635,2940,1,0.2561223060508641,Prepaid,East,3,1,0
4347,2023-05-08,Footwear,1,2253.27,0.1759896949239442,1726,6,0.20878038988137315,Prepaid,South,3,1,0
3544,2023-05-08,Apparel,1,1565.89,0.0,4113,2,0.41428702586945976,Prepaid,West,4,1,0
3169,2023-05-08,Apparel,1,1518.8,0.2836156005006924,1987,2,0.5574546536358688,Prepaid,South,6,1,1
420,2023-05-08,Apparel,1,319.8,0.0,2834,3,0.05592509120715541,Prepaid,South,12,3,0
775,2023-05-08,Apparel,1,949.77,0.06584104066627573,4215,3,0.09689575048785314,COD,North,8,6,0
4298,2023-05-08,Home,0,760.22,0.0,3780,1,0.03374892229131739,COD,East,3,3,0
328,2023-05-08,Electronics,0,569.11,0.0,3159,1,0.14976046188080466,Prepaid,North,4,2,0
3410,2023-05-08,Beauty,0,712.58,0.19801493175796633,4039,4,0.45177975089276334,Prepaid,East,11,4,0
1182,2023-05-09,Home,0,3787.88,0.0,3401,1,0.2872681775669776,Prepaid,East,11,2,0
2581,2023-05-09,Home,0,498.19,0.0,3430,4,0.14019062227595913,COD,East,6,0,0
4426,2023-05-09,Electronics,0,740.95,0.0,1417,2,0.054544938315935286,COD,East,3,2,0
4011,2023-05-09,Apparel,1,10390.3,0.0,3361,5,0.17655926833098387,COD,East,10,1,1
3128,2023-05-09,Beauty,0,7645.66,0.11426360586850709,2968,2,0.027753225043680916,Prepaid,West,11,1,0
1349,2023-05-09,Apparel,1,924.36,0.15209620330791546,2261,2,0.44122813619521073,Prepaid,North,4,1,0
1730,2023-05-09,Apparel,1,879.72,0.16254354247485464,3919,1,0.10007437351736198,COD,South,8,1,1
4558,2023-05-09,Footwear,1,2814.59,0.0,3254,1,0.06339985153768818,Prepaid,East,12,4,0
237,2023-05-09,Apparel,1,315.36,0.0,3911,0,0.0,Prepaid,South,6,4,0
330,2023-05-09,Footwear,1,1049.05,0.15861863846464896,1604,3,0.1058594193888583,COD,North,3,5,0
2062,2023-05-09,Home,0,626.4,0.0,2751,4,0.4375275424615488,COD,West,6,1,0
1816,2023-05-09,Apparel,1,554.59,0.39507923511584797,3010,6,0.256320399452262,COD,South,13,1,0
4836,2023-05-09,Apparel,1,2161.24,0.0,3039,1,0.03708513216829933,Prepaid,West,14,0,0
1048,2023-05-09,Apparel,1,708.78,0.0,2710,3,0.3350136326524556,Prepaid,East,10,11,0
3398,2023-05-09,Footwear,1,1395.0,0.13574591983251139,2225,4,0.029562744248770048,Prepaid,East,6,9,0
264,2023-05-09,Apparel,1,274.91,0.0,1826,4,0.6089641995195761,COD,South,7,3,0
4598,2023-05-09,Home,0,997.63,0.3552640019351021,1464,3,0.08097201397041837,Prepaid,South,3,7,0
3374,2023-05-09,Beauty,0,3122.47,0.4113092028088412,3375,2,0.36733102286535896,COD,East,11,4,1
1885,2023-05-09,Electronics,0,3065.37,0.35193232014133413,2795,1,0.46909183911306623,Prepaid,North,12,2,0
397,2023-05-09,Beauty,0,784.21,0.0,3356,6,0.2827892898515593,Prepaid,North,10,3,0
1437,2023-05-09,Home,0,775.31,0.0,1770,2,0.19960441638457385,Prepaid,North,3,4,0
4168,2023-05-09,Apparel,1,1594.72,0.0,1137,4,0.16962938052572712,Prepaid,East,4,1,0
2129,2023-05-09,Apparel,1,272.61,0.0,2876,2,0.08032170669746154,COD,West,13,0,1
3794,2023-05-09,Footwear,1,528.71,0.0,2121,2,0.09262893909441478,Prepaid,West,5,5,0
3244,2023-05-09,Beauty,0,1656.53,0.0,1677,1,0.5478756497477879,Prepaid,South,13,7,1
2336,2023-05-09,Footwear,1,745.6,0.0,1209,2,0.05655860101081524,Prepaid,West,6,1,0
3798,2023-05-09,Footwear,1,659.69,0.0,1683,3,0.08905854713946386,Prepaid,North,3,4,0
2373,2023-05-09,Home,0,1259.53,0.0,2310,5,0.14386200865121349,COD,South,12,7,0
2122,2023-05-09,Apparel,1,435.63,0.08560026345136389,1777,1,0.18309131853547148,COD,South,12,8,0
398,2023-05-09,Apparel,1,1239.86,0.07384434747452064,1383,1,0.2357511712171099,COD,North,7,3,0
87,2023-05-10,Apparel,1,6012.33,0.0,3477,2,0.06018913290547675,Prepaid,East,7,7,0
2912,2023-05-10,Electronics,0,697.93,0.0,4348,2,0.16276340427740418,COD,West,7,1,0
4693,2023-05-10,Beauty,0,694.54,0.0,1714,5,0.08085032035661019,Prepaid,East,13,0,0
525,2023-05-10,Footwear,1,1823.88,0.0,3504,1,0.021101878207528155,COD,West,13,2,0
4027,2023-05-10,Apparel,1,1517.65,0.19406274817771346,3508,0,0.0,Prepaid,North,12,0,0
1427,2023-05-10,Footwear,1,1395.19,0.0,3443,2,0.021520052123443614,Prepaid,North,2,1,0
1493,2023-05-10,Beauty,0,418.12,0.3312723815656078,1516,2,0.15637856205396003,Prepaid,West,14,3,0
3957,2023-05-10,Electronics,0,186.22,0.0,2586,2,0.7418756617211582,COD,North,3,2,0
2388,2023-05-10,Beauty,0,494.84,0.0,2285,1,0.05412165236575666,Prepaid,North,1,1,0
4661,2023-05-10,Footwear,1,458.92,0.0,2748,1,0.0623636409231394,COD,East,3,0,0
4463,2023-05-10,Apparel,1,287.82,0.0,2326,4,0.3344863073770268,Prepaid,West,7,0,0
1328,2023-05-10,Apparel,1,2190.6,0.21468464721680003,4152,7,0.4885452141016848,Prepaid,West,10,0,1
2371,2023-05-10,Home,0,1769.09,0.0,1098,2,0.1892905275697604,Prepaid,South,13,3,0
476,2023-05-10,Footwear,1,1369.07,0.025981878395942556,3731,1,0.22480727742802364,COD,North,4,1,0
1661,2023-05-10,Home,0,96.31,0.12900190749985854,2067,2,0.011283471002894728,COD,South,14,1,0
3491,2023-05-10,Home,0,1493.94,0.42433432797352344,1001,1,0.0003216644409231845,COD,West,8,3,0
3743,2023-05-10,Footwear,1,897.54,0.0,1258,1,0.583394948228329,Prepaid,East,11,1,1
1091,2023-05-10,Apparel,1,1659.76,0.3022459209303746,4043,0,0.0,COD,West,5,0,0
262,2023-05-10,Electronics,0,282.45,0.04804209351504533,3263,3,0.2991227097730992,COD,South,3,6,0
1688,2023-05-10,Home,0,3213.39,0.0,3055,1,0.031857221343383736,Prepaid,South,3,0,0
3752,2023-05-10,Footwear,1,1201.01,0.0,2824,3,0.15016955737415746,COD,West,11,2,0
3357,2023-05-10,Electronics,0,400.92,0.0,4264,2,0.20635512368785391,Prepaid,East,5,0,0
1499,2023-05-10,Footwear,1,252.22,0.3586322594253153,3344,2,0.1180171766963413,Prepaid,South,14,0,1
1667,2023-05-10,Apparel,1,543.7,0.1999394770352234,1432,1,0.07588432555515844,Prepaid,East,11,1,0
1045,2023-05-10,Electronics,0,670.53,0.24731942017075334,4003,2,0.1488382593121247,COD,North,7,2,0
4625,2023-05-10,Apparel,1,1648.86,0.0,1437,3,0.22219992380526626,Prepaid,North,14,8,0
3653,2023-05-10,Apparel,1,1714.42,0.06406428710857803,4177,1,0.21286520291675104,Prepaid,North,12,1,1
4989,2023-05-10,Apparel,1,381.07,0.0,2354,2,0.31892508136847064,Prepaid,South,4,0,0
2347,2023-05-10,Apparel,1,2444.52,0.2020712496916872,4322,2,0.004019341369303245,COD,South,8,0,0
4639,2023-05-11,Apparel,1,1370.76,0.0,2810,4,0.22513307739072208,Prepaid,South,5,1,0
758,2023-05-11,Apparel,1,347.32,0.0,4184,2,0.004118532628222774,Prepaid,South,5,6,1
236,2023-05-11,Home,0,2845.36,0.0,1977,6,0.30468763473410276,Prepaid,South,3,5,0
3820,2023-05-11,Apparel,1,533.36,0.40446778645103065,2400,2,0.18647685091155752,Prepaid,West,5,5,1
4049,2023-05-11,Electronics,0,1351.11,0.0,2610,3,0.06745981143898992,Prepaid,South,2,0,0
417,2023-05-11,Apparel,1,206.05,0.0,1402,3,0.025754422138917522,Prepaid,North,12,4,0
1067,2023-05-11,Electronics,0,4442.29,0.0,3258,0,0.0,Prepaid,West,6,1,0
791,2023-05-11,Electronics,0,5557.07,0.3916713793101324,1814,0,0.0,Prepaid,East,14,7,0
3993,2023-05-11,Apparel,1,5301.27,0.0,3108,0,0.0,Prepaid,East,8,1,0
3915,2023-05-11,Apparel,1,1258.72,0.0,1456,1,0.09977327773766899,Prepaid,North,7,8,0
1660,2023-05-11,Footwear,1,524.15,0.1619684241696146,3978,0,0.0,COD,North,5,0,1
4552,2023-05-11,Apparel,1,574.45,0.0,4223,1,0.2934633057083692,COD,East,9,2,0
4644,2023-05-11,Apparel,1,552.78,0.0,3375,3,0.01502749442830048,Prepaid,East,8,4,0
4488,2023-05-11,Apparel,1,6570.89,0.0,3506,3,0.6264657687279188,COD,West,9,5,1
438,2023-05-11,Electronics,0,6721.65,0.0,2891,2,0.5424892921192314,Prepaid,North,10,3,0
675,2023-05-11,Apparel,1,3954.73,0.0,1304,1,0.051727879610967586,Prepaid,East,4,2,0
4080,2023-05-11,Electronics,0,2788.67,0.0,2889,2,0.1790750493969069,COD,North,8,0,0
4862,2023-05-11,Beauty,0,3879.69,0.0,1973,4,0.19664817587996813,Prepaid,West,14,1,0
2456,2023-05-11,Home,0,2823.36,0.0,1552,4,0.426779781685987,COD,South,1,0,0
2996,2023-05-11,Footwear,1,117.69,0.0,1815,1,0.4035879748090416,Prepaid,West,4,1,0
234,2023-05-11,Apparel,1,939.82,0.0,3129,1,0.1955713403989326,Prepaid,West,7,0,0
2050,2023-05-11,Apparel,1,894.16,0.09673376589960392,3690,0,0.0,COD,South,14,3,0
4109,2023-05-11,Electronics,0,174.92,0.0,3394,3,0.367212979176263,Prepaid,South,9,2,1
3523,2023-05-11,Beauty,0,337.38,0.0,3516,1,0.3668389714259395,Prepaid,East,13,1,0
1744,2023-05-11,Apparel,1,932.99,0.1423643076138873,2515,3,0.056554002563164174,COD,West,3,3,0
1594,2023-05-11,Electronics,0,2095.9,0.0,2109,1,0.3006885071842668,COD,South,1,8,0
2057,2023-05-11,Apparel,1,715.94,0.0774625154535983,4281,1,0.8098086736891014,COD,South,12,1,1
2636,2023-05-11,Apparel,1,600.37,0.0,3643,2,0.3565237526374786,Prepaid,North,9,0,0
2933,2023-05-12,Electronics,0,4791.59,0.0,1224,0,0.0,COD,West,14,3,0
3224,2023-05-12,Apparel,1,4331.91,0.0,3630,3,0.032722093273737755,Prepaid,East,6,1,0
3018,2023-05-12,Electronics,0,417.58,0.0,2057,4,0.0220706486778095,Prepaid,West,3,2,0
259,2023-05-12,Electronics,0,319.68,0.0,1503,0,0.0,Prepaid,West,4,0,0
2942,2023-05-12,Apparel,1,2398.66,0.21822558199612233,2435,3,0.5134032083254177,Prepaid,West,12,3,0
1420,2023-05-12,Beauty,0,705.39,0.0,1660,1,0.5766789894461157,Prepaid,South,14,1,0
437,2023-05-12,Electronics,0,593.79,0.0968623934525775,4411,2,0.3177984836337083,COD,South,6,4,0
4000,2023-05-12,Footwear,1,1881.43,0.0,2001,1,0.41062774009254177,Prepaid,West,8,2,0
1100,2023-05-12,Beauty,0,4177.03,0.18658548019306112,2913,2,0.10894973262556618,COD,South,9,5,0
3500,2023-05-12,Footwear,1,3555.5,0.22557725097891757,1965,0,0.0,Prepaid,North,2,0,0
2349,2023-05-12,Footwear,1,2519.57,0.0,2380,1,0.2063622722784471,COD,East,8,1,0
2099,2023-05-12,Electronics,0,3866.25,0.13726425784744997,1338,2,0.20367751340470822,Prepaid,North,9,0,0
510,2023-05-12,Home,0,1273.27,0.05204853480280121,1791,3,0.14690709774953878,COD,West,4,9,0
3938,2023-05-12,Electronics,0,698.78,0.03673336746005958,2286,0,0.0,Prepaid,West,12,7,0
275,2023-05-12,Electronics,0,200.93,0.0,1029,1,0.13909431455210974,Prepaid,West,10,7,1
1324,2023-05-12,Apparel,1,866.04,0.0,2859,2,0.270702236698919,Prepaid,East,1,0,0
4393,2023-05-12,Electronics,0,4369.39,0.10653703810631816,2861,3,0.10266136395720285,COD,West,10,0,0
485,2023-05-12,Electronics,0,267.45,0.048989385809629596,2823,1,0.4742132004216279,Prepaid,West,6,0,0
187,2023-05-12,Home,0,431.27,0.0,4145,1,0.5744441108318177,Prepaid,East,6,0,0
3703,2023-05-12,Beauty,0,3599.53,0.1633003370126229,4323,1,0.02281516622038787,Prepaid,East,4,3,0
2562,2023-05-12,Home,0,1678.7,0.0,4410,2,0.14912275627929067,Prepaid,West,11,3,0
2837,2023-05-12,Apparel,1,1379.46,0.14893107140346482,3425,3,0.2596153543303915,COD,West,3,3,0
4529,2023-05-12,Home,0,310.4,0.0668500349699142,2426,2,0.11293268771399051,Prepaid,North,6,2,0
2778,2023-05-12,Beauty,0,1984.0,0.0,1006,1,0.12034665186033591,Prepaid,East,14,3,0
3193,2023-05-12,Apparel,1,1566.54,0.0,1362,0,0.0,COD,West,10,13,0
4015,2023-05-12,Apparel,1,579.51,0.0,1911,1,0.030154841751025105,Prepaid,West,10,2,1
1096,2023-05-12,Home,0,1446.3,0.0,2447,1,0.01381901199863762,COD,West,12,1,0
1151,2023-05-13,Beauty,0,501.2,0.0,3266,2,0.009213965159446483,Prepaid,East,2,3,0
2249,2023-05-13,Footwear,1,244.62,0.15692145802931032,3602,2,0.013466599275487419,Prepaid,West,1,2,0
1605,2023-05-13,Footwear,1,4787.73,0.0,2750,0,0.0,COD,East,5,0,0
1085,2023-05-13,Apparel,1,1773.74,0.03961328235031519,3815,4,0.1354094903629135,Prepaid,West,14,1,0
3925,2023-05-13,Apparel,1,495.03,0.058358319457640605,2348,1,0.07539603954643156,Prepaid,East,6,4,0
3448,2023-05-13,Footwear,1,184.2,0.0,3927,3,0.3674520910018208,Prepaid,West,4,1,0
3270,2023-05-13,Apparel,1,2043.79,0.0,3426,1,0.23461756539611783,Prepaid,West,4,7,1
4892,2023-05-13,Home,0,4286.86,0.0,3684,1,0.46300019329940045,COD,North,3,5,0
1768,2023-05-13,Apparel,1,3015.92,0.0,2365,4,0.4692557628936919,Prepaid,West,4,1,1
4489,2023-05-13,Footwear,1,1185.72,0.2856365340840016,3836,3,0.017292185023640903,Prepaid,East,7,0,0
5,2023-05-13,Apparel,1,373.99,0.0,2212,4,0.07462484288598277,COD,North,5,5,0
1207,2023-05-13,Apparel,1,566.53,0.4231210313164344,3595,1,0.39926358880069523,Prepaid,North,2,8,1
3583,2023-05-13,Apparel,1,6316.95,0.3183326617409231,3483,0,0.0,Prepaid,East,3,2,0
1608,2023-05-13,Apparel,1,1053.54,0.0,2675,1,0.18602117459965808,COD,East,7,3,0
552,2023-05-13,Home,0,1327.79,0.0,4096,1,0.024590620285256912,Prepaid,North,10,3,0
3882,2023-05-13,Home,0,738.94,0.22580518033420033,2292,1,0.10966602892725387,Prepaid,South,4,0,0
1663,2023-05-13,Home,0,331.35,0.3430940274248716,2411,2,0.4731254922871154,Prepaid,East,7,5,0
2745,2023-05-13,Apparel,1,362.82,0.024527266322301594,4076,1,0.07192979026903681,Prepaid,North,8,7,0
787,2023-05-13,Home,0,4050.63,0.0,2187,3,0.41092676674206063,Prepaid,North,11,3,0
4561,2023-05-13,Apparel,1,488.81,0.0,2265,2,0.0017596504264038976,Prepaid,West,2,1,0
4004,2023-05-13,Electronics,0,1944.72,0.04274028018406431,3717,2,0.38643487996425374,Prepaid,South,2,8,0
2676,2023-05-13,Beauty,0,7171.7,0.07497103826582024,3365,1,0.6454135281496912,Prepaid,South,6,2,1
3554,2023-05-13,Apparel,1,706.57,0.0,2557,0,0.0,Prepaid,North,2,0,0
2345,2023-05-13,Home,0,592.74,0.353440076550391,2385,1,0.2178534088158564,Prepaid,East,9,0,1
4951,2023-05-13,Beauty,0,833.87,0.04064783404533258,4281,0,0.0,Prepaid,South,4,0,0
3507,2023-05-13,Footwear,1,713.76,0.0,1804,2,0.00804481096772577,COD,North,9,1,0
3291,2023-05-13,Apparel,1,83.2,0.0,3250,1,0.4781240900168845,Prepaid,South,1,0,0
3728,2023-05-13,Footwear,1,2844.26,0.0,4479,2,0.21822454520414397,Prepaid,North,14,2,1
2677,2023-05-13,Home,0,470.26,0.0,3317,2,0.22936685094102585,Prepaid,West,14,6,1
1118,2023-05-14,Beauty,0,5506.25,0.0,1800,4,0.06381676470183749,Prepaid,South,9,0,1
1027,2023-05-14,Apparel,1,287.21,0.2570539335625671,2611,4,0.190407586848971,COD,East,14,8,0
4085,2023-05-14,Electronics,0,1250.56,0.09081581828591191,3739,2,0.17035368741735765,Prepaid,West,3,2,0
3369,2023-05-14,Beauty,0,3096.97,0.0,2601,0,0.0,COD,North,10,5,0
2473,2023-05-14,Home,0,1789.83,0.015767908566687555,1798,2,0.06467734928388973,Prepaid,North,14,0,0
4293,2023-05-14,Electronics,0,1037.84,0.0,1398,0,0.0,Prepaid,South,3,1,0
37,2023-05-14,Beauty,0,2758.39,0.0,1092,1,0.021764899260951813,Prepaid,West,8,2,0
1279,2023-05-14,Apparel,1,901.07,0.200254114787426,3614,2,0.18884437278811286,Prepaid,West,9,0,0
1995,2023-05-14,Apparel,1,993.99,0.0,2067,0,0.0,Prepaid,East,4,1,0
2041,2023-05-14,Footwear,1,427.18,0.0,4389,0,0.0,Prepaid,West,13,2,1
3427,2023-05-14,Footwear,1,4121.45,0.0,4143,1,0.19287211448759742,COD,North,2,0,0
4582,2023-05-14,Apparel,1,1361.31,0.13710696008065998,2275,3,0.06878690282028338,Prepaid,East,2,2,0
2703,2023-05-14,Apparel,1,382.72,0.0,3425,1,0.15405737040727815,COD,West,9,1,0
863,2023-05-14,Electronics,0,260.9,0.0,1376,1,0.05354605451771113,COD,East,8,4,1
672,2023-05-14,Home,0,927.39,0.0,1106,1,0.09978189914008051,Prepaid,West,3,0,0
3335,2023-05-14,Electronics,0,993.07,0.0,1375,2,0.13039046268539928,COD,South,11,2,0
1813,2023-05-14,Home,0,3733.66,0.04345001264137362,2810,3,0.27639786927268173,COD,West,10,2,0
3877,2023-05-14,Footwear,1,1449.31,0.20417681076890282,2969,2,0.09744526765124865,Prepaid,East,13,1,0
2782,2023-05-14,Apparel,1,350.97,0.0,2319,1,0.01788478018643824,Prepaid,North,8,5,0
786,2023-05-14,Apparel,1,889.45,0.06497647093559134,2740,2,0.22377572641060836,Prepaid,East,4,0,0
3385,2023-05-14,Apparel,1,347.92,0.0,3821,1,0.7415812004963656,Prepaid,East,9,3,0
3432,2023-05-14,Beauty,0,695.5,0.3082258503896488,2260,0,0.0,Prepaid,East,9,10,0
3485,2023-05-14,Home,0,1295.82,0.0,2225,1,0.25120670855538246,Prepaid,South,3,0,0
2790,2023-05-14,Apparel,1,333.73,0.10515427756261583,1736,2,0.0789146027631642,COD,East,2,2,0
117,2023-05-14,Electronics,0,17589.1,0.43101975871212606,2689,7,0.07655501468326208,Prepaid,West,7,0,0
1442,2023-05-14,Beauty,0,2160.35,0.16399065086555054,2508,3,0.10154555070235019,Prepaid,South,4,0,0
4437,2023-05-14,Home,0,10065.25,0.0,2757,3,0.11675949601928076,COD,West,11,4,0
4469,2023-05-15,Footwear,1,5377.67,0.0,3054,1,0.22358388838553309,Prepaid,North,4,3,0
2658,2023-05-15,Apparel,1,897.07,0.0,3896,1,0.10457777242934574,COD,East,14,2,0
1244,2023-05-15,Apparel,1,1534.12,0.0,3934,2,0.45447458562719495,Prepaid,South,13,3,0
4236,2023-05-15,Footwear,1,2094.14,0.0,4157,1,0.6052881300651837,Prepaid,East,4,4,0
4762,2023-05-15,Electronics,0,2816.23,0.2575049205439882,1040,4,0.007905193262835631,Prepaid,South,4,3,0
703,2023-05-15,Electronics,0,7208.33,0.0,1835,2,0.33564144394560586,COD,South,12,1,0
487,2023-05-15,Apparel,1,2627.55,0.0,3921,1,0.07376918880845311,COD,West,13,2,0
13,2023-05-15,Electronics,0,502.47,0.0,4343,3,0.14025000139251753,Prepaid,West,5,2,0
2894,2023-05-15,Footwear,1,1318.24,0.0,3334,0,0.0,Prepaid,East,10,3,1
671,2023-05-15,Electronics,0,2446.95,0.0,1017,3,0.060805955778931366,Prepaid,East,14,3,0
4048,2023-05-15,Apparel,1,245.58,0.0,2879,1,0.08358615788120899,Prepaid,South,9,1,0
3537,2023-05-15,Beauty,0,2273.56,0.17704541160144696,3617,2,0.5451953736726646,Prepaid,South,3,1,0
327,2023-05-15,Apparel,1,417.24,0.20365382129480708,3448,1,0.04088274473295727,Prepaid,West,2,3,0
4485,2023-05-15,Beauty,0,506.56,0.16972005576313798,3822,0,0.0,COD,West,6,2,0
3328,2023-05-15,Electronics,0,2273.75,0.11578226478718612,3004,0,0.0,Prepaid,West,4,5,0
4428,2023-05-15,Beauty,0,521.37,0.0,3033,6,0.43878999404591246,Prepaid,West,12,2,0
4534,2023-05-15,Footwear,1,700.7,0.0,1902,2,0.5636403370672531,Prepaid,West,5,0,1
1672,2023-05-15,Apparel,1,154.32,0.0,1687,1,0.25060011572794666,Prepaid,East,13,0,1
55,2023-05-15,Apparel,1,4496.92,0.272673164522092,2579,0,0.0,Prepaid,East,10,0,1
2402,2023-05-15,Electronics,0,2646.91,0.0,2113,3,0.022543103699243817,Prepaid,South,2,1,0
4181,2023-05-15,Apparel,1,3759.57,0.0,2759,0,0.0,Prepaid,North,1,1,0
3461,2023-05-15,Home,0,344.77,0.035293343345571715,3126,1,0.2282375457942653,Prepaid,West,12,0,0
4792,2023-05-15,Apparel,1,3491.69,0.22865352157672414,3937,1,0.31636405090857345,COD,South,6,1,0
153,2023-05-16,Apparel,1,1406.63,0.23292337800720936,1528,4,0.24713808484478106,Prepaid,West,11,3,1
2509,2023-05-16,Beauty,0,1758.55,0.0,2278,2,0.058455514886651225,Prepaid,South,10,6,0
3599,2023-05-16,Apparel,1,666.36,0.2550734277550416,2182,2,0.10012933097180048,COD,North,4,0,0
3466,2023-05-16,Apparel,1,982.19,0.3599479055847741,3702,1,0.03771172381003203,COD,South,9,1,1
1395,2023-05-16,Footwear,1,1658.98,0.0,2772,2,0.021969833750198602,COD,South,5,1,0
934,2023-05-16,Electronics,0,358.36,0.037152468962490054,2849,1,0.014354611138148158,Prepaid,North,2,2,0
1115,2023-05-16,Home,0,1860.53,0.13411056083554646,3915,3,0.43211947668439005,Prepaid,South,5,7,0
4634,2023-05-16,Home,0,439.3,0.14162832424873,1393,3,0.2710080122371589,Prepaid,South,8,0,0
3618,2023-05-16,Apparel,1,1311.76,0.12079962561093656,1611,2,0.15720950566474892,COD,North,6,7,0
578,2023-05-16,Apparel,1,7831.16,0.0353059851843051,2982,4,0.01224245698029466,Prepaid,South,1,5,1
1950,2023-05-16,Apparel,1,2313.3,0.0,1630,1,0.4787026770160622,Prepaid,North,6,1,1
3613,2023-05-16,Home,0,373.74,0.03357666237655971,3302,3,0.23045223022263847,COD,South,1,6,0
4464,2023-05-16,Apparel,1,583.18,0.0,3625,3,0.046791745780215936,COD,West,13,3,0
44,2023-05-16,Apparel,1,287.32,0.5164350897367974,3289,2,0.16084444338442233,COD,West,1,5,0
2074,2023-05-16,Home,0,1275.64,0.12209832730463613,2927,1,0.26006134480156873,COD,West,4,0,0
2965,2023-05-16,Apparel,1,806.75,0.07545059384423902,3808,2,0.26929795183410266,COD,East,11,0,0
4180,2023-05-17,Apparel,1,595.11,0.29713128869217786,1860,6,0.22648569301166616,Prepaid,South,3,10,0
2253,2023-05-17,Electronics,0,509.22,0.0,3351,1,0.3198996983641983,COD,North,8,0,1
4733,2023-05-17,Apparel,1,679.29,0.0,1251,1,0.23971501506533177,COD,South,2,0,0
7,2023-05-17,Home,0,2647.92,0.09579352967202695,2121,5,0.25659469524373485,Prepaid,East,14,0,0
3858,2023-05-17,Electronics,0,2102.41,0.13884710354241156,3612,1,0.17563120072497626,COD,North,14,0,0
2514,2023-05-17,Footwear,1,1078.05,0.0,3251,1,0.03525158829589968,Prepaid,South,14,0,0
3529,2023-05-17,Footwear,1,2946.04,0.0,2540,2,0.31903404964842996,Prepaid,West,13,6,0
2208,2023-05-17,Home,0,466.46,0.13284936906161549,3967,0,0.0,Prepaid,West,10,3,0
137,2023-05-17,Apparel,1,1746.5,0.0,3464,1,0.145545640537673,Prepaid,East,11,0,0
2199,2023-05-17,Footwear,1,7722.14,0.0,4211,1,0.3633050799635218,Prepaid,North,7,6,0
1165,2023-05-17,Apparel,1,1382.07,0.0,3634,0,0.0,Prepaid,East,7,0,1
3542,2023-05-17,Beauty,0,1149.04,0.1301927085756969,1251,1,0.029338899684995527,Prepaid,South,10,0,0
4926,2023-05-17,Electronics,0,4872.02,0.0,4187,1,0.38021277824623145,COD,South,5,5,1
4484,2023-05-17,Apparel,1,2694.35,0.0,2008,2,0.13619613207021705,Prepaid,West,3,0,0
562,2023-05-17,Footwear,1,2217.53,0.0,1639,3,0.2749649815532647,Prepaid,South,4,4,0
4934,2023-05-17,Home,0,322.79,0.0,1037,0,0.0,COD,East,11,4,0
3731,2023-05-17,Apparel,1,1081.12,0.0,3233,2,0.029884365795283297,Prepaid,East,1,5,0
656,2023-05-17,Apparel,1,625.68,0.10093204637985526,1960,3,0.11932601403359712,Prepaid,South,8,6,0
2025,2023-05-17,Electronics,0,763.22,0.0,3206,0,0.0,Prepaid,South,1,2,0
3439,2023-05-17,Footwear,1,1401.16,0.0,3114,4,0.2134321768335863,Prepaid,East,9,4,0
252,2023-05-17,Apparel,1,2781.69,0.258114736171812,4329,2,0.5511217622412752,Prepaid,South,12,11,0
2838,2023-05-17,Home,0,3180.81,0.0,4242,1,0.3539010597620819,Prepaid,North,10,2,0
1741,2023-05-17,Apparel,1,4348.39,0.2521746656735788,2000,2,0.5352201170333769,Prepaid,North,12,1,0
2892,2023-05-18,Apparel,1,13472.16,0.2586133589848464,1427,2,0.154674559804985,COD,North,8,3,0
4121,2023-05-18,Electronics,0,710.59,0.0,2637,1,0.14320653404436154,COD,North,13,1,0
3519,2023-05-18,Electronics,0,840.04,0.23186928005733515,2203,3,0.1319628929509543,Prepaid,West,4,11,0
4501,2023-05-18,Apparel,1,300.03,0.10333834598092433,2478,2,0.10005108655296703,Prepaid,South,2,5,0
4381,2023-05-18,Footwear,1,4448.78,0.0,3240,2,0.17652585559405584,Prepaid,South,5,0,0
1034,2023-05-18,Footwear,1,3319.21,0.11681941197108396,3273,1,0.010838094466993357,COD,West,7,1,0
605,2023-05-18,Footwear,1,5135.16,0.04200066558583585,1995,3,0.41411185227867814,Prepaid,West,3,1,0
3871,2023-05-18,Home,0,465.02,0.0,2050,0,0.0,Prepaid,West,3,0,0
635,2023-05-18,Apparel,1,764.1,0.0,3080,5,0.018192700337856613,COD,South,9,3,0
4352,2023-05-18,Apparel,1,1224.16,0.22001913942385326,1729,1,0.16074035418244192,COD,East,8,2,1
4241,2023-05-18,Apparel,1,41.25,0.0,4346,3,0.18152140252604643,Prepaid,North,9,10,0
1371,2023-05-18,Apparel,1,666.97,0.2199257322550023,3975,1,0.8084246765495784,Prepaid,South,10,0,1
1764,2023-05-18,Footwear,1,886.64,0.05508142617697799,1379,2,0.20125498542435144,Prepaid,North,2,5,0
3210,2023-05-18,Electronics,0,572.58,0.2937689252339659,1639,5,0.29175791164526704,Prepaid,East,5,2,0
1516,2023-05-18,Footwear,1,731.88,0.0,3636,4,0.17573234513661803,COD,North,10,0,0
2278,2023-05-18,Electronics,0,176.83,0.09739336813253399,3804,2,0.1461347960907205,Prepaid,West,12,1,1
2176,2023-05-18,Footwear,1,337.82,0.2724383506719572,3835,2,0.33079414306766364,COD,South,9,1,1
1072,2023-05-18,Apparel,1,498.41,0.0,3020,5,0.3823257849598723,Prepaid,South,4,0,1
4916,2023-05-18,Footwear,1,6759.43,0.0,4124,2,0.0006598668822869116,Prepaid,East,3,3,0
33,2023-05-18,Beauty,0,843.22,0.0,4184,1,0.15363915066012068,Prepaid,North,9,3,0
2240,2023-05-18,Apparel,1,557.53,0.0,1460,1,0.1736523977358041,COD,West,11,5,0
4170,2023-05-18,Electronics,0,305.41,0.25340816506737507,2710,2,0.24912667354420975,Prepaid,North,9,4,0
1975,2023-05-18,Electronics,0,345.55,0.0,2674,3,0.4902228308571111,Prepaid,South,11,2,0
3799,2023-05-18,Apparel,1,1300.54,0.0,1660,6,0.005078176886938099,Prepaid,North,7,3,0
561,2023-05-18,Home,0,2687.65,0.0,4221,2,0.43883652155496583,Prepaid,East,8,2,1
1704,2023-05-18,Beauty,0,864.81,0.0,4197,3,0.06380850258134123,COD,South,7,1,0
862,2023-05-18,Home,0,2648.25,0.16711879593114123,4114,2,0.23785698314923548,COD,North,9,0,0
2481,2023-05-18,Apparel,1,6808.67,0.07057029710965948,1522,1,0.14581478821586893,Prepaid,West,12,9,0
4387,2023-05-18,Apparel,1,5011.31,0.0,2624,3,0.03292982293637735,COD,East,6,1,0
1076,2023-05-18,Beauty,0,2097.85,0.0,3483,3,0.19348069929505168,COD,North,1,0,0
2483,2023-05-18,Home,0,1218.76,0.014240937633350215,2037,4,0.21281266335822496,COD,West,9,1,0
4966,2023-05-18,Footwear,1,844.98,0.0,4302,2,0.375204026118196,Prepaid,South,10,2,0
3734,2023-05-18,Footwear,1,8199.64,0.011335507504546857,3211,3,0.03537921148072469,Prepaid,South,7,13,0
3721,2023-05-18,Electronics,0,2873.89,0.28185875444296027,3276,1,0.3576483463888427,Prepaid,East,3,2,0
3501,2023-05-18,Home,0,297.06,0.0,3863,3,0.07802148919722442,Prepaid,South,12,0,0
2675,2023-05-18,Electronics,0,1270.81,0.0,3358,1,0.28045962123850093,Prepaid,North,5,0,0
1725,2023-05-18,Home,0,715.44,0.0,2638,1,0.07537959845502047,Prepaid,South,4,2,0
2337,2023-05-18,Footwear,1,6559.96,0.0,2274,1,0.1363809791426615,COD,North,7,4,0
4283,2023-05-19,Apparel,1,1778.89,0.0,3837,0,0.0,Prepaid,West,8,0,0
4309,2023-05-19,Apparel,1,231.9,0.0,1243,2,0.032588820560313536,COD,West,10,0,0
4736,2023-05-19,Home,0,248.52,0.0,3902,2,0.13108549627338864,Prepaid,West,5,9,0
370,2023-05-19,Apparel,1,1036.39,0.11013775955432269,1357,2,0.020930482125135923,COD,West,4,2,0
4978,2023-05-19,Electronics,0,360.53,0.0,4241,0,0.0,Prepaid,South,9,0,0
4131,2023-05-19,Home,0,603.55,0.16911699121150142,3614,1,0.2927538406864809,COD,South,1,3,1
2830,2023-05-19,Apparel,1,1086.79,0.0,2584,0,0.0,Prepaid,West,5,4,0
3948,2023-05-19,Electronics,0,794.4,0.25939452328868207,2664,0,0.0,Prepaid,East,13,3,0
1853,2023-05-19,Home,0,1640.32,0.2841273889408723,3935,2,0.21893023057840877,COD,North,10,2,0
306,2023-05-19,Electronics,0,4234.56,0.0,2339,0,0.0,Prepaid,South,2,0,0
468,2023-05-19,Apparel,1,1206.72,0.16522835086537999,3121,2,0.008684987211759934,Prepaid,East,9,5,0
1535,2023-05-19,Apparel,1,2022.22,0.045894581433564875,2147,5,0.06320217817588011,Prepaid,South,14,2,0
3534,2023-05-19,Electronics,0,5015.93,0.3696192961751027,2466,1,0.01004613308960037,COD,South,10,1,0
1225,2023-05-19,Electronics,0,303.58,0.0,1371,3,0.07039321998137561,COD,South,12,5,0
4586,2023-05-19,Apparel,1,633.66,0.17645367939983447,2113,3,0.1534919336013457,Prepaid,North,3,0,0
1970,2023-05-19,Apparel,1,200.14,0.2868831815504586,3059,1,0.21713304746407455,COD,West,14,3,0
3348,2023-05-19,Footwear,1,2599.55,0.0,4129,1,0.1869347459467401,COD,North,1,0,0
3702,2023-05-19,Beauty,0,537.17,0.0,4019,2,0.133180969272659,Prepaid,East,3,0,0
243,2023-05-19,Beauty,0,309.64,0.27730903200586143,1669,2,0.15207379514132516,Prepaid,West,2,1,0
809,2023-05-19,Electronics,0,1620.92,0.32374636609822205,1777,1,0.6250036746631795,Prepaid,East,7,6,0
3168,2023-05-19,Apparel,1,337.85,0.0,3225,3,0.12026331910693153,Prepaid,East,10,0,0
2065,2023-05-19,Beauty,0,979.48,0.45267064562844406,1824,1,0.06064444159510113,COD,East,3,1,1
4457,2023-05-19,Apparel,1,913.18,0.0,3261,0,0.0,Prepaid,East,11,0,0
690,2023-05-19,Apparel,1,1519.97,0.0,4003,0,0.0,Prepaid,North,6,6,0
2459,2023-05-19,Apparel,1,3334.92,0.0,3269,2,0.600669145878054,COD,West,3,8,1
3468,2023-05-19,Electronics,0,537.85,0.0,1861,4,0.07711091528884098,Prepaid,West,11,1,0
3782,2023-05-19,Home,0,566.43,0.0,1452,2,0.2872980421353667,Prepaid,West,11,1,0
2488,2023-05-19,Apparel,1,389.91,0.0,2947,0,0.0,Prepaid,West,1,0,0
2631,2023-05-19,Apparel,1,271.92,0.0,1381,4,0.15840757202635017,Prepaid,East,5,1,0
2335,2023-05-19,Electronics,0,440.49,0.0,1680,1,0.2376618903717532,Prepaid,East,9,17,0
43,2023-05-19,Electronics,0,1565.13,0.2243708958347898,4454,1,0.03874657426714935,Prepaid,East,11,0,0
950,2023-05-19,Apparel,1,674.05,0.17020429938512607,2583,5,0.024678087124075064,Prepaid,West,13,1,0
2503,2023-05-19,Home,0,3053.02,0.003393824662227596,4183,3,0.35900349625100425,Prepaid,East,12,2,0
1394,2023-05-19,Electronics,0,250.74,0.06044961841184441,2478,4,0.3096081282287245,Prepaid,East,1,0,0
465,2023-05-20,Electronics,0,1404.6,0.0,1137,4,0.024228776439428935,Prepaid,South,8,5,0
2672,2023-05-20,Home,0,2811.28,0.0,2054,2,0.27268266382379147,COD,West,12,1,0
499,2023-05-20,Apparel,1,1041.21,0.0,4461,4,0.23146002898682458,Prepaid,West,3,9,0
4885,2023-05-20,Footwear,1,433.4,0.10499786812366108,3319,2,0.10177064876391685,COD,South,11,0,1
2900,2023-05-20,Apparel,1,3122.72,0.0,3842,4,0.12270006789777126,COD,West,1,0,1
1404,2023-05-20,Apparel,1,761.1,0.08616275648583215,3656,2,0.06764721087134178,COD,West,7,0,1
1121,2023-05-20,Electronics,0,537.73,0.0965610042228616,3368,1,0.42685327130074424,COD,West,11,3,0
4549,2023-05-20,Apparel,1,1721.54,0.0,4099,5,0.2533538762548016,COD,North,5,1,0
1497,2023-05-20,Beauty,0,5686.85,0.06546936661967784,2555,2,0.1356560429946688,Prepaid,West,7,1,0
1623,2023-05-20,Apparel,1,5474.8,0.18771193026220517,2443,1,0.07643429792500285,COD,East,5,0,0
4594,2023-05-20,Home,0,1000.75,0.015773333630396583,3686,1,0.07864237012303728,COD,South,8,0,0
176,2023-05-20,Home,0,591.32,0.0,1870,0,0.0,Prepaid,West,13,5,0
4898,2023-05-20,Home,0,1108.4,0.22353543641015575,2394,3,0.25971489161280054,Prepaid,South,1,2,1
1386,2023-05-20,Electronics,0,4633.9,0.0,2545,1,0.46293768567482707,Prepaid,South,7,9,0
3503,2023-05-20,Electronics,0,211.49,0.2572695783102946,2038,1,0.06321304275202214,Prepaid,West,10,2,0
1680,2023-05-20,Home,0,187.27,0.47669408202772423,1097,3,0.06689906346646159,Prepaid,North,12,1,0
3878,2023-05-20,Footwear,1,624.45,0.0,1365,1,0.005126202265769903,COD,West,1,3,0
3526,2023-05-20,Apparel,1,2642.6,0.0,2809,1,0.30495474641735737,COD,North,6,0,0
221,2023-05-20,Home,0,2071.6,0.08378425591219003,3139,3,0.5643833373571948,Prepaid,East,9,0,0
4482,2023-05-20,Beauty,0,1633.38,0.0,4408,3,0.04681946354033581,COD,South,1,8,0
1761,2023-05-20,Apparel,1,330.45,0.0,1426,1,0.0019734050669881977,Prepaid,West,7,1,0
2204,2023-05-21,Footwear,1,2660.56,0.0,2712,4,0.14002763321792216,Prepaid,South,6,5,1
2207,2023-05-21,Home,0,396.76,0.0671388443188736,2979,2,0.05519192869365338,Prepaid,West,12,1,0
256,2023-05-21,Electronics,0,2925.72,0.0,1000,0,0.0,Prepaid,North,10,0,0
127,2023-05-21,Beauty,0,1845.25,0.21315283414754527,2891,2,0.03203905533976376,COD,West,1,1,0
2758,2023-05-21,Beauty,0,211.95,0.09033726704479779,3999,4,0.02620043898794356,COD,West,10,0,0
3726,2023-05-21,Apparel,1,511.63,0.37268740577735315,3763,3,0.08874634209064221,Prepaid,East,9,1,0
667,2023-05-21,Footwear,1,4076.47,0.009568497814265636,1013,3,0.23630423508618573,Prepaid,South,13,1,0
4323,2023-05-21,Beauty,0,1026.53,0.0,4225,1,0.1156807418508857,Prepaid,West,14,1,0
3421,2023-05-21,Home,0,291.79,0.0,4279,1,0.24485772768175593,COD,North,6,1,1
3416,2023-05-21,Apparel,1,1026.65,0.1373141534248893,3543,1,0.06714662473535443,Prepaid,West,14,1,0
1806,2023-05-21,Footwear,1,1767.88,0.0,1314,5,0.06619191696563606,Prepaid,West,14,6,0
79,2023-05-21,Footwear,1,1738.77,0.0,2529,2,0.2083404845491115,Prepaid,South,4,0,0
2244,2023-05-21,Apparel,1,104.64,0.0,3014,2,0.08458952856704306,Prepaid,East,3,0,0
400,2023-05-21,Footwear,1,1443.23,0.19735084171858366,3320,1,0.25901600759794924,Prepaid,North,11,1,0
2575,2023-05-21,Home,0,1827.74,0.03937923970850024,1868,2,0.46522608485467526,COD,East,6,1,0
283,2023-05-21,Electronics,0,292.13,0.10399196862152767,1118,1,0.4134085612675643,Prepaid,West,1,0,0
1927,2023-05-21,Home,0,1708.69,0.24907887224512082,3849,1,0.22681803934913844,COD,North,6,0,1
803,2023-05-21,Apparel,1,772.3,0.032556030972747216,2391,1,0.7137112996856598,COD,South,3,0,0
2953,2023-05-21,Apparel,1,515.7,0.09760847241789074,4061,1,0.02968459408155619,Prepaid,West,12,12,0
2630,2023-05-21,Home,0,10379.11,0.08421929105143601,2505,7,0.0006327599553324959,COD,South,14,1,0
2940,2023-05-21,Beauty,0,5566.26,0.4704919411595677,2171,2,0.34421220172429007,Prepaid,South,8,0,0
4568,2023-05-21,Apparel,1,529.95,0.1769783283050807,2261,0,0.0,Prepaid,West,1,10,1
494,2023-05-21,Apparel,1,782.59,0.0,1490,1,0.14879520550779934,COD,East,11,3,1
2246,2023-05-22,Home,0,277.9,0.0,1897,1,0.06492532126042704,Prepaid,West,8,10,1
3686,2023-05-22,Apparel,1,1275.12,0.0,4432,2,0.1987714602022916,Prepaid,West,8,1,0
4776,2023-05-22,Apparel,1,4488.69,0.07457599457370997,2098,1,0.2895135973919032,Prepaid,North,4,0,0
3850,2023-05-22,Beauty,0,453.76,0.3293946918617767,3081,2,0.10900588306822041,Prepaid,North,5,0,0
4524,2023-05-22,Electronics,0,141.3,0.0,1186,6,0.5323706506113631,Prepaid,East,1,4,0
1367,2023-05-22,Apparel,1,246.43,0.0,2175,0,0.0,COD,West,1,0,0
1413,2023-05-22,Footwear,1,242.44,0.0,3586,1,0.09514894746542502,COD,South,7,3,0
2622,2023-05-22,Electronics,0,4048.91,0.014236755375182791,1534,0,0.0,Prepaid,West,4,1,0
1612,2023-05-22,Home,0,1433.59,0.1908163940796355,2861,1,0.26494596673868204,Prepaid,South,13,1,0
4239,2023-05-22,Home,0,2256.0,0.11619873995375829,3689,3,0.37952557963186345,Prepaid,East,12,3,0
4010,2023-05-22,Apparel,1,407.7,0.36775984318348187,3092,0,0.0,Prepaid,North,6,2,1
2530,2023-05-22,Electronics,0,292.16,0.015119410144965123,1277,4,0.08894026076826173,COD,South,14,0,0
1522,2023-05-22,Apparel,1,2329.27,0.0,2802,1,0.03941447420951774,Prepaid,North,9,1,0
1466,2023-05-22,Electronics,0,1190.26,0.0,3033,1,0.06936106689359729,COD,North,8,3,0
206,2023-05-22,Apparel,1,420.41,0.1034944099672183,1727,0,0.0,COD,North,11,5,1
4138,2023-05-22,Beauty,0,2222.71,0.0,1033,4,0.08700520081854377,Prepaid,East,1,2,0
4904,2023-05-22,Electronics,0,1020.25,0.28302742549247645,1477,2,0.004094529200477432,Prepaid,West,3,9,0
1720,2023-05-22,Home,0,1176.52,0.0,2420,2,0.04053964614063632,Prepaid,North,13,3,0
3243,2023-05-22,Apparel,1,4857.5,0.0,4240,1,0.17991082148726806,Prepaid,North,7,1,1
1876,2023-05-22,Footwear,1,156.06,0.0,2544,3,0.4426696895885483,Prepaid,West,5,6,1
2512,2023-05-23,Footwear,1,2805.77,0.04207427501372907,2137,1,0.06106083003928805,Prepaid,West,7,3,1
2067,2023-05-23,Electronics,0,766.39,0.0,2831,2,0.4836371361778114,COD,East,8,0,0
4825,2023-05-23,Apparel,1,783.0,0.0,3287,1,0.08194763063904194,Prepaid,North,5,1,0
1588,2023-05-23,Apparel,1,343.57,0.0,3669,6,0.11977501004032623,Prepaid,East,1,3,0
739,2023-05-23,Apparel,1,1689.92,0.0,4004,2,0.1522321131657475,Prepaid,East,7,1,0
3842,2023-05-23,Home,0,110.87,0.0,1198,0,0.0,Prepaid,West,4,0,0
2664,2023-05-23,Apparel,1,308.07,0.4658236798029428,3944,3,0.013434701088238403,Prepaid,South,1,0,0
1186,2023-05-23,Home,0,7072.99,0.0,1334,4,0.1735937018999149,Prepaid,North,14,0,0
2983,2023-05-23,Apparel,1,2813.0,0.0,4126,1,0.5398305114283964,Prepaid,West,4,3,1
3423,2023-05-23,Home,0,1294.82,0.0,4186,1,0.11886523062683152,Prepaid,South,5,0,0
2035,2023-05-23,Footwear,1,1106.85,0.3786798288352312,2578,3,0.4401447921579588,COD,East,6,1,1
1930,2023-05-23,Apparel,1,4802.67,0.0,1799,2,0.1454919409361329,Prepaid,East,7,2,0
4912,2023-05-23,Beauty,0,1858.8,0.2053055464778123,2504,2,0.07487305834468316,COD,North,14,5,0
3309,2023-05-23,Apparel,1,2973.63,0.0,2231,0,0.0,Prepaid,East,7,7,0
4355,2023-05-23,Apparel,1,187.9,0.0,3602,2,0.18126885645051405,Prepaid,West,1,0,0
4331,2023-05-23,Electronics,0,1896.68,0.0,1205,1,0.11287886521889196,Prepaid,East,5,1,0
640,2023-05-23,Apparel,1,564.49,0.3114274992609301,2568,2,0.18531287184016723,COD,South,4,1,0
2383,2023-05-23,Apparel,1,6782.62,0.34228236332108786,3320,3,0.09141837860028375,Prepaid,North,2,0,1
2611,2023-05-23,Apparel,1,801.43,0.0,2575,3,0.05609735240012034,Prepaid,South,4,3,0
4308,2023-05-23,Apparel,1,2107.12,0.0,2656,1,0.12706077366728136,Prepaid,North,10,0,0
925,2023-05-23,Footwear,1,1045.5,0.0,1539,1,0.10645453240360385,COD,East,14,1,0
3710,2023-05-23,Beauty,0,2095.34,0.0,2923,1,0.18518730629063948,Prepaid,West,7,0,0
2955,2023-05-23,Apparel,1,6508.68,0.0,2062,2,0.18352173953370207,Prepaid,West,7,0,0
684,2023-05-23,Home,0,590.81,0.0,1476,3,0.4673558943884566,COD,North,9,9,0
1727,2023-05-23,Electronics,0,700.82,0.0,1820,2,0.08804600120670603,COD,North,4,0,0
4913,2023-05-23,Beauty,0,970.78,0.0702414696091258,1275,4,0.08313465885186347,COD,North,13,0,0
4655,2023-05-24,Footwear,1,3693.97,0.0,4481,1,0.3634357806972827,Prepaid,North,3,0,0
3614,2023-05-24,Electronics,0,3342.93,0.08777641307894381,2895,4,0.2962412571551872,COD,East,12,2,0
94,2023-05-24,Home,0,1910.2,0.09658315307304602,2032,2,0.17762586086409224,Prepaid,North,6,1,0
854,2023-05-24,Apparel,1,715.91,0.09433536504116072,2355,3,0.16692531939037433,Prepaid,North,9,0,0
2308,2023-05-24,Footwear,1,1778.09,0.3503180180581854,3489,2,0.23232106350754836,COD,North,10,1,0
2817,2023-05-24,Apparel,1,1875.02,0.18817582588703163,4265,4,0.3044250103277661,Prepaid,South,1,1,0
452,2023-05-24,Apparel,1,2722.34,0.0,2321,3,0.223628812843844,COD,South,14,0,0
2247,2023-05-24,Apparel,1,1065.75,0.0,2435,7,0.3058769161016249,COD,East,13,4,0
1443,2023-05-24,Apparel,1,1050.53,0.164702000827057,2073,0,0.0,Prepaid,South,2,1,0
3511,2023-05-24,Apparel,1,1496.64,0.0011363128527095423,3287,0,0.0,Prepaid,North,10,2,0
2314,2023-05-24,Electronics,0,2434.51,0.06158566363991735,3454,1,0.35206468435633054,Prepaid,South,6,0,0
3517,2023-05-24,Beauty,0,925.21,0.03468372713817004,1667,1,0.34279644539838294,COD,South,7,5,0
1912,2023-05-24,Electronics,0,787.96,0.0,3078,1,0.22616475934941527,Prepaid,North,1,7,0
947,2023-05-24,Home,0,554.55,0.24022099069444444,3682,1,0.050646689523901646,COD,East,5,0,0
3009,2023-05-24,Beauty,0,297.18,0.0,1860,7,0.10378450784475003,COD,South,9,1,0
4521,2023-05-24,Apparel,1,750.29,0.0,2507,0,0.0,Prepaid,North,1,5,0
495,2023-05-24,Beauty,0,1743.79,0.11574737986729765,1111,5,0.28425883519348816,Prepaid,West,5,1,0
1877,2023-05-24,Footwear,1,4875.62,0.0,3803,1,0.05139920263459507,Prepaid,West,14,6,0
367,2023-05-24,Footwear,1,2105.52,0.0,3960,2,0.024904594429066958,Prepaid,West,10,1,0
2533,2023-05-24,Home,0,291.53,0.15208926129531583,1273,4,0.09247303250346116,COD,East,4,2,1
4454,2023-05-24,Electronics,0,2618.23,0.0,2023,2,0.047959720995634586,Prepaid,South,8,1,0
1851,2023-05-24,Electronics,0,240.64,0.0,1008,1,0.18245328689319662,COD,East,4,0,0
1766,2023-05-24,Footwear,1,1755.89,0.0,3653,1,0.028622724876561246,COD,South,12,0,0
4668,2023-05-24,Footwear,1,2461.77,0.027268949954136354,1174,1,0.156990886037858,COD,South,13,10,0
1528,2023-05-24,Beauty,0,1776.5,0.08692384919543412,2222,0,0.0,Prepaid,East,2,7,0
4226,2023-05-24,Apparel,1,2032.08,0.4456449170117861,2673,5,0.0727806238913964,Prepaid,North,5,0,1
1265,2023-05-24,Electronics,0,243.58,0.0,2379,3,0.05695069696799851,Prepaid,West,4,6,0
4152,2023-05-25,Electronics,0,384.51,0.1118984928036989,3972,4,0.18814376187635756,Prepaid,East,6,0,0
3108,2023-05-25,Footwear,1,1232.07,0.04626882294273488,3387,0,0.0,Prepaid,West,8,7,0
4102,2023-05-25,Apparel,1,518.03,0.37540277581491643,3201,0,0.0,Prepaid,North,13,3,1
139,2023-05-25,Apparel,1,835.64,0.12110451764994987,2346,2,0.22986442197137996,COD,South,6,1,0
2845,2023-05-25,Apparel,1,3127.52,0.0,1571,3,0.06483859860091465,COD,South,5,7,0
4695,2023-05-25,Home,0,5783.8,0.0,3680,2,0.18346854675506583,COD,North,11,1,0
1009,2023-05-25,Apparel,1,294.46,0.0,1033,3,0.5464972677952108,COD,South,7,2,0
1786,2023-05-25,Electronics,0,4651.34,0.0,2820,3,0.09343235424032778,Prepaid,North,9,0,0
2629,2023-05-25,Electronics,0,6776.58,0.0,4179,0,0.0,Prepaid,North,4,1,0
2623,2023-05-25,Footwear,1,618.68,0.028447798994521253,1332,2,0.1788011933142237,Prepaid,East,10,0,1
1917,2023-05-25,Footwear,1,3046.27,0.020394247496216905,4469,1,0.14630437720014652,Prepaid,West,5,2,0
3499,2023-05-25,Electronics,0,1514.74,0.0,3334,0,0.0,Prepaid,South,12,2,1
3059,2023-05-25,Apparel,1,318.16,0.0,2779,2,0.5428582232436195,Prepaid,West,7,2,0
939,2023-05-25,Home,0,382.96,0.3389840437910153,2638,2,0.12577241100129524,Prepaid,North,13,4,1
4547,2023-05-25,Apparel,1,4308.54,0.0,1586,3,0.3939609340857475,Prepaid,East,8,6,1
946,2023-05-25,Apparel,1,272.31,0.0,1166,3,0.251991662123821,Prepaid,East,1,1,0
138,2023-05-25,Beauty,0,303.03,0.0,2647,4,0.07776947466314318,COD,South,13,0,0
3806,2023-05-25,Electronics,0,466.94,0.0,1554,2,0.1371757228504778,Prepaid,East,11,3,0
4784,2023-05-25,Home,0,974.07,0.0,4002,2,0.2455231951097945,Prepaid,South,9,0,1
23,2023-05-25,Home,0,1743.12,0.0,4491,2,0.34278354265675187,Prepaid,South,7,4,1
1997,2023-05-25,Apparel,1,687.89,0.0,2504,2,0.05884267521575729,COD,East,5,7,0
731,2023-05-26,Home,0,1643.09,0.07835279393420275,2290,2,0.2616829340801713,Prepaid,West,11,0,0
3707,2023-05-26,Electronics,0,1286.7,0.0,1774,2,0.06691755209263044,COD,South,10,8,0
2411,2023-05-26,Home,0,925.45,0.0,3619,1,0.1125840334440598,Prepaid,East,1,0,0
1862,2023-05-26,Apparel,1,1069.29,0.0,3892,2,0.12848912338880736,Prepaid,South,9,4,1
2033,2023-05-26,Electronics,0,290.83,0.08884679441864514,1594,1,0.2860999014033951,Prepaid,East,10,0,0
369,2023-05-26,Home,0,9731.21,0.0,2587,0,0.0,Prepaid,West,1,3,1
3241,2023-05-26,Electronics,0,2544.53,0.31040246337751465,2104,1,0.08072943557763453,Prepaid,North,14,1,1
2868,2023-05-26,Apparel,1,303.04,0.0,3850,2,0.040764102227672426,Prepaid,West,13,8,0
2242,2023-05-26,Beauty,0,580.5,0.0,1008,1,0.2340402348776368,COD,South,13,12,0
1245,2023-05-26,Apparel,1,310.25,0.12176150378869645,1157,1,0.19427200570043884,COD,West,8,8,0
4266,2023-05-26,Apparel,1,1225.79,0.0,2360,2,0.03619924952888544,Prepaid,East,1,2,0
957,2023-05-26,Apparel,1,626.65,0.12188261384332622,2339,4,0.24790164299338827,Prepaid,East,2,6,0
1430,2023-05-26,Apparel,1,995.43,0.0,1932,4,0.3700828851745766,Prepaid,North,6,0,1
4729,2023-05-26,Apparel,1,4611.72,0.24304859763656128,2887,2,0.0696970759138202,Prepaid,South,2,0,1
3150,2023-05-26,Footwear,1,1831.41,0.013436540018877133,1839,1,0.202784467997547,Prepaid,North,6,4,0
4590,2023-05-26,Home,0,4530.07,0.0,2506,3,0.24125696922020215,Prepaid,North,11,2,0
105,2023-05-26,Footwear,1,3945.1,0.0,1004,2,0.059055182637946554,Prepaid,West,2,5,0
2045,2023-05-26,Footwear,1,273.93,0.0,2414,2,0.3919728332843148,Prepaid,North,9,1,0
4925,2023-05-26,Footwear,1,4262.63,0.0,3158,5,0.04856447355022125,COD,South,5,1,1
3070,2023-05-26,Apparel,1,504.06,0.0,2305,4,0.26178604979640485,Prepaid,North,5,10,0
4341,2023-05-26,Apparel,1,312.91,0.0,2773,3,0.018776372409520722,Prepaid,North,10,0,0
4724,2023-05-26,Electronics,0,591.25,0.0,1143,2,0.12862490624497633,Prepaid,South,3,3,0
3471,2023-05-26,Apparel,1,2604.27,0.0,1090,4,0.05812334335098306,Prepaid,West,10,1,0
563,2023-05-26,Apparel,1,481.22,0.1255194955530131,2657,1,0.1474484306932989,Prepaid,East,11,2,0
3170,2023-05-26,Apparel,1,1030.5,0.1725727226005173,2066,1,0.1686384088032091,Prepaid,West,10,4,0
2257,2023-05-26,Apparel,1,755.84,0.0,3022,2,0.13433568328119322,Prepaid,North,11,9,0
2451,2023-05-26,Beauty,0,199.64,0.0,1245,1,0.3923755835041864,Prepaid,North,9,5,0
383,2023-05-26,Footwear,1,1109.89,0.0,2335,2,0.41710446595448014,Prepaid,North,7,0,0
1023,2023-05-26,Electronics,0,2175.27,0.0,1129,1,0.07055803109389097,Prepaid,West,8,6,0
4620,2023-05-27,Electronics,0,623.51,0.0,1601,0,0.0,Prepaid,South,12,0,0
2494,2023-05-27,Apparel,1,427.11,0.0,3767,1,0.6028934181437897,Prepaid,West,6,2,0
337,2023-05-27,Electronics,0,669.77,0.3822144834111916,3943,3,0.633338613796096,Prepaid,North,12,2,1
958,2023-05-27,Home,0,2834.81,0.0,2085,1,0.5596200227256317,Prepaid,South,5,6,0
3979,2023-05-27,Apparel,1,2293.93,0.0,4436,5,0.3322273616050179,COD,West,2,0,0
2763,2023-05-27,Apparel,1,402.79,0.10461924967401068,4296,2,0.29137950588659534,COD,West,7,0,0
2662,2023-05-27,Electronics,0,4929.02,0.31966167822706854,1389,1,0.07492891815694343,COD,West,10,0,0
2594,2023-05-27,Apparel,1,6378.48,0.14028553311143102,3117,3,0.32360282431965914,COD,West,8,3,0
2794,2023-05-27,Apparel,1,458.56,0.1603430861027618,3105,1,0.028510097244193528,Prepaid,North,14,3,0
4602,2023-05-27,Electronics,0,1226.32,0.0,2715,3,0.1618463366095074,Prepaid,North,4,1,0
2164,2023-05-27,Home,0,14123.45,0.0,4139,0,0.0,Prepaid,South,4,4,0
1426,2023-05-27,Electronics,0,3035.91,0.0,2854,3,0.2697254780526242,Prepaid,West,9,0,0
695,2023-05-27,Beauty,0,841.25,0.03645801846841122,3463,4,0.21078316887258391,COD,South,13,0,0
1144,2023-05-27,Beauty,0,501.17,0.06888987412952129,3701,2,0.07431795518185913,COD,North,10,2,0
4022,2023-05-27,Electronics,0,200.39,0.0,3028,1,0.3786864008094745,COD,North,14,6,0
3855,2023-05-27,Electronics,0,9558.64,0.0,2692,2,0.6222147748657331,COD,South,11,0,0
1303,2023-05-27,Beauty,0,1893.91,0.0,3678,1,0.14156129853448243,Prepaid,East,7,8,0
266,2023-05-27,Home,0,457.04,0.34377592834617876,4382,2,0.017450825028006076,COD,East,9,2,0
2943,2023-05-27,Apparel,1,519.0,0.0,2621,2,0.2670234218626246,Prepaid,East,2,0,0
1789,2023-05-27,Electronics,0,777.41,0.0,1693,0,0.0,COD,North,3,1,1
2985,2023-05-27,Apparel,1,2831.74,0.0,1802,1,0.04642364970795986,Prepaid,North,3,7,0
2896,2023-05-27,Electronics,0,1878.66,0.20096814540993013,1050,2,0.27664087701006956,Prepaid,West,1,1,1
368,2023-05-27,Footwear,1,532.29,0.0,1635,2,0.6553947298667137,COD,East,14,1,0
4970,2023-05-27,Beauty,0,289.21,0.04666710352406672,3468,1,0.03253796905460026,COD,North,14,9,0
2834,2023-05-27,Apparel,1,5258.12,0.0,4484,3,0.32977576056756636,Prepaid,South,2,6,1
4379,2023-05-27,Electronics,0,2307.28,0.0,1531,1,0.11933394992026133,Prepaid,North,8,2,0
4456,2023-05-27,Apparel,1,772.12,0.0,3110,0,0.0,Prepaid,West,12,0,0
1216,2023-05-27,Apparel,1,16014.69,0.4024834319879852,4198,0,0.0,Prepaid,West,7,4,0
3406,2023-05-28,Footwear,1,942.67,0.0,4308,3,0.17693456126610868,Prepaid,North,5,1,0
3494,2023-05-28,Electronics,0,2747.92,0.30139554161992055,1140,1,0.15259152854483973,Prepaid,East,8,1,0
3815,2023-05-28,Electronics,0,696.41,0.2498003946080424,2045,4,0.2808969476202433,Prepaid,West,7,4,0
3377,2023-05-28,Apparel,1,2301.9,0.05262635404000486,3031,3,0.013539615087509255,Prepaid,North,1,11,0
4813,2023-05-28,Home,0,1204.41,0.0,3066,1,0.5137900287509443,COD,North,10,0,1
2774,2023-05-28,Apparel,1,1520.46,0.0,1682,2,0.4491974596962135,Prepaid,East,14,5,1
2663,2023-05-28,Electronics,0,2726.04,0.08253593155202765,3315,1,0.43243415729376605,Prepaid,West,12,2,0
61,2023-05-28,Apparel,1,138.56,0.0,2289,1,0.3031070446546354,COD,West,14,1,0
271,2023-05-28,Home,0,231.12,0.0,1860,3,0.1470291084633711,Prepaid,North,7,7,0
520,2023-05-28,Apparel,1,689.68,0.0,3065,0,0.0,Prepaid,West,12,1,0
2324,2023-05-28,Apparel,1,848.56,0.0,4452,3,0.13382051662294578,COD,East,4,2,0
2907,2023-05-28,Electronics,0,359.75,0.8,1387,1,0.20309198998256278,Prepaid,South,10,0,0
1417,2023-05-28,Beauty,0,1120.08,0.0,1730,4,0.12903733131374945,Prepaid,East,6,0,0
4806,2023-05-28,Apparel,1,4232.9,0.000151433239564569,1892,3,0.32412045390038996,Prepaid,East,5,1,0
1295,2023-05-28,Apparel,1,264.92,0.41805575972542797,3227,2,0.14056338035255064,Prepaid,North,9,0,1
2116,2023-05-28,Home,0,1740.53,0.0,4454,0,0.0,COD,East,4,1,0
3444,2023-05-28,Apparel,1,643.22,0.0,1758,2,0.4080958053725537,COD,North,14,0,0
872,2023-05-29,Electronics,0,2088.76,0.5701754650215562,3086,1,0.00399002669208934,Prepaid,East,12,6,0
185,2023-05-29,Footwear,1,322.39,0.0,4446,2,0.009562616319412914,Prepaid,West,7,0,0
1070,2023-05-29,Footwear,1,1983.65,0.0,3818,3,0.4903409693128498,Prepaid,East,8,10,0
344,2023-05-29,Apparel,1,3247.24,0.6535234964144004,2580,4,0.5681273166034433,Prepaid,East,13,3,0
2331,2023-05-29,Footwear,1,1110.22,0.43104904970846747,3636,1,0.22071660489411052,COD,North,10,6,0
3316,2023-05-29,Footwear,1,879.66,0.0,3796,1,0.36576099995579764,COD,West,11,0,0
3298,2023-05-29,Apparel,1,2133.37,0.4029422094957661,2673,1,0.15522667311815153,COD,West,3,0,0
4557,2023-05-29,Apparel,1,1269.98,0.0,3781,4,0.14587799089155956,Prepaid,South,14,3,1
373,2023-05-29,Apparel,1,896.19,0.19616902372125783,2028,3,0.15067230128361747,Prepaid,West,11,1,0
4791,2023-05-29,Apparel,1,3870.44,0.0,4457,1,0.12814786852569252,Prepaid,North,9,7,0
3883,2023-05-29,Electronics,0,3529.65,0.0,2310,3,0.04841824672923787,Prepaid,North,12,9,0
2089,2023-05-29,Footwear,1,1954.09,0.23829714589778184,3282,0,0.0,Prepaid,West,8,2,0
480,2023-05-29,Apparel,1,1998.36,0.0,1537,2,0.23067856148885818,Prepaid,East,10,2,0
879,2023-05-29,Footwear,1,201.16,0.0,2205,3,0.10441209001285541,Prepaid,East,1,4,1
3038,2023-05-29,Apparel,1,626.42,0.0,3483,1,0.044141780938481846,COD,South,9,2,0
2029,2023-05-29,Electronics,0,1353.58,0.0,2115,0,0.0,COD,South,1,3,0
2873,2023-05-29,Apparel,1,145.2,0.2828802322503262,4262,1,0.2573236890864279,COD,South,4,0,0
1145,2023-05-29,Apparel,1,1802.44,0.10052276835657142,3808,0,0.0,COD,South,14,12,1
2157,2023-05-29,Apparel,1,244.4,0.17247178912997266,3730,0,0.0,COD,North,2,0,0
431,2023-05-29,Apparel,1,1062.76,0.0,3955,1,0.0316521486499677,COD,East,1,0,0
4882,2023-05-29,Electronics,0,6707.23,0.0,3790,1,0.2186731325453195,Prepaid,West,6,4,0
601,2023-05-29,Apparel,1,2208.91,0.0,1011,2,0.28282511088006634,Prepaid,East,12,1,1
1819,2023-05-29,Apparel,1,2495.29,0.0,4424,2,0.21769363075301426,Prepaid,West,12,6,0
1805,2023-05-29,Apparel,1,1144.5,0.1270227009821796,1934,2,0.24679205865023085,Prepaid,West,3,3,0
1337,2023-05-29,Apparel,1,343.47,0.4495156064362732,2793,1,0.0066041591752510394,Prepaid,South,9,6,0
3991,2023-05-29,Apparel,1,105.47,0.0,1668,2,0.08698623002094477,COD,North,11,0,1
4886,2023-05-29,Electronics,0,634.35,0.3621717937711608,4070,1,0.1772721321584464,Prepaid,West,13,0,0
708,2023-05-29,Footwear,1,1626.72,0.36747834881748753,1791,2,0.26070172181575246,Prepaid,West,14,1,0
3585,2023-05-29,Apparel,1,325.03,0.0,2476,4,0.545942269337413,COD,North,7,1,0
1878,2023-05-29,Electronics,0,812.33,0.07282015575547247,2350,2,0.2248158803931763,Prepaid,East,14,7,0
600,2023-05-30,Apparel,1,4587.1,0.0,2351,3,0.03051076859856804,Prepaid,South,12,2,0
3759,2023-05-30,Apparel,1,3359.83,0.0,1454,1,0.10817096444563341,Prepaid,East,13,1,0
2232,2023-05-30,Apparel,1,1764.62,0.07243932896646525,3860,2,0.1474333862652716,Prepaid,West,2,1,0
46,2023-05-30,Apparel,1,1638.71,0.0,2983,2,0.6255362357657891,Prepaid,North,10,1,1
1508,2023-05-30,Footwear,1,3365.7,0.0,2353,1,0.15539666503453162,Prepaid,North,9,0,0
1664,2023-05-30,Apparel,1,1069.29,0.3449212625362646,3035,2,0.46718637945721464,Prepaid,East,12,1,1
4212,2023-05-30,Footwear,1,319.08,0.14552675571357182,2038,5,0.12508501236156114,COD,East,1,0,0
2248,2023-05-30,Apparel,1,351.95,0.08730116511716493,1743,2,0.4047236611810988,Prepaid,North,8,0,0
1673,2023-05-30,Electronics,0,1304.97,0.0,3771,2,0.5020146594836292,Prepaid,West,8,0,0
120,2023-05-30,Home,0,3711.24,0.0,3953,5,0.04085929456676396,Prepaid,West,1,2,0
384,2023-05-30,Electronics,0,1805.84,0.0,4003,0,0.0,Prepaid,East,10,2,0
4076,2023-05-30,Apparel,1,1421.16,0.0,3901,3,0.06557852469212692,Prepaid,West,12,0,0
1192,2023-05-30,Beauty,0,452.43,0.3913031006462344,4218,2,0.05565280273033324,Prepaid,North,11,0,0
4977,2023-05-30,Footwear,1,1006.77,0.2526258003795941,3035,1,0.055523609617839774,Prepaid,North,12,0,1
1763,2023-05-30,Home,0,5392.69,0.11599951528303148,2314,2,0.17739519825019373,COD,West,4,0,0
4269,2023-05-30,Electronics,0,1509.1,0.2970419545039129,2764,3,0.6638754962378104,Prepaid,West,14,4,0
3933,2023-05-30,Apparel,1,1859.94,0.0,4258,1,0.09846668573418287,Prepaid,South,10,4,0
4118,2023-05-30,Apparel,1,338.32,0.0,1791,2,0.4299463770610754,Prepaid,East,4,0,1
174,2023-05-30,Beauty,0,870.44,0.44372064024637925,3800,3,0.10222980905761583,Prepaid,East,8,9,0
3295,2023-05-30,Beauty,0,3095.22,0.0,3332,2,0.6930051650630307,Prepaid,South,5,2,1
1580,2023-05-30,Home,0,219.34,0.0,1826,4,0.06835212722436171,Prepaid,South,14,0,0
2149,2023-05-30,Apparel,1,2436.35,0.0,1317,5,0.06144919686128574,Prepaid,North,1,1,1
473,2023-05-30,Home,0,2069.15,0.004894466676234388,4325,1,0.19763483974820817,Prepaid,East,6,1,0
1278,2023-05-30,Apparel,1,12251.86,0.0,3880,4,0.1299222689481809,COD,South,7,5,0
1063,2023-05-31,Apparel,1,489.08,0.19945165489740702,3715,0,0.0,Prepaid,North,7,6,0
2082,2023-05-31,Electronics,0,905.34,0.0,2878,1,0.35833667348790715,Prepaid,North,11,0,0
1925,2023-05-31,Electronics,0,558.22,0.0,3675,1,0.20428281958519467,Prepaid,North,14,0,0
2649,2023-05-31,Apparel,1,946.66,0.17568421022901948,1211,2,0.4004878973423022,Prepaid,North,4,2,0
533,2023-05-31,Electronics,0,6147.56,0.0,2261,4,0.36270905780167045,Prepaid,West,9,2,1
458,2023-05-31,Footwear,1,693.26,0.16966257385500758,2149,0,0.0,Prepaid,South,11,3,1
2986,2023-05-31,Beauty,0,2269.59,0.0,1471,2,0.19614766985200965,Prepaid,West,4,2,0
3927,2023-05-31,Home,0,1090.63,0.17902193776085476,1643,0,0.0,Prepaid,North,6,2,0
4130,2023-05-31,Electronics,0,572.98,0.0,2812,5,0.0383520677709209,Prepaid,West,1,0,0
2674,2023-05-31,Electronics,0,1547.72,0.0,1344,1,0.49640575330243303,Prepaid,East,11,2,0
2329,2023-05-31,Apparel,1,2228.18,0.0,2557,1,0.008497983968155104,COD,North,14,0,0
1136,2023-05-31,Beauty,0,582.87,0.0,4006,2,0.07243509721339378,COD,North,10,3,0
3015,2023-05-31,Footwear,1,967.6,0.2011769232340291,2995,1,0.023406758054903647,Prepaid,West,5,11,0
2325,2023-05-31,Apparel,1,690.0,0.15350129978838173,1905,2,0.055790287733242586,Prepaid,South,5,1,0
1401,2023-05-31,Apparel,1,4834.51,0.0,4306,4,0.29242667896703867,COD,East,4,1,0
3701,2023-05-31,Footwear,1,2277.67,0.0,2923,5,0.2063211845143283,Prepaid,South,5,1,0
4893,2023-05-31,Electronics,0,54.82,0.0,1873,3,0.023708758030428073,COD,West,13,1,0
3783,2023-05-31,Apparel,1,1209.03,0.0,2505,2,0.00935231797764671,Prepaid,South,9,0,0
3667,2023-05-31,Beauty,0,1156.74,0.0,1845,0,0.0,COD,West,12,1,1
4957,2023-05-31,Apparel,1,588.99,0.1953580725319085,1252,1,0.011430548216096542,COD,South,5,2,0
3662,2023-05-31,Apparel,1,722.55,0.0,2924,0,0.0,Prepaid,East,3,0,0
1705,2023-05-31,Apparel,1,468.95,0.0,3753,3,0.08073362205456959,Prepaid,West,11,0,1
3441,2023-05-31,Beauty,0,380.93,0.0,4169,3,0.4139906389854798,COD,North,6,2,0
1751,2023-05-31,Apparel,1,3185.63,0.10870590485749441,2775,0,0.0,Prepaid,West,6,2,1
649,2023-05-31,Electronics,0,255.19,0.0,2977,2,0.48509085570281174,Prepaid,North,13,1,0
4624,2023-05-31,Apparel,1,314.7,0.0,3947,1,0.06998361754157946,Prepaid,East,1,5,0
3413,2023-05-31,Footwear,1,2860.5,0.0,2689,2,0.18589516817890403,COD,North,4,0,0
698,2023-05-31,Home,0,1375.48,0.0,3632,2,0.010869825687726285,Prepaid,South,9,0,0
3474,2023-05-31,Apparel,1,1106.77,0.29733182714040124,2092,3,0.28875223063917443,Prepaid,East,12,7,0
877,2023-05-31,Footwear,1,146.39,0.0,1923,0,0.0,Prepaid,South,13,0,0
750,2023-05-31,Electronics,0,1297.34,0.30621308612489295,3195,2,0.20331827500497598,Prepaid,South,13,0,0
2856,2023-05-31,Electronics,0,736.62,0.11773106102246474,2824,4,0.21719120032839692,Prepaid,East,3,0,0
4506,2023-06-01,Electronics,0,158.07,0.1378452776614166,1014,3,0.24097285191222156,Prepaid,North,13,0,0
239,2023-06-01,Footwear,1,737.63,0.0,1622,3,0.012413128358147268,Prepaid,South,14,2,0
1773,2023-06-01,Electronics,0,642.87,0.0,2018,1,0.2215661349309088,Prepaid,North,1,5,0
4580,2023-06-01,Electronics,0,1283.81,0.1355353819736459,4428,2,0.3553841066531089,COD,South,3,5,0
1651,2023-06-01,Beauty,0,940.94,0.0,3837,3,0.1149553496160999,COD,West,10,0,0
3986,2023-06-01,Home,0,328.16,0.0,3955,1,0.1440701157106295,Prepaid,West,3,0,0
1364,2023-06-01,Apparel,1,3119.12,0.0,3360,2,0.32881317713428915,Prepaid,South,11,2,0
2511,2023-06-01,Home,0,877.04,0.19367378974750238,3408,1,0.06161212739640821,Prepaid,East,11,1,0
1181,2023-06-01,Home,0,2964.85,0.0,1499,0,0.0,Prepaid,South,14,4,0
1556,2023-06-01,Apparel,1,963.66,0.0,2706,1,0.09014902636476119,Prepaid,South,11,2,0
869,2023-06-01,Beauty,0,581.1,0.0,2776,2,0.4184037635652098,Prepaid,West,8,1,0
2711,2023-06-01,Home,0,939.32,0.0026609842118520827,2174,2,0.11539995601337324,Prepaid,East,11,2,0
1122,2023-06-01,Footwear,1,2892.55,0.0,4361,4,0.20880195851481884,Prepaid,South,3,5,0
2375,2023-06-01,Electronics,0,1575.68,0.0,1909,4,0.5660421074100872,Prepaid,South,13,3,0
1900,2023-06-01,Apparel,1,1180.2,0.27918067766733856,3932,5,0.09876691206009913,Prepaid,South,1,2,0
4570,2023-06-01,Footwear,1,1303.78,0.0,3679,0,0.0,Prepaid,West,8,0,0
1890,2023-06-01,Footwear,1,2444.86,0.2576727063354619,4491,1,0.3090540016334879,Prepaid,East,6,7,0
609,2023-06-01,Apparel,1,1892.7,0.0,3408,3,0.03894057422303521,COD,South,9,3,0
583,2023-06-01,Electronics,0,4397.97,0.15471990003817726,1371,3,0.7140726876324909,Prepaid,South,14,0,0
2879,2023-06-01,Electronics,0,1515.64,0.0,2619,5,0.04703777799348569,Prepaid,West,13,0,0
2289,2023-06-01,Beauty,0,340.53,0.0,2365,2,0.013352058226567513,Prepaid,East,12,2,0
1075,2023-06-01,Electronics,0,527.38,0.0,4490,2,0.09219848542084821,Prepaid,South,6,1,0
2268,2023-06-01,Electronics,0,431.58,0.22722835665864766,1995,4,0.0011618931735618684,COD,North,7,0,0
2439,2023-06-01,Footwear,1,2861.5,0.0,3097,1,0.2996957929625891,Prepaid,North,7,0,0
3676,2023-06-01,Electronics,0,584.34,0.09044580577154454,3187,1,0.10064099947132452,Prepaid,East,9,1,0
655,2023-06-01,Electronics,0,153.09,0.22196091324647685,2162,2,0.532222356942136,COD,West,5,2,0
3586,2023-06-02,Beauty,0,464.22,0.0,1654,3,0.1689345494255286,COD,East,7,0,0
1641,2023-06-02,Apparel,1,611.96,0.0,1983,0,0.0,Prepaid,North,4,3,1
1211,2023-06-02,Apparel,1,1875.13,0.0,2619,2,0.050756616328577135,Prepaid,South,3,3,0
1551,2023-06-02,Electronics,0,321.8,0.0,2317,2,0.06022597987564652,COD,North,14,1,0
4077,2023-06-02,Apparel,1,4025.81,0.0,2356,3,0.17660188800216559,Prepaid,South,9,4,1
3830,2023-06-02,Beauty,0,62.58,0.0,2376,1,0.04439642891328233,Prepaid,North,4,3,0
3522,2023-06-02,Electronics,0,1536.94,0.0,2590,0,0.0,Prepaid,North,9,4,0
4045,2023-06-02,Apparel,1,838.72,0.21760914848868068,2511,1,0.1516938370842906,Prepaid,South,6,5,0
3395,2023-06-02,Footwear,1,939.61,0.0,2595,1,0.48169770593538336,Prepaid,North,11,0,1
4420,2023-06-02,Home,0,263.5,0.16720803027673234,2429,1,0.005076291524848299,Prepaid,North,7,5,0
3403,2023-06-02,Beauty,0,141.22,0.09331625051370306,2435,3,0.14031232476355568,COD,South,7,0,0
2358,2023-06-02,Footwear,1,766.58,0.0,1344,2,0.1849745542250164,Prepaid,East,4,1,0
3774,2023-06-02,Apparel,1,2180.5,0.0,4278,3,0.011030809900180759,COD,East,4,2,1
2260,2023-06-02,Home,0,1444.86,0.0,1404,3,0.7002079127990849,Prepaid,East,13,3,0
4927,2023-06-02,Home,0,592.9,0.0,4475,4,0.08703537256798145,COD,North,2,2,0
903,2023-06-02,Beauty,0,1168.87,0.0,3515,3,0.4830158395954128,Prepaid,East,12,4,1
1520,2023-06-02,Home,0,3568.25,0.0,2423,3,0.18911954928736383,COD,North,12,6,0
1486,2023-06-02,Home,0,305.46,0.0,3524,1,0.09049473305808005,Prepaid,North,12,0,0
403,2023-06-02,Footwear,1,466.33,0.34982196111054276,2753,1,0.02775994306221247,Prepaid,South,11,0,0
1770,2023-06-02,Footwear,1,741.0,0.0,2132,3,0.06737902894761506,Prepaid,North,11,3,0
3685,2023-06-02,Beauty,0,711.82,0.0,2324,3,0.33791038164055703,Prepaid,North,9,0,0
1107,2023-06-02,Footwear,1,839.69,0.0,3146,1,0.32736942872705604,Prepaid,South,5,1,0
1281,2023-06-03,Apparel,1,1994.81,0.18207289965259907,3893,1,0.19252017089271525,Prepaid,East,7,7,0
2052,2023-06-03,Apparel,1,14622.17,0.0,1931,1,0.3460773077942129,Prepaid,South,8,1,0
3644,2023-06-03,Apparel,1,8828.07,0.44178963114282177,1200,4,0.47046555928753386,COD,West,12,3,0
2178,2023-06-03,Footwear,1,1547.21,0.10456571562449446,1294,4,0.1398425593961022,COD,North,9,1,0
1613,2023-06-03,Beauty,0,860.02,0.0,2065,3,0.10973161071813278,Prepaid,East,12,1,0
3636,2023-06-03,Beauty,0,116.36,0.0,4090,3,0.0026595155356727482,Prepaid,East,4,0,0
4919,2023-06-03,Apparel,1,1510.44,0.4093512649590816,2656,5,0.05566332350899958,Prepaid,North,9,2,0
89,2023-06-03,Footwear,1,3666.61,0.0,4009,3,0.10443346036397494,Prepaid,East,9,2,0
3872,2023-06-03,Electronics,0,525.95,0.15328740540500643,2450,2,0.07343800686438423,COD,West,6,2,0
2043,2023-06-03,Home,0,952.0,0.01728728063569257,4386,3,0.6560157550381536,Prepaid,North,5,1,0
1156,2023-06-03,Apparel,1,725.86,0.0,2597,1,0.31936930176784434,Prepaid,North,3,0,0
2911,2023-06-03,Apparel,1,276.41,0.0,1919,1,0.2291341944753264,Prepaid,North,14,3,0
857,2023-06-03,Home,0,480.39,0.13833789731534624,2533,1,0.20069285649750743,COD,North,13,2,0
1006,2023-06-03,Electronics,0,850.71,0.0977800249959405,3153,2,0.1987324272015887,Prepaid,North,1,4,0
3013,2023-06-03,Footwear,1,548.02,0.1410017273115841,2688,1,0.2581834400501199,Prepaid,East,11,0,0
4095,2023-06-03,Home,0,2609.55,0.0,1338,3,0.08166236096910949,Prepaid,West,8,4,0
2058,2023-06-03,Electronics,0,317.54,0.0,3051,6,0.12354912457710963,Prepaid,West,4,0,0
883,2023-06-03,Apparel,1,405.95,0.560942309725376,2199,3,0.044219164829525,Prepaid,East,2,2,0
1638,2023-06-03,Home,0,1777.44,0.0,4200,2,0.30237206494652813,Prepaid,North,4,1,0
1343,2023-06-03,Apparel,1,614.48,0.0,3192,3,0.2909041531685953,COD,South,5,3,1
2334,2023-06-03,Electronics,0,3967.34,0.0,1135,0,0.0,Prepaid,South,3,8,0
4621,2023-06-03,Footwear,1,277.61,0.0,4401,1,0.03945491848964497,Prepaid,North,1,3,0
4965,2023-06-03,Apparel,1,493.7,0.0,1219,2,0.04356443136134904,COD,North,6,11,1
801,2023-06-03,Beauty,0,438.52,0.0,1540,2,0.13222396027252661,Prepaid,North,8,0,0
4780,2023-06-03,Electronics,0,394.63,0.41557385190130036,2110,2,0.21976827259856646,COD,North,14,0,0
1423,2023-06-03,Electronics,0,1029.55,0.08683310606893332,3801,2,0.050224854580742315,Prepaid,East,12,1,0
244,2023-06-03,Apparel,1,205.79,0.4122597622842942,1668,1,0.5572242755424743,Prepaid,East,2,1,0
4744,2023-06-03,Apparel,1,508.74,0.20332311702006978,3795,2,0.01729176047617753,COD,South,7,6,0
2603,2023-06-03,Apparel,1,2196.15,0.304313206037314,1659,4,0.46709084125970135,COD,South,12,0,0
4770,2023-06-04,Apparel,1,15805.14,0.0,3645,0,0.0,Prepaid,North,2,2,0
50,2023-06-04,Footwear,1,1085.03,0.0,1374,3,0.0281400130411992,Prepaid,South,5,13,0
4413,2023-06-04,Beauty,0,1190.18,0.1728391201846159,2138,3,0.42678992965034934,Prepaid,North,12,0,0
4508,2023-06-04,Apparel,1,808.96,0.0,2331,2,0.058463416081178596,Prepaid,South,3,6,0
4335,2023-06-04,Footwear,1,1018.27,0.0,3078,0,0.0,Prepaid,North,12,2,0
797,2023-06-04,Electronics,0,4577.72,0.1441466090191681,1934,1,0.41306169122938025,COD,North,1,2,0
1094,2023-06-04,Footwear,1,1411.44,0.0,1127,0,0.0,Prepaid,South,6,0,0
1079,2023-06-04,Home,0,2243.11,0.0,3339,1,0.2878902026285098,Prepaid,South,6,1,0
1440,2023-06-04,Electronics,0,1007.51,0.0,3599,1,0.19915930837355428,Prepaid,West,3,1,0
3809,2023-06-04,Home,0,2281.29,0.28836082699498633,4395,1,0.18743677824735652,COD,North,3,1,0
3475,2023-06-04,Footwear,1,596.15,0.0,4173,2,0.16807255456753067,Prepaid,South,10,6,0
1403,2023-06-04,Apparel,1,716.58,0.37241904243471646,3208,1,0.06630800555468486,COD,West,3,10,0
4195,2023-06-04,Home,0,2243.44,0.44910053047682574,1635,2,0.3753759002291947,Prepaid,North,7,3,0
749,2023-06-04,Home,0,473.98,0.12519004731042524,4481,1,0.014512469108364841,Prepaid,North,6,1,0
3852,2023-06-04,Apparel,1,868.73,0.0,2802,4,0.13653077302149585,COD,North,8,1,0
3195,2023-06-04,Beauty,0,1289.1,0.13552978138821042,4414,1,0.2512896913846796,Prepaid,East,6,2,0
3321,2023-06-04,Apparel,1,1268.91,0.0,3256,1,0.33550970732851526,Prepaid,East,11,4,1
522,2023-06-04,Home,0,265.52,0.025690236356602905,3030,1,0.05240181295637111,Prepaid,North,9,0,0
2650,2023-06-04,Apparel,1,493.37,0.13972777808277825,1343,1,0.0885854116625164,COD,North,10,0,0
4238,2023-06-04,Electronics,0,1562.15,0.0,2497,5,0.16156360389218014,Prepaid,South,3,0,0
1116,2023-06-04,Home,0,1060.02,0.0,1550,2,0.03737667579053877,Prepaid,West,12,4,0
2848,2023-06-04,Electronics,0,1441.58,0.0,3445,2,0.10469126561529442,Prepaid,West,12,1,0
2080,2023-06-04,Apparel,1,1637.47,0.0,3853,2,0.016922715684414866,COD,West,1,10,0
502,2023-06-04,Home,0,904.92,0.3908814763446302,4243,2,0.1785546511862475,Prepaid,South,8,2,0
506,2023-06-04,Apparel,1,3170.38,0.0,3609,1,0.07055790222645351,COD,East,9,10,0
2730,2023-06-04,Beauty,0,1266.87,0.34864737248130195,1339,2,0.19866012015382087,Prepaid,South,5,0,0
4968,2023-06-05,Beauty,0,4180.53,0.10633228472547285,4383,3,0.03078392608341502,Prepaid,West,12,2,0
1656,2023-06-05,Footwear,1,913.84,0.0,2434,3,0.2609181093726032,COD,South,1,3,0
2239,2023-06-05,Electronics,0,289.11,0.0,4112,1,0.30101979035386994,Prepaid,East,11,0,1
4710,2023-06-05,Apparel,1,2105.49,0.0,2550,5,0.30169567859995083,Prepaid,South,12,0,1
4069,2023-06-05,Apparel,1,4091.37,0.005488726542323644,1405,3,0.08189665580897065,Prepaid,South,3,10,1
597,2023-06-05,Footwear,1,4605.69,0.0,4433,1,0.3452658464526809,Prepaid,North,11,0,0
4706,2023-06-05,Apparel,1,9175.36,0.265870678131932,2371,0,0.0,COD,North,5,0,1
3115,2023-06-05,Apparel,1,13811.22,0.0,1819,2,0.17633756691487298,Prepaid,South,14,1,1
4974,2023-06-05,Footwear,1,2858.29,0.0,3361,2,0.11883844530765271,Prepaid,East,4,1,0
861,2023-06-05,Apparel,1,355.85,0.0,3332,4,0.44875389980752295,Prepaid,South,6,3,0
3081,2023-06-05,Apparel,1,4397.63,0.0,3350,5,0.24306952105582103,Prepaid,South,10,2,0
2696,2023-06-05,Electronics,0,294.79,0.05073041412883668,3512,0,0.0,Prepaid,East,13,1,0
142,2023-06-05,Electronics,0,489.73,0.0,3915,6,0.10578975997705027,COD,East,6,0,0
179,2023-06-05,Electronics,0,635.92,0.0,3642,2,0.057529328460890046,Prepaid,West,2,3,0
4091,2023-06-05,Electronics,0,1011.25,0.0,3259,0,0.0,Prepaid,North,12,1,0
922,2023-06-05,Footwear,1,789.63,0.0,1704,1,0.2885287244450497,COD,South,1,1,0
2752,2023-06-05,Apparel,1,6038.62,0.1633743878114604,1910,0,0.0,Prepaid,South,10,0,0
650,2023-06-05,Apparel,1,709.47,0.1378638860133469,1553,2,0.39771388138616015,Prepaid,West,5,6,1
1739,2023-06-05,Footwear,1,1170.7,0.0,3412,2,0.7087907912515684,COD,West,7,0,0
1604,2023-06-05,Apparel,1,314.32,0.0,2935,3,0.7228346912708088,COD,South,7,5,0
503,2023-06-05,Apparel,1,1707.14,0.1522140682343821,2340,1,0.18902305184721152,Prepaid,South,10,1,1
209,2023-06-05,Apparel,1,688.51,0.0,2352,1,0.14492062488588525,Prepaid,West,14,1,0
4543,2023-06-05,Apparel,1,675.5,0.0,3463,4,0.37726797783048444,Prepaid,North,3,3,1
2801,2023-06-05,Footwear,1,1259.1,0.18559503923812826,4274,1,0.10111375799602701,Prepaid,South,8,7,0
2075,2023-06-05,Beauty,0,7959.74,0.0,1854,3,0.37355263026054225,Prepaid,East,6,10,0
4585,2023-06-05,Electronics,0,690.38,0.0,2423,2,0.28210504910300194,Prepaid,East,14,0,0
2772,2023-06-05,Footwear,1,1643.95,0.18964308925527398,3331,1,0.000476146747431918,Prepaid,East,3,2,0
4532,2023-06-05,Apparel,1,585.62,0.0,4071,3,0.0015101607350960192,COD,West,12,3,0
198,2023-06-05,Electronics,0,959.8,0.15528930066961008,3318,2,0.05853267273456914,Prepaid,East,1,2,0
4316,2023-06-05,Apparel,1,735.11,0.30446327511952487,2155,1,0.09557965481786773,Prepaid,East,1,0,0
3257,2023-06-05,Apparel,1,1815.33,0.311953726197362,3543,1,0.23559797965871257,COD,West,3,3,0
3807,2023-06-05,Home,0,1755.07,0.0,1877,5,0.2948230365173035,COD,North,6,2,0
1650,2023-06-05,Electronics,0,888.81,0.0,3992,3,0.004045091415724434,Prepaid,East,7,3,0
395,2023-06-05,Apparel,1,299.81,0.06625942944663321,1964,6,0.08807590059227312,Prepaid,North,9,2,0
2771,2023-06-05,Apparel,1,3373.11,0.0,3352,3,0.30111031946715255,Prepaid,North,14,0,0
1139,2023-06-05,Electronics,0,882.61,0.0,3337,0,0.0,Prepaid,West,7,0,0
2949,2023-06-06,Electronics,0,676.85,0.0,2986,1,0.38231873681496675,Prepaid,West,9,0,0
3851,2023-06-06,Apparel,1,719.46,0.0,1375,0,0.0,Prepaid,East,8,0,0
940,2023-06-06,Apparel,1,4980.98,0.3266937945936508,3582,5,0.1714915611148065,COD,South,3,0,1
2298,2023-06-06,Apparel,1,7192.56,0.0,3899,0,0.0,Prepaid,East,11,1,0
1790,2023-06-06,Apparel,1,777.72,0.18828106934051175,4172,2,0.2342243310680636,Prepaid,East,4,7,0
3086,2023-06-06,Electronics,0,2418.85,0.0,1678,3,0.09779807927404748,COD,South,11,0,0
2184,2023-06-06,Electronics,0,790.15,0.0,4390,2,0.11798858461856077,COD,South,4,3,0
1381,2023-06-06,Electronics,0,1231.46,0.0,2313,2,0.07581753739898017,Prepaid,West,14,1,0
3922,2023-06-06,Apparel,1,3906.37,0.33334686319578016,3966,5,0.13699049437355246,Prepaid,South,5,0,0
4206,2023-06-06,Home,0,1901.02,0.0,3845,3,0.11917499367806886,Prepaid,East,6,19,0
389,2023-06-06,Apparel,1,5047.0,0.0,3218,3,0.19050638247351248,COD,West,11,0,1
715,2023-06-06,Apparel,1,7635.98,0.41329973010370824,3013,1,0.08854032777471153,COD,South,2,0,0
702,2023-06-06,Home,0,2204.13,0.0,1280,1,0.053760666623512664,Prepaid,South,13,2,0
4158,2023-06-06,Electronics,0,937.95,0.0,3465,2,0.02340827548530435,Prepaid,East,8,6,0
2719,2023-06-06,Apparel,1,804.15,0.0,1876,6,0.30026662534928056,Prepaid,North,4,13,0
2384,2023-06-06,Apparel,1,1025.49,0.2804058432361879,1183,3,0.026294579746148145,Prepaid,South,10,9,0
2645,2023-06-06,Apparel,1,508.61,0.42047664374860194,4227,3,0.10508399144753272,Prepaid,East,7,4,0
217,2023-06-06,Footwear,1,589.46,0.0,2797,2,0.5856425773315712,Prepaid,North,2,0,0
2442,2023-06-06,Footwear,1,143.94,0.0,4026,5,0.03411646788332502,COD,West,5,0,0
2504,2023-06-06,Home,0,1839.59,0.0,3562,4,0.43623709635828006,Prepaid,West,10,7,0
4476,2023-06-06,Electronics,0,2784.78,0.11144897220621491,1660,1,0.6168603780307104,Prepaid,East,4,0,0
1257,2023-06-06,Apparel,1,2097.08,0.012129544436650083,2957,1,0.0012918799831694405,Prepaid,North,5,5,0
3902,2023-06-07,Footwear,1,1495.48,0.054780857860407955,3397,1,0.2109885954716171,Prepaid,West,14,0,0
211,2023-06-07,Electronics,0,379.59,0.0,2239,2,0.024549431339578827,Prepaid,North,4,4,0
4243,2023-06-07,Footwear,1,1177.13,0.0,1388,3,0.278062029270962,Prepaid,West,9,2,0
3281,2023-06-07,Home,0,9146.48,0.0,1735,2,0.2962172300591863,COD,East,3,0,0
1756,2023-06-07,Apparel,1,258.02,0.0,2382,2,0.36687111696447244,Prepaid,West,6,2,1
4772,2023-06-07,Home,0,253.8,0.1166273091376423,3377,3,0.22147343250495957,Prepaid,East,12,7,0
2499,2023-06-07,Home,0,3283.45,0.06928683520174711,2972,2,0.11572673609470438,Prepaid,South,11,4,0
3419,2023-06-07,Electronics,0,929.42,0.0,3411,1,0.32351669910296155,Prepaid,South,6,3,0
2319,2023-06-07,Home,0,2744.35,0.0,1694,3,0.1687690725631114,Prepaid,West,8,1,0
4650,2023-06-07,Home,0,456.42,0.0,4385,3,0.19337442078345837,Prepaid,North,3,7,0
2112,2023-06-07,Footwear,1,1898.3,0.22708457866625767,2906,1,0.08995761300996134,COD,South,3,3,0
4122,2023-06-07,Apparel,1,202.43,0.0,3978,4,0.3067830248363048,COD,North,14,3,0
1879,2023-06-07,Apparel,1,1428.41,0.30838398945185697,2970,2,0.06956697057730381,Prepaid,South,4,4,0
4496,2023-06-07,Apparel,1,401.01,0.23962818117637985,2756,0,0.0,Prepaid,West,8,0,1
2990,2023-06-07,Footwear,1,1508.65,0.0,3373,5,0.0846898101813579,Prepaid,West,3,0,0
4905,2023-06-08,Home,0,6843.85,0.0,2672,1,0.05540097495996775,COD,West,9,0,0
1827,2023-06-08,Home,0,3080.61,0.21468202693988947,4022,1,0.44198081362305663,Prepaid,South,11,0,0
1962,2023-06-08,Footwear,1,1981.26,0.4100110420070827,3345,4,0.46705951912455224,COD,North,3,3,0
3301,2023-06-08,Electronics,0,1245.73,0.03210601515961063,2712,3,0.23022290319282399,Prepaid,South,12,0,0
2221,2023-06-08,Electronics,0,4642.67,0.1715366569004263,1863,1,0.05386245760132834,Prepaid,East,2,1,0
1429,2023-06-08,Apparel,1,2315.1,0.0,2819,2,0.14936938619356324,COD,East,5,1,1
3156,2023-06-08,Electronics,0,2388.31,0.0715505585832201,3677,2,0.04832599099291121,Prepaid,East,13,2,0
2886,2023-06-08,Footwear,1,1888.79,0.0,3619,2,0.09491455651478098,Prepaid,West,2,2,1
3293,2023-06-08,Apparel,1,1015.77,0.0,2973,2,0.506989917984481,Prepaid,West,8,4,0
2262,2023-06-08,Electronics,0,1924.13,0.09429516547657729,4046,3,0.19382561625544484,Prepaid,North,8,7,0
4818,2023-06-08,Footwear,1,172.78,0.0,1448,0,0.0,Prepaid,West,3,0,0
4860,2023-06-08,Home,0,260.44,0.0,1825,4,0.2366575116065752,Prepaid,North,6,1,0
813,2023-06-08,Home,0,602.83,0.0,4093,2,0.23610020393982944,Prepaid,South,8,0,0
2076,2023-06-08,Apparel,1,1308.52,0.0,1786,2,0.08421791704242723,COD,North,14,0,0
3687,2023-06-08,Home,0,301.86,0.24888595913195105,2767,0,0.0,Prepaid,East,11,3,0
1217,2023-06-08,Home,0,558.69,0.08581419052764294,2132,1,0.35373871703858906,Prepaid,East,12,3,0
1856,2023-06-08,Apparel,1,763.2,0.293708467929076,1206,1,0.24953596990337382,Prepaid,North,7,0,0
4372,2023-06-08,Electronics,0,2784.1,0.1521860469058831,2418,5,0.00043926883647030457,Prepaid,East,9,0,0
1654,2023-06-08,Home,0,586.65,0.42093021516523277,1441,3,0.11594349688157686,Prepaid,North,14,2,0
1767,2023-06-08,Apparel,1,1371.85,0.0,2816,2,0.22617350861800004,COD,West,3,10,0
385,2023-06-08,Apparel,1,3782.13,0.0,3108,1,0.17693924656309595,Prepaid,North,11,3,1
4218,2023-06-08,Apparel,1,3608.78,0.5167506552088464,3903,2,0.3037136213799528,COD,West,9,2,0
82,2023-06-08,Home,0,149.12,0.16168784239728237,3185,3,0.08288188849995923,Prepaid,North,6,0,0
2543,2023-06-08,Electronics,0,147.97,0.45032058445913015,3858,2,0.28988506664807395,COD,North,7,0,1
4406,2023-06-09,Apparel,1,5408.76,0.0,2846,4,0.24803113879084668,Prepaid,West,11,2,0
3914,2023-06-09,Apparel,1,2032.15,0.05243429754911132,1655,1,0.28110035284425455,Prepaid,South,7,2,0
3336,2023-06-09,Footwear,1,1108.93,0.0,2868,1,0.20231768650666665,COD,North,5,0,0
4374,2023-06-09,Apparel,1,239.85,0.0,2986,2,0.18856410057638268,COD,West,14,3,1
4848,2023-06-09,Footwear,1,725.21,0.08754537405143542,4129,4,0.23599910823016926,Prepaid,South,13,9,0
288,2023-06-09,Apparel,1,1515.82,0.0,4460,2,0.0986087107539952,COD,South,13,1,0
681,2023-06-09,Home,0,2019.58,0.11348191149560032,4262,1,0.015277334843700452,COD,East,6,4,0
3603,2023-06-09,Electronics,0,489.19,0.0,1782,4,0.02171998459254945,COD,East,4,0,0
4730,2023-06-09,Footwear,1,1147.95,0.0,3580,0,0.0,Prepaid,East,7,4,0
1119,2023-06-09,Apparel,1,567.85,0.0,3908,3,0.07230596994024323,COD,North,2,0,0
2679,2023-06-09,Footwear,1,670.54,0.0,1841,3,0.21359034539638666,COD,West,4,1,0
3654,2023-06-09,Electronics,0,2068.59,0.0,1703,1,0.22301582915452767,Prepaid,North,1,2,0
245,2023-06-09,Apparel,1,2632.77,0.0,1107,3,0.12108849040163817,Prepaid,South,5,0,0
1087,2023-06-09,Apparel,1,3011.64,0.38390282320456215,1079,0,0.0,Prepaid,South,5,0,0
84,2023-06-09,Home,0,986.4,0.0,4306,1,0.1395546618753056,COD,East,7,0,0
1926,2023-06-09,Apparel,1,3454.43,0.10796049969668653,2260,2,0.04540108022267364,COD,North,2,2,0
882,2023-06-09,Apparel,1,4986.27,0.06988207986331256,1116,2,0.24479958648985406,Prepaid,East,2,2,0
4829,2023-06-09,Electronics,0,1067.68,0.12244515570158238,3230,1,0.14740218190848192,Prepaid,South,3,4,0
2209,2023-06-09,Home,0,439.48,0.45312210753626336,4386,1,0.15379197331690617,Prepaid,East,10,1,0
3242,2023-06-09,Electronics,0,1287.98,0.0,3251,3,0.19433883957008108,Prepaid,South,14,1,0
1555,2023-06-09,Home,0,4661.61,0.0,2609,1,0.19663093509043097,Prepaid,West,9,0,0
2219,2023-06-09,Electronics,0,827.61,0.0,3228,3,0.14022549631834222,COD,South,1,7,0
4875,2023-06-09,Electronics,0,2010.95,0.3594268213191061,2271,2,0.18676858512778846,Prepaid,West,3,1,1
2279,2023-06-09,Electronics,0,398.15,0.11500504011969541,2661,1,0.235944194064588,Prepaid,North,11,5,0
4008,2023-06-09,Apparel,1,452.46,0.0,2514,1,0.03277031851895176,Prepaid,West,6,0,0
2820,2023-06-09,Home,0,496.58,0.0,1252,2,0.05121494360201795,Prepaid,North,14,9,0
2818,2023-06-09,Apparel,1,1597.49,0.0,2944,2,0.009128916505714105,Prepaid,West,11,9,1
2566,2023-06-09,Apparel,1,412.55,0.0,3730,2,0.39653740886025785,Prepaid,West,14,10,0
4312,2023-06-09,Electronics,0,83.69,0.01440169940284751,2069,2,0.10653605381624684,Prepaid,West,13,9,0
1249,2023-06-09,Electronics,0,870.38,0.0,1007,1,0.15769521422478563,Prepaid,West,1,3,0
3724,2023-06-09,Electronics,0,6670.94,0.0,4316,3,0.02100212628941837,Prepaid,South,9,7,0
3891,2023-06-09,Electronics,0,241.55,0.0,4262,1,0.004202727407515068,COD,North,6,2,0
2405,2023-06-09,Apparel,1,200.02,0.0,2573,2,0.3584308600743526,Prepaid,West,13,2,1
2135,2023-06-10,Apparel,1,335.88,0.0,1383,3,0.4537415368087848,Prepaid,North,7,0,0
172,2023-06-10,Footwear,1,1605.57,0.06779660412411839,1433,2,0.6302574548497071,Prepaid,North,12,1,1
1169,2023-06-10,Beauty,0,3643.8,0.0,1119,3,0.05959581350708429,Prepaid,West,3,1,0
4863,2023-06-10,Electronics,0,1499.62,0.0,3340,2,0.033385737322958665,Prepaid,North,13,2,0
4353,2023-06-10,Footwear,1,533.19,0.0,1737,2,0.01075728502675898,COD,West,3,7,0
875,2023-06-10,Apparel,1,208.31,0.0,2382,3,0.197891684160806,COD,West,2,2,1
1436,2023-06-10,Beauty,0,1893.86,0.0,1290,5,0.5128345833773948,COD,East,7,5,0
815,2023-06-10,Apparel,1,721.03,0.07321221086692814,1845,3,0.06410954379983475,Prepaid,South,14,1,0
868,2023-06-10,Electronics,0,2766.41,0.0,4271,0,0.0,Prepaid,East,1,3,0
4897,2023-06-10,Beauty,0,1153.41,0.095915649566855,1069,1,0.40948369914099747,Prepaid,West,7,1,0
4749,2023-06-10,Home,0,1065.21,0.0,2862,2,0.03726693164802178,Prepaid,East,8,2,0
4518,2023-06-10,Home,0,768.59,0.0,4241,5,0.17646864511802854,Prepaid,South,9,0,0
1408,2023-06-10,Footwear,1,1724.21,0.0,2265,0,0.0,Prepaid,North,2,3,0
1988,2023-06-10,Apparel,1,212.49,0.0,1796,1,0.17013235104692143,Prepaid,West,8,0,1
1566,2023-06-10,Home,0,136.73,0.10061325829690199,3827,2,0.10663426844471048,COD,East,11,7,0
3495,2023-06-10,Apparel,1,633.45,0.0,1700,6,0.13610562630305548,Prepaid,West,6,1,0
247,2023-06-10,Electronics,0,1769.72,0.0,3138,1,0.23007673757359323,COD,East,13,10,0
4448,2023-06-10,Footwear,1,1172.34,0.355310057422644,2479,0,0.0,COD,West,11,3,1
3989,2023-06-10,Footwear,1,576.28,0.0,3115,2,0.33770241773213505,Prepaid,West,14,3,1
1455,2023-06-10,Footwear,1,3375.25,0.0,1244,0,0.0,COD,South,2,3,1
2285,2023-06-10,Home,0,1386.55,0.0,4125,3,0.4350956022972091,Prepaid,North,5,2,0
1783,2023-06-10,Apparel,1,650.9,0.0,1489,4,0.10600530528136685,Prepaid,South,9,6,0
2283,2023-06-10,Apparel,1,1406.95,0.0,4368,3,0.0057707489404619575,COD,East,11,0,0
1530,2023-06-10,Electronics,0,315.24,0.3297629545658226,3298,2,0.12590330018466694,Prepaid,East,12,3,0
923,2023-06-10,Electronics,0,2057.79,0.0,2784,2,0.1733462138687427,COD,East,12,1,0
1505,2023-06-10,Apparel,1,814.78,0.0,2635,1,0.17026120533467842,Prepaid,South,5,2,0
1022,2023-06-10,Apparel,1,2233.55,0.0,2548,1,0.31212627967836726,Prepaid,South,5,1,0
2858,2023-06-10,Home,0,436.68,0.0,1895,3,0.005714530630146516,Prepaid,East,6,2,0
2079,2023-06-11,Home,0,323.83,0.0,4232,4,0.07703503391434695,Prepaid,West,5,6,0
4540,2023-06-11,Apparel,1,1482.45,0.0,4439,1,0.10265088210547312,Prepaid,North,12,1,0
2753,2023-06-11,Apparel,1,125.29,0.5358718439638331,3516,1,0.044541767462218905,Prepaid,East,2,0,0
4134,2023-06-11,Apparel,1,3164.91,0.0,4440,1,0.07665736703344507,Prepaid,East,9,0,0
4221,2023-06-11,Beauty,0,740.23,0.0,1943,4,0.2960963200457357,Prepaid,West,8,3,0
1788,2023-06-11,Electronics,0,1106.5,0.08132910138750712,3660,5,0.059957065769347756,COD,North,8,0,0
3313,2023-06-11,Footwear,1,860.62,0.17785368977549526,1772,0,0.0,Prepaid,West,7,1,0
4059,2023-06-11,Footwear,1,1567.11,0.0,3962,2,0.2982171612425455,Prepaid,North,8,4,0
4264,2023-06-11,Home,0,122.2,0.0,4070,1,0.2675784155348875,Prepaid,West,5,0,0
4878,2023-06-11,Apparel,1,2041.57,0.25284290539734355,3349,1,0.08392302445200171,COD,East,9,2,0
697,2023-06-11,Apparel,1,437.1,0.05077239930913566,3786,3,0.5834438607457267,Prepaid,North,7,5,1
779,2023-06-11,Electronics,0,769.29,0.03970642227944067,1886,2,0.004751576206135517,Prepaid,East,8,0,0
1596,2023-06-11,Footwear,1,852.52,0.1721269804184662,4392,5,0.1711569508214075,COD,North,10,1,0
3454,2023-06-11,Electronics,0,3482.02,0.0,3059,0,0.0,Prepaid,South,6,2,0
4465,2023-06-11,Electronics,0,647.83,0.07623014335201288,3835,2,0.03654144533873284,COD,West,1,4,0
1561,2023-06-11,Footwear,1,469.41,0.10911082159372383,2946,1,0.30591164549409816,COD,East,13,0,0
1093,2023-06-11,Apparel,1,1119.7,0.0,2341,2,0.11321439933273175,Prepaid,East,8,3,0
3521,2023-06-12,Apparel,1,889.99,0.2017208970644543,4224,4,0.26031285360959644,COD,North,14,6,1
3843,2023-06-12,Beauty,0,449.08,0.0,2175,3,0.08355328456700525,Prepaid,North,10,2,0
2960,2023-06-12,Home,0,913.02,0.32603908227543466,2576,1,0.01596512085434163,Prepaid,West,3,1,0
1734,2023-06-12,Electronics,0,618.85,0.0,3519,7,0.35984798926376965,Prepaid,East,4,0,0
2387,2023-06-12,Home,0,771.17,0.24390467145811598,1521,4,0.026458614700368387,Prepaid,South,4,0,0
3043,2023-06-12,Apparel,1,430.75,0.0,1586,3,0.02795775215149667,COD,North,7,4,0
1791,2023-06-12,Apparel,1,199.91,0.0,3027,2,0.3675431958703468,Prepaid,West,8,2,0
2556,2023-06-12,Footwear,1,1618.15,0.0,3474,3,0.5181915312056231,Prepaid,West,14,2,1
129,2023-06-12,Electronics,0,1912.6,0.08129399564407605,2552,1,0.05129232421541693,Prepaid,East,7,0,0
1453,2023-06-12,Apparel,1,2431.77,0.29996654338050094,3660,4,0.22052061414254442,Prepaid,West,1,0,0
3092,2023-06-12,Home,0,1936.7,0.0,2700,1,0.06795455154353547,Prepaid,West,12,2,0
3740,2023-06-12,Apparel,1,1526.26,0.0,2408,2,0.1030128915571208,Prepaid,West,9,1,1
3748,2023-06-12,Electronics,0,290.34,0.28759033228169584,1342,1,0.17478501231357485,Prepaid,North,5,4,0
4828,2023-06-12,Electronics,0,175.85,0.0,3614,0,0.0,Prepaid,South,6,4,0
616,2023-06-12,Electronics,0,504.59,0.0,1902,1,0.08014490607335746,Prepaid,East,8,6,0
1871,2023-06-12,Footwear,1,2678.9,0.0,2373,1,0.1423126226050145,Prepaid,East,4,3,0
3347,2023-06-12,Electronics,0,398.79,0.03518891578213164,4240,2,0.5241406719449493,COD,North,7,3,0
3935,2023-06-12,Apparel,1,521.95,0.08980759013737301,2715,1,0.14617916595628586,Prepaid,South,2,0,0
1276,2023-06-12,Apparel,1,2410.3,0.0,1827,1,0.05446070988535243,Prepaid,North,7,7,0
343,2023-06-12,Beauty,0,267.95,0.0,2515,1,0.12321282944677535,COD,South,13,10,0
2395,2023-06-12,Apparel,1,1605.11,0.480828204273971,3846,2,0.23680120014362352,COD,South,1,0,0
3252,2023-06-12,Home,0,1599.86,0.0,1607,1,0.29750096326167497,Prepaid,South,6,3,0
1464,2023-06-12,Footwear,1,716.88,0.1996863710919508,1915,1,0.1466123428094049,Prepaid,East,3,2,0
2153,2023-06-12,Electronics,0,1136.13,0.0006188687859573078,3945,0,0.0,Prepaid,West,6,9,0
1939,2023-06-12,Electronics,0,4514.68,0.36331194220358276,3840,2,0.12592893582368617,Prepaid,South,13,0,1
3436,2023-06-12,Apparel,1,1530.55,0.0,3210,4,0.07078437317772442,Prepaid,South,1,1,0
2909,2023-06-13,Beauty,0,4748.74,0.2743864337067672,3965,1,0.027796022041549174,COD,South,14,3,0
4172,2023-06-13,Home,0,399.09,0.0,2247,3,0.12278576305237286,Prepaid,West,10,6,0
1016,2023-06-13,Beauty,0,1347.8,0.44703677756856064,3528,1,0.15470804076517455,COD,East,7,3,1
2789,2023-06-13,Footwear,1,680.32,0.0,3063,3,0.08883315058441166,COD,North,6,0,0
3408,2023-06-13,Home,0,181.37,0.0,2244,4,0.16955168741094306,Prepaid,South,5,4,0
341,2023-06-13,Apparel,1,3082.95,0.0,3100,1,0.5205197561584733,COD,East,1,4,1
2290,2023-06-13,Footwear,1,9009.24,0.1662184643504246,1577,3,0.014401599287939973,COD,East,14,2,0
2906,2023-06-13,Home,0,127.46,0.238731969602892,4151,1,0.15711380778093303,COD,East,12,8,0
981,2023-06-13,Footwear,1,1224.69,0.20102892193359248,2559,0,0.0,Prepaid,North,12,0,0
289,2023-06-13,Electronics,0,1096.3,0.0,4326,2,0.1951179222447391,COD,East,14,12,0
1143,2023-06-13,Apparel,1,4982.67,0.26153454345207106,2737,2,0.6279781473639086,Prepaid,South,1,1,0
423,2023-06-13,Electronics,0,1998.5,0.0,1031,0,0.0,Prepaid,West,8,7,0
3764,2023-06-13,Electronics,0,3117.56,0.24082244045321669,2601,0,0.0,Prepaid,North,12,0,1
4084,2023-06-13,Footwear,1,1696.64,0.0,2525,1,0.38984145408499715,COD,North,5,3,0
309,2023-06-13,Electronics,0,1090.7,0.1568443796059639,1580,3,0.02677835684221827,COD,North,10,0,0
564,2023-06-13,Apparel,1,781.62,0.09313914109245061,2156,3,0.23124212523656112,Prepaid,East,8,1,1
3258,2023-06-13,Footwear,1,193.12,0.0,2318,2,0.2541867207883616,Prepaid,South,5,1,0
4133,2023-06-13,Home,0,471.94,0.04265505806159743,2956,2,0.03129019714311226,Prepaid,South,7,0,0
1255,2023-06-13,Home,0,6745.77,0.0,3508,1,0.02187544908807217,Prepaid,North,10,3,0
3187,2023-06-13,Apparel,1,2230.26,0.0,4082,2,0.06894080993786826,COD,East,2,0,0
424,2023-06-13,Electronics,0,265.63,0.0,3569,3,0.42897580342831776,Prepaid,North,6,12,0
1722,2023-06-13,Apparel,1,1083.95,0.03143299669467074,1317,1,0.25795291464108105,Prepaid,West,2,10,0
596,2023-06-13,Apparel,1,4200.77,0.0,1982,1,0.08992784556963337,Prepaid,East,13,4,1
3698,2023-06-13,Apparel,1,769.12,0.1942962446530804,2104,2,0.2431019010919433,Prepaid,East,3,0,1
1980,2023-06-13,Apparel,1,877.58,0.0,2776,5,0.04994029357094042,Prepaid,East,1,0,0
3247,2023-06-13,Apparel,1,634.12,0.0,2507,1,0.1510641618593992,COD,West,12,1,0
4097,2023-06-13,Apparel,1,1387.42,0.30235794862135656,2079,2,0.05971719348464155,Prepaid,West,14,4,0
314,2023-06-13,Footwear,1,1400.32,0.0,2450,2,0.08198075348376826,COD,East,5,1,0
4697,2023-06-13,Apparel,1,253.17,0.021850120546157356,1503,3,0.2285603659037521,COD,North,13,8,1
607,2023-06-13,Footwear,1,5893.2,0.0,2994,1,0.0889522270983547,COD,South,6,0,0
4028,2023-06-13,Apparel,1,2175.26,0.0,3381,2,0.2721127687566917,Prepaid,North,12,1,0
833,2023-06-13,Apparel,1,1074.57,0.0,2832,2,0.10043252422290339,COD,South,14,1,0
4637,2023-06-13,Footwear,1,711.92,0.0,3173,2,0.11289987959745922,COD,North,2,1,0
3136,2023-06-14,Apparel,1,255.01,0.04580857081848516,4168,4,0.25471185383752315,Prepaid,East,11,3,0
1233,2023-06-14,Apparel,1,1099.83,0.13322246659331163,1797,1,0.21110202563662359,COD,West,1,6,0
954,2023-06-14,Footwear,1,2254.63,0.37183619328831663,1625,3,0.2358024327177718,Prepaid,South,5,1,0
3236,2023-06-14,Apparel,1,1083.8,0.02705194627645144,2234,4,0.09220038551820424,COD,East,12,0,0
2786,2023-06-14,Apparel,1,2605.92,0.0,2594,1,0.09000572328196421,COD,North,1,10,0
1068,2023-06-14,Beauty,0,13708.55,0.0,2956,2,0.0031129733381093138,COD,North,6,5,0
4750,2023-06-14,Electronics,0,854.68,0.11017933079559895,1557,2,0.15399924231007162,Prepaid,East,5,3,0
70,2023-06-14,Electronics,0,601.34,0.5278943512469289,4321,1,0.4015247805119949,Prepaid,South,1,0,0
166,2023-06-14,Home,0,1509.36,0.0,3243,4,0.19424614940194052,Prepaid,South,6,2,0
345,2023-06-14,Home,0,223.99,0.23611951735651274,3447,1,0.639303683279726,Prepaid,East,8,0,0
1518,2023-06-14,Electronics,0,3078.11,0.0,2970,1,0.08101311955164059,Prepaid,East,11,6,0
3888,2023-06-14,Electronics,0,5147.2,0.0,3082,1,0.4172553890747468,Prepaid,West,9,0,0
4930,2023-06-14,Electronics,0,2189.52,0.3806973092864505,1097,2,0.5333825062424926,Prepaid,East,2,0,1
1869,2023-06-14,Home,0,237.47,0.013071184220962734,3996,0,0.0,COD,West,14,0,0
1719,2023-06-14,Home,0,690.53,0.0,3291,2,0.37180622536340036,COD,South,12,1,0
4462,2023-06-14,Beauty,0,885.66,0.08814614760916778,1594,0,0.0,COD,West,9,0,0
1902,2023-06-14,Apparel,1,852.23,0.0,1221,2,0.15877713184643213,COD,North,10,0,0
3502,2023-06-14,Footwear,1,1285.67,0.0,1380,1,0.5627484537184605,COD,North,9,8,0
657,2023-06-14,Electronics,0,1991.13,0.0,1219,1,0.049325835421971775,Prepaid,North,10,2,0
3391,2023-06-14,Electronics,0,342.19,0.0,3367,0,0.0,COD,East,8,0,1
1784,2023-06-14,Apparel,1,821.31,0.0,2860,2,0.06668600991234862,Prepaid,South,10,0,0
2212,2023-06-15,Footwear,1,480.41,0.004456582376262341,2084,0,0.0,Prepaid,South,4,4,0
4686,2023-06-15,Footwear,1,1650.43,0.0,1572,4,0.33526736457907863,COD,East,7,0,0
3834,2023-06-15,Apparel,1,218.36,0.0,1169,0,0.0,Prepaid,East,9,1,1
2200,2023-06-15,Apparel,1,1224.83,0.2591538578013677,1687,2,0.05709035490073905,COD,South,11,2,0
2177,2023-06-15,Footwear,1,300.13,0.0,4013,3,0.05811692738709239,Prepaid,East,11,0,0
3857,2023-06-15,Apparel,1,573.91,0.2864639325860956,4239,2,0.17770130987418553,Prepaid,East,7,7,1
4816,2023-06-15,Apparel,1,3136.42,0.0,2149,2,0.08057414050047351,Prepaid,East,13,0,0
1743,2023-06-15,Apparel,1,321.46,0.0,3725,3,0.47110155142264404,Prepaid,West,3,17,0
4358,2023-06-15,Footwear,1,103.99,0.0,2437,3,0.15553773898817036,Prepaid,South,6,2,1
4104,2023-06-15,Electronics,0,9349.8,0.3889098977179829,3220,1,0.37561235065618653,Prepaid,South,4,2,0
1534,2023-06-15,Apparel,1,1678.35,0.0,3190,1,0.07778306570994759,COD,South,6,5,0
1280,2023-06-15,Apparel,1,1155.44,0.0,2985,0,0.0,Prepaid,South,3,3,0
4344,2023-06-15,Apparel,1,3606.3,0.0,2182,2,0.14939712414008158,Prepaid,West,2,3,0
2685,2023-06-15,Electronics,0,912.6,0.0,4185,1,0.0013508883500414934,COD,East,10,1,0
2356,2023-06-15,Electronics,0,284.21,0.0,2954,3,0.60143002945344,Prepaid,West,5,6,0
1639,2023-06-15,Apparel,1,876.13,0.0,3559,3,0.7988137003771844,Prepaid,West,2,1,0
380,2023-06-15,Apparel,1,4626.05,0.0,3001,1,0.3243725909922499,Prepaid,North,2,6,0
4994,2023-06-15,Apparel,1,979.33,0.0,1841,3,0.23532726723313618,Prepaid,North,11,3,1
4254,2023-06-15,Footwear,1,740.69,0.0,3145,1,0.2309322025639389,COD,West,5,3,0
1224,2023-06-15,Beauty,0,239.78,0.008598509350792108,4190,0,0.0,Prepaid,West,7,4,0
1425,2023-06-15,Apparel,1,1779.68,0.0,1441,1,0.2908763329839174,Prepaid,North,13,1,0
842,2023-06-15,Electronics,0,558.06,0.0,1130,2,0.048135593195199874,Prepaid,South,5,1,0
755,2023-06-15,Home,0,2438.65,0.2857997388767416,4293,0,0.0,COD,North,2,5,0
3399,2023-06-15,Apparel,1,1724.06,0.14631332012812603,4103,1,0.013297584272537188,COD,North,7,0,0
42,2023-06-15,Apparel,1,564.82,0.0,3984,0,0.0,COD,North,1,11,0
709,2023-06-15,Apparel,1,2741.42,0.23635013858499976,2430,2,0.6481473184560244,Prepaid,South,8,3,1
2114,2023-06-15,Apparel,1,698.87,0.0,3777,0,0.0,Prepaid,East,13,2,0
1137,2023-06-16,Apparel,1,1129.6,0.0,1220,2,0.0017779062625506146,Prepaid,West,4,5,0
4149,2023-06-16,Footwear,1,1106.0,0.0,3678,4,0.2932334279974804,COD,East,10,2,1
3735,2023-06-16,Home,0,462.0,0.3560837980472722,1748,2,0.0033592114691394837,Prepaid,North,5,1,0
254,2023-06-16,Beauty,0,1116.74,0.0,2951,3,0.17989848383219365,COD,North,5,10,0
1694,2023-06-16,Home,0,1648.28,0.0,1761,1,0.14742766950803426,COD,South,12,1,0
2925,2023-06-16,Beauty,0,26.56,0.13593322528100812,3043,0,0.0,COD,West,13,0,0
3269,2023-06-16,Footwear,1,2294.97,0.0,2436,1,0.00033989728711678594,Prepaid,West,7,1,0
3288,2023-06-16,Electronics,0,465.79,0.2362144450869832,2593,0,0.0,Prepaid,East,11,1,1
390,2023-06-16,Apparel,1,2983.7,0.5676038481229096,3361,4,0.2546758991143289,COD,North,7,9,0
3026,2023-06-16,Apparel,1,154.93,0.05340151645592178,1063,0,0.0,COD,South,8,0,1
938,2023-06-16,Electronics,0,414.77,0.43541517668696683,2023,3,0.38524087256072265,COD,West,10,3,0
4718,2023-06-16,Footwear,1,1764.32,0.0921054826654602,4063,3,0.2638142207278939,Prepaid,East,10,2,1
4423,2023-06-16,Apparel,1,1220.93,0.0,3793,3,0.11603569778108178,COD,West,5,0,0
4106,2023-06-16,Home,0,3934.6,0.0,3162,5,0.10044781491068916,Prepaid,South,7,0,0
3415,2023-06-16,Footwear,1,6455.01,0.09826136228181545,1292,3,0.05390228056175812,Prepaid,North,5,3,0
4651,2023-06-16,Apparel,1,1070.87,0.06359860816083068,3208,1,0.01166737297464126,COD,East,1,2,0
1271,2023-06-16,Electronics,0,736.01,0.15781646721965145,4298,2,0.05915439301103716,Prepaid,East,4,0,0
2055,2023-06-16,Footwear,1,761.28,0.0,1725,3,0.19131606612994015,Prepaid,West,14,1,0
1979,2023-06-16,Electronics,0,1308.84,0.0,4121,1,0.04801264575849105,Prepaid,East,3,0,1
2591,2023-06-16,Apparel,1,906.76,0.0,3231,3,0.2884717109364388,Prepaid,West,9,0,1
3573,2023-06-16,Apparel,1,5354.94,0.0,3517,4,0.13052855531421212,Prepaid,East,10,0,1
1583,2023-06-16,Home,0,926.49,0.0,1609,1,0.34096614421064597,COD,West,9,0,1
240,2023-06-16,Electronics,0,3478.44,0.2174873220210968,3176,2,0.23497083231372534,COD,North,4,4,0
4608,2023-06-16,Apparel,1,1655.62,0.2460402421007588,2244,2,0.31981667206385367,Prepaid,North,14,0,1
2139,2023-06-16,Beauty,0,161.74,0.031076138046066334,2460,0,0.0,Prepaid,East,6,3,0
3629,2023-06-16,Home,0,1708.57,0.17679255084928824,2275,2,0.262990829829295,Prepaid,East,3,0,0
3232,2023-06-16,Apparel,1,1394.84,0.0,3005,3,0.02562431561801876,Prepaid,West,14,3,1
3355,2023-06-16,Apparel,1,287.52,0.0,1991,0,0.0,Prepaid,East,3,1,0
1227,2023-06-16,Beauty,0,954.89,0.14956510498332737,1101,3,0.3042807440675002,Prepaid,South,1,1,0
1302,2023-06-17,Footwear,1,2530.9,0.05742025143140744,1220,1,0.21383990006356093,Prepaid,East,3,2,0
3844,2023-06-17,Beauty,0,4948.63,0.0,3966,2,0.5841470737174047,COD,East,3,0,1
1306,2023-06-17,Apparel,1,1210.61,0.0,1727,2,0.1764338239188629,Prepaid,South,3,1,1
2288,2023-06-17,Footwear,1,425.67,0.0,3911,1,0.21510616954232673,Prepaid,West,8,6,1
2534,2023-06-17,Apparel,1,654.17,0.0,3025,2,0.022059744805898746,Prepaid,North,10,0,0
555,2023-06-17,Electronics,0,2656.15,0.14743274973294176,1383,3,0.6380122377887762,COD,South,12,3,0
4394,2023-06-17,Apparel,1,535.48,0.11612553290762895,4200,2,0.22390617098098714,Prepaid,West,2,0,1
4124,2023-06-17,Footwear,1,1127.19,0.0,1195,2,0.1492559665639493,COD,East,13,0,0
4078,2023-06-17,Footwear,1,2545.07,0.004718664566209188,3973,2,0.16999389005001522,COD,East,12,3,0
4280,2023-06-17,Beauty,0,1926.72,0.05189720532305179,2278,4,0.015387092280215715,Prepaid,North,14,0,0
4096,2023-06-17,Home,0,863.99,0.0,1747,0,0.0,Prepaid,North,11,1,0
4992,2023-06-17,Beauty,0,211.47,0.0515065139591516,1101,4,0.024344764415420304,Prepaid,North,8,6,0
3085,2023-06-17,Apparel,1,268.1,0.0,1165,0,0.0,COD,South,5,2,0
2605,2023-06-17,Electronics,0,4279.22,0.0,1029,1,0.12924309209520748,Prepaid,West,12,3,0
2640,2023-06-17,Apparel,1,9045.93,0.20870697324290088,1657,3,0.041956617632284914,Prepaid,North,4,6,0
1131,2023-06-17,Apparel,1,4909.67,0.0,1473,5,0.31422634145197015,Prepaid,East,5,7,0
826,2023-06-17,Beauty,0,1404.81,0.0,1808,3,0.1038922255686729,Prepaid,West,5,1,0
192,2023-06-17,Apparel,1,1006.36,0.0,4406,1,0.0018321873871186512,Prepaid,West,1,0,0
4001,2023-06-17,Footwear,1,563.42,0.0,4242,2,0.07379490796420879,Prepaid,East,5,0,0
4132,2023-06-17,Apparel,1,3903.59,0.0,1833,2,0.2440061923842601,Prepaid,West,10,0,1
154,2023-06-17,Electronics,0,1065.52,0.2687008905293119,4160,3,0.0071421412521607535,Prepaid,North,8,7,0
4980,2023-06-17,Electronics,0,1215.13,0.0,1868,1,0.2081342355848618,Prepaid,West,4,0,0
2389,2023-06-17,Electronics,0,3494.71,0.0,1926,0,0.0,COD,North,3,2,1
4808,2023-06-18,Footwear,1,2090.22,0.28520621298176463,2625,1,0.5980789785504257,Prepaid,East,5,1,1
2793,2023-06-18,Home,0,832.17,0.25332470892445946,3013,3,0.29651943592966395,Prepaid,North,14,2,0
4376,2023-06-18,Footwear,1,1071.03,0.0,3791,4,0.12579897765321887,Prepaid,South,14,2,0
2005,2023-06-18,Footwear,1,328.92,0.14555855360355444,2476,1,0.2844029250727972,Prepaid,West,9,0,1
2913,2023-06-18,Electronics,0,694.43,0.1429912024480614,2980,3,0.44281663255161896,COD,West,9,5,0
223,2023-06-18,Beauty,0,1430.47,0.18525586787125023,2302,3,0.1604556588495409,Prepaid,East,7,5,0
2812,2023-06-18,Electronics,0,1981.46,0.0,3744,1,0.0955555209726835,Prepaid,East,2,0,0
743,2023-06-18,Apparel,1,432.18,0.09154433832170313,1617,1,0.12367134302783946,Prepaid,West,13,0,0
4092,2023-06-18,Footwear,1,1835.82,0.04935188389708322,2989,2,0.010538965885839819,Prepaid,East,12,0,0
3894,2023-06-18,Apparel,1,4683.93,0.0,2737,2,0.0970641186605691,Prepaid,West,13,1,0
2826,2023-06-18,Apparel,1,1998.94,0.0,3203,1,0.1055932564896045,Prepaid,East,1,8,0
951,2023-06-18,Apparel,1,2441.36,0.0806444572368079,1408,1,0.12909814501372802,COD,North,6,0,0
845,2023-06-18,Footwear,1,1298.4,0.0,4233,1,0.021960362574942976,Prepaid,South,5,4,1
1189,2023-06-18,Apparel,1,834.3,0.0,4203,2,0.06546516313858362,COD,North,1,11,0
858,2023-06-18,Apparel,1,833.08,0.0,3235,0,0.0,COD,West,14,4,0
669,2023-06-18,Footwear,1,3245.13,0.0,1600,1,0.007724907517717275,Prepaid,South,3,10,0
2103,2023-06-18,Beauty,0,442.65,0.11629585848988648,2538,0,0.0,Prepaid,South,8,13,1
335,2023-06-18,Footwear,1,193.04,0.20988876948784066,1124,2,0.01615008423150249,Prepaid,East,6,2,0
4196,2023-06-18,Footwear,1,130.51,0.0,2173,3,0.3754513152336046,Prepaid,West,12,2,1
387,2023-06-18,Electronics,0,904.36,0.0,2171,1,0.18595294182111477,Prepaid,West,5,2,0
3119,2023-06-18,Beauty,0,211.86,0.0,2918,0,0.0,COD,East,14,10,0
532,2023-06-18,Electronics,0,130.99,0.0,4135,1,0.28614977055515445,COD,South,3,0,0
35,2023-06-18,Apparel,1,4229.65,0.10844770106487453,4214,1,0.11932490105672929,Prepaid,East,11,1,0
4333,2023-06-18,Electronics,0,1305.08,0.0,3563,4,0.07405437391233513,COD,West,2,4,0
2671,2023-06-18,Apparel,1,531.45,0.0,3379,4,0.2898744851809712,Prepaid,East,13,2,0
3762,2023-06-18,Apparel,1,5442.02,0.0,2348,5,0.16764726699176624,Prepaid,North,11,0,0
3276,2023-06-18,Apparel,1,1194.75,0.24415279290824066,3619,0,0.0,Prepaid,West,4,2,0
4746,2023-06-18,Apparel,1,1582.47,0.0,1802,1,0.09942881472769319,Prepaid,East,7,6,0
1683,2023-06-19,Electronics,0,2490.79,0.0,3163,2,0.29332667495821074,Prepaid,East,12,0,0
4050,2023-06-19,Footwear,1,1446.28,0.0,3438,0,0.0,Prepaid,South,10,1,0
2138,2023-06-19,Footwear,1,703.81,0.3608165423175378,1342,0,0.0,Prepaid,North,14,0,0
1582,2023-06-19,Apparel,1,766.91,0.03975937800712031,1606,1,0.26851519304306737,COD,South,9,0,0
806,2023-06-19,Apparel,1,5553.13,0.10721221964427592,4025,0,0.0,COD,East,5,4,0
215,2023-06-19,Apparel,1,743.81,0.0,2151,2,0.2436967712972542,Prepaid,West,1,0,0
40,2023-06-19,Home,0,1639.0,0.3085195907344036,3099,1,0.05241043691127321,Prepaid,West,6,7,0
141,2023-06-19,Electronics,0,2211.15,0.0,2850,2,0.11546209040730472,Prepaid,East,9,0,0
143,2023-06-19,Apparel,1,531.04,0.0,3372,1,0.10681637375911571,COD,South,12,1,0
841,2023-06-19,Home,0,857.25,0.007964680406696678,3128,2,0.07783923804461633,Prepaid,West,13,1,0
4844,2023-06-19,Apparel,1,1568.89,0.07407315760752234,2969,2,0.06344422442440244,COD,North,12,1,0
2169,2023-06-19,Apparel,1,1147.22,0.0,3515,2,0.183307623593958,Prepaid,South,11,0,0
3238,2023-06-19,Electronics,0,910.71,0.0,4368,3,0.214620637583773,COD,West,9,5,0
613,2023-06-19,Beauty,0,492.65,0.0,2582,1,0.17992093518181726,COD,North,9,2,0
3729,2023-06-19,Apparel,1,1751.73,0.10761256382954293,3039,1,0.04611958701208263,Prepaid,North,1,2,0
4450,2023-06-19,Apparel,1,1902.58,0.0,2943,2,0.09766677281905993,COD,West,2,0,0
3758,2023-06-19,Home,0,1139.51,0.2903115857497832,3579,0,0.0,COD,West,7,0,0
716,2023-06-19,Electronics,0,397.74,0.2838491926315173,3647,2,0.09154791957159056,Prepaid,North,14,2,0
261,2023-06-19,Apparel,1,534.97,0.0,1653,2,0.036837030938401294,COD,South,3,1,0
1893,2023-06-19,Apparel,1,443.66,0.026925419263519434,3368,1,0.12300960956287457,Prepaid,West,7,1,0
3813,2023-06-19,Home,0,1806.94,0.0,1946,2,0.10672002710747804,Prepaid,West,11,4,0
4660,2023-06-19,Footwear,1,2743.48,0.27450815195510553,1561,1,0.14380198939486666,Prepaid,West,9,3,0
2284,2023-06-19,Beauty,0,532.78,0.31025082445908103,2074,1,0.1243541502881768,Prepaid,North,3,0,0
2910,2023-06-19,Apparel,1,6366.61,0.0,3171,1,0.11643211970399889,COD,East,13,5,0
913,2023-06-19,Apparel,1,2484.96,0.0,1608,3,0.23214403963143662,Prepaid,East,8,1,0
282,2023-06-19,Apparel,1,791.88,0.0,2289,3,0.025757444900353924,COD,North,7,3,0
3879,2023-06-19,Electronics,0,652.07,0.2639010750267853,3575,0,0.0,Prepaid,West,7,8,0
169,2023-06-20,Electronics,0,450.61,0.2571176973210145,1795,2,0.2994747230830206,COD,West,3,1,0
3907,2023-06-20,Electronics,0,308.51,0.040586563006511124,4226,0,0.0,Prepaid,West,7,4,0
1293,2023-06-20,Electronics,0,913.34,0.0,3714,2,0.37743456386185065,Prepaid,South,4,2,0
2351,2023-06-20,Footwear,1,651.38,0.0,2378,4,0.02092633103988332,COD,South,9,8,0
1707,2023-06-20,Apparel,1,519.67,0.12493055003234008,4201,1,0.20397094469383897,COD,South,10,0,0
3141,2023-06-20,Electronics,0,1053.39,0.13641467592058754,2438,2,0.010360926438718283,Prepaid,North,7,3,0
4447,2023-06-20,Beauty,0,571.52,0.0,1876,2,0.04889215962008689,Prepaid,East,11,3,0
653,2023-06-20,Apparel,1,901.59,0.2446156495639425,2716,5,0.20623333460117854,Prepaid,North,11,0,0
1126,2023-06-20,Footwear,1,370.13,0.021713460189163536,1555,0,0.0,Prepaid,South,3,1,0
1904,2023-06-20,Footwear,1,1643.95,0.19109378838166535,3770,3,0.05722462163650937,Prepaid,West,5,6,0
4952,2023-06-20,Footwear,1,2387.64,0.23625659592707757,1194,2,0.08864853548743201,Prepaid,South,6,1,0
1005,2023-06-20,Apparel,1,2639.76,0.0,3970,2,0.0781721830413759,Prepaid,North,6,1,0
1134,2023-06-20,Apparel,1,841.21,0.38944230517671674,2229,4,0.17379495877709708,Prepaid,South,6,0,0
712,2023-06-20,Apparel,1,6048.37,0.20635552844531146,1251,0,0.0,Prepaid,South,8,0,0
2203,2023-06-20,Beauty,0,501.13,0.1584205320746703,3183,3,0.4907075881520088,COD,West,10,1,0
1543,2023-06-20,Apparel,1,327.67,0.0,4355,3,0.190182679002461,Prepaid,West,11,23,0
4667,2023-06-20,Footwear,1,3849.78,0.41937133372631585,2993,4,0.034149638749345124,Prepaid,East,2,2,0
4319,2023-06-20,Apparel,1,2188.07,0.32361391059848876,1685,2,0.06543080278694377,Prepaid,East,9,3,0
3163,2023-06-20,Electronics,0,830.32,0.1370167949047628,2719,1,0.07637068464034762,COD,South,9,1,0
292,2023-06-20,Apparel,1,1087.53,0.0,4127,3,0.34716621508477435,COD,East,4,0,0
276,2023-06-20,Home,0,2497.13,0.2741517795165468,2700,0,0.0,Prepaid,East,8,2,0
3326,2023-06-20,Apparel,1,523.02,0.0,3938,1,0.4790647590074813,Prepaid,North,11,0,0
738,2023-06-20,Apparel,1,1862.24,0.04229839527503901,1813,1,0.19331584716286945,Prepaid,South,5,4,0
1724,2023-06-20,Footwear,1,559.97,0.0,2278,1,0.23574015826571323,Prepaid,North,1,7,0
4065,2023-06-20,Electronics,0,1197.89,0.0,3565,3,0.01575134576270321,Prepaid,North,14,0,0
4070,2023-06-20,Home,0,4318.58,0.08599218791098341,1462,2,0.10841010288133528,Prepaid,North,1,1,0
203,2023-06-20,Apparel,1,502.48,0.3475370469209901,2849,3,0.07706376720391958,Prepaid,West,1,0,0
844,2023-06-20,Beauty,0,258.36,0.16774229055157025,1700,2,0.11567283398872306,COD,North,4,4,1
2265,2023-06-20,Apparel,1,1051.07,0.0,1660,1,0.3271690047679084,COD,West,11,1,0
2516,2023-06-20,Footwear,1,816.33,0.3568916362704828,1403,2,0.14529203925464879,Prepaid,South,3,0,1
2430,2023-06-20,Home,0,6334.89,0.26697722076247266,3947,2,0.17917014538766418,COD,North,12,1,0
691,2023-06-20,Apparel,1,2254.33,0.0,3433,1,0.39679857001035174,Prepaid,West,7,13,0
4891,2023-06-20,Beauty,0,371.09,0.0,1172,4,0.07293949640283677,Prepaid,West,7,0,0
549,2023-06-20,Electronics,0,775.41,0.1265974330623806,1442,0,0.0,Prepaid,East,14,1,0
4287,2023-06-20,Footwear,1,333.22,0.0,3673,1,0.06169245751533664,COD,North,9,0,0
3610,2023-06-21,Footwear,1,907.6,0.09537364812595639,3411,1,0.10528055995982877,Prepaid,North,4,0,0
4245,2023-06-21,Footwear,1,2390.73,0.0,2530,1,0.06990068490351699,Prepaid,East,14,12,0
3648,2023-06-21,Home,0,161.26,0.0,4219,3,0.15716816485836646,COD,East,12,0,0
210,2023-06-21,Footwear,1,5699.14,0.03679860210691531,3566,1,0.02055714306712617,COD,West,12,3,0
2423,2023-06-21,Electronics,0,1145.03,0.26559838085351795,1734,0,0.0,COD,East,13,1,0
1251,2023-06-21,Electronics,0,83.39,0.0,2570,5,0.05765031467917203,Prepaid,East,9,1,0
1153,2023-06-21,Electronics,0,112.86,0.1055171824989489,1690,3,0.10357770116545165,Prepaid,West,7,5,0
3552,2023-06-21,Footwear,1,176.27,0.2474474339017911,2535,4,0.1990409135483888,Prepaid,West,8,6,0
1576,2023-06-21,Apparel,1,1398.83,0.0,3921,2,0.5395191856090542,Prepaid,East,14,4,1
2490,2023-06-21,Footwear,1,778.32,0.0,1217,4,0.11925304000905046,Prepaid,South,8,0,0
3143,2023-06-21,Footwear,1,1263.33,0.0839332208052916,3876,2,0.7169220919570081,Prepaid,West,7,0,1
4033,2023-06-21,Beauty,0,241.38,0.0,1568,3,0.13084379398142454,COD,North,13,1,0
1841,2023-06-21,Apparel,1,192.53,0.0,2688,5,0.5351370682927891,Prepaid,South,7,0,0
4034,2023-06-21,Apparel,1,596.74,0.05105194784586723,3743,1,0.09112997079393241,Prepaid,East,4,0,0
3973,2023-06-21,Apparel,1,2201.14,0.24575634456792944,2934,2,0.15695032751281876,Prepaid,East,4,1,0
1861,2023-06-21,Apparel,1,1536.41,0.0,4095,2,0.2517158418179687,Prepaid,West,3,1,1
1368,2023-06-21,Electronics,0,393.8,0.18619210996859512,3459,4,0.11938239750188044,Prepaid,West,12,7,0
2712,2023-06-21,Home,0,741.85,0.24268139750186252,2665,1,0.24734775656149668,Prepaid,North,8,0,0
2710,2023-06-21,Beauty,0,1236.27,0.2662930061220038,3804,2,0.0637748186416656,Prepaid,South,4,16,0
2709,2023-06-21,Apparel,1,1664.95,0.0,2292,4,0.0862297557409443,Prepaid,East,9,0,0
1309,2023-06-21,Footwear,1,4159.2,0.0,2768,1,0.0008251293991089625,COD,West,8,7,1
553,2023-06-21,Electronics,0,661.2,0.0572671894243944,3422,4,0.6093134181043905,Prepaid,West,3,1,0
2608,2023-06-21,Apparel,1,6572.82,0.0,1230,5,0.1809173548936999,COD,East,11,4,0
3315,2023-06-21,Apparel,1,546.56,0.0,1294,2,0.23018796937131317,COD,North,3,7,0
4391,2023-06-21,Footwear,1,1148.99,0.1398152516665247,3931,1,0.34941800355062513,Prepaid,North,11,5,0
413,2023-06-21,Home,0,6593.81,0.08910405500743075,3134,2,0.12766727267746067,COD,North,13,0,1
3705,2023-06-21,Beauty,0,491.76,0.12178378713357337,2218,3,0.03700301403977255,COD,West,9,6,0
1698,2023-06-21,Apparel,1,1399.81,0.24703093577265486,3039,1,0.03385593549620429,Prepaid,South,10,1,0
21,2023-06-22,Home,0,1124.72,0.06249215622658811,3031,0,0.0,Prepaid,South,3,1,0
4796,2023-06-22,Beauty,0,307.42,0.0,1560,4,0.07388540102404734,Prepaid,East,4,2,0
2293,2023-06-22,Electronics,0,2154.01,0.0,2927,3,0.27939487917383976,Prepaid,North,3,5,0
1796,2023-06-22,Footwear,1,669.25,0.0,3975,1,0.22993833025865404,Prepaid,West,5,6,0
2111,2023-06-22,Footwear,1,922.59,0.0,2035,2,0.06179384609390793,Prepaid,West,8,2,1
1378,2023-06-22,Home,0,2527.09,0.28698001736740564,1146,0,0.0,Prepaid,East,11,2,0
1833,2023-06-22,Electronics,0,922.33,0.0,2057,2,0.10974328135182174,Prepaid,East,1,0,0
4849,2023-06-22,Footwear,1,553.21,0.1984518729750176,1139,0,0.0,Prepaid,West,13,0,0
1451,2023-06-22,Electronics,0,602.41,0.549522355212596,2428,1,0.03255747439347212,COD,East,10,1,1
4840,2023-06-22,Apparel,1,814.91,0.0,2344,8,0.18377832689974288,Prepaid,South,4,7,0
2326,2023-06-22,Beauty,0,2579.65,0.08167648269863463,2595,1,0.20650935287665992,Prepaid,North,6,2,0
1938,2023-06-22,Apparel,1,1182.04,0.1766980580455671,2449,2,0.12321691051371204,Prepaid,South,12,11,0
1,2023-06-22,Footwear,1,314.87,0.0,4316,1,0.002035352692524012,Prepaid,North,8,2,0
3204,2023-06-22,Electronics,0,4030.49,0.0,3223,1,0.017755423989418824,Prepaid,East,12,2,0
471,2023-06-22,Apparel,1,430.77,0.2024258349010553,2917,1,0.41335738862416893,Prepaid,South,10,0,0
2851,2023-06-22,Apparel,1,1266.81,0.0,1199,2,0.3304318900535832,COD,South,5,3,0
3083,2023-06-22,Apparel,1,1559.94,0.0,1102,2,0.017289426051353335,Prepaid,East,2,1,0
3531,2023-06-22,Home,0,567.07,0.013152052844180362,4091,2,0.08015113124366958,Prepaid,East,14,8,0
665,2023-06-22,Electronics,0,522.1,0.0,1724,0,0.0,Prepaid,South,6,2,0
2938,2023-06-22,Apparel,1,968.93,0.2580337192129547,1456,3,0.06251320865803636,COD,South,13,5,0
3673,2023-06-22,Home,0,3128.69,0.036575540597737044,2507,5,0.1575456313043784,COD,West,11,4,0
470,2023-06-22,Home,0,916.1,0.0,3677,3,0.035678955040600806,Prepaid,East,10,12,1
614,2023-06-22,Electronics,0,1851.94,0.0,2478,0,0.0,Prepaid,South,13,2,0
2694,2023-06-22,Apparel,1,1029.88,0.0,4434,1,0.464877361576054,Prepaid,West,6,0,1
3174,2023-06-22,Home,0,723.33,0.13706552874722938,2761,3,0.40605365671920873,COD,West,10,4,1
3360,2023-06-22,Home,0,453.2,0.38470288067193015,2060,1,0.4668091617637255,Prepaid,South,5,3,0
4232,2023-06-22,Apparel,1,5655.23,0.0,2632,1,0.11471245721603802,Prepaid,North,14,3,0
558,2023-06-22,Apparel,1,3518.09,0.12343690454184292,2192,3,0.7371260706004128,Prepaid,West,1,2,0
4268,2023-06-22,Apparel,1,410.73,0.15430925327162962,3429,3,0.23238647951335017,COD,West,13,0,0
704,2023-06-22,Home,0,304.03,0.3127687281745431,1120,2,0.05730996349372869,Prepaid,South,9,1,0
1434,2023-06-23,Apparel,1,1411.22,0.03566039257463802,2775,2,0.016332275573866312,Prepaid,South,5,3,1
4847,2023-06-23,Footwear,1,930.85,0.0,2354,2,0.0350938956162012,Prepaid,North,10,3,1
943,2023-06-23,Apparel,1,543.08,0.4514064112143137,1205,3,0.27345309308292093,Prepaid,South,13,2,1
4616,2023-06-23,Footwear,1,333.75,0.0,2531,1,0.011635695766141235,Prepaid,North,3,5,0
3113,2023-06-23,Apparel,1,3220.4,0.27662699927038414,1841,3,0.24179420936563306,COD,East,8,1,1
1919,2023-06-23,Apparel,1,594.78,0.22181633520746888,3111,3,0.03671965192496953,Prepaid,South,11,3,1
3311,2023-06-23,Electronics,0,1030.53,0.0,2024,0,0.0,COD,West,4,1,0
3095,2023-06-23,Apparel,1,2477.63,0.0,3408,1,0.03364363270019176,Prepaid,East,13,6,0
3722,2023-06-23,Electronics,0,913.11,0.3545008467149855,4370,1,0.028547926825488477,Prepaid,North,6,10,0
4470,2023-06-23,Apparel,1,930.51,0.0,3391,4,0.14112100701808564,Prepaid,West,12,14,0
618,2023-06-23,Footwear,1,5471.64,0.0,2244,3,0.42482766928904026,COD,North,3,4,0
4057,2023-06-23,Footwear,1,413.03,0.0,1482,5,0.43308205307999914,Prepaid,South,7,1,1
231,2023-06-23,Apparel,1,506.42,0.34251663265894006,1289,1,0.16347883502599372,Prepaid,South,14,0,1
2693,2023-06-23,Electronics,0,417.02,0.0,3339,1,0.17900872367160028,COD,West,8,2,0
1209,2023-06-23,Apparel,1,383.5,0.059361392989879656,1944,3,0.38133381360171825,Prepaid,North,3,0,1
825,2023-06-23,Apparel,1,675.7,0.0,1922,1,0.02006073786401697,COD,South,4,2,0
1422,2023-06-23,Apparel,1,1896.22,0.0,2235,1,0.05604288131766816,Prepaid,East,4,2,0
2626,2023-06-23,Beauty,0,1978.46,0.3313096156127931,3607,2,0.05935365085156613,COD,East,10,1,0
8,2023-06-23,Apparel,1,203.62,0.0,2213,0,0.0,COD,South,2,2,1
381,2023-06-23,Apparel,1,687.19,0.05268542919155392,2638,1,0.022015863685366455,Prepaid,North,1,0,0
4151,2023-06-23,Electronics,0,138.25,0.1399532927270646,3254,0,0.0,Prepaid,South,7,2,0
4203,2023-06-23,Electronics,0,813.46,0.5524288736135572,2235,2,0.1463968880640759,Prepaid,South,12,0,1
2601,2023-06-23,Footwear,1,2884.64,0.0,1698,2,0.4992342757456226,Prepaid,South,13,0,0
4902,2023-06-23,Home,0,2897.34,0.0,3004,4,0.16343936908419496,Prepaid,North,2,5,0
4159,2023-06-23,Apparel,1,1653.87,0.09457290599503868,1183,1,0.11021026395367772,COD,North,8,1,0
4850,2023-06-24,Electronics,0,780.44,0.34509866196673145,4334,1,0.25825773781561573,Prepaid,West,2,0,1
3477,2023-06-24,Apparel,1,1814.87,0.4178948087930604,1364,1,0.11310183957586713,Prepaid,North,5,1,1
595,2023-06-24,Apparel,1,1753.61,0.0592271674108647,1320,4,0.13140187788336663,Prepaid,West,6,2,0
3278,2023-06-24,Apparel,1,84.63,0.0,3178,0,0.0,Prepaid,South,14,2,1
3492,2023-06-24,Apparel,1,1151.03,0.0,1041,3,0.18599244550690439,Prepaid,East,10,3,1
2198,2023-06-24,Footwear,1,5019.03,0.12770895660471,2470,3,0.4401048807925005,COD,West,3,3,0
876,2023-06-24,Electronics,0,507.35,0.12961130064782173,1299,4,0.37100084557661694,Prepaid,West,11,4,0
3493,2023-06-24,Footwear,1,3678.06,0.0,4129,0,0.0,COD,West,13,2,0
3135,2023-06-24,Beauty,0,728.94,0.0,3468,3,0.002831366300747903,COD,West,3,1,0
1432,2023-06-24,Apparel,1,968.8,0.12406656771641861,2293,3,0.1416138855723972,COD,South,13,9,0
3481,2023-06-24,Footwear,1,719.62,0.0,1585,2,0.01647941563852274,COD,East,4,3,0
4630,2023-06-24,Apparel,1,736.31,0.24110213083252496,4276,0,0.0,COD,North,1,0,0
4417,2023-06-24,Home,0,2697.76,0.1376724110515668,2238,0,0.0,COD,East,14,5,1
1065,2023-06-24,Apparel,1,6166.18,0.027571453010022937,1150,1,0.05610989388081586,Prepaid,West,11,3,0
4224,2023-06-24,Apparel,1,432.37,0.4244990146519747,4051,3,0.23695767209922225,Prepaid,East,3,1,1
1572,2023-06-24,Apparel,1,599.38,0.0,4067,3,0.022786929850508293,COD,South,13,3,0
4985,2023-06-24,Apparel,1,1405.68,0.0,2138,0,0.0,Prepaid,South,12,0,0
1240,2023-06-24,Home,0,1208.46,0.0,2676,2,0.018508014066595174,Prepaid,North,9,0,0
4164,2023-06-24,Apparel,1,594.81,0.34742694933848794,4253,2,0.1824897234583828,Prepaid,East,14,8,0
2599,2023-06-24,Electronics,0,1468.59,0.19900170744030377,2097,1,0.12177426338884915,Prepaid,South,2,6,0
4351,2023-06-24,Electronics,0,2157.19,0.31767105939226725,2757,3,0.35772084943647087,COD,East,1,0,1
1729,2023-06-24,Apparel,1,521.98,0.09531403831811704,1018,3,0.3500877499162173,Prepaid,South,9,5,0
1104,2023-06-24,Apparel,1,518.15,0.16929717120453697,2952,2,0.20976205390929067,COD,West,8,0,0
4055,2023-06-24,Electronics,0,1613.15,0.1745433793464209,1169,2,0.2112126964456493,Prepaid,West,14,0,0
2328,2023-06-24,Electronics,0,955.15,0.0,3884,2,0.0781181793057671,COD,North,12,0,0
1765,2023-06-24,Apparel,1,2789.91,0.0,1126,2,0.3383775371355227,Prepaid,East,8,0,0
3763,2023-06-24,Home,0,2255.45,0.21200646781917293,3407,4,0.3279904382040476,Prepaid,East,10,0,0
2799,2023-06-24,Electronics,0,2003.57,0.0,2113,4,0.44531210532911175,Prepaid,East,7,12,0
3339,2023-06-24,Apparel,1,3104.22,0.0,3617,2,0.5043137045675161,Prepaid,East,12,5,1
529,2023-06-24,Home,0,1510.79,0.0,3857,1,0.41229533795609163,Prepaid,North,6,1,0
4421,2023-06-24,Apparel,1,1248.71,0.0,1243,1,0.05962971150488065,COD,West,13,1,0
4683,2023-06-24,Apparel,1,314.0,0.0,2001,2,0.19250192029209579,COD,South,6,0,0
2866,2023-06-24,Home,0,6845.16,0.0,3485,2,0.033658805701835215,Prepaid,North,12,0,0
3919,2023-06-24,Home,0,578.23,0.1702015170688375,3819,1,0.30040706763823954,Prepaid,East,7,1,0
1821,2023-06-24,Footwear,1,417.77,0.3638060730800238,4188,1,0.26869065344685805,Prepaid,North,7,1,0
2802,2023-06-24,Footwear,1,1186.36,0.23581730993355163,3726,6,0.5177724684057252,COD,West,12,0,0
296,2023-06-25,Apparel,1,320.03,0.0,4309,4,0.13695248592864448,Prepaid,South,11,1,0
3473,2023-06-25,Home,0,7058.76,0.0,3612,2,0.09493493292133164,Prepaid,North,2,0,0
3863,2023-06-25,Footwear,1,2416.73,0.4599608634071005,2089,2,0.18394090156193854,Prepaid,North,4,3,1
3906,2023-06-25,Apparel,1,354.79,0.08564784518834462,1409,2,0.29199637734620787,Prepaid,East,14,1,1
3916,2023-06-25,Home,0,2426.52,0.0,1230,1,0.08525429054859504,Prepaid,West,5,2,0
1689,2023-06-25,Home,0,1726.07,0.13049780383451764,1190,2,0.3473358509594254,Prepaid,West,6,1,0
4116,2023-06-25,Apparel,1,5838.25,0.11474839407402701,3050,0,0.0,Prepaid,West,12,1,0
4108,2023-06-25,Home,0,476.47,0.08148780877901679,3680,1,0.002295991721951779,Prepaid,South,1,2,0
484,2023-06-25,Apparel,1,2165.78,0.19846763663108583,2097,2,0.03247030446865948,Prepaid,North,1,2,0
4472,2023-06-25,Home,0,6346.54,0.2293850262493269,4210,0,0.0,Prepaid,North,1,3,0
622,2023-06-25,Home,0,1611.24,0.0,3384,4,0.06121839130110717,Prepaid,North,4,0,1
1949,2023-06-25,Electronics,0,2291.03,0.0,3593,3,0.034738442647629715,Prepaid,North,11,1,0
3652,2023-06-25,Apparel,1,1646.1,0.0,3324,3,0.44161510658591435,Prepaid,North,4,1,1
4006,2023-06-25,Apparel,1,1881.98,0.23632084101661144,4044,3,0.015454439355206991,Prepaid,West,5,3,0
4127,2023-06-25,Electronics,0,3354.25,0.006935952778693341,3405,1,0.009859909825689035,Prepaid,East,14,2,0
3772,2023-06-25,Electronics,0,196.3,0.45868398426604073,2960,1,0.011433048037660097,Prepaid,East,3,5,0
1993,2023-06-25,Apparel,1,1455.21,0.01946590441823351,1362,2,0.10863140018179958,Prepaid,South,13,4,0
4760,2023-06-25,Home,0,2057.35,0.35713567569370064,3001,1,0.1338489687395849,Prepaid,South,3,0,1
2783,2023-06-25,Apparel,1,10712.71,0.08055840203447773,4130,2,0.1904841595493341,Prepaid,West,14,18,0
3225,2023-06-25,Apparel,1,1049.76,0.038635234884259795,3117,1,0.4421216841596667,Prepaid,North,6,0,0
2823,2023-06-25,Apparel,1,819.62,0.0,3496,0,0.0,Prepaid,West,11,11,1
2580,2023-06-25,Apparel,1,1416.71,0.3357691235877618,1491,1,0.3053379185352775,Prepaid,East,14,4,1
1194,2023-06-25,Beauty,0,256.97,0.3358723933028912,4325,3,0.3768113008585816,COD,South,2,1,0
3100,2023-06-25,Electronics,0,955.63,0.5403408908192817,2394,2,0.13133309559809048,COD,South,11,5,1
2532,2023-06-25,Apparel,1,478.69,0.0,2304,2,0.03603291841783621,Prepaid,South,13,5,0
3032,2023-06-25,Electronics,0,406.4,0.0,2664,2,0.21560355403559262,COD,West,4,5,0
2959,2023-06-26,Electronics,0,510.44,0.0,2132,1,0.17134565035093166,Prepaid,North,3,0,0
4612,2023-06-26,Beauty,0,310.9,0.0,3148,0,0.0,Prepaid,West,2,0,0
2167,2023-06-26,Apparel,1,550.75,0.0,3834,0,0.0,Prepaid,North,5,1,0
4216,2023-06-26,Electronics,0,1370.41,0.35151921418062393,1355,1,0.050418425274627275,Prepaid,North,6,0,1
4217,2023-06-26,Apparel,1,730.35,0.18879829760591071,2335,0,0.0,COD,South,10,2,0
2162,2023-06-26,Apparel,1,4450.21,0.0,1922,1,0.010647663880304185,Prepaid,South,4,7,0
654,2023-06-26,Footwear,1,1305.65,0.0,1045,2,6.069700356300329e-05,COD,South,7,1,0
2919,2023-06-26,Apparel,1,582.03,0.11917449038563302,3738,2,0.2250565693720871,COD,East,2,1,0
4629,2023-06-26,Electronics,0,1057.36,0.0,2891,1,0.44469060868798904,Prepaid,North,13,3,0
1358,2023-06-26,Home,0,897.43,0.0,3912,3,0.07107331333679245,COD,North,2,0,0
163,2023-06-26,Electronics,0,2147.51,0.0,2437,1,0.052617862231425144,COD,North,2,0,0
1920,2023-06-26,Apparel,1,2906.27,0.0,3175,3,0.255207074016711,COD,East,13,1,0
489,2023-06-26,Apparel,1,611.76,0.0,3664,3,0.3945892953927451,Prepaid,South,3,4,0
1636,2023-06-26,Electronics,0,409.37,0.0,3015,3,0.10101200299133907,Prepaid,East,7,0,0
720,2023-06-26,Home,0,1215.07,0.0,1316,2,0.3716842402454126,Prepaid,West,9,5,0
4281,2023-06-26,Electronics,0,1027.95,0.3340525755220856,2286,4,0.13732866666273502,Prepaid,South,8,3,0
2627,2023-06-26,Footwear,1,535.59,0.0,2554,1,0.00886485476455524,Prepaid,South,12,5,0
4126,2023-06-26,Electronics,0,2656.76,0.0005317001680827382,4464,2,0.005851384116211765,Prepaid,East,13,1,0
4113,2023-06-26,Apparel,1,2508.86,0.0,1889,1,0.5154063837729622,Prepaid,East,12,3,0
457,2023-06-26,Apparel,1,393.42,0.0,1269,2,0.013320068980757495,COD,West,2,3,0
1206,2023-06-26,Beauty,0,1327.97,0.28926785438910213,4244,0,0.0,COD,West,6,0,0
3308,2023-06-26,Apparel,1,590.05,0.0,1291,1,0.14089603625765174,COD,North,10,0,0
1749,2023-06-26,Home,0,1690.29,0.005730073324533763,2376,3,0.22837256303060913,Prepaid,North,3,1,0
1361,2023-06-26,Apparel,1,465.19,0.2224628244364764,2237,2,0.08320230091364182,Prepaid,East,14,0,0
464,2023-06-26,Home,0,649.55,0.0,4458,0,0.0,Prepaid,North,5,1,0
3255,2023-06-26,Apparel,1,502.21,0.0,1956,1,0.10428459159571755,Prepaid,South,9,5,0
2455,2023-06-26,Beauty,0,2932.22,0.0,3451,2,0.33717842866008,COD,North,9,1,0
2805,2023-06-26,Apparel,1,7613.93,0.0,2832,1,0.2970550723830322,Prepaid,South,4,5,1
3264,2023-06-26,Footwear,1,566.81,0.3624674024676261,3942,0,0.0,Prepaid,North,10,5,0
1832,2023-06-27,Electronics,0,3366.96,0.0,2207,0,0.0,Prepaid,West,14,0,0
159,2023-06-27,Apparel,1,160.75,0.0799383062762698,4362,0,0.0,Prepaid,South,3,0,0
2646,2023-06-27,Apparel,1,688.1,0.25265167164124225,1688,4,0.33699857778711,Prepaid,North,3,2,0
392,2023-06-27,Home,0,615.59,0.18032313518258025,4020,1,0.011866020254809356,Prepaid,West,4,1,0
1676,2023-06-27,Apparel,1,397.44,0.0,3095,1,0.059589345933199145,COD,East,8,1,1
2549,2023-06-27,Apparel,1,1236.0,0.0,1901,3,0.04190334949971327,Prepaid,South,14,0,0
1732,2023-06-27,Beauty,0,523.84,0.0,1002,5,0.2615280724111338,Prepaid,North,2,3,0
4656,2023-06-27,Apparel,1,7188.47,0.059317388546313604,3648,2,0.20529987367208685,COD,West,12,0,0
1101,2023-06-27,Apparel,1,349.14,0.2819654959381548,3058,2,0.4090444429284952,Prepaid,West,11,1,0
2739,2023-06-27,Apparel,1,506.84,0.0,2406,2,0.032261741811268875,Prepaid,East,4,0,0
4174,2023-06-27,Home,0,1590.3,0.0,3251,1,0.17647670199552204,Prepaid,East,3,0,0
6,2023-06-27,Home,0,4809.0,0.0,3662,3,0.2351629278220345,Prepaid,North,5,1,0
4814,2023-06-27,Beauty,0,859.69,0.0,3695,2,0.13328982776283652,COD,East,14,7,0
2946,2023-06-27,Apparel,1,1098.89,0.08463394234831553,1655,2,0.21517315400140116,Prepaid,South,2,8,0
4743,2023-06-27,Home,0,943.51,0.0,1373,2,0.6772379880826491,Prepaid,South,10,3,0
3363,2023-06-27,Apparel,1,3547.23,0.0,1045,1,0.09887771874021015,COD,West,10,3,0
4873,2023-06-27,Apparel,1,2588.42,0.0,1512,1,0.10110349537230554,Prepaid,South,14,3,0
774,2023-06-27,Beauty,0,2404.24,0.3003605490512261,1857,2,0.3243473039030684,Prepaid,North,11,5,0
193,2023-06-27,Home,0,393.77,0.0,2778,2,0.5172897201042058,Prepaid,North,2,0,0
3102,2023-06-27,Apparel,1,19141.07,0.23379215637635,1862,3,0.2148119103961444,Prepaid,North,8,1,0
2134,2023-06-27,Apparel,1,1340.41,0.0,1674,1,0.36139202786108476,Prepaid,South,14,7,0
3124,2023-06-27,Electronics,0,1523.3,0.2791151969425004,3760,0,0.0,COD,South,10,7,0
2021,2023-06-27,Apparel,1,1109.44,0.0,2845,3,0.4355033275711645,Prepaid,East,13,1,1
2444,2023-06-27,Apparel,1,11526.01,0.3970738211481487,3536,5,0.43114443976199834,Prepaid,East,14,0,0
3651,2023-06-27,Home,0,8853.57,0.0,2252,3,0.0833364329947332,Prepaid,West,2,0,0
1396,2023-06-27,Apparel,1,153.03,0.1950539763140521,1660,1,0.15277019255312302,COD,West,6,7,0
2003,2023-06-28,Electronics,0,1164.18,0.0,1802,1,0.14826705766904869,Prepaid,East,14,5,0
1410,2023-06-28,Footwear,1,2280.76,0.0,3113,1,0.4305029745049411,Prepaid,East,3,5,0
462,2023-06-28,Apparel,1,788.03,0.0,4163,1,0.1669441352445542,Prepaid,North,11,1,0
461,2023-06-28,Home,0,2739.46,0.0,4189,2,0.26077986675803055,Prepaid,West,14,7,0
3379,2023-06-28,Apparel,1,490.47,0.0,1745,3,0.4499767780386,Prepaid,North,7,1,1
2059,2023-06-28,Apparel,1,15541.46,0.0,2360,2,0.017161056709030682,COD,South,3,0,0
4786,2023-06-28,Home,0,9143.44,0.12704989613453604,2798,0,0.0,COD,West,2,2,1
4748,2023-06-28,Electronics,0,567.86,0.0,3244,1,0.27390946222009077,Prepaid,South,1,4,0
1120,2023-06-28,Electronics,0,699.91,0.09726050617713736,3931,1,0.3303980026641654,COD,South,13,2,0
2657,2023-06-28,Apparel,1,237.64,0.0,2766,1,0.09855777653013834,Prepaid,West,12,0,1
3365,2023-06-28,Electronics,0,2916.99,0.0,1272,3,0.15864988392560975,Prepaid,North,4,1,0
727,2023-06-28,Apparel,1,1559.6,0.0,1463,2,0.18746197574960868,Prepaid,South,2,2,0
1523,2023-06-28,Electronics,0,2124.15,0.0,3584,1,0.13708462845296973,Prepaid,North,11,1,1
3781,2023-06-28,Footwear,1,284.98,0.0,3628,3,0.007700552006682737,Prepaid,West,12,0,0
4141,2023-06-28,Electronics,0,3357.06,0.0,3102,2,0.7316961230783809,COD,East,6,8,0
4923,2023-06-28,Apparel,1,7132.9,0.20420417141735775,3557,3,0.5162964691883897,COD,North,5,5,0
3051,2023-06-28,Footwear,1,1261.39,0.033604575189300254,1521,2,0.01904756451506541,Prepaid,North,10,7,0
1564,2023-06-28,Home,0,1495.46,0.12683639251895643,1078,3,0.28941545815000635,Prepaid,North,10,0,0
1471,2023-06-28,Apparel,1,1439.69,0.0,4439,3,0.15390376804010658,Prepaid,North,10,3,0
891,2023-06-28,Apparel,1,486.85,0.0,2843,1,0.007869542574687036,COD,North,6,0,0
1338,2023-06-28,Home,0,1647.37,0.020858797489263434,4465,0,0.0,Prepaid,South,11,0,0
518,2023-06-28,Apparel,1,5062.62,0.0,2066,2,0.1702461436828975,Prepaid,West,7,0,0
4690,2023-06-28,Electronics,0,451.84,0.119364711161276,1519,2,0.1444677819539615,Prepaid,West,3,1,0
3166,2023-06-28,Footwear,1,1591.95,0.0,2468,1,0.08861099430752717,Prepaid,North,6,1,0
2951,2023-06-28,Home,0,651.4,0.07044090310609599,3037,2,0.478324959395647,Prepaid,South,12,5,1
4179,2023-06-28,Electronics,0,2393.57,0.09864442426143208,3761,5,0.048231942616080624,COD,East,14,0,0
1428,2023-06-28,Electronics,0,3095.23,0.0,1843,2,0.29067376815570123,Prepaid,North,10,2,0
4171,2023-06-28,Footwear,1,1134.41,0.0,3801,3,0.02233721121103376,COD,South,4,4,0
1810,2023-06-28,Home,0,607.65,0.0,1762,2,0.06689688037418381,Prepaid,North,5,5,0
3943,2023-06-28,Footwear,1,17428.65,0.0,2797,2,0.01155347889340956,COD,West,12,0,0
2127,2023-06-28,Apparel,1,244.81,0.0,1501,1,0.2464932660652345,Prepaid,West,9,3,1
230,2023-06-28,Apparel,1,2801.96,0.2583584614377751,4074,4,0.2595464970499159,COD,West,11,0,0
1985,2023-06-28,Electronics,0,1662.25,0.0,1415,3,0.7194709309690871,Prepaid,North,8,0,1
2148,2023-06-28,Apparel,1,1990.1,0.0,1941,0,0.0,Prepaid,North,3,1,0
4388,2023-06-28,Apparel,1,1092.88,0.0,1808,0,0.0,Prepaid,South,3,2,0
1659,2023-06-29,Apparel,1,1403.97,0.0,1473,2,0.15564192772926258,COD,North,12,1,0
354,2023-06-29,Apparel,1,313.8,0.0,2318,4,0.22985277840884116,Prepaid,North,14,1,0
1686,2023-06-29,Electronics,0,1551.22,0.0,1919,3,0.20421580050172208,Prepaid,North,14,1,0
788,2023-06-29,Footwear,1,1093.45,0.1596309989531453,3254,1,0.20132407796846083,Prepaid,East,10,2,1
1138,2023-06-29,Apparel,1,454.33,0.0,3451,2,0.5442574118237608,COD,East,7,0,0
2095,2023-06-29,Home,0,561.09,0.0,4277,0,0.0,Prepaid,South,11,0,0
1390,2023-06-29,Apparel,1,1328.66,0.26009384604120445,1688,1,0.41209302285216864,COD,East,5,0,0
794,2023-06-29,Footwear,1,1376.48,0.0,2642,0,0.0,Prepaid,West,13,1,0
2466,2023-06-29,Electronics,0,671.8,0.0,4421,3,0.02907296987447038,Prepaid,North,6,2,0
822,2023-06-29,Footwear,1,676.33,0.16497315083046302,2247,1,0.003534262850506946,Prepaid,South,5,0,1
3133,2023-06-29,Electronics,0,1273.55,0.0,3275,4,0.018323977329320753,COD,North,3,1,0
3679,2023-06-29,Apparel,1,202.94,0.0,4052,3,0.2868897899975686,Prepaid,North,6,0,0
1342,2023-06-29,Electronics,0,307.49,0.0,1819,4,0.301299554518594,COD,West,11,2,0
1906,2023-06-29,Footwear,1,6148.8,0.0,3598,2,0.5633345712313452,Prepaid,South,12,1,0
3738,2023-06-29,Home,0,449.32,0.15495054873416567,1845,1,0.1165255395152193,Prepaid,West,12,1,0
2237,2023-06-29,Footwear,1,3477.27,0.0,1182,1,0.15256768648049832,Prepaid,East,10,10,0
3776,2023-06-29,Home,0,720.25,0.0,3817,0,0.0,Prepaid,North,1,2,0
1860,2023-06-29,Electronics,0,762.8,0.0,1632,1,0.23797734626251216,Prepaid,West,12,2,0
1829,2023-06-29,Home,0,2170.33,0.0,3584,1,0.18449721660109095,COD,North,1,4,0
1385,2023-06-29,Footwear,1,1483.99,0.0,1477,1,0.2324909625937692,COD,South,6,0,0
2921,2023-06-29,Footwear,1,3249.49,0.221642710237831,2344,2,0.44474654537956265,Prepaid,South,13,1,0
1811,2023-06-29,Apparel,1,853.67,0.18751280191615738,2370,3,0.7467676947591531,Prepaid,East,4,0,1
3940,2023-06-29,Apparel,1,129.07,0.0,2982,3,0.2963867907264529,Prepaid,South,9,1,0
2706,2023-06-29,Apparel,1,4949.82,0.06417965372236098,3124,2,0.19212539974959048,Prepaid,South,2,2,0
10,2023-06-29,Apparel,1,373.63,0.0,3480,1,0.18230464110404548,Prepaid,East,14,10,0
4960,2023-06-29,Home,0,2380.16,0.0,3761,1,0.31367674834365283,Prepaid,East,7,3,0
1268,2023-06-29,Beauty,0,3093.92,0.0,4211,1,0.22696228569009394,Prepaid,West,1,0,0
308,2023-06-29,Footwear,1,10583.14,0.0,3679,3,0.0777188273192506,Prepaid,North,13,0,0
4340,2023-06-29,Electronics,0,1436.78,0.2627439059973403,3771,4,0.5248799657395727,Prepaid,West,4,2,0
1696,2023-06-29,Apparel,1,4926.11,0.0,4239,1,0.05358313913653963,Prepaid,East,10,2,0
4128,2023-06-29,Electronics,0,663.51,0.0,1468,0,0.0,Prepaid,West,5,2,0
2460,2023-06-29,Beauty,0,929.27,0.0,2233,3,0.12232689794822194,Prepaid,South,5,5,1
